{
  "eccentricity_minmax" : 4.657804E-4,
  "compactness" : 25.08673,
  "eccentricity" : 1.2192508,
  "compactness_standardized" : -0.06492789,
  "convexity_minmax" : 0.1806738,
  "diameter_standardized" : -0.48419586,
  "surface_area_minmax" : 0.12945297,
  "convexity" : 0.34663457,
  "diameter_minmax" : 0.030244185,
  "rectangularity _standardized" : 0.41183266,
  "convexity_standardized" : 0.043422796,
  "diameter" : 1.0160428,
  "surface_area" : 2.6581361,
  "rectangularity " : 0.03934703,
  "compactness_minmax" : 6.2565073E-6,
  "surface_area_standardized" : 0.65182865,
  "rectangularity _minmax" : 0.070905834,
  "eccentricity_standardized" : -0.35465956,
  "lightfield_0.0_0.0_0.6_y" : [ 0.0, 0.0052479436, 0.03401826, 0.04848345, 0.058304764, 0.06548115, 0.07061857, 0.07387519, 0.07603992, 0.07675832, 0.076340996, 0.07479939, 0.072152555, 0.068004124, 0.0617367, 0.05331979, 0.041684374, 0.024425613, 0.009344921, 0.009363977 ],
  "lightfield_0.0_0.0_0.6_x" : [ 0.010379647, 0.037728406, 0.050848264, 0.060073137, 0.07080722, 0.084603556, 0.08200245, 0.07658491, 0.07670687, 0.07624381, 0.07469649, 0.07164186, 0.06696559, 0.06020462, 0.051118854, 0.038227666, 0.011166648, 0.0, 0.0, 0.0 ],
  "lightfield_0.0_0.0_0.8_y" : [ 0.0, 0.0027434607, 0.031194234, 0.047527265, 0.05787768, 0.06478685, 0.06983337, 0.073450014, 0.07565393, 0.076750174, 0.07655189, 0.07522878, 0.07245863, 0.06910318, 0.068986885, 0.06700031, 0.04879509, 0.022058263, 0.0, 0.0 ],
  "lightfield_0.0_0.0_0.8_x" : [ 0.017171891, 0.04555784, 0.05271296, 0.05927324, 0.06590216, 0.0706322, 0.07400099, 0.07606383, 0.07693701, 0.07642225, 0.074763596, 0.07193434, 0.06754747, 0.061339892, 0.053345915, 0.04083543, 0.015558987, 0.0, 0.0, 0.0 ],
  "lightfield_0.0_0.0_0.2_y" : [ 0.0, 0.0029718694, 0.031093089, 0.047039475, 0.057501514, 0.06452662, 0.06943436, 0.07296582, 0.07515502, 0.07620047, 0.075916894, 0.07449335, 0.07186177, 0.06867249, 0.069487296, 0.06925855, 0.052268602, 0.021152828, 0.0, 0.0 ],
  "lightfield_0.0_0.0_0.2_x" : [ 0.020990245, 0.042853903, 0.054423776, 0.062121898, 0.0678331, 0.071875, 0.07443474, 0.07584316, 0.07605301, 0.07517771, 0.0729091, 0.06939088, 0.06424871, 0.057412658, 0.051032215, 0.04221491, 0.013804447, 0.0073805205, 0.0, 0.0 ],
  "lightfield_0.0_0.0_0.4_y" : [ 0.0, 0.0052588973, 0.034179974, 0.048550993, 0.058398332, 0.06547432, 0.0704037, 0.07382646, 0.07589307, 0.07668352, 0.07635591, 0.07504167, 0.07227793, 0.06809329, 0.061689667, 0.05311467, 0.04149215, 0.024557393, 0.009424493, 0.0092835445 ],
  "lightfield_0.0_0.0_0.4_x" : [ 0.016344296, 0.040661696, 0.052621353, 0.06134301, 0.067754254, 0.07214841, 0.07492167, 0.076416865, 0.07668543, 0.0763502, 0.08180528, 0.08421855, 0.069746576, 0.058676418, 0.04919288, 0.034880906, 0.006232203, 0.0, 0.0, 0.0 ],
  "lightfield_0.0_0.0_0.0_y" : [ 0.0, 4.2157003E-4, 0.026914315, 0.04491706, 0.055828724, 0.06316555, 0.068298124, 0.07225105, 0.07572003, 0.09339761, 0.09141831, 0.075343825, 0.07240229, 0.06849095, 0.06318446, 0.055745546, 0.044947304, 0.026715819, 8.374687E-4, 0.0 ],
  "lightfield_0.0_0.0_0.0_x" : [ 0.023502056, 0.043399025, 0.05475873, 0.062481213, 0.067972966, 0.07204499, 0.07485042, 0.07610568, 0.07624935, 0.07535139, 0.07270098, 0.06886904, 0.06379318, 0.056838226, 0.046355687, 0.029455079, 0.01066402, 0.008739543, 0.008883217, 0.006985207 ],
  "d1" : [ 0.0508632, 0.0677284, 0.0422819, 0.0361673, 0.0887139, 0.1262667, 0.1373645, 0.0834082, 0.0697966, 0.0630135, 0.0565399, 0.0540751, 0.0519656, 0.0347348, 0.0134714, 0.0062509, 0.0043337, 0.0052814, 0.0036602, 0.0040828 ],
  "d2" : [ 0.0032737749, 0.01640518, 0.028575217, 0.039078463, 0.049000006, 0.058118004, 0.06594838, 0.07340459, 0.07984192, 0.08603391, 0.091606885, 0.09579012, 0.09811063, 0.092757985, 0.06953141, 0.03570057, 0.0079340935, 0.0055993833, 0.0027207779, 5.6869985E-4 ],
  "d3" : [ 3.5458512E-4, 0.0035784522, 0.012147761, 0.024930133, 0.038676143, 0.053150438, 0.06712033, 0.0803402, 0.091619, 0.10025723, 0.10485326, 0.1046817, 0.09880287, 0.08689308, 0.067355074, 0.041524697, 0.01741824, 0.00499307, 0.0011713182, 1.3241601E-4 ],
  "d4" : [ 3.86395E-6, 2.9996454E-5, 1.9167225E-4, 9.1463764E-4, 0.003419494, 0.010156596, 0.025696691, 0.057887156, 0.12559952, 0.31491894, 0.26438355, 0.11095617, 0.0513282, 0.022370744, 0.00852184, 0.0027357782, 7.1096676E-4, 1.4601664E-4, 2.4810626E-5, 3.3555355E-6 ],
  "lightfield_0.0_0.8_0.0_y" : [ 0.0, 4.3372382E-4, 0.02773445, 0.046770547, 0.058238365, 0.06633786, 0.07188077, 0.07464427, 0.07617225, 0.07699791, 0.07706357, 0.076277696, 0.07476563, 0.0720459, 0.066530846, 0.05849303, 0.046891913, 0.027951311, 7.6995924E-4, 0.0 ],
  "lightfield_0.0_0.8_0.0_x" : [ 0.0444547, 0.059091885, 0.06802302, 0.07413693, 0.07823542, 0.08015335, 0.08013744, 0.07927596, 0.07723069, 0.07409714, 0.0700842, 0.0646726, 0.05780464, 0.048664607, 0.035278857, 0.00865856, 0.0, 0.0, 0.0, 0.0 ],
  "lightfield_0.8_0.0_0.0_x" : [ 0.02352301, 0.04264771, 0.053847745, 0.061290625, 0.06659022, 0.070255786, 0.07267202, 0.07362642, 0.073679544, 0.072463185, 0.07004329, 0.066333756, 0.061261315, 0.053757984, 0.043744996, 0.032799587, 0.01795963, 0.016072806, 0.01684219, 0.010588194 ],
  "lightfield_0.8_0.0_0.0_y" : [ 0.0, 0.0, 0.0, 0.013561315, 0.035822168, 0.047097314, 0.054989, 0.06173943, 0.077163756, 0.08490706, 0.0809484, 0.08915333, 0.08587795, 0.0740331, 0.07108745, 0.06687965, 0.060849145, 0.05181987, 0.03694327, 0.0071277968 ],
  "lightfield_0.0_0.6_0.0_x" : [ 0.0, 0.028845645, 0.07520637, 0.08722043, 0.08891814, 0.08856096, 0.08677506, 0.08457024, 0.08163342, 0.07768018, 0.0729795, 0.06704634, 0.060063675, 0.051123135, 0.04066568, 0.008711239, 0.0, 0.0, 0.0, 0.0 ],
  "lightfield_0.0_0.6_0.0_y" : [ 0.0, 4.7403606E-4, 0.027564645, 0.04617552, 0.05750388, 0.06578959, 0.072073326, 0.07502778, 0.07648075, 0.07724142, 0.07736269, 0.076771796, 0.07547977, 0.07239302, 0.06617764, 0.05798012, 0.04660105, 0.028058525, 8.444456E-4, 0.0 ],
  "lightfield_0.6_0.0_0.0_y" : [ 0.0, 0.0, 0.0, 0.023521982, 0.041250627, 0.049847, 0.05899521, 0.07416188, 0.084957644, 0.08220243, 0.08310091, 0.085322216, 0.09351816, 0.09354206, 0.08141949, 0.075572364, 0.060080964, 0.012507073, 0.0, 0.0 ],
  "lightfield_0.6_0.0_0.0_x" : [ 0.024524061, 0.043081466, 0.05367602, 0.061228473, 0.06662934, 0.06931484, 0.07062173, 0.07109588, 0.070910595, 0.07029302, 0.068667375, 0.065350346, 0.059264157, 0.052353196, 0.0469842, 0.03469627, 0.017818294, 0.016529337, 0.022035796, 0.014925611 ],
  "lightfield_0.0_0.4_0.0_x" : [ 0.008563098, 0.05998251, 0.07891157, 0.08593611, 0.08661084, 0.0861252, 0.08417191, 0.08186622, 0.078666605, 0.07470631, 0.06971457, 0.06366346, 0.056099568, 0.04704224, 0.034776703, 0.0031630814, 0.0, 0.0, 0.0, 0.0 ],
  "lightfield_0.0_0.4_0.0_y" : [ 0.0, 4.512548E-4, 0.027264386, 0.0457379, 0.05736523, 0.065459885, 0.07193217, 0.07548419, 0.07720325, 0.077970386, 0.07790377, 0.07696044, 0.07548419, 0.07217928, 0.0657908, 0.05771549, 0.046296597, 0.027930524, 8.702771E-4, 0.0 ],
  "lightfield_0.0_0.2_0.0_y" : [ 0.0, 4.4129745E-4, 0.027909568, 0.04702314, 0.058646634, 0.06563152, 0.06894224, 0.07138835, 0.07337319, 0.086707965, 0.08537808, 0.07328732, 0.0714203, 0.06907004, 0.06570739, 0.05878641, 0.04733065, 0.028125225, 8.3067757E-4, 0.0 ],
  "lightfield_0.0_0.2_0.0_x" : [ 0.055413783, 0.06552768, 0.07227494, 0.07699143, 0.07980295, 0.080541775, 0.08026821, 0.07856093, 0.07580133, 0.072137155, 0.06732482, 0.060745295, 0.0522608, 0.040038258, 0.01988035, 0.009452951, 0.009215329, 0.003762011, 0.0, 0.0 ],
  "a3" : [ 0.049049567, 0.118360996, 0.15192242, 0.15838484, 0.14634113, 0.12555745, 0.06801836, 0.0, 0.0, 0.0, 0.0, 0.0, 0.0, 5.586426E-4, 0.0032993322, 0.0078035896, 0.01570468, 0.02908212, 0.04942015, 0.07649671 ],