{
  "eccentricity_minmax" : 4.0614745E-4,
  "compactness" : 144.86743,
  "eccentricity" : 1.1912738,
  "compactness_standardized" : -0.064144574,
  "convexity_minmax" : 0.09604242,
  "diameter_standardized" : 0.015117408,
  "surface_area_minmax" : 0.17381649,
  "convexity" : 0.18474402,
  "diameter_minmax" : 0.11066229,
  "rectangularity _standardized" : 0.18329528,
  "convexity_standardized" : -0.53540623,
  "diameter" : 1.0587001,
  "surface_area" : 3.5636537,
  "rectangularity " : 0.028333645,
  "compactness_minmax" : 3.668494E-5,
  "surface_area_standardized" : 1.2061592,
  "rectangularity _minmax" : 0.051059004,
  "eccentricity_standardized" : -0.35599184,
  "lightfield_0.0_0.0_0.6_y" : [ 0.023355266, 0.042560875, 0.05324624, 0.060079727, 0.06538015, 0.0702291, 0.07297248, 0.07428846, 0.07463618, 0.07329523, 0.070934154, 0.06742039, 0.06326882, 0.0574324, 0.048510637, 0.035567936, 0.01697709, 0.011119543, 0.010406801, 0.008318525 ],
  "lightfield_0.0_0.0_0.6_x" : [ 0.0, 0.0, 0.020469718, 0.041577253, 0.05483118, 0.0677758, 0.08873925, 0.08960569, 0.080034584, 0.07870708, 0.07859181, 0.07729696, 0.07450362, 0.07047308, 0.06437155, 0.055543922, 0.04080688, 0.01667163, 0.0, 0.0 ],
  "lightfield_0.0_0.0_0.8_y" : [ 0.0, 0.01114901, 0.034192596, 0.047497835, 0.056260705, 0.0627491, 0.067293115, 0.070620246, 0.072356075, 0.07310328, 0.07296533, 0.07160558, 0.069106124, 0.06533067, 0.06320236, 0.06360141, 0.05702105, 0.03711574, 0.0048297597, 0.0 ],
  "lightfield_0.0_0.0_0.8_x" : [ 0.0060959086, 0.01129024, 0.029144421, 0.04564706, 0.04817443, 0.05333099, 0.05881107, 0.06250113, 0.06527319, 0.06782684, 0.06915867, 0.06923094, 0.06813065, 0.06592679, 0.062601306, 0.058609076, 0.05347222, 0.046607755, 0.037058264, 0.021109054 ],
  "lightfield_0.0_0.0_0.2_y" : [ 0.0, 0.019302318, 0.036033254, 0.045740172, 0.053527042, 0.060332872, 0.06501986, 0.06823288, 0.07014323, 0.0707687, 0.0704002, 0.069293104, 0.06693991, 0.06337457, 0.061417345, 0.06323557, 0.060150243, 0.042350993, 0.013737729, 0.0 ],
  "lightfield_0.0_0.0_0.2_x" : [ 0.02066801, 0.03684944, 0.046452917, 0.055013947, 0.060872685, 0.06528169, 0.06846238, 0.07024182, 0.07111618, 0.07084466, 0.06919775, 0.066720106, 0.06283314, 0.057645127, 0.051017076, 0.045652896, 0.04184189, 0.02165066, 0.011324737, 0.0063128904 ],
  "lightfield_0.0_0.0_0.4_y" : [ 0.023589415, 0.04303062, 0.053611953, 0.060216058, 0.06503458, 0.068533845, 0.07052926, 0.07176692, 0.07215551, 0.07223712, 0.07111992, 0.06837452, 0.06446141, 0.058570374, 0.049844563, 0.037357192, 0.02022616, 0.010969923, 0.010548302, 0.007822337 ],
  "lightfield_0.0_0.0_0.4_x" : [ 0.0, 0.0, 0.012949794, 0.043953523, 0.057894226, 0.06638688, 0.07210888, 0.07623572, 0.07895586, 0.08012357, 0.07997008, 0.0815089, 0.09089143, 0.08956827, 0.06821326, 0.05492539, 0.038678404, 0.0076358127, 0.0, 0.0 ],
  "lightfield_0.0_0.0_0.0_y" : [ 0.0, 0.0, 0.0066015837, 0.042939488, 0.057594236, 0.066796996, 0.07324758, 0.07744127, 0.08357577, 0.10040286, 0.09826273, 0.080006205, 0.07684533, 0.07237985, 0.06524676, 0.055170234, 0.038069334, 0.0054197814, 0.0, 0.0 ],
  "lightfield_0.0_0.0_0.0_x" : [ 0.02713112, 0.045148067, 0.055514507, 0.0628449, 0.067547955, 0.07012698, 0.07188861, 0.07335026, 0.07326167, 0.07274627, 0.07166916, 0.06883847, 0.064135425, 0.057237886, 0.04696607, 0.029740347, 0.011616694, 0.01081339, 0.010096658, 0.009325568 ],
  "d1" : [ 0.0094668, 0.018072, 0.0188844, 0.0262413, 0.0811202, 0.1245288, 0.1575518, 0.1635046, 0.1132566, 0.0832879, 0.0580878, 0.0357016, 0.0317778, 0.0309157, 0.0233865, 0.0068075, 0.0038817, 0.0052878, 0.0041954, 0.0040438 ],
  "d2" : [ 0.0042736502, 0.014898116, 0.024840562, 0.035446823, 0.045915164, 0.055382825, 0.06410906, 0.072581045, 0.08016368, 0.08804516, 0.095700406, 0.103448264, 0.119829744, 0.095143005, 0.051158585, 0.02853301, 0.013682703, 0.0052231173, 0.0013869435, 2.3814182E-4 ],
  "d3" : [ 4.582238E-4, 0.0042241313, 0.012806118, 0.023455545, 0.03627867, 0.050542165, 0.065425985, 0.07974372, 0.09216476, 0.102586895, 0.109709986, 0.11183267, 0.1081372, 0.09396949, 0.06407104, 0.03203562, 0.009798483, 0.002281057, 4.4252706E-4, 3.5720124E-5 ],
  "d4" : [ 2.6437551E-6, 3.3860404E-5, 2.187199E-4, 0.0010683822, 0.004270071, 0.01339967, 0.03241793, 0.06620004, 0.12861371, 0.2987412, 0.24111973, 0.11297458, 0.05788126, 0.027738076, 0.011006868, 0.0033195396, 8.0095616E-4, 1.6981043E-4, 2.0539945E-5, 2.4403894E-6 ],
  "lightfield_0.0_0.8_0.0_y" : [ 0.0, 0.0, 0.03144619, 0.053517066, 0.06183535, 0.06767707, 0.07184263, 0.074574225, 0.07725128, 0.0799171, 0.078415774, 0.07540348, 0.073376045, 0.070174485, 0.06516843, 0.058357902, 0.047364168, 0.013678811, 0.0, 0.0 ],
  "lightfield_0.0_0.8_0.0_x" : [ 0.0077809463, 0.025108831, 0.039215907, 0.048084356, 0.053805783, 0.0573121, 0.05936681, 0.060301933, 0.060459126, 0.06046394, 0.06046394, 0.0609724, 0.061391044, 0.061463222, 0.060632356, 0.058194295, 0.05432387, 0.04825919, 0.0392127, 0.023187254 ],
  "lightfield_0.8_0.0_0.0_x" : [ 0.019444292, 0.04054236, 0.057115406, 0.0644411, 0.06884903, 0.07183096, 0.07360985, 0.07441348, 0.07440225, 0.07343501, 0.07137862, 0.06812721, 0.063159466, 0.055336513, 0.043517873, 0.027069947, 0.014710742, 0.013271909, 0.013820494, 0.0115234945 ],
  "lightfield_0.8_0.0_0.0_y" : [ 0.0035882597, 0.028831193, 0.042010065, 0.04939351, 0.053732462, 0.056276485, 0.05886061, 0.07150213, 0.07254797, 0.06387167, 0.066989936, 0.0709375, 0.069726445, 0.062259592, 0.05617062, 0.052648127, 0.048070166, 0.040510282, 0.02831469, 0.003758289 ],
  "lightfield_0.0_0.6_0.0_x" : [ 0.025101649, 0.042622514, 0.050032098, 0.053339664, 0.05438289, 0.054392252, 0.054356143, 0.054324042, 0.054316018, 0.054328054, 0.05434009, 0.05433474, 0.05437888, 0.054433715, 0.054649048, 0.05536593, 0.054814894, 0.05126926, 0.043251123, 0.02596699 ],
  "lightfield_0.0_0.6_0.0_y" : [ 0.0, 0.02100765, 0.053153757, 0.05806495, 0.061329715, 0.06348438, 0.06527525, 0.06607372, 0.06656056, 0.066746466, 0.06648834, 0.06621014, 0.06507463, 0.064023376, 0.06171357, 0.05917371, 0.054958005, 0.039629254, 0.0010325273, 0.0 ],
  "lightfield_0.6_0.0_0.0_y" : [ 0.0, 0.0020017908, 0.03564393, 0.0528799, 0.060904793, 0.06587824, 0.0778092, 0.07012474, 0.06717967, 0.06686584, 0.06824351, 0.069321536, 0.07000771, 0.07135702, 0.06979317, 0.06253424, 0.052424222, 0.034975488, 0.0020549828, 0.0 ],
  "lightfield_0.6_0.0_0.0_x" : [ 0.0182147, 0.04695786, 0.063379996, 0.06648995, 0.06836231, 0.06978785, 0.07026481, 0.07076126, 0.07063006, 0.07022048, 0.06933927, 0.068294935, 0.06620449, 0.06171331, 0.04987101, 0.023631414, 0.011434498, 0.009860016, 0.011248327, 0.013333452 ],
  "lightfield_0.0_0.4_0.0_x" : [ 0.028699523, 0.05000673, 0.05280524, 0.05296825, 0.052939806, 0.052924488, 0.052898232, 0.052868694, 0.052857753, 0.05287088, 0.052820556, 0.05284572, 0.052857753, 0.052939806, 0.05301529, 0.053027328, 0.053274576, 0.05375376, 0.05104605, 0.022579554 ],
  "lightfield_0.0_0.4_0.0_y" : [ 0.0379845, 0.04931093, 0.050635792, 0.051555865, 0.052053645, 0.052507665, 0.05292996, 0.053094063, 0.053317245, 0.05327567, 0.053216595, 0.053121414, 0.053130165, 0.052824933, 0.052719906, 0.052153204, 0.051229846, 0.050315242, 0.048910517, 0.025712838 ],
  "lightfield_0.0_0.2_0.0_y" : [ 0.0, 0.0, 0.0010292366, 0.050053217, 0.06347018, 0.06973342, 0.07409801, 0.07700833, 0.07867689, 0.0872884, 0.08711628, 0.07870674, 0.076962665, 0.073936425, 0.06970883, 0.06339114, 0.04667395, 0.002146292, 0.0, 0.0 ],
  "lightfield_0.0_0.2_0.0_x" : [ 0.025878452, 0.043791737, 0.05312512, 0.058025412, 0.06029465, 0.06089182, 0.06093573, 0.060884792, 0.060897086, 0.06089533, 0.061062187, 0.061186887, 0.061892953, 0.061891194, 0.059885412, 0.05492541, 0.046696782, 0.029977834, 0.009068172, 0.007793043 ],