{
  "eccentricity_minmax" : 0.043674655,
  "compactness" : 183.9196,
  "eccentricity" : 21.490828,
  "compactness_standardized" : -0.06386736,
  "convexity_minmax" : 0.13922381,
  "diameter_standardized" : -0.6480554,
  "surface_area_minmax" : 0.06985976,
  "convexity" : 0.2673453,
  "diameter_minmax" : 0.0038124074,
  "rectangularity _standardized" : -0.38011548,
  "convexity_standardized" : -0.24035385,
  "diameter" : 1.0020223,
  "surface_area" : 1.4417607,
  "rectangularity " : 0.0012631124,
  "compactness_minmax" : 4.6605543E-5,
  "surface_area_standardized" : -0.09258942,
  "rectangularity _minmax" : 0.002276158,
  "eccentricity_standardized" : 0.56194365,
  "lightfield_0.0_0.0_0.6_y" : [ 0.043304726, 0.0510446, 0.05805618, 0.07003013, 0.07996915, 0.063932486, 0.06406101, 0.0777343, 0.059155755, 0.063932486, 0.06681708, 0.06646722, 0.057763435, 0.048695505, 0.04494695, 0.03808531, 0.035257827, 0.010745855, 0.0, 0.0 ],
  "lightfield_0.0_0.0_0.6_x" : [ 0.0, 0.0, 0.0, 4.569666E-4, 9.639139E-4, 0.0035414912, 0.0039056365, 0.016372256, 0.13192055, 0.18296514, 0.17644623, 0.15263398, 0.13667585, 0.109700546, 0.06675282, 0.017664615, 0.0, 0.0, 0.0, 0.0 ],
  "lightfield_0.0_0.0_0.8_y" : [ 3.6493587E-4, 7.849564E-4, 0.0051297587, 0.045176305, 0.10468151, 0.110720165, 0.11611158, 0.10208564, 0.105666146, 0.10035736, 0.08829382, 0.07766937, 0.06367786, 0.05442364, 0.024574643, 2.8230887E-4, 0.0, 0.0, 0.0, 0.0 ],
  "lightfield_0.0_0.0_0.8_x" : [ 0.0, 0.0, 5.6461775E-4, 0.023755258, 0.046877045, 0.06153645, 0.07112118, 0.06426314, 0.072456986, 0.07959045, 0.06655604, 0.08335686, 0.08116724, 0.0699162, 0.057150334, 0.05966357, 0.050677884, 0.046897702, 0.04454972, 0.019899333 ],
  "lightfield_0.0_0.0_0.2_y" : [ 0.017630957, 0.04926601, 0.063470066, 0.06724172, 0.07896352, 0.08186638, 0.09804246, 0.10237952, 0.10080053, 0.10287598, 0.091636844, 0.087610066, 0.04947976, 0.0076467465, 9.2395314E-4, 1.6548415E-4, 0.0, 0.0, 0.0, 0.0 ],
  "lightfield_0.0_0.0_0.2_x" : [ 0.0, 0.0, 0.0012618166, 0.035454977, 0.053996097, 0.0689931, 0.08323853, 0.08234905, 0.075984806, 0.08296961, 0.06908274, 0.076564, 0.07500569, 0.07118576, 0.058229733, 0.054809727, 0.04492205, 0.041743375, 0.02374008, 4.6887173E-4 ],
  "lightfield_0.0_0.0_0.4_y" : [ 0.04493022, 0.05224427, 0.056233753, 0.05797448, 0.07271464, 0.08309177, 0.067738995, 0.060417477, 0.07975227, 0.06438454, 0.06315184, 0.060387593, 0.074089296, 0.05271494, 0.047186445, 0.03863969, 0.024302961, 4.482563E-5, 0.0, 0.0 ],
  "lightfield_0.0_0.0_0.4_x" : [ 0.0, 0.0, 0.0, 1.2700594E-4, 3.8848878E-4, 0.0022263397, 0.003877417, 0.022397872, 0.09792159, 0.1592804, 0.20776679, 0.18938081, 0.1525192, 0.11511968, 0.048374325, 6.2008784E-4, 0.0, 0.0, 0.0, 0.0 ],
  "lightfield_0.0_0.0_0.0_y" : [ 0.0, 0.0, 0.0, 0.0, 0.0, 0.0943317, 0.33052924, 0.31201813, 0.18431959, 0.04447764, 0.02407341, 0.006539817, 0.002251074, 0.0011152109, 3.442009E-4, 0.0, 0.0, 0.0, 0.0, 0.0 ],
  "lightfield_0.0_0.0_0.0_x" : [ 0.020383578, 0.038096156, 0.040064987, 0.046081617, 0.049998622, 0.052745346, 0.06877134, 0.07571043, 0.055574678, 0.05423918, 0.07340428, 0.054129034, 0.056669235, 0.053165272, 0.067959026, 0.0509142, 0.044023294, 0.038729485, 0.033793643, 0.025546592 ],
  "d1" : [ 0.0056881, 0.0172854, 0.0530594, 0.1284619, 0.0732076, 0.0505134, 0.0375384, 0.0665139, 0.0972867, 0.0650728, 0.0455826, 0.0216869, 0.062694, 0.0414196, 0.0509755, 0.0764986, 0.0478947, 0.0456504, 0.0078446, 0.0051255 ],
  "d2" : [ 0.028395087, 0.06785782, 0.10204872, 0.115848646, 0.09783078, 0.086836345, 0.0865634, 0.07146515, 0.06516584, 0.06366458, 0.042003475, 0.039327707, 0.037784234, 0.028313972, 0.021195723, 0.020637223, 0.010712081, 0.010298808, 0.0038887828, 1.6162838E-4 ],
  "d3" : [ 0.009015357, 0.036314286, 0.07382072, 0.11338051, 0.14391659, 0.1574522, 0.15142636, 0.12858783, 0.09573135, 0.053054348, 0.020389853, 0.008107864, 0.0041495715, 0.0023895255, 0.0012633856, 6.131787E-4, 2.4732415E-4, 1.06456035E-4, 2.9984782E-5, 3.3204624E-6 ],
  "d4" : [ 2.847121E-6, 2.074331E-5, 7.494029E-5, 2.1505932E-4, 6.2219764E-4, 0.0015515792, 0.0038054823, 0.010909659, 0.047543567, 0.2857507, 0.5518957, 0.07391482, 0.015433633, 0.004997714, 0.002012101, 8.1437826E-4, 2.9366018E-4, 1.0646199E-4, 3.09116E-5, 3.86395E-6 ],
  "lightfield_0.0_0.8_0.0_y" : [ 0.0, 0.0, 0.0, 0.0, 0.0, 0.09127449, 0.3162631, 0.30287868, 0.19835807, 0.052894942, 0.028005598, 0.0070949686, 0.0022863373, 8.380525E-4, 1.05773615E-4, 0.0, 0.0, 0.0, 0.0, 0.0 ],
  "lightfield_0.0_0.8_0.0_x" : [ 0.0, 0.0, 0.0069078305, 0.038981643, 0.045108378, 0.05253694, 0.0659946, 0.07827247, 0.06642583, 0.066320054, 0.08915902, 0.06902949, 0.08869524, 0.08644145, 0.066954695, 0.05946918, 0.05093406, 0.04565352, 0.023115603, 0.0 ],
  "lightfield_0.8_0.0_0.0_x" : [ 0.015825178, 0.032051325, 0.0351297, 0.04128645, 0.044345424, 0.05161453, 0.06880429, 0.07034994, 0.06255699, 0.0647429, 0.072083145, 0.060998403, 0.06251172, 0.06075265, 0.06718749, 0.04964851, 0.041273516, 0.03899707, 0.036326125, 0.02351465 ],
  "lightfield_0.8_0.0_0.0_y" : [ 0.0, 0.0, 2.5868703E-5, 8.7306876E-4, 0.0021535696, 0.013244776, 0.06608807, 0.21941188, 0.30556113, 0.30015457, 0.09248708, 0.0, 0.0, 0.0, 0.0, 0.0, 0.0, 0.0, 0.0, 0.0 ],
  "lightfield_0.0_0.6_0.0_x" : [ 0.0, 0.0, 0.0, 0.0, 0.0, 0.0, 0.0055613723, 0.07696665, 0.1325632, 0.16946737, 0.19586673, 0.21883315, 0.13687156, 0.06386996, 0.0, 0.0, 0.0, 0.0, 0.0, 0.0 ],
  "lightfield_0.0_0.6_0.0_y" : [ 0.0, 0.0, 0.0, 0.0, 0.0, 0.08314595, 0.26701453, 0.28488302, 0.19615853, 0.085875146, 0.059132494, 0.01400642, 0.006745739, 0.0027120274, 3.2612987E-4, 0.0, 0.0, 0.0, 0.0, 0.0 ],
  "lightfield_0.6_0.0_0.0_y" : [ 0.0, 0.0, 0.0, 0.0, 0.0, 1.7774374E-4, 0.11257332, 0.29174584, 0.3249224, 0.23713751, 0.03344317, 0.0, 0.0, 0.0, 0.0, 0.0, 0.0, 0.0, 0.0, 0.0 ],
  "lightfield_0.6_0.0_0.0_x" : [ 0.0072806575, 0.020802855, 0.028589398, 0.038344797, 0.044839278, 0.050807368, 0.059728734, 0.063440844, 0.06614802, 0.06903294, 0.06793229, 0.06780241, 0.06737172, 0.06375532, 0.06191635, 0.059619356, 0.05549023, 0.049276035, 0.0394386, 0.018382804 ],
  "lightfield_0.0_0.4_0.0_x" : [ 0.0, 0.0, 0.0, 0.0, 0.0, 0.0, 0.0, 0.072591744, 0.14871903, 0.21145305, 0.19407144, 0.1730498, 0.12524165, 0.07299232, 0.001880976, 0.0, 0.0, 0.0, 0.0, 0.0 ],
  "lightfield_0.0_0.4_0.0_y" : [ 0.0, 0.0, 0.0, 0.0, 0.0, 0.07617953, 0.26990265, 0.28921747, 0.19816431, 0.08319835, 0.05832767, 0.013114583, 0.0074194055, 0.0036226204, 8.534058E-4, 0.0, 0.0, 0.0, 0.0, 0.0 ],
  "lightfield_0.0_0.2_0.0_y" : [ 0.0, 0.0, 0.0, 0.0, 0.0, 0.090484336, 0.31842992, 0.30288276, 0.19771867, 0.051379196, 0.027927566, 0.007118952, 0.0028639461, 0.0010392034, 1.5547137E-4, 0.0, 0.0, 0.0, 0.0, 0.0 ],
  "lightfield_0.0_0.2_0.0_x" : [ 0.0, 0.0, 0.027084747, 0.046076804, 0.052189283, 0.059602812, 0.074839, 0.08674484, 0.08047689, 0.06962662, 0.08916692, 0.06679541, 0.06659084, 0.07946223, 0.063677795, 0.052802984, 0.042877365, 0.038172312, 0.0038131399, 0.0 ],
  "a3" : [ 0.2165993, 0.19506076, 0.103544295, 0.06323549, 0.049246985, 0.0463614, 0.031048737, 0.0, 0.0, 0.0, 0.0, 0.0, 0.0, 0.0067066294, 0.041959677, 0.06363787, 0.05320216, 0.043281723, 0.040727988, 0.045386996 ],
  "lightfield_0.4_0.0_0.0_y" : [ 0.0, 0.0, 0.0, 0.0, 0.0, 0.025557498, 0.23168369, 0.32559627, 0.29492456, 0.121340305, 8.90908E-4, 6.8008244E-6, 0.0, 0.0, 0.0, 0.0, 0.0, 0.0, 0.0, 0.0 ],
  "lightfield_0.4_0.0_0.0_x" : [ 0.008997491, 0.023218013, 0.029576784, 0.038982324, 0.045422707, 0.05109459, 0.060017273, 0.062894024, 0.06530832, 0.068450294, 0.067375764, 0.06675009, 0.06642365, 0.06418618, 0.061955508, 0.05873872, 0.054331783, 0.048095427, 0.039213553, 0.018967498 ],