{
  "eccentricity_minmax" : 0.003056026,
  "compactness" : 251.72905,
  "eccentricity" : 2.4344726,
  "compactness_standardized" : -0.063431226,
  "convexity_minmax" : 0.064074025,
  "diameter_standardized" : -0.5868514,
  "surface_area_minmax" : 0.035738323,
  "convexity" : 0.123592,
  "diameter_minmax" : 0.013594005,
  "rectangularity _standardized" : -0.39681864,
  "convexity_standardized" : -0.7543381,
  "diameter" : 1.0072109,
  "surface_area" : 0.74529743,
  "rectangularity " : 4.3628633E-4,
  "compactness_minmax" : 6.383149E-5,
  "surface_area_standardized" : -0.51842237,
  "rectangularity _minmax" : 7.8616396E-4,
  "eccentricity_standardized" : -0.2997919,
  "lightfield_0.0_0.0_0.6_y" : [ 0.008310045, 0.032214645, 0.08123526, 0.09635871, 0.08017767, 0.059452236, 0.08743975, 0.081485234, 0.074905775, 0.06837119, 0.062189136, 0.05566096, 0.049020614, 0.04267511, 0.03619821, 0.029772587, 0.023359783, 0.016841222, 0.010479694, 0.003852169 ],
  "lightfield_0.0_0.0_0.6_x" : [ 0.0, 0.0, 3.2047996E-5, 0.008310045, 0.039133806, 0.07050879, 0.100560196, 0.12947069, 0.1233976, 0.12030176, 0.11269037, 0.10047367, 0.07970657, 0.049940392, 0.032179393, 0.016344478, 0.016950184, 0.0, 0.0, 0.0 ],
  "lightfield_0.0_0.0_0.8_y" : [ 0.00412307, 0.02026787, 0.031405345, 0.049360145, 0.06820439, 0.068567425, 0.06663814, 0.07430861, 0.084880784, 0.083166726, 0.084341414, 0.08242509, 0.07330766, 0.06234911, 0.051304992, 0.04034644, 0.02937752, 0.018273756, 0.0072581586, 9.335252E-5 ],
  "lightfield_0.0_0.0_0.8_x" : [ 0.007693804, 0.021826338, 0.035691783, 0.04956241, 0.06344082, 0.077422954, 0.09011889, 0.08978179, 0.0854409, 0.0796686, 0.074482344, 0.066998586, 0.059978995, 0.053911082, 0.047900215, 0.040421642, 0.026203534, 0.017195016, 0.007789749, 0.0044705486 ],
  "lightfield_0.0_0.0_0.2_y" : [ 0.0, 2.578266E-4, 0.009901583, 0.013612724, 0.01532115, 0.024238305, 0.04654161, 0.06046164, 0.066876054, 0.06937098, 0.07610833, 0.08437961, 0.09032525, 0.098093905, 0.10577922, 0.11232385, 0.10839916, 0.018008796, 0.0, 0.0 ],
  "lightfield_0.0_0.0_0.2_x" : [ 0.036681693, 0.06095125, 0.05997203, 0.07020957, 0.07866836, 0.077834986, 0.07044656, 0.07369413, 0.074853055, 0.06842041, 0.061979953, 0.055500433, 0.048997473, 0.042546596, 0.036041033, 0.029631829, 0.023149703, 0.016641535, 0.010188057, 0.0035913421 ],
  "lightfield_0.0_0.0_0.4_y" : [ 0.004096215, 0.0060232687, 0.039008927, 0.051801417, 0.044191357, 0.063399725, 0.07416374, 0.08073012, 0.0866945, 0.091628276, 0.08639023, 0.07737005, 0.06841203, 0.059349317, 0.05033241, 0.041289326, 0.03239347, 0.023248967, 0.014349841, 0.0051268125 ],
  "lightfield_0.0_0.0_0.4_x" : [ 0.0, 0.0, 0.0, 0.008742082, 0.024040727, 0.037353426, 0.049704235, 0.0681143, 0.08789523, 0.089544185, 0.091899835, 0.10136497, 0.106164604, 0.120040044, 0.118512146, 0.07555423, 0.021069989, 0.0, 0.0, 0.0 ],
  "lightfield_0.0_0.0_0.0_y" : [ 0.0, 0.0, 0.0, 0.005512827, 0.037705056, 0.075678214, 0.12157375, 0.13857135, 0.13334003, 0.121349216, 0.10184487, 0.08441495, 0.068707585, 0.0528226, 0.03678681, 0.018746963, 0.0029457598, 0.0, 0.0, 0.0 ],
  "lightfield_0.0_0.0_0.0_x" : [ 0.008002815, 0.022899177, 0.06393874, 0.07797383, 0.07293018, 0.06537643, 0.09107056, 0.08779973, 0.080865964, 0.073824964, 0.06682082, 0.060054626, 0.05292314, 0.045952514, 0.038931616, 0.032084987, 0.025147874, 0.018150438, 0.011142948, 0.004108648 ],
  "d1" : [ 0.011167, 0.02946, 0.0479403, 0.06991, 0.0886748, 0.1053474, 0.1382129, 0.1372657, 0.1119056, 0.0803592, 0.0625324, 0.027123, 0.0189682, 0.0152551, 0.0119157, 0.0122465, 0.0093055, 0.0089431, 0.006747, 0.0067206 ],
  "d2" : [ 0.01714901, 0.05176789, 0.091838524, 0.10597431, 0.104916126, 0.101281084, 0.09529603, 0.08811437, 0.078046605, 0.066601895, 0.055102576, 0.043754883, 0.03355469, 0.024575215, 0.018484946, 0.012431283, 0.007477513, 0.0029561191, 5.6569936E-4, 1.1121953E-4 ],
  "d3" : [ 0.005080609, 0.03737774, 0.08259247, 0.12535882, 0.14951308, 0.14665939, 0.122618936, 0.09627761, 0.07394116, 0.05467785, 0.038894083, 0.026502421, 0.017390067, 0.010821287, 0.0063491263, 0.0034353705, 0.0016357804, 6.599671E-4, 1.8675085E-4, 2.746928E-5 ],
  "d4" : [ 5.084145E-7, 7.7279E-6, 5.1654908E-5, 1.8160565E-4, 5.1898946E-4, 0.0014637252, 0.003961667, 0.011438918, 0.03753563, 0.16845591, 0.6343272, 0.10308663, 0.026149077, 0.008281359, 0.0028973524, 0.0010834312, 3.8588658E-4, 1.3249282E-4, 3.5995745E-5, 4.2706815E-6 ],
  "lightfield_0.0_0.8_0.0_y" : [ 0.0, 0.006638653, 0.02451312, 0.048664037, 0.0749223, 0.1024698, 0.10959983, 0.10390847, 0.10176313, 0.089995414, 0.07744251, 0.06708307, 0.057653196, 0.048271444, 0.03838565, 0.02793756, 0.016207837, 0.0045363707, 7.598611E-6, 0.0 ],
  "lightfield_0.0_0.8_0.0_x" : [ 0.0038170356, 0.010498747, 0.017036086, 0.023502504, 0.030032244, 0.036627837, 0.043218367, 0.049877282, 0.056333568, 0.063002616, 0.06949689, 0.075998776, 0.08252345, 0.08712061, 0.09160125, 0.08475491, 0.08147991, 0.06173618, 0.024287693, 0.007054044 ],
  "lightfield_0.8_0.0_0.0_x" : [ 0.008279706, 0.022982555, 0.06457523, 0.081737325, 0.076859295, 0.0658898, 0.08965704, 0.08633626, 0.0795774, 0.07272147, 0.06583721, 0.059054084, 0.052246686, 0.045338165, 0.038603574, 0.031739548, 0.024887655, 0.018112615, 0.0112485895, 0.004315802 ],
  "lightfield_0.8_0.0_0.0_y" : [ 0.0, 0.0, 0.0, 0.0, 0.003341005, 0.026566248, 0.05255409, 0.07628493, 0.10036363, 0.12948215, 0.1575935, 0.16694103, 0.15725374, 0.08914335, 0.035343464, 0.0051328517, 0.0, 0.0, 0.0, 0.0 ],
  "lightfield_0.0_0.6_0.0_x" : [ 0.0, 0.0, 0.0, 0.0034723533, 0.026388375, 0.05265206, 0.078836404, 0.1049414, 0.13205145, 0.1673493, 0.17677642, 0.15383773, 0.101068534, 0.002625991, 0.0, 0.0, 0.0, 0.0, 0.0, 0.0 ],
  "lightfield_0.0_0.6_0.0_y" : [ 0.020989034, 0.029343087, 0.042012077, 0.058580376, 0.07464993, 0.08799903, 0.08621941, 0.08142083, 0.07620663, 0.07105289, 0.06646591, 0.060371343, 0.054401465, 0.04804241, 0.04159645, 0.034674414, 0.027457664, 0.020308923, 0.013594698, 0.0046134316 ],
  "lightfield_0.6_0.0_0.0_y" : [ 0.0, 0.0, 0.0, 0.0, 0.0, 0.0, 0.0, 0.02116397, 0.14533235, 0.30910966, 0.38743082, 0.12198932, 0.0149738705, 0.0, 0.0, 0.0, 0.0, 0.0, 0.0, 0.0 ],
  "lightfield_0.6_0.0_0.0_x" : [ 0.009892589, 0.025676379, 0.06955667, 0.09806776, 0.095850125, 0.07466687, 0.08245753, 0.07942033, 0.07312417, 0.06706905, 0.06063791, 0.05450566, 0.047978092, 0.041797634, 0.03573288, 0.029099254, 0.022909153, 0.01669977, 0.010461462, 0.0043967064 ],
  "lightfield_0.0_0.4_0.0_x" : [ 0.0, 0.0, 0.0, 0.04267614, 0.12975319, 0.1617255, 0.17247327, 0.14485864, 0.11779698, 0.09336458, 0.06933133, 0.045169912, 0.021136664, 0.0017137835, 0.0, 0.0, 0.0, 0.0, 0.0, 0.0 ],
  "lightfield_0.0_0.4_0.0_y" : [ 0.020147942, 0.02844954, 0.041855868, 0.05884356, 0.07499634, 0.088574775, 0.08674015, 0.0818588, 0.07640618, 0.07126483, 0.06647503, 0.060535375, 0.054482203, 0.04802988, 0.04152629, 0.034667496, 0.027497437, 0.020093013, 0.013098726, 0.0044565694 ],
  "lightfield_0.0_0.2_0.0_y" : [ 0.0, 0.0053717564, 0.021949666, 0.04777265, 0.07406598, 0.102502875, 0.111496076, 0.10553831, 0.103140295, 0.09112966, 0.0783274, 0.06785376, 0.058122918, 0.048417773, 0.03826284, 0.027241744, 0.015130876, 0.0036754122, 0.0, 0.0 ],
  "lightfield_0.0_0.2_0.0_x" : [ 0.007098943, 0.023712834, 0.062199283, 0.08150677, 0.08414895, 0.09124275, 0.08674744, 0.082712196, 0.07619412, 0.06968633, 0.0630269, 0.05651653, 0.049944483, 0.04330304, 0.036820948, 0.030233478, 0.02365115, 0.0170534, 0.010414525, 0.0037859317 ],
  "a3" : [ 0.14804734, 0.16361398, 0.1311327, 0.10504876, 0.089734085, 0.07592509, 0.042946156, 0.0, 0.0, 0.0, 0.0, 0.0, 0.0, 0.0082130125, 0.025296893, 0.031599935, 0.036964897, 0.04115532, 0.045992125, 0.05432971 ],
  "lightfield_0.4_0.0_0.0_y" : [ 0.0, 0.0, 0.0, 0.0, 0.0, 0.0, 0.0, 0.0141640315, 0.14262015, 0.3994645, 0.2906052, 0.13438366, 0.01876249, 0.0, 0.0, 0.0, 0.0, 0.0, 0.0, 0.0 ],