{
  "eccentricity_minmax" : 0.003056026,
  "compactness" : 251.72905,
  "eccentricity" : 2.4344726,
  "compactness_standardized" : -0.06341459,
  "convexity_minmax" : 0.064074025,
  "diameter_standardized" : -0.58741593,
  "surface_area_minmax" : 0.035738323,
  "convexity" : 0.123592,
  "diameter_minmax" : 0.013594005,
  "rectangularity _standardized" : -0.39730918,
  "convexity_standardized" : -0.7548477,
  "diameter" : 1.0072109,
  "surface_area" : 0.74529743,
  "rectangularity " : 4.3628633E-4,
  "compactness_minmax" : 6.383149E-5,
  "surface_area_standardized" : -0.5188228,
  "rectangularity _minmax" : 7.8616396E-4,
  "eccentricity_standardized" : -0.29971188,
  "lightfield_0.0_0.0_0.6_y" : [ 0.0, 0.0, 0.0028272844, 0.021745993, 0.0716664, 0.10182976, 0.08958385, 0.05696995, 0.089627974, 0.08559918, 0.07884832, 0.071819134, 0.06514973, 0.05835814, 0.051332355, 0.044574704, 0.03760322, 0.03101867, 0.024132043, 0.0173133 ],
  "lightfield_0.0_0.0_0.6_x" : [ 0.0051929713, 0.035614282, 0.069168344, 0.10084547, 0.12817475, 0.11927882, 0.1248689, 0.11684865, 0.10403253, 0.08141086, 0.05085718, 0.031989384, 0.016352769, 0.0153650865, 0.0, 0.0, 0.0, 0.0, 0.0, 0.0 ],
  "lightfield_0.0_0.0_0.8_y" : [ 0.0, 0.0, 0.019382196, 0.034832582, 0.057673506, 0.081215285, 0.08058451, 0.082017764, 0.09624165, 0.099668846, 0.10010338, 0.09837577, 0.08583393, 0.06777636, 0.049690746, 0.031924028, 0.014041666, 6.377797E-4, 0.0, 0.0 ],
  "lightfield_0.0_0.0_0.8_x" : [ 0.051474426, 0.070169784, 0.089043856, 0.10649519, 0.10636203, 0.09999474, 0.09224677, 0.08460393, 0.07447655, 0.065607205, 0.05786624, 0.047244757, 0.028461795, 0.018008515, 0.0059432657, 0.002000946, 0.0, 0.0, 0.0, 0.0 ],
  "lightfield_0.0_0.0_0.2_y" : [ 0.0, 0.0061452272, 0.016043264, 0.017427113, 0.029057475, 0.058011077, 0.07194674, 0.077076696, 0.08306779, 0.09395764, 0.10184189, 0.11160255, 0.12120908, 0.12912348, 0.08348998, 0.0, 0.0, 0.0, 0.0, 0.0 ],
  "lightfield_0.0_0.0_0.2_x" : [ 0.0, 0.03653294, 0.068927735, 0.06885067, 0.084991105, 0.09018808, 0.08180792, 0.08138237, 0.08580198, 0.07751899, 0.06932312, 0.060912803, 0.052686777, 0.04432002, 0.036043733, 0.027650172, 0.019280063, 0.011064089, 0.0027174368, 0.0 ],
  "lightfield_0.0_0.0_0.4_y" : [ 6.411273E-5, 0.0044541475, 0.0080782045, 0.044531353, 0.05089876, 0.046765175, 0.06705179, 0.076594464, 0.0830766, 0.08640709, 0.092585534, 0.08590768, 0.07681043, 0.067500584, 0.058264975, 0.048840404, 0.03953056, 0.030126235, 0.020944616, 0.011567286 ],
  "lightfield_0.0_0.0_0.4_x" : [ 0.019007737, 0.033750292, 0.046643697, 0.061750684, 0.08598192, 0.091637336, 0.09189716, 0.10079871, 0.10581637, 0.121119075, 0.12163197, 0.09006489, 0.029900152, 0.0, 0.0, 0.0, 0.0, 0.0, 0.0, 0.0 ],
  "lightfield_0.0_0.0_0.0_y" : [ 0.0, 0.0, 0.0, 0.005512827, 0.037705056, 0.075678214, 0.12157375, 0.13857135, 0.13334003, 0.121349216, 0.10184487, 0.08441495, 0.068707585, 0.0528226, 0.03678681, 0.018746963, 0.0029457598, 0.0, 0.0, 0.0 ],
  "lightfield_0.0_0.0_0.0_x" : [ 0.008002815, 0.022899177, 0.06393874, 0.07797383, 0.07293018, 0.06537643, 0.09107056, 0.08779973, 0.080865964, 0.073824964, 0.06682082, 0.060054626, 0.05292314, 0.045952514, 0.038931616, 0.032084987, 0.025147874, 0.018150438, 0.011142948, 0.004108648 ],
  "d1" : [ 0.011172, 0.0293597, 0.0480497, 0.0699811, 0.0885797, 0.1053684, 0.1383616, 0.1370259, 0.1117212, 0.0803975, 0.062569, 0.0272485, 0.0189706, 0.0152724, 0.0119073, 0.0122773, 0.0093337, 0.0089693, 0.00672, 0.0067151 ],
  "d2" : [ 0.017221024, 0.05272256, 0.092724085, 0.10680065, 0.10529169, 0.10211073, 0.096320316, 0.088014156, 0.078030705, 0.06656319, 0.054346044, 0.042455357, 0.031672962, 0.023456618, 0.018436937, 0.012460088, 0.007854079, 0.0028690037, 5.5379723E-4, 9.601686E-5 ],
  "d3" : [ 0.0054250318, 0.039867483, 0.087427475, 0.1310979, 0.15412298, 0.14796473, 0.12059879, 0.09370687, 0.07086581, 0.051282227, 0.03609433, 0.024572328, 0.016156666, 0.009932912, 0.005755367, 0.0029969688, 0.0014233715, 5.4656825E-4, 1.464022E-4, 1.5797352E-5 ],
  "d4" : [ 9.15146E-7, 4.779096E-6, 3.09116E-5, 1.3462815E-4, 4.1567968E-4, 0.0012794759, 0.003998578, 0.012749611, 0.046464913, 0.2774967, 0.56413656, 0.06783256, 0.017535113, 0.0053846175, 0.0017204746, 5.728814E-4, 1.800804E-4, 5.1858275E-5, 8.134632E-6, 1.5252434E-6 ],
  "lightfield_0.0_0.8_0.0_y" : [ 0.0, 0.0, 0.0, 0.010472305, 0.04446296, 0.08396818, 0.11436632, 0.116424486, 0.1216462, 0.12200092, 0.10546135, 0.08745345, 0.07218425, 0.056717083, 0.039954796, 0.02124983, 0.0036378785, 0.0, 0.0, 0.0 ],
  "lightfield_0.0_0.8_0.0_x" : [ 0.041027185, 0.051627353, 0.06231826, 0.073153526, 0.0837207, 0.094407484, 0.10512727, 0.113557905, 0.11890748, 0.111767836, 0.092246205, 0.04339057, 0.008748231, 0.0, 0.0, 0.0, 0.0, 0.0, 0.0, 0.0 ],
  "lightfield_0.8_0.0_0.0_x" : [ 0.0082798395, 0.022982927, 0.06457628, 0.08173864, 0.07686054, 0.06587468, 0.08965849, 0.086337656, 0.07957869, 0.072722636, 0.06583828, 0.059055038, 0.052247528, 0.0453389, 0.038604196, 0.031740062, 0.02488806, 0.018112909, 0.011248771, 0.0043158717 ],
  "lightfield_0.8_0.0_0.0_y" : [ 0.0, 0.0, 5.945953E-4, 0.016531365, 0.043631967, 0.0677879, 0.09167284, 0.11843771, 0.14786816, 0.16518827, 0.16920482, 0.114125885, 0.054629955, 0.010326542, 0.0, 0.0, 0.0, 0.0, 0.0, 0.0 ],
  "lightfield_0.0_0.6_0.0_x" : [ 0.0, 0.0, 0.0, 0.017639302, 0.07365881, 0.13121253, 0.18962042, 0.2568936, 0.23502484, 0.09595051, 0.0, 0.0, 0.0, 0.0, 0.0, 0.0, 0.0, 0.0, 0.0, 0.0 ],
  "lightfield_0.0_0.6_0.0_y" : [ 0.0, 0.0, 0.0, 0.024099583, 0.049310435, 0.082665056, 0.11798512, 0.12892364, 0.11840807, 0.1071627, 0.096224174, 0.083054826, 0.06934643, 0.05466774, 0.038778268, 0.023676638, 0.0056973207, 0.0, 0.0, 0.0 ],
  "lightfield_0.6_0.0_0.0_y" : [ 0.0, 0.0, 0.0, 0.0, 0.0, 0.0, 0.024495663, 0.15240566, 0.3180384, 0.38019893, 0.11197191, 0.012889408, 0.0, 0.0, 0.0, 0.0, 0.0, 0.0, 0.0, 0.0 ],
  "lightfield_0.6_0.0_0.0_x" : [ 0.009850363, 0.025624452, 0.06943493, 0.09807913, 0.09599522, 0.074702606, 0.08259448, 0.079661556, 0.07349664, 0.06681074, 0.06069406, 0.05415288, 0.048171267, 0.041803744, 0.035339747, 0.029213417, 0.022903783, 0.016777456, 0.0103231035, 0.0043704356 ],
  "lightfield_0.0_0.4_0.0_x" : [ 0.0, 0.0, 0.0, 0.0, 0.04857974, 0.20807947, 0.25318694, 0.20398025, 0.14774865, 0.094482936, 0.041715562, 0.0022264374, 0.0, 0.0, 0.0, 0.0, 0.0, 0.0, 0.0, 0.0 ],
  "lightfield_0.0_0.4_0.0_y" : [ 0.0, 0.0, 0.0, 0.023317311, 0.04838684, 0.08303728, 0.118772805, 0.12962368, 0.118957676, 0.107407525, 0.09622711, 0.083165884, 0.06920443, 0.054608002, 0.038878262, 0.022979729, 0.0054334723, 0.0, 0.0, 0.0 ],
  "lightfield_0.0_0.2_0.0_y" : [ 0.0, 0.0, 0.0, 0.009736742, 0.04183521, 0.07902764, 0.12184616, 0.13524623, 0.12921524, 0.11820597, 0.099249214, 0.082883775, 0.06833457, 0.053538583, 0.037574183, 0.019870665, 0.0034358166, 0.0, 0.0, 0.0 ],
  "lightfield_0.0_0.2_0.0_x" : [ 0.0, 0.0047430466, 0.028782194, 0.080049515, 0.103726186, 0.10754376, 0.10752062, 0.10098062, 0.0909778, 0.08121021, 0.0713655, 0.06143595, 0.05153725, 0.041650116, 0.031913377, 0.022018533, 0.012081272, 0.0024640705, 0.0, 0.0 ],
  "a3" : [ 0.1405456, 0.15801719, 0.12818173, 0.10496806, 0.091672935, 0.08018433, 0.044949804, 0.0, 0.0, 0.0, 0.0, 0.0, 0.0, 0.007796848, 0.025019987, 0.032393426, 0.037936684, 0.042439334, 0.04865363, 0.057240445 ],
  "lightfield_0.4_0.0_0.0_y" : [ 0.0, 0.0, 0.0, 0.0, 0.0, 0.0, 0.014006935, 0.13961282, 0.3988674, 0.29229036, 0.13591196, 0.019310532, 0.0, 0.0, 0.0, 0.0, 0.0, 0.0, 0.0, 0.0 ],
  "lightfield_0.4_0.0_0.0_x" : [ 0.009004459, 0.02404103, 0.07041351, 0.09821368, 0.09581443, 0.074298926, 0.08292455, 0.079864785, 0.07351213, 0.06702348, 0.06069996, 0.054638706, 0.04821805, 0.04186539, 0.03551273, 0.029257204, 0.022923972, 0.01681415, 0.010422637, 0.004536227 ],