{
  "eccentricity_minmax" : 0.08544858,
  "compactness" : 11.916834,
  "eccentricity" : 41.08919,
  "compactness_standardized" : -0.065032065,
  "convexity_minmax" : 0.29425365,
  "diameter_standardized" : -0.6623995,
  "surface_area_minmax" : 0.01711818,
  "convexity" : 0.56390035,
  "diameter_minmax" : 0.0014117863,
  "rectangularity _standardized" : -0.40244058,
  "convexity_standardized" : 0.8220206,
  "diameter" : 1.0007489,
  "surface_area" : 0.36523592,
  "rectangularity " : 1.6592769E-4,
  "compactness_minmax" : 2.910899E-6,
  "surface_area_standardized" : -0.750986,
  "rectangularity _minmax" : 2.9896022E-4,
  "eccentricity_standardized" : 1.44763,
  "lightfield_0.0_0.0_0.6_y" : [ 0.02462472, 0.039928913, 0.04360608, 0.04818127, 0.06928007, 0.08175786, 0.057738118, 0.05234053, 0.052501228, 0.052349985, 0.052453965, 0.05223655, 0.05181117, 0.051669378, 0.049826067, 0.045241427, 0.044211064, 0.04294438, 0.05353159, 0.033765644 ],
  "lightfield_0.0_0.0_0.6_x" : [ 0.0, 0.0, 0.0, 0.0, 0.0, 0.011806632, 0.05299278, 0.12584603, 0.14687866, 0.16691874, 0.16387492, 0.13241577, 0.117262825, 0.077721484, 0.004282149, 0.0, 0.0, 0.0, 0.0, 0.0 ],
  "lightfield_0.0_0.0_0.8_y" : [ 0.0, 0.0, 0.020010253, 0.061936136, 0.10122204, 0.09676851, 0.07866364, 0.07966606, 0.079574235, 0.079390585, 0.07879372, 0.07440907, 0.06941224, 0.07433254, 0.06402516, 0.032697443, 0.009098353, 0.0, 0.0, 0.0 ],
  "lightfield_0.0_0.0_0.8_x" : [ 0.026330892, 0.043287955, 0.05032024, 0.044711247, 0.04820826, 0.051422145, 0.05242457, 0.052983172, 0.05275361, 0.052952565, 0.053197432, 0.05358004, 0.082214214, 0.076084875, 0.052960217, 0.050465632, 0.045583587, 0.04434395, 0.040150594, 0.026024807 ],
  "lightfield_0.0_0.0_0.2_y" : [ 0.0, 0.014863743, 0.04624431, 0.055562917, 0.058764447, 0.06481178, 0.07011976, 0.09740599, 0.087724686, 0.06970126, 0.06778313, 0.067643635, 0.066590406, 0.065069854, 0.06316568, 0.0593922, 0.033849716, 0.011306489, 0.0, 0.0 ],
  "lightfield_0.0_0.0_0.2_x" : [ 0.025137931, 0.04039925, 0.04593043, 0.06306105, 0.08097287, 0.06560693, 0.053651765, 0.053735465, 0.05385404, 0.053777315, 0.053623866, 0.05339369, 0.05311469, 0.052549716, 0.047520734, 0.046042033, 0.04499578, 0.05453759, 0.036800146, 0.021294702 ],
  "lightfield_0.0_0.0_0.4_y" : [ 0.0252328, 0.040209495, 0.04392634, 0.045556184, 0.05024696, 0.061904337, 0.089124754, 0.059062045, 0.052204765, 0.052463155, 0.052145135, 0.052165013, 0.05197619, 0.05196625, 0.05087306, 0.046957456, 0.044313923, 0.043280363, 0.05332777, 0.03306401 ],
  "lightfield_0.0_0.0_0.4_x" : [ 0.0, 0.0, 0.0, 0.0, 0.0, 0.001391332, 0.008636196, 0.11881975, 0.17095496, 0.18280114, 0.17988929, 0.17185931, 0.1256174, 0.034177076, 0.0058535323, 0.0, 0.0, 0.0, 0.0, 0.0 ],
  "lightfield_0.0_0.0_0.0_y" : [ 0.0, 0.0, 0.0, 0.0, 0.0, 0.0, 0.0, 0.10205919, 0.49690747, 0.35421112, 0.041023057, 0.005531199, 2.6798443E-4, 0.0, 0.0, 0.0, 0.0, 0.0, 0.0, 0.0 ],
  "lightfield_0.0_0.0_0.0_x" : [ 0.024611691, 0.040508527, 0.044120956, 0.046768643, 0.050745532, 0.08468308, 0.07319191, 0.052256964, 0.05234272, 0.052482072, 0.052128334, 0.05202114, 0.05183891, 0.051860347, 0.05080985, 0.045418, 0.044206712, 0.043145493, 0.0543794, 0.032479715 ],
  "d1" : [ 0.0449398, 0.0754846, 0.0565083, 0.0546306, 0.0538983, 0.0507393, 0.0537255, 0.0584286, 0.0705307, 0.0738321, 0.0596275, 0.0433713, 0.0423463, 0.034379, 0.030816, 0.0318537, 0.0954168, 0.0260234, 0.0339949, 0.0094533 ],
  "d2" : [ 0.033696916, 0.11337571, 0.10833182, 0.09618269, 0.088628665, 0.080475435, 0.07219068, 0.06484139, 0.05888064, 0.052348092, 0.046321433, 0.04035869, 0.037340555, 0.038649287, 0.025887646, 0.016301362, 0.010870009, 0.008554502, 0.0057567107, 0.0010077769 ],
  "d3" : [ 0.0028196762, 0.022481944, 0.056562867, 0.09290825, 0.122640975, 0.14179511, 0.14729752, 0.13776568, 0.11332516, 0.07993208, 0.044017456, 0.017594023, 0.009031154, 0.0053701936, 0.0031753683, 0.00179798, 9.30635E-4, 4.1797577E-4, 1.05550454E-4, 3.0387262E-5 ],
  "d4" : [ 6.1009735E-7, 4.3723644E-6, 1.9929847E-5, 8.4905216E-5, 3.5853387E-4, 0.0012377858, 0.003977326, 0.0144429365, 0.08407843, 0.46523625, 0.3486687, 0.06533929, 0.011728511, 0.003339673, 0.0010856682, 2.9294842E-4, 8.470185E-5, 1.6675995E-5, 2.1353408E-6, 6.1009735E-7 ],
  "lightfield_0.0_0.8_0.0_y" : [ 0.0, 0.0, 0.0, 0.0, 0.0, 0.03365326, 0.35993487, 0.3990141, 0.17359647, 0.028026965, 0.0054521067, 3.2224914E-4, 0.0, 0.0, 0.0, 0.0, 0.0, 0.0, 0.0, 0.0 ],
  "lightfield_0.0_0.8_0.0_x" : [ 0.027887613, 0.057038095, 0.0429201, 0.044191677, 0.046194848, 0.050575692, 0.051777598, 0.051899526, 0.052047588, 0.05220436, 0.052335, 0.052343708, 0.052117262, 0.073594734, 0.08455991, 0.050776012, 0.047788676, 0.04382588, 0.040176626, 0.025745092 ],
  "lightfield_0.8_0.0_0.0_x" : [ 0.025381828, 0.041370727, 0.044971533, 0.04818693, 0.05225023, 0.076883264, 0.06753439, 0.05365972, 0.053769834, 0.05347252, 0.053648707, 0.05361567, 0.05347252, 0.05347252, 0.052723728, 0.046942618, 0.045533128, 0.044156674, 0.05053241, 0.02842104 ],
  "lightfield_0.8_0.0_0.0_y" : [ 0.0, 0.0, 0.0, 0.0, 0.0, 0.0, 0.0, 8.809311E-5, 0.0038871088, 0.065067776, 0.4782575, 0.44776627, 0.0049332143, 0.0, 0.0, 0.0, 0.0, 0.0, 0.0, 0.0 ],
  "lightfield_0.0_0.6_0.0_x" : [ 0.0014504818, 0.010519146, 0.04477995, 0.058351412, 0.046882093, 0.05055665, 0.05398315, 0.05570691, 0.05626608, 0.05648891, 0.05659822, 0.05671594, 0.056837864, 0.07785514, 0.09624472, 0.05632494, 0.053449202, 0.04667188, 0.04008375, 0.024233557 ],
  "lightfield_0.0_0.6_0.0_y" : [ 0.0, 0.034471016, 0.13212839, 0.18084355, 0.18828095, 0.17911558, 0.15187176, 0.07793922, 0.023010107, 0.0186965, 0.0042799725, 0.0038217043, 0.0041874778, 7.273431E-4, 6.2644E-4, 0.0, 0.0, 0.0, 0.0, 0.0 ],
  "lightfield_0.6_0.0_0.0_y" : [ 0.0, 0.0, 0.0, 0.0, 0.0, 0.0, 0.0, 0.0, 9.697773E-4, 0.43199283, 0.5605558, 0.0064815497, 0.0, 0.0, 0.0, 0.0, 0.0, 0.0, 0.0, 0.0 ],
  "lightfield_0.6_0.0_0.0_x" : [ 0.028098991, 0.046254694, 0.04999877, 0.051042203, 0.052417077, 0.05571923, 0.053890157, 0.054012913, 0.053890157, 0.05374285, 0.053644646, 0.053877883, 0.05397609, 0.05385333, 0.052908104, 0.051778745, 0.050870344, 0.0495814, 0.052134737, 0.028307676 ],
  "lightfield_0.0_0.4_0.0_x" : [ 0.023763878, 0.040082585, 0.04647018, 0.053354964, 0.056751005, 0.09677882, 0.07699244, 0.0567805, 0.056725726, 0.0567173, 0.05647292, 0.056253817, 0.055722922, 0.054155517, 0.05065414, 0.046916805, 0.05922009, 0.044279184, 0.010470432, 0.0014367877 ],
  "lightfield_0.0_0.4_0.0_y" : [ 0.0, 0.034196388, 0.13206649, 0.18089199, 0.18855625, 0.17927824, 0.15192871, 0.077742435, 0.023342533, 0.018636106, 0.0044536204, 0.003556155, 0.0038805907, 7.499947E-4, 7.2050054E-4, 0.0, 0.0, 0.0, 0.0, 0.0 ],
  "lightfield_0.0_0.2_0.0_y" : [ 0.0, 0.0, 0.0, 0.0, 0.0, 0.034400154, 0.3601432, 0.39882052, 0.17268023, 0.028084602, 0.0053399075, 5.313774E-4, 0.0, 0.0, 0.0, 0.0, 0.0, 0.0, 0.0, 0.0 ],
  "lightfield_0.0_0.2_0.0_x" : [ 0.026011359, 0.04054148, 0.043877836, 0.04793721, 0.05087285, 0.08584794, 0.07252866, 0.052135963, 0.052231785, 0.052310184, 0.052249208, 0.05195303, 0.051822364, 0.051726542, 0.050576676, 0.045942366, 0.04417401, 0.042910904, 0.057833027, 0.026516603 ],
  "a3" : [ 0.31448853, 0.15637416, 0.07178085, 0.045416377, 0.0358623, 0.032816634, 0.021641063, 0.0, 0.0, 0.0, 0.0, 0.0, 0.0, 0.018480787, 0.078248404, 0.07234634, 0.05032553, 0.038817413, 0.032264028, 0.031137586 ],
  "lightfield_0.4_0.0_0.0_y" : [ 0.0, 0.0, 0.0, 0.0, 0.0, 0.0, 0.0, 0.0, 0.014594774, 0.569319, 0.4156685, 4.1769556E-4, 0.0, 0.0, 0.0, 0.0, 0.0, 0.0, 0.0, 0.0 ],
  "lightfield_0.4_0.0_0.0_x" : [ 0.028403297, 0.046290495, 0.050344598, 0.05132741, 0.052482218, 0.05577464, 0.054067004, 0.05384587, 0.05384587, 0.05367388, 0.05377216, 0.053612452, 0.053735305, 0.053931866, 0.052973624, 0.051904816, 0.05056573, 0.049152937, 0.05203995, 0.028255876 ],