{
  "eccentricity_minmax" : 0.11406781,
  "compactness" : 117.45951,
  "eccentricity" : 54.51599,
  "compactness_standardized" : -0.06431111,
  "convexity_minmax" : 0.21897465,
  "diameter_standardized" : -0.65609556,
  "surface_area_minmax" : 0.025201274,
  "convexity" : 0.4198999,
  "diameter_minmax" : 0.0025154606,
  "rectangularity _standardized" : -0.40534678,
  "convexity_standardized" : 0.30563983,
  "diameter" : 1.0013343,
  "surface_area" : 0.5302225,
  "rectangularity " : 4.9767044E-5,
  "compactness_minmax" : 2.9722385E-5,
  "surface_area_standardized" : -0.65044796,
  "rectangularity _minmax" : 8.963124E-5,
  "eccentricity_standardized" : 2.0552154,
  "lightfield_0.0_0.0_0.6_y" : [ 0.0, 0.0, 0.061953902, 0.11495452, 0.12335047, 0.11535004, 0.10450002, 0.101785265, 0.07205782, 0.058268312, 0.04717558, 0.024846284, 0.021682069, 0.020639315, 0.019650498, 0.0185628, 0.017511057, 0.016594153, 0.024990112, 0.03612779 ],
  "lightfield_0.0_0.0_0.6_x" : [ 0.0, 0.0, 0.0, 0.0, 0.026626155, 0.062304486, 0.07445795, 0.14904174, 0.18687749, 0.18302111, 0.17854446, 0.094234295, 0.044892307, 0.0, 0.0, 0.0, 0.0, 0.0, 0.0, 0.0 ],
  "lightfield_0.0_0.0_0.8_y" : [ 0.0, 0.0, 0.0, 0.0029308912, 0.06051697, 0.09688376, 0.13231924, 0.17324215, 0.13677493, 0.10745688, 0.08198278, 0.07053313, 0.034622863, 0.031116752, 0.030459356, 0.028688038, 0.012472266, 0.0, 0.0, 0.0 ],
  "lightfield_0.0_0.0_0.8_x" : [ 0.038265936, 0.022515818, 0.02037928, 0.021675812, 0.022954082, 0.024460616, 0.025775408, 0.029838482, 0.058124777, 0.10778558, 0.13176228, 0.13565187, 0.12935182, 0.11805739, 0.087305866, 0.026094975, 0.0, 0.0, 0.0, 0.0 ],
  "lightfield_0.0_0.0_0.2_y" : [ 0.0, 0.0, 0.0, 0.0075745056, 0.0642659, 0.09679888, 0.12740128, 0.17196128, 0.17009157, 0.08671113, 0.06296145, 0.033585235, 0.030411076, 0.02788914, 0.028567454, 0.041298885, 0.03744641, 0.013035803, 0.0, 0.0 ],
  "lightfield_0.0_0.0_0.2_x" : [ 0.008122375, 0.06914454, 0.10489517, 0.12042682, 0.13115808, 0.13060153, 0.07372751, 0.0678314, 0.05663052, 0.041037995, 0.024506265, 0.022993105, 0.021784313, 0.020192884, 0.019079754, 0.033933092, 0.040585786, 0.013348871, 0.0, 0.0 ],
  "lightfield_0.0_0.0_0.4_y" : [ 0.0, 0.0, 0.067262635, 0.11647502, 0.12451337, 0.114609614, 0.10087593, 0.100127965, 0.09905558, 0.05697138, 0.023781631, 0.022393843, 0.021402566, 0.02046536, 0.019501118, 0.01832961, 0.01732932, 0.016383102, 0.02601651, 0.03450544 ],
  "lightfield_0.0_0.0_0.4_x" : [ 0.0, 0.0, 0.0, 0.019194722, 0.07871639, 0.14500576, 0.15239528, 0.17106734, 0.21060126, 0.12043112, 0.07493151, 0.02461971, 0.0030369116, 0.0, 0.0, 0.0, 0.0, 0.0, 0.0, 0.0 ],
  "lightfield_0.0_0.0_0.0_y" : [ 0.0, 0.0, 0.0, 0.0, 0.0, 0.0, 0.0, 0.063482806, 0.1739925, 0.24810944, 0.31486428, 0.14309086, 0.056460105, 0.0, 0.0, 0.0, 0.0, 0.0, 0.0, 0.0 ],
  "lightfield_0.0_0.0_0.0_x" : [ 0.089110896, 0.11914231, 0.117689036, 0.10240791, 0.08749228, 0.093392394, 0.08311505, 0.050203197, 0.03242453, 0.020711321, 0.019719265, 0.018814234, 0.018135458, 0.017134702, 0.016099136, 0.01548998, 0.015716238, 0.03321643, 0.02768181, 0.022303829 ],
  "d1" : [ 0.0363957, 0.0487769, 0.0836022, 0.0858729, 0.056539, 0.0435717, 0.0406869, 0.0735634, 0.075795, 0.0481392, 0.0420711, 0.0466276, 0.105968, 0.0463406, 0.0292776, 0.0304735, 0.0354181, 0.0273693, 0.0320671, 0.0114442 ],
  "d2" : [ 0.06236805, 0.095774814, 0.11225161, 0.09524682, 0.07451318, 0.07542014, 0.06335262, 0.048418, 0.04470565, 0.04202128, 0.04346543, 0.043813895, 0.041419875, 0.03508046, 0.03080901, 0.030436045, 0.024714239, 0.020929076, 0.013017886, 0.0022418937 ],
  "d3" : [ 0.013983272, 0.06820129, 0.12356719, 0.15542711, 0.1573869, 0.13513075, 0.10766126, 0.08111729, 0.05300132, 0.03560099, 0.025948608, 0.01843883, 0.011944508, 0.0067422492, 0.0032883645, 0.0014931012, 6.798898E-4, 2.77812E-4, 9.770209E-5, 1.1571308E-5 ],
  "d4" : [ 3.86395E-6, 2.8166161E-5, 9.283648E-5, 2.6762937E-4, 8.294273E-4, 0.0026317567, 0.0072311787, 0.017619612, 0.058294903, 0.6772226, 0.18288715, 0.033288438, 0.012255534, 0.004900607, 0.0016458393, 5.208198E-4, 1.8394436E-4, 6.9449416E-5, 2.2675285E-5, 3.5589012E-6 ],
  "lightfield_0.0_0.8_0.0_y" : [ 0.0, 0.0, 0.0, 0.0, 0.0, 0.0, 0.0, 0.06918591, 0.18077643, 0.24736921, 0.29083905, 0.14902408, 0.06280531, 0.0, 0.0, 0.0, 0.0, 0.0, 0.0, 0.0 ],
  "lightfield_0.0_0.8_0.0_x" : [ 0.041619144, 0.019518388, 0.019486109, 0.020863371, 0.022402031, 0.023478018, 0.024962878, 0.030805483, 0.0573931, 0.10397254, 0.115851425, 0.11482924, 0.1403624, 0.14862597, 0.11582991, 0.0, 0.0, 0.0, 0.0, 0.0 ],
  "lightfield_0.8_0.0_0.0_x" : [ 0.08731484, 0.11638743, 0.11516434, 0.10081733, 0.08747015, 0.092847854, 0.08976101, 0.05551457, 0.03475121, 0.019967385, 0.019035509, 0.01797744, 0.01725912, 0.016482556, 0.015958376, 0.015084743, 0.016744647, 0.032470055, 0.026471103, 0.022520335 ],
  "lightfield_0.8_0.0_0.0_y" : [ 0.0, 0.0, 0.0, 0.0, 0.0, 0.0, 0.0, 0.02877167, 0.15961288, 0.28416392, 0.3172164, 0.18835543, 0.021879671, 0.0, 0.0, 0.0, 0.0, 0.0, 0.0, 0.0 ],
  "lightfield_0.0_0.6_0.0_x" : [ 0.0, 0.0, 0.0, 0.0, 0.035918675, 0.06794041, 0.044937316, 0.054423586, 0.17939296, 0.27127174, 0.30289266, 0.04322266, 0.0, 0.0, 0.0, 0.0, 0.0, 0.0, 0.0, 0.0 ],
  "lightfield_0.0_0.6_0.0_y" : [ 0.0, 0.0, 0.0, 0.0, 0.0, 0.0, 0.0, 0.08388447, 0.16903824, 0.2376467, 0.2864364, 0.14676999, 0.07622419, 0.0, 0.0, 0.0, 0.0, 0.0, 0.0, 0.0 ],
  "lightfield_0.6_0.0_0.0_y" : [ 0.0, 0.0, 0.0, 0.0, 0.0, 0.0, 0.0, 0.0, 0.08493233, 0.4381616, 0.47486964, 0.0020364097, 0.0, 0.0, 0.0, 0.0, 0.0, 0.0, 0.0, 0.0 ],
  "lightfield_0.6_0.0_0.0_x" : [ 0.08358057, 0.10641996, 0.105349086, 0.0948686, 0.08542387, 0.08905781, 0.0935344, 0.0546144, 0.034724295, 0.022856941, 0.022734055, 0.022084512, 0.022540947, 0.022260064, 0.021557853, 0.020873198, 0.022786722, 0.028948616, 0.024559801, 0.021224303 ],
  "lightfield_0.0_0.4_0.0_x" : [ 0.0, 0.0, 0.0, 0.0, 0.0, 0.10829279, 0.30464396, 0.25809377, 0.14615214, 0.045378152, 0.043631136, 0.09223795, 0.0015701017, 0.0, 0.0, 0.0, 0.0, 0.0, 0.0, 0.0 ],
  "lightfield_0.0_0.4_0.0_y" : [ 0.0, 0.0, 0.0, 0.0, 0.0, 0.0, 0.0, 0.08157895, 0.17200354, 0.23965059, 0.28093764, 0.14891641, 0.07691287, 0.0, 0.0, 0.0, 0.0, 0.0, 0.0, 0.0 ],
  "lightfield_0.0_0.2_0.0_y" : [ 0.0, 0.0, 0.0, 0.0, 0.0, 0.0, 0.0, 0.066526316, 0.17414121, 0.24564826, 0.30784082, 0.14533505, 0.060508344, 0.0, 0.0, 0.0, 0.0, 0.0, 0.0, 0.0 ],
  "lightfield_0.0_0.2_0.0_x" : [ 0.0, 0.037422337, 0.1324878, 0.14180231, 0.12546341, 0.10485238, 0.11262644, 0.08097561, 0.04433376, 0.02397946, 0.02256226, 0.02158665, 0.020148909, 0.018813863, 0.017591784, 0.033519898, 0.03618999, 0.025643133, 0.0, 0.0 ],
  "a3" : [ 0.38470736, 0.11730801, 0.058153067, 0.038810067, 0.032036122, 0.029331757, 0.0205924, 0.0, 0.0, 0.0, 0.0, 0.0, 0.0, 0.06705382, 0.08403306, 0.049639706, 0.03461703, 0.028683864, 0.027032688, 0.028001057 ],
  "lightfield_0.4_0.0_0.0_y" : [ 0.0, 0.0, 0.0, 0.0, 0.0, 0.0, 0.0, 0.0, 0.07154166, 0.4849038, 0.44355455, 0.0, 0.0, 0.0, 0.0, 0.0, 0.0, 0.0, 0.0, 0.0 ],
  "lightfield_0.4_0.0_0.0_x" : [ 0.08104081, 0.10488182, 0.10076552, 0.08456108, 0.07630986, 0.08307102, 0.09076347, 0.073031716, 0.04799866, 0.023282237, 0.022350946, 0.022350946, 0.021475535, 0.021401031, 0.020637374, 0.020153103, 0.02255583, 0.030825682, 0.030173779, 0.022369573 ],
  "lightfield_0.2_0.0_0.0_x" : [ 0.08662954, 0.115233354, 0.113518305, 0.09809275, 0.0852299, 0.09131142, 0.09145927, 0.05689222, 0.03473461, 0.020206003, 0.019801883, 0.01882608, 0.018352965, 0.01729831, 0.016647775, 0.01559312, 0.01701247, 0.032477453, 0.028524961, 0.022157608 ],
  "lightfield_0.2_0.0_0.0_y" : [ 0.0, 0.0, 0.0, 0.0, 0.0, 0.0, 0.0, 0.04233404, 0.20023656, 0.2678626, 0.3423488, 0.13965797, 0.007560002, 0.0, 0.0, 0.0, 0.0, 0.0, 0.0, 0.0 ]
}