{
  "eccentricity_minmax" : 0.069634825,
  "compactness" : 76.24934,
  "eccentricity" : 33.67012,
  "compactness_standardized" : -0.06458628,
  "convexity_minmax" : 0.13708892,
  "diameter_standardized" : -0.5151697,
  "surface_area_minmax" : 0.012252773,
  "convexity" : 0.2632615,
  "diameter_minmax" : 0.025247872,
  "rectangularity _standardized" : -0.40603447,
  "convexity_standardized" : -0.25496984,
  "diameter" : 1.0133926,
  "surface_area" : 0.2659266,
  "rectangularity " : 1.6695038E-5,
  "compactness_minmax" : 1.9253577E-5,
  "surface_area_standardized" : -0.8121963,
  "rectangularity _minmax" : 3.0033349E-5,
  "eccentricity_standardized" : 1.1126448,
  "lightfield_0.0_0.0_0.6_y" : [ 0.114658386, 0.13083003, 0.10121965, 0.08248447, 0.089328066, 0.124302655, 0.08369283, 0.047792207, 0.022619989, 0.021998871, 0.021547148, 0.02107284, 0.02063241, 0.020158103, 0.019695088, 0.022755506, 0.04141163, 0.0138001125, 0.0, 0.0 ],
  "lightfield_0.0_0.0_0.6_x" : [ 0.0, 0.0, 0.0, 0.0, 0.0, 0.0, 0.0, 2.3715415E-4, 0.05279503, 0.105974026, 0.11791079, 0.21221909, 0.1848899, 0.1655223, 0.0886166, 0.049011856, 0.022179559, 6.4370414E-4, 0.0, 0.0 ],
  "lightfield_0.0_0.0_0.8_y" : [ 0.023290735, 0.033560578, 0.046066333, 0.061454657, 0.12613165, 0.23112081, 0.117144175, 0.07743484, 0.063657686, 0.05231373, 0.03620202, 0.03110546, 0.03078761, 0.045529276, 0.024200443, 0.0, 0.0, 0.0, 0.0, 0.0 ],
  "lightfield_0.0_0.0_0.8_x" : [ 0.0, 0.0, 0.0, 5.4801727E-5, 0.03016287, 0.037889913, 0.022742717, 0.023411298, 0.0241018, 0.0247923, 0.030502642, 0.045858085, 0.059799645, 0.07625113, 0.1352397, 0.11118174, 0.1551108, 0.13196255, 0.052269887, 0.0386681 ],
  "lightfield_0.0_0.0_0.2_y" : [ 0.0077715865, 0.024267878, 0.037192594, 0.051175166, 0.073704384, 0.17038837, 0.23453015, 0.086482465, 0.07778918, 0.059480917, 0.047708325, 0.033243958, 0.03230131, 0.045665927, 0.018297791, 0.0, 0.0, 0.0, 0.0, 0.0 ],
  "lightfield_0.0_0.0_0.2_x" : [ 0.017836943, 0.027881352, 0.039140727, 0.072175205, 0.14837237, 0.11203863, 0.1114102, 0.13013741, 0.064215094, 0.05167791, 0.040994596, 0.024037454, 0.022874858, 0.022267377, 0.021670368, 0.021094307, 0.028509783, 0.03799908, 0.0056663454, 0.0 ],
  "lightfield_0.0_0.0_0.4_y" : [ 0.0757318, 0.15041423, 0.11603888, 0.08427041, 0.07967524, 0.11609411, 0.09648735, 0.049353804, 0.031934164, 0.02173865, 0.021340992, 0.020943334, 0.020512538, 0.020125926, 0.01971722, 0.022677565, 0.040947754, 0.011996023, 0.0, 0.0 ],
  "lightfield_0.0_0.0_0.4_x" : [ 0.0, 0.0, 0.0, 0.0072572627, 0.0241246, 0.036452007, 0.051806033, 0.11209544, 0.18466806, 0.18899812, 0.14711146, 0.090931185, 0.081420526, 0.06398984, 0.011145476, 0.0, 0.0, 0.0, 0.0, 0.0 ],
  "lightfield_0.0_0.0_0.0_y" : [ 0.0, 0.0, 0.0, 0.0, 0.0, 0.0, 0.02608205, 0.08690882, 0.17979477, 0.37102133, 0.15622061, 0.10362808, 0.057305273, 0.01903906, 0.0, 0.0, 0.0, 0.0, 0.0, 0.0 ],
  "lightfield_0.0_0.0_0.0_x" : [ 0.03469247, 0.0805973, 0.12206107, 0.10653305, 0.081067525, 0.066521764, 0.079667285, 0.109918706, 0.0894794, 0.02428473, 0.019603336, 0.019300299, 0.018986812, 0.018631529, 0.01834939, 0.017973207, 0.01771197, 0.017806014, 0.037325755, 0.01948839 ],
  "d1" : [ 0.0194405, 0.0, 0.0194957, 0.0, 0.0280105, 0.0374254, 0.0235294, 0.0347474, 0.09952, 0.0036082, 0.1828067, 0.128694, 0.1215691, 0.1600194, 0.0844326, 0.0052174, 9.06E-4, 0.0, 0.0081377, 0.04244 ],
  "d2" : [ 0.14131452, 0.13441971, 0.055645272, 0.051774994, 0.03395586, 0.036156747, 0.040906984, 0.014375624, 0.018816404, 0.041199233, 0.03452016, 0.053032313, 0.076413915, 0.07542565, 0.060608745, 0.052434206, 0.030383436, 0.017445764, 0.020688633, 0.010481841 ],
  "d3" : [ 0.06557591, 0.13639756, 0.15222268, 0.14702626, 0.12921801, 0.10012482, 0.06898945, 0.053617217, 0.036925353, 0.029815136, 0.028477995, 0.021295333, 0.01273659, 0.005757279, 0.0043652006, 0.0039677513, 0.0014783101, 4.456463E-4, 0.0010909229, 4.7261248E-4 ],
  "d4" : [ 1.1185118E-6, 1.6269263E-6, 5.490876E-6, 2.8877941E-5, 1.0686872E-4, 3.8181926E-4, 0.0011156647, 0.0031519663, 0.011533178, 0.12023056, 0.8242335, 0.030940885, 0.005440035, 0.0018695417, 6.764963E-4, 2.0255233E-4, 6.1111416E-5, 1.4032239E-5, 3.3555355E-6, 1.3218776E-6 ],
  "lightfield_0.0_0.8_0.0_y" : [ 0.0, 0.0, 0.0, 0.0, 0.0, 0.0, 0.0274802, 0.09215436, 0.17770047, 0.3532945, 0.15297672, 0.10871711, 0.06513156, 0.022545079, 0.0, 0.0, 0.0, 0.0, 0.0, 0.0 ],
  "lightfield_0.0_0.8_0.0_x" : [ 0.0, 0.0, 0.0, 0.0, 0.027636679, 0.036435638, 0.020270107, 0.020703435, 0.021196948, 0.021666385, 0.02214786, 0.022629336, 0.031897735, 0.13512602, 0.11608368, 0.08176653, 0.09290065, 0.12889092, 0.14114447, 0.079503596 ],
  "lightfield_0.8_0.0_0.0_x" : [ 0.04065716, 0.0831372, 0.116964325, 0.100431494, 0.077980064, 0.06536988, 0.07683788, 0.10356961, 0.09372837, 0.028046979, 0.021759195, 0.02103235, 0.020467026, 0.019890165, 0.01920947, 0.018759519, 0.018067285, 0.018263418, 0.035280816, 0.020547787 ],
  "lightfield_0.8_0.0_0.0_y" : [ 0.0, 0.0, 0.0, 0.0, 0.0, 0.013948498, 0.06691587, 0.13855046, 0.2257257, 0.38305876, 0.13504314, 0.03675758, 0.0, 0.0, 0.0, 0.0, 0.0, 0.0, 0.0, 0.0 ],
  "lightfield_0.0_0.6_0.0_x" : [ 0.0, 0.0, 0.0, 0.0, 0.0, 0.0, 0.0, 0.0, 0.04540039, 0.04847838, 0.04520181, 0.09266246, 0.29228517, 0.25721094, 0.21876086, 0.0, 0.0, 0.0, 0.0, 0.0 ],
  "lightfield_0.0_0.6_0.0_y" : [ 0.0, 0.0, 0.0, 0.0, 0.0, 0.0, 0.05535422, 0.10435387, 0.16631088, 0.29769647, 0.13994937, 0.118105546, 0.08313061, 0.03509904, 0.0, 0.0, 0.0, 0.0, 0.0, 0.0 ],
  "lightfield_0.6_0.0_0.0_y" : [ 0.0, 0.0, 0.0, 0.0, 0.0, 0.0, 0.0, 0.03157517, 0.32638142, 0.62064946, 0.021393972, 0.0, 0.0, 0.0, 0.0, 0.0, 0.0, 0.0, 0.0, 0.0 ],
  "lightfield_0.6_0.0_0.0_x" : [ 0.053507354, 0.088715464, 0.10468245, 0.088513635, 0.07149264, 0.06205149, 0.07050592, 0.09008342, 0.09918819, 0.03444564, 0.025542699, 0.025923932, 0.024914782, 0.023748655, 0.022604952, 0.021461248, 0.020227844, 0.019667204, 0.031350914, 0.021371547 ],
  "lightfield_0.0_0.4_0.0_x" : [ 0.0, 0.0, 0.0, 0.0, 0.0, 0.0, 0.0, 0.032752313, 0.3218823, 0.21798456, 0.26631263, 0.04751499, 0.0447454, 0.0688078, 0.0, 0.0, 0.0, 0.0, 0.0, 0.0 ],
  "lightfield_0.0_0.4_0.0_y" : [ 0.0, 0.0, 0.0, 0.0, 0.0, 0.0, 0.05617949, 0.10521903, 0.16691229, 0.29466918, 0.14013112, 0.11820307, 0.08346885, 0.035216995, 0.0, 0.0, 0.0, 0.0, 0.0, 0.0 ],
  "lightfield_0.0_0.2_0.0_y" : [ 0.0, 0.0, 0.0, 0.0, 0.0, 0.0, 0.035019502, 0.09207724, 0.17624608, 0.34867555, 0.15115695, 0.10787012, 0.065205425, 0.023749132, 0.0, 0.0, 0.0, 0.0, 0.0, 0.0 ],
  "lightfield_0.0_0.2_0.0_x" : [ 0.0, 0.0, 0.042449333, 0.11224905, 0.14613195, 0.10852815, 0.08038812, 0.0958101, 0.14133427, 0.07317365, 0.022636453, 0.022217702, 0.021763058, 0.021284487, 0.020805916, 0.020327343, 0.025005383, 0.0417554, 0.0041396474, 0.0 ],
  "a3" : [ 0.34847185, 0.11485369, 0.074842215, 0.050728716, 0.036872126, 0.036151886, 0.029077793, 0.0, 0.0, 0.0, 0.0, 0.0, 0.0, 0.04120372, 0.05738755, 0.050681926, 0.046352647, 0.041185103, 0.03373278, 0.038457997 ],
  "lightfield_0.4_0.0_0.0_y" : [ 0.0, 0.0, 0.0, 0.0, 0.0, 0.0, 0.0, 0.0, 0.25314403, 0.6368476, 0.11000833, 0.0, 0.0, 0.0, 0.0, 0.0, 0.0, 0.0, 0.0, 0.0 ],
  "lightfield_0.4_0.0_0.0_x" : [ 0.052714605, 0.08770431, 0.10428991, 0.087967224, 0.0708777, 0.061850928, 0.07022041, 0.09026773, 0.100389995, 0.035493623, 0.026203934, 0.025196092, 0.02469217, 0.02410061, 0.022260198, 0.021756276, 0.020814162, 0.020726524, 0.031286974, 0.021186626 ],
  "lightfield_0.2_0.0_0.0_x" : [ 0.04062009, 0.082708925, 0.11623771, 0.10019621, 0.07807319, 0.0654167, 0.0769372, 0.10371892, 0.09346063, 0.02771116, 0.021813216, 0.021021469, 0.020688705, 0.020092025, 0.019437974, 0.019151108, 0.018359361, 0.01868065, 0.035353247, 0.020321518 ],
  "lightfield_0.2_0.0_0.0_y" : [ 0.0, 0.0, 0.0, 0.0, 0.0, 0.0, 0.010338616, 0.08864129, 0.20580845, 0.39835224, 0.1667489, 0.09449334, 0.0352385, 3.7866182E-4, 0.0, 0.0, 0.0, 0.0, 0.0, 0.0 ]
}