{
  "eccentricity_minmax" : 0.024687877,
  "compactness" : 1012.066,
  "eccentricity" : 12.583122,
  "compactness_standardized" : -0.058355693,
  "convexity_minmax" : 0.013149913,
  "diameter_standardized" : -0.16280447,
  "surface_area_minmax" : 0.040796783,
  "convexity" : 0.02617974,
  "diameter_minmax" : 0.08197215,
  "rectangularity _standardized" : -0.39783192,
  "convexity_standardized" : -1.1030861,
  "diameter" : 1.0434816,
  "surface_area" : 0.8485473,
  "rectangularity " : 3.8755772E-4,
  "compactness_minmax" : 2.5698333E-4,
  "surface_area_standardized" : -0.4552427,
  "rectangularity _minmax" : 6.983519E-4,
  "eccentricity_standardized" : 0.1589871,
  "lightfield_0.0_0.0_0.6_y" : [ 0.04388866, 0.074274525, 0.08842402, 0.09476262, 0.09510662, 0.08942847, 0.07584771, 0.04857152, 0.010943498, 0.00997115, 0.00999867, 0.010012429, 0.009861073, 0.010017016, 0.009957391, 0.043718956, 0.073797524, 0.083044, 0.073724136, 0.044650022 ],
  "lightfield_0.0_0.0_0.6_x" : [ 0.0, 0.0, 0.0, 0.0036279578, 0.029486904, 0.04295759, 0.04874122, 0.05552931, 0.1205757, 0.14974613, 0.14625119, 0.10002339, 0.09188227, 0.08621789, 0.07368744, 0.048626557, 0.002646437, 0.0, 0.0, 0.0 ],
  "lightfield_0.0_0.0_0.8_y" : [ 0.0, 0.027357278, 0.060978014, 0.07575315, 0.08349571, 0.08620934, 0.084659256, 0.07862456, 0.0772638, 0.058611467, 0.017824039, 0.042345405, 0.059175495, 0.055460017, 0.052616216, 0.051034573, 0.045670405, 0.033431415, 0.009489851, 0.0 ],
  "lightfield_0.0_0.0_0.8_x" : [ 0.028508997, 0.050087955, 0.06124228, 0.063711375, 0.05933721, 0.052324343, 0.018608944, 0.010846672, 0.010819062, 0.010933445, 0.010878226, 0.038002793, 0.064129464, 0.077169135, 0.08529428, 0.08824852, 0.086126514, 0.07947258, 0.0662278, 0.0380304 ],
  "lightfield_0.0_0.0_0.2_y" : [ 0.0, 0.023162477, 0.06016653, 0.07590104, 0.08413171, 0.08723868, 0.08583295, 0.08033386, 0.08015415, 0.05885665, 0.017383838, 0.042954415, 0.059763182, 0.05497494, 0.053385515, 0.05144466, 0.04556219, 0.03194425, 0.0068089697, 0.0 ],
  "lightfield_0.0_0.0_0.2_x" : [ 0.03896088, 0.06664803, 0.07978675, 0.086220324, 0.08818913, 0.08513009, 0.07693137, 0.063009925, 0.037004054, 0.011014157, 0.010958248, 0.010966235, 0.010998183, 0.02077834, 0.053872727, 0.059367824, 0.0632695, 0.060494, 0.049140394, 0.02725984 ],
  "lightfield_0.0_0.0_0.4_y" : [ 0.043559857, 0.07391465, 0.088417895, 0.09478585, 0.09521858, 0.08956577, 0.07587787, 0.04916711, 0.010932098, 0.009929989, 0.009920879, 0.009943654, 0.009934544, 0.009970984, 0.009870773, 0.041191235, 0.07320406, 0.08381275, 0.074934974, 0.045846485 ],
  "lightfield_0.0_0.0_0.4_x" : [ 0.0, 0.0, 0.0, 0.009018981, 0.05445096, 0.076164834, 0.086887404, 0.091542654, 0.10221056, 0.14500973, 0.14786118, 0.11456839, 0.05168605, 0.048205998, 0.041951925, 0.027972506, 0.002468832, 0.0, 0.0, 0.0 ],
  "lightfield_0.0_0.0_0.0_y" : [ 0.0, 0.0, 0.0, 0.0, 0.0, 0.0025098382, 0.071426205, 0.11410766, 0.1338454, 0.18975323, 0.17122304, 0.13304983, 0.112994805, 0.06883586, 0.0022541187, 0.0, 0.0, 0.0, 0.0, 0.0 ],
  "lightfield_0.0_0.0_0.0_x" : [ 0.045390185, 0.076228045, 0.09101715, 0.09724439, 0.09692237, 0.09028787, 0.0743575, 0.039371308, 0.009707864, 0.009707864, 0.009707864, 0.009598947, 0.009556327, 0.009693658, 0.009546855, 0.014429201, 0.068812184, 0.08781119, 0.090718806, 0.05989042 ],
  "d1" : [ 0.008801, 0.0125314, 0.0267156, 0.0396381, 0.0315943, 0.0353953, 0.0399816, 0.0513558, 0.0483321, 0.0471408, 0.0586305, 0.0699347, 0.1040791, 0.0780851, 0.089363, 0.0903634, 0.070576, 0.0450415, 0.0330282, 0.0194125 ],
  "d2" : [ 0.015163063, 0.051241297, 0.08394284, 0.101369, 0.09995535, 0.08844563, 0.059368525, 0.031510632, 0.020793451, 0.025445268, 0.03438624, 0.04407884, 0.05346369, 0.06371169, 0.07369694, 0.07025934, 0.047625665, 0.023915099, 0.00962069, 0.0020067524 ],
  "d3" : [ 9.982517E-4, 0.009960884, 0.02808457, 0.04951091, 0.06637685, 0.075768426, 0.07940242, 0.08116337, 0.082658984, 0.08396041, 0.084999815, 0.08435242, 0.07740541, 0.06757664, 0.05460078, 0.039119676, 0.022200007, 0.009380608, 0.0023331782, 1.464022E-4 ],
  "d4" : [ 3.2538526E-6, 2.1353408E-5, 1.3239113E-4, 5.472573E-4, 0.0019350254, 0.0056324187, 0.014200423, 0.034753483, 0.08420381, 0.25736856, 0.41891888, 0.10916421, 0.044011712, 0.018210186, 0.0072997133, 0.0026134537, 7.509282E-4, 1.9055374E-4, 3.7826037E-5, 4.57573E-6 ],
  "lightfield_0.0_0.8_0.0_y" : [ 0.0, 0.0, 0.0, 0.0, 0.0, 0.0068012336, 0.080599695, 0.12025143, 0.14013197, 0.17646508, 0.15771288, 0.13682115, 0.113821104, 0.065880604, 0.0015148558, 0.0, 0.0, 0.0, 0.0, 0.0 ],
  "lightfield_0.0_0.8_0.0_x" : [ 0.037480965, 0.06318666, 0.07423574, 0.07748019, 0.07480577, 0.06455706, 0.044422753, 0.010537618, 0.008042791, 0.008198962, 0.008124781, 0.008487877, 0.039991412, 0.064475074, 0.07632452, 0.08131418, 0.08118533, 0.07600047, 0.06369422, 0.037453637 ],
  "lightfield_0.8_0.0_0.0_x" : [ 0.04547578, 0.08008334, 0.09508084, 0.09251951, 0.09086028, 0.083579, 0.06994539, 0.04412262, 0.01075009, 0.010825265, 0.010943398, 0.011034682, 0.0112441005, 0.011152816, 0.011195773, 0.01816561, 0.06818951, 0.09306184, 0.08753645, 0.05423372 ],
  "lightfield_0.8_0.0_0.0_y" : [ 0.0, 0.0, 0.0, 0.0, 0.0, 0.0, 0.058905337, 0.119351774, 0.14366566, 0.15311629, 0.15930752, 0.18703116, 0.14793992, 0.030682325, 0.0, 0.0, 0.0, 0.0, 0.0, 0.0 ],
  "lightfield_0.0_0.6_0.0_x" : [ 0.021041, 0.037527803, 0.04647681, 0.052112695, 0.056160077, 0.058035124, 0.058799826, 0.058144365, 0.05637677, 0.052261338, 0.046534117, 0.039777145, 0.047203906, 0.055382837, 0.05941768, 0.06195535, 0.061187062, 0.056810163, 0.047408067, 0.027387865 ],
  "lightfield_0.0_0.6_0.0_y" : [ 0.0, 8.22012E-4, 0.0328572, 0.06185327, 0.07718138, 0.083662555, 0.08682345, 0.08872357, 0.089341424, 0.08903877, 0.087817386, 0.08496452, 0.081201896, 0.07085063, 0.051430374, 0.013431569, 0.0, 0.0, 0.0, 0.0 ],
  "lightfield_0.6_0.0_0.0_y" : [ 0.0, 0.0, 0.0, 0.0, 0.0, 0.0, 0.024558341, 0.11251411, 0.15263079, 0.16464734, 0.17190838, 0.14277197, 0.17745176, 0.053517308, 0.0, 0.0, 0.0, 0.0, 0.0, 0.0 ],
  "lightfield_0.6_0.0_0.0_x" : [ 0.039293345, 0.0932933, 0.122159995, 0.10477042, 0.091937624, 0.075939216, 0.060707364, 0.03487142, 0.013691629, 0.013911661, 0.014089106, 0.014309137, 0.014692417, 0.014976329, 0.015160872, 0.019951876, 0.07176571, 0.07890609, 0.070956565, 0.034615904 ],
  "lightfield_0.0_0.4_0.0_x" : [ 0.006620681, 0.017623577, 0.021181095, 0.024854118, 0.03031052, 0.03891787, 0.05001548, 0.06389904, 0.074414514, 0.07423201, 0.035503574, 0.054028083, 0.06376506, 0.070249446, 0.07410265, 0.075068265, 0.07290141, 0.0662969, 0.05458943, 0.03142629 ],
  "lightfield_0.0_0.4_0.0_y" : [ 0.0, 4.2505417E-4, 0.02341263, 0.049680516, 0.06489699, 0.07772716, 0.092860475, 0.109580815, 0.11361652, 0.11096224, 0.09893367, 0.08274465, 0.0709286, 0.05757636, 0.039195076, 0.0074592386, 0.0, 0.0, 0.0, 0.0 ],
  "lightfield_0.0_0.2_0.0_y" : [ 0.0, 0.0, 0.0, 0.0, 0.03573353, 0.07584451, 0.09244294, 0.10871361, 0.1726694, 0.17841172, 0.110271536, 0.09473269, 0.08028483, 0.04903651, 0.001858736, 0.0, 0.0, 0.0, 0.0, 0.0 ],
  "lightfield_0.0_0.2_0.0_x" : [ 0.019458363, 0.030049566, 0.04661656, 0.08249825, 0.102850065, 0.11127274, 0.11090458, 0.09601225, 0.052358888, 0.011120988, 0.010999766, 0.0111524165, 0.011067112, 0.010999766, 0.010914463, 0.011071602, 0.011165885, 0.06892589, 0.10289047, 0.087670386 ],
  "a3" : [ 0.15266007, 0.17069069, 0.099180296, 0.09042263, 0.09349355, 0.08742848, 0.052803703, 0.0, 0.0, 0.0, 0.0, 0.0, 0.0, 0.0025154012, 0.013026778, 0.02426302, 0.036294263, 0.04742687, 0.05920143, 0.07059283 ],
  "lightfield_0.4_0.0_0.0_y" : [ 0.0, 0.0, 0.0, 0.0, 0.0, 0.0, 0.02881335, 0.117152646, 0.15374947, 0.16281752, 0.16948907, 0.14316201, 0.17533185, 0.049484096, 0.0, 0.0, 0.0, 0.0, 0.0, 0.0 ],