{
  "eccentricity_minmax" : 0.013671743,
  "compactness" : 7.5625625,
  "eccentricity" : 7.414869,
  "compactness_standardized" : -0.06506114,
  "convexity_minmax" : 0.081140794,
  "diameter_standardized" : -0.43160778,
  "surface_area_minmax" : 0.031179512,
  "convexity" : 0.15623884,
  "diameter_minmax" : 0.038627256,
  "rectangularity _standardized" : -0.29935032,
  "convexity_standardized" : -0.63745826,
  "diameter" : 1.0204896,
  "surface_area" : 0.6522462,
  "rectangularity " : 0.0051234835,
  "compactness_minmax" : 1.8047634E-6,
  "surface_area_standardized" : -0.5753614,
  "rectangularity _minmax" : 0.009232796,
  "eccentricity_standardized" : -0.07464853,
  "lightfield_0.0_0.0_0.6_y" : [ 0.051582832, 0.055065583, 0.077131666, 0.0919117, 0.097525686, 0.10761007, 0.1279088, 0.100583926, 0.03798971, 0.0061251363, 0.00625509, 0.0064370246, 0.0068702027, 0.007493979, 0.0083516715, 0.012501516, 0.026215931, 0.08434841, 0.06251624, 0.025574828 ],
  "lightfield_0.0_0.0_0.6_x" : [ 0.0, 0.02468248, 0.032583646, 0.020246739, 0.023547554, 0.0356852, 0.04086601, 0.04685253, 0.054147247, 0.037201323, 0.018028866, 0.019051166, 0.1614021, 0.16731933, 0.13684958, 0.103278294, 0.054199226, 0.021927468, 0.0021312356, 0.0 ],
  "lightfield_0.0_0.0_0.8_y" : [ 0.042725746, 0.02174841, 0.01646793, 0.021300912, 0.038388457, 0.056068074, 0.074326, 0.08234654, 0.087757826, 0.09740313, 0.11506899, 0.09382315, 0.045892656, 0.014058326, 0.03418886, 0.049314294, 0.03824388, 0.03510451, 0.02629912, 0.009473192 ],
  "lightfield_0.0_0.0_0.8_x" : [ 0.014368133, 0.05946906, 0.07170297, 0.06977529, 0.03513893, 0.014533362, 0.013762289, 0.005879437, 0.005562746, 0.005321786, 0.0051909783, 0.0053837467, 0.008371658, 0.025204472, 0.0497136, 0.08569245, 0.12202241, 0.1415058, 0.16342632, 0.09797455 ],
  "lightfield_0.0_0.0_0.2_y" : [ 0.0, 0.010319601, 0.060536813, 0.13112676, 0.16673665, 0.15416418, 0.10997077, 0.03460054, 0.008284749, 0.005830009, 0.005886533, 0.012871239, 0.012596696, 0.039614994, 0.060512587, 0.0496439, 0.04897369, 0.044790942, 0.04353935, 0.0 ],
  "lightfield_0.0_0.0_0.2_x" : [ 0.04594564, 0.033550814, 0.045606498, 0.06465496, 0.082726374, 0.087143295, 0.092416145, 0.102808416, 0.121073626, 0.092416145, 0.005838084, 0.0059834304, 0.006379096, 0.0071704267, 0.00766299, 0.03716025, 0.061433118, 0.053721678, 0.03225077, 0.014058235 ],
  "lightfield_0.0_0.0_0.4_y" : [ 0.059546404, 0.11030479, 0.15276958, 0.14237867, 0.10611015, 0.07194692, 0.043557312, 0.020303354, 0.0061643724, 0.0059889313, 0.0060846265, 0.006068677, 0.0063158902, 0.0070814528, 0.0076157516, 0.018844001, 0.034912836, 0.073358424, 0.08539211, 0.035255745 ],
  "lightfield_0.0_0.0_0.4_x" : [ 0.0, 9.250546E-4, 0.045503117, 0.022400675, 0.01704174, 0.01498429, 0.013580759, 0.019808928, 0.050255984, 0.077943824, 0.095416196, 0.12506579, 0.15898977, 0.13839933, 0.105958626, 0.06455446, 0.034713473, 0.014457966, 0.0, 0.0 ],
  "lightfield_0.0_0.0_0.0_y" : [ 0.0, 8.41333E-6, 0.011820729, 0.035453774, 0.0647574, 0.110769905, 0.16230156, 0.18065102, 0.15104452, 0.08524386, 0.037346773, 0.028832482, 0.015480528, 0.013890408, 0.015076688, 0.017516553, 0.022859018, 0.046710808, 2.3557324E-4, 0.0 ],
  "lightfield_0.0_0.0_0.0_x" : [ 0.035302334, 0.079001166, 0.090569496, 0.11027352, 0.13368781, 0.12331418, 0.08480637, 0.050463155, 0.020200405, 0.0058977446, 0.005981878, 0.006318411, 0.006722251, 0.006949411, 0.007462624, 0.008926543, 0.017348286, 0.057017136, 0.045499288, 0.104257986 ],
  "d1" : [ 0.0131015, 0.0213522, 0.0206086, 0.0183437, 0.0224901, 0.0427331, 0.0778326, 0.1056493, 0.1509211, 0.1968695, 0.0171909, 0.0068514, 0.0063932, 0.0071536, 0.0459503, 0.0656987, 0.0736585, 0.0520876, 0.0321573, 0.0229568 ],
  "d2" : [ 0.086142026, 0.09635122, 0.08678854, 0.045521595, 0.043522242, 0.06456454, 0.061305165, 0.057693332, 0.020168442, 0.01469448, 0.022121485, 0.027917001, 0.031862896, 0.032721344, 0.043924112, 0.0683377, 0.088087566, 0.073367886, 0.030345028, 0.0045634015 ],
  "d3" : [ 0.03268331, 0.077520825, 0.097779565, 0.106491655, 0.09423693, 0.07682101, 0.07172158, 0.0770149, 0.06855758, 0.06553446, 0.055738088, 0.04536315, 0.041016363, 0.031782962, 0.020474676, 0.015814759, 0.012445898, 0.006999635, 0.0018778724, 1.2476889E-4 ],
  "d4" : [ 3.0504867E-7, 1.931975E-6, 1.159185E-5, 5.663737E-5, 2.3285382E-4, 8.3003746E-4, 0.003033099, 0.010554379, 0.03281195, 0.15629342, 0.70779234, 0.063099116, 0.017743766, 0.005441967, 0.0015277854, 4.147645E-4, 1.194774E-4, 2.948804E-5, 4.677413E-6, 4.0673157E-7 ],
  "lightfield_0.0_0.8_0.0_y" : [ 2.9192677E-5, 0.028818037, 0.048489034, 0.06227771, 0.079807915, 0.12283305, 0.14965625, 0.13168816, 0.11349139, 0.078061216, 0.052921455, 0.04366738, 0.015189922, 0.008242066, 0.008796726, 0.009618987, 0.010840214, 0.014134121, 0.021437155, 0.0 ],
  "lightfield_0.0_0.8_0.0_x" : [ 0.05204081, 0.083471596, 0.08885278, 0.077156246, 0.051223416, 0.008363701, 0.0057314956, 0.0048800423, 0.004330247, 0.0040723784, 0.007366285, 0.04241696, 0.05998122, 0.07276274, 0.08543723, 0.09683211, 0.09536761, 0.06794109, 0.05972335, 0.032048695 ],
  "lightfield_0.8_0.0_0.0_x" : [ 0.02847594, 0.06579317, 0.07910068, 0.0932437, 0.11065284, 0.12569214, 0.11017432, 0.08739509, 0.052067906, 0.0053169266, 0.005385287, 0.0054764347, 0.0055371993, 0.00603851, 0.0063955034, 0.0072462116, 0.014279746, 0.044540655, 0.04286962, 0.104318105 ],
  "lightfield_0.8_0.0_0.0_y" : [ 0.0, 0.0, 0.0, 0.042831644, 0.022627322, 0.016429303, 0.013558163, 0.022201966, 0.033678934, 0.05831909, 0.159523, 0.18318333, 0.1683263, 0.12540352, 0.07882724, 0.05174889, 0.02334131, 0.0, 0.0, 0.0 ],
  "lightfield_0.0_0.6_0.0_x" : [ 0.0, 0.0, 0.0040104953, 0.040834766, 0.059142645, 0.06803941, 0.071406975, 0.08722654, 0.10276808, 0.09901128, 0.083646975, 0.07884064, 0.08869311, 0.102378845, 0.08062694, 0.0333733, 0.0, 0.0, 0.0, 0.0 ],
  "lightfield_0.0_0.6_0.0_y" : [ 0.034832925, 0.058881998, 0.06924534, 0.072744966, 0.078044794, 0.09558811, 0.104710765, 0.10825557, 0.10188188, 0.08262872, 0.06502285, 0.053220734, 0.026189856, 0.006352847, 0.006373699, 0.0064119273, 0.0063007176, 0.006547464, 0.0072181965, 0.009546647 ],
  "lightfield_0.6_0.0_0.0_y" : [ 0.0, 0.0, 0.0, 0.0, 0.0, 3.031635E-4, 0.06705219, 0.10080187, 0.18696094, 0.21545073, 0.17810856, 0.13640085, 0.07618499, 0.03845629, 2.8042626E-4, 0.0, 0.0, 0.0, 0.0, 0.0 ],
  "lightfield_0.6_0.0_0.0_x" : [ 0.019978475, 0.052742872, 0.074176535, 0.08117961, 0.090289675, 0.11325431, 0.13034515, 0.12682088, 0.080527805, 0.0053053615, 0.005328099, 0.0053811525, 0.0054796804, 0.005600946, 0.005585788, 0.0056691575, 0.011626321, 0.024738142, 0.044140607, 0.11182944 ],
  "lightfield_0.0_0.4_0.0_x" : [ 0.0, 0.0, 0.003830512, 0.055375576, 0.09561333, 0.0941291, 0.08585978, 0.07425006, 0.09258577, 0.1007369, 0.10384789, 0.075623065, 0.07062463, 0.06567486, 0.05422851, 0.027620008, 0.0, 0.0, 0.0, 0.0 ],
  "lightfield_0.0_0.4_0.0_y" : [ 0.03484306, 0.058855016, 0.06930029, 0.072738014, 0.078153566, 0.095637664, 0.104675174, 0.10834926, 0.10183531, 0.082651466, 0.06488929, 0.05319267, 0.0263339, 0.0063505857, 0.0063471096, 0.0063019223, 0.006211547, 0.006520908, 0.0072056726, 0.009607564 ],
  "lightfield_0.0_0.2_0.0_y" : [ 3.4069726E-5, 0.0285845, 0.048520155, 0.062221054, 0.07980103, 0.12271429, 0.14960016, 0.13166003, 0.11367607, 0.07822896, 0.05296869, 0.043531377, 0.014903071, 0.008342216, 0.008848394, 0.009500586, 0.010800103, 0.0143238865, 0.021741353, 0.0 ],
  "lightfield_0.0_0.2_0.0_x" : [ 0.032069348, 0.059076905, 0.067935035, 0.09533196, 0.09694784, 0.08560262, 0.07288488, 0.060099, 0.042689368, 0.007475871, 0.0040250947, 0.0043414566, 0.004794097, 0.0057918536, 0.008264342, 0.051732447, 0.07707545, 0.08870296, 0.08337835, 0.051781118 ],