{
  "eccentricity_minmax" : 0.01726002,
  "compactness" : 7.647155,
  "eccentricity" : 9.09832,
  "compactness_standardized" : -0.06506057,
  "convexity_minmax" : 0.2820585,
  "diameter_standardized" : -0.5839972,
  "surface_area_minmax" : 0.06480402,
  "convexity" : 0.5405724,
  "diameter_minmax" : 0.014054263,
  "rectangularity _standardized" : -0.21958433,
  "convexity_standardized" : 0.73850363,
  "diameter" : 1.007455,
  "surface_area" : 1.3385663,
  "rectangularity " : 0.008959386,
  "compactness_minmax" : 1.8262529E-6,
  "surface_area_standardized" : -0.15539494,
  "rectangularity _minmax" : 0.01614534,
  "eccentricity_standardized" : 0.0014534255,
  "lightfield_0.0_0.0_0.6_y" : [ 0.041880697, 0.053325545, 0.05746942, 0.06167989, 0.06790327, 0.06792446, 0.06533945, 0.059884917, 0.052550647, 0.04402982, 0.03976184, 0.037452288, 0.037313048, 0.039008133, 0.04198664, 0.046632987, 0.051518463, 0.054182168, 0.050247148, 0.029909162 ],
  "lightfield_0.0_0.0_0.6_x" : [ 0.0, 0.0, 0.0, 0.0040500415, 0.029721491, 0.056267727, 0.096450314, 0.13487121, 0.14496605, 0.14689724, 0.11480263, 0.07574001, 0.06612646, 0.06203707, 0.050180558, 0.017889196, 0.0, 0.0, 0.0, 0.0 ],
  "lightfield_0.0_0.0_0.8_y" : [ 0.0, 0.0066921073, 0.034514982, 0.050925847, 0.06501861, 0.07370803, 0.07701642, 0.080015175, 0.08880781, 0.093965665, 0.09046758, 0.062240224, 0.060095068, 0.056543984, 0.051043008, 0.045115236, 0.036729876, 0.025038915, 0.0020614704, 0.0 ],
  "lightfield_0.0_0.0_0.8_x" : [ 0.018313332, 0.03435598, 0.044426218, 0.052342936, 0.058047544, 0.06281208, 0.060351707, 0.050638527, 0.049313493, 0.048649583, 0.05012804, 0.05527753, 0.0609933, 0.06379679, 0.0651525, 0.063088246, 0.05698194, 0.05293153, 0.038880613, 0.013518113 ],
  "lightfield_0.0_0.0_0.2_y" : [ 0.0, 0.01859928, 0.04587892, 0.051684987, 0.05513675, 0.062416546, 0.06571937, 0.06807106, 0.06922862, 0.07118052, 0.07772346, 0.09230918, 0.083019994, 0.07086958, 0.059163373, 0.047483295, 0.0358999, 0.022618061, 0.0029971022, 0.0 ],
  "lightfield_0.0_0.0_0.2_x" : [ 0.024684938, 0.049631175, 0.05724021, 0.057673965, 0.059424672, 0.066349104, 0.07118052, 0.070681445, 0.06500863, 0.057036396, 0.04583711, 0.04090117, 0.040503994, 0.043062113, 0.0460357, 0.04922355, 0.049124256, 0.045615006, 0.03916353, 0.02162251 ],
  "lightfield_0.0_0.0_0.4_y" : [ 0.016816055, 0.03654518, 0.05963554, 0.0668556, 0.0696764, 0.06829566, 0.06394253, 0.05713109, 0.050794173, 0.047169313, 0.043959666, 0.040693995, 0.042058263, 0.044826336, 0.05048112, 0.056702696, 0.057809927, 0.053654518, 0.045785278, 0.027166678 ],
  "lightfield_0.0_0.0_0.4_x" : [ 0.0, 0.0, 0.0, 3.2294207E-4, 0.031358335, 0.056046925, 0.079565674, 0.10064918, 0.12356818, 0.14903776, 0.14909708, 0.13797535, 0.07360443, 0.04737033, 0.034808543, 0.016595269, 0.0, 0.0, 0.0, 0.0 ],
  "lightfield_0.0_0.0_0.0_y" : [ 0.0, 0.0, 0.0, 0.0, 0.0, 0.003877302, 0.040057585, 0.091160424, 0.1455674, 0.16436726, 0.16478533, 0.16121148, 0.15369962, 0.07046575, 0.0048078545, 0.0, 0.0, 0.0, 0.0, 0.0 ],
  "lightfield_0.0_0.0_0.0_x" : [ 0.023162665, 0.046645626, 0.05839891, 0.06851361, 0.07212119, 0.068004504, 0.062104262, 0.057083998, 0.051554628, 0.04505762, 0.03987215, 0.038247056, 0.03864827, 0.03992947, 0.04327069, 0.048702285, 0.054427203, 0.057589736, 0.0532539, 0.03341223 ],
  "d1" : [ 0.002791, 0.0055576, 0.0087437, 0.01604, 0.0295636, 0.0646169, 0.0648493, 0.0700027, 0.075441, 0.0862071, 0.0968449, 0.1138862, 0.0926261, 0.0617863, 0.0417948, 0.0328303, 0.0295743, 0.0269312, 0.0366488, 0.0432642 ],
  "d2" : [ 0.0083160605, 0.03467349, 0.063820705, 0.091315135, 0.10529679, 0.10480671, 0.086347066, 0.05860899, 0.04653827, 0.04208219, 0.04292644, 0.046712805, 0.050468862, 0.052528523, 0.05215396, 0.046325635, 0.035037052, 0.021827333, 0.008742135, 0.0014718585 ],
  "d3" : [ 5.281548E-4, 0.005807891, 0.0191806, 0.037780624, 0.05815498, 0.07517356, 0.08682094, 0.09298814, 0.09464666, 0.092856325, 0.09021435, 0.08577861, 0.07921033, 0.06922832, 0.054171935, 0.03511198, 0.016341805, 0.004968418, 9.564944E-4, 7.9892336E-5 ],
  "d4" : [ 4.067316E-6, 2.7352698E-5, 1.5303276E-4, 6.2026567E-4, 0.0021565924, 0.006760692, 0.018111248, 0.042516567, 0.09339584, 0.22322628, 0.36944658, 0.13742615, 0.062041715, 0.027611176, 0.011160105, 0.0038386309, 0.0011337643, 2.9915106E-4, 6.2026564E-5, 8.744729E-6 ],
  "lightfield_0.0_0.8_0.0_y" : [ 0.0, 0.0, 0.0, 0.0, 0.001136683, 0.025392033, 0.07022379, 0.11379359, 0.14912854, 0.15119107, 0.15138052, 0.14398597, 0.13275969, 0.056418594, 0.0045895106, 0.0, 0.0, 0.0, 0.0, 0.0 ],
  "lightfield_0.0_0.8_0.0_x" : [ 0.030140435, 0.0514013, 0.05753694, 0.057310827, 0.05290771, 0.04785986, 0.043505628, 0.04044086, 0.03888862, 0.03995808, 0.04388147, 0.048529033, 0.056333035, 0.064124815, 0.069750175, 0.071097694, 0.062352568, 0.053958833, 0.04662234, 0.023399783 ],
  "lightfield_0.8_0.0_0.0_x" : [ 0.02510812, 0.05414653, 0.07081891, 0.074351005, 0.06852563, 0.06133239, 0.05478068, 0.048804138, 0.04245521, 0.037053835, 0.03489697, 0.03449509, 0.035689663, 0.039133273, 0.04474481, 0.052266184, 0.060307417, 0.064241394, 0.059787557, 0.037061207 ],
  "lightfield_0.8_0.0_0.0_y" : [ 0.0, 0.0, 0.0, 0.0, 0.0, 0.0023117168, 0.043952115, 0.14184059, 0.17493834, 0.1786769, 0.18041345, 0.14083406, 0.09350839, 0.041706763, 0.0018176656, 0.0, 0.0, 0.0, 0.0, 0.0 ],
  "lightfield_0.0_0.6_0.0_x" : [ 0.020658677, 0.036975645, 0.04675375, 0.051572677, 0.0554099, 0.05582479, 0.055226807, 0.05201094, 0.052712157, 0.057992723, 0.063471965, 0.06515489, 0.06624763, 0.0683357, 0.066346966, 0.05640719, 0.047470547, 0.040446676, 0.027885124, 0.013095257 ],
  "lightfield_0.0_0.6_0.0_y" : [ 0.0, 0.0011998629, 0.017844064, 0.049959876, 0.06775329, 0.07717495, 0.083723545, 0.08806526, 0.09132398, 0.09382889, 0.09498979, 0.0932348, 0.08723938, 0.07797161, 0.051276606, 0.024355657, 5.843488E-5, 0.0, 0.0, 0.0 ],
  "lightfield_0.6_0.0_0.0_y" : [ 0.0, 0.0, 0.0, 0.0, 0.0, 0.0013704585, 0.033259407, 0.12074403, 0.1763618, 0.18177733, 0.18211257, 0.17558078, 0.08948873, 0.038523883, 7.81014E-4, 0.0, 0.0, 0.0, 0.0, 0.0 ],
  "lightfield_0.6_0.0_0.0_x" : [ 0.03167159, 0.0586792, 0.0708807, 0.07197486, 0.06291952, 0.050817486, 0.049152303, 0.049270194, 0.048139196, 0.04354153, 0.040380634, 0.039433837, 0.03888492, 0.038671244, 0.041633204, 0.04929598, 0.05737137, 0.06223429, 0.05834027, 0.03670766 ],
  "lightfield_0.0_0.4_0.0_x" : [ 0.012511866, 0.040725034, 0.052325144, 0.059135985, 0.061942957, 0.063322544, 0.062854715, 0.064350404, 0.0642582, 0.060269702, 0.055524822, 0.05200586, 0.05143388, 0.05279468, 0.052519787, 0.050810676, 0.04777491, 0.04271416, 0.03404908, 0.0186756 ],
  "lightfield_0.0_0.4_0.0_y" : [ 0.0, 0.010396391, 0.035787217, 0.063112535, 0.071840785, 0.07471947, 0.078528695, 0.08033684, 0.081023216, 0.0827033, 0.084091425, 0.08293722, 0.07824185, 0.071808346, 0.05922989, 0.033471975, 0.011770853, 0.0, 0.0, 0.0 ],
  "lightfield_0.0_0.2_0.0_y" : [ 0.0, 0.0, 0.0, 0.0, 0.008161179, 0.050322484, 0.08951165, 0.12059133, 0.13873143, 0.13828345, 0.14087367, 0.13650016, 0.1227508, 0.04987164, 0.0044022123, 0.0, 0.0, 0.0, 0.0, 0.0 ],
  "lightfield_0.0_0.2_0.0_x" : [ 0.024288265, 0.047381934, 0.06099347, 0.06741731, 0.068807185, 0.061811887, 0.06412068, 0.059063733, 0.054230776, 0.04735896, 0.039996095, 0.037357066, 0.036989495, 0.041012652, 0.048194606, 0.054311182, 0.0560198, 0.05464142, 0.04681335, 0.029190142 ],
  "a3" : [ 0.11667079, 0.18160766, 0.12027822, 0.09965613, 0.09507812, 0.089856036, 0.054276478, 0.0, 0.0, 0.0, 0.0, 0.0, 0.0, 0.0024296727, 0.01282272, 0.02317582, 0.033135395, 0.04408759, 0.05672487, 0.07020051 ],
  "lightfield_0.4_0.0_0.0_y" : [ 0.0, 0.0, 0.0, 0.0, 0.0, 0.0, 0.02191558, 0.14565293, 0.17455366, 0.17578864, 0.17715569, 0.16780052, 0.11872604, 0.018406944, 0.0, 0.0, 0.0, 0.0, 0.0, 0.0 ],