{
  "eccentricity_minmax" : 0.008413401,
  "compactness" : 11.469483,
  "eccentricity" : 4.9479017,
  "compactness_standardized" : -0.06501881,
  "convexity_minmax" : 0.20590091,
  "diameter_standardized" : -0.5525955,
  "surface_area_minmax" : 0.044184323,
  "convexity" : 0.3948913,
  "diameter_minmax" : 0.019210812,
  "rectangularity _standardized" : -0.33737135,
  "convexity_standardized" : 0.21613386,
  "diameter" : 1.0101902,
  "surface_area" : 0.9176914,
  "rectangularity " : 0.00331863,
  "compactness_minmax" : 2.7972565E-6,
  "surface_area_standardized" : -0.41331822,
  "rectangularity _minmax" : 0.0059803333,
  "eccentricity_standardized" : -0.18606421,
  "lightfield_0.0_0.0_0.6_y" : [ 0.0, 0.01003594, 0.046093527, 0.062603615, 0.072095, 0.07810931, 0.0803803, 0.08080384, 0.081828415, 0.07913791, 0.060453635, 0.047594078, 0.044903573, 0.047170535, 0.046250843, 0.038776327, 0.036896605, 0.03492814, 0.03213679, 0.01980162 ],
  "lightfield_0.0_0.0_0.6_x" : [ 0.0, 0.0, 0.008539423, 0.024186295, 0.043846734, 0.06692778, 0.12093954, 0.16485888, 0.15863885, 0.13785703, 0.112262964, 0.08415185, 0.05493548, 0.02285516, 0.0, 0.0, 0.0, 0.0, 0.0, 0.0 ],
  "lightfield_0.0_0.0_0.8_y" : [ 0.0, 0.0, 0.0, 0.021875294, 0.048883792, 0.071265064, 0.100566775, 0.10964986, 0.103300676, 0.097302414, 0.086901344, 0.089243524, 0.097098395, 0.06309192, 0.03497354, 0.03209682, 0.02837137, 0.015073183, 3.0603376E-4, 0.0 ],
  "lightfield_0.0_0.0_0.8_x" : [ 0.031590845, 0.033647392, 0.035316296, 0.037483014, 0.042550933, 0.0647241, 0.08642802, 0.0839267, 0.08329015, 0.08424089, 0.08426537, 0.08426537, 0.08282906, 0.07491706, 0.060868073, 0.029656712, 0.0, 0.0, 0.0, 0.0 ],
  "lightfield_0.0_0.0_0.2_y" : [ 0.0, 0.0, 0.0, 0.026338622, 0.053303223, 0.07002238, 0.08591747, 0.10041005, 0.107026406, 0.10657475, 0.10598047, 0.10203839, 0.080485724, 0.05422238, 0.04120362, 0.030411443, 0.01812563, 0.015348349, 0.002591074, 0.0 ],
  "lightfield_0.0_0.0_0.2_x" : [ 0.010162239, 0.03845011, 0.056861, 0.07141301, 0.08291832, 0.09529922, 0.10096472, 0.08464967, 0.066476494, 0.054262, 0.055450566, 0.059753176, 0.0558626, 0.04773677, 0.04483667, 0.03032428, 0.019230997, 0.0180147, 0.0073334523, 0.0 ],
  "lightfield_0.0_0.0_0.4_y" : [ 0.0, 0.004359454, 0.05074903, 0.07227685, 0.07656793, 0.07483059, 0.072888136, 0.07227283, 0.07219642, 0.07339084, 0.07547405, 0.07671271, 0.04453158, 0.041048843, 0.038720313, 0.034328688, 0.0316543, 0.030435745, 0.030166294, 0.027395388 ],
  "lightfield_0.0_0.0_0.4_x" : [ 0.0, 0.0, 0.0, 0.02833645, 0.08633247, 0.100166894, 0.10179164, 0.104534395, 0.15551668, 0.17327623, 0.101296976, 0.075421765, 0.060521606, 0.01280489, 0.0, 0.0, 0.0, 0.0, 0.0, 0.0 ],
  "lightfield_0.0_0.0_0.0_y" : [ 0.0, 0.0, 0.0, 0.0, 0.0, 0.002963362, 0.06267828, 0.16018398, 0.18777336, 0.13488448, 0.15317175, 0.14949527, 0.107493185, 0.039724108, 0.0016322262, 0.0, 0.0, 0.0, 0.0, 0.0 ],
  "lightfield_0.0_0.0_0.0_x" : [ 0.042560693, 0.06534055, 0.07173079, 0.07365222, 0.07228939, 0.07015403, 0.06971032, 0.07219035, 0.07478528, 0.06425108, 0.042330913, 0.040663034, 0.041039396, 0.037743248, 0.033872657, 0.030976642, 0.0303705, 0.029530616, 0.025525324, 0.011282962 ],
  "d1" : [ 0.0141858, 0.0197873, 0.0498113, 0.0983457, 0.1450465, 0.1445731, 0.1090753, 0.0691083, 0.0617651, 0.0575486, 0.0487882, 0.0455942, 0.0388854, 0.0316975, 0.0136061, 0.0121624, 0.0126305, 0.0110928, 0.0108392, 0.0054567 ],
  "d2" : [ 0.011655947, 0.04225422, 0.07780426, 0.10920868, 0.13183846, 0.13847242, 0.12321934, 0.09539435, 0.07137013, 0.054426856, 0.040021326, 0.030847818, 0.0233419, 0.016675329, 0.012248751, 0.009069192, 0.006281003, 0.0038108693, 0.0016789949, 3.8016675E-4 ],
  "d3" : [ 6.7445636E-4, 0.0073063252, 0.022684896, 0.04626239, 0.07630865, 0.10459557, 0.12219422, 0.12747175, 0.122783154, 0.108267196, 0.08750817, 0.065825045, 0.045748524, 0.029256292, 0.01741351, 0.009256443, 0.0042751455, 0.0016846819, 4.3206257E-4, 5.1517476E-5 ],
  "d4" : [ 3.86395E-6, 2.0539945E-5, 6.9449416E-5, 1.9634966E-4, 6.491436E-4, 0.001969191, 0.006207639, 0.019986078, 0.06893846, 0.28728133, 0.467389, 0.1049401, 0.029349344, 0.00890854, 0.0027986183, 8.847428E-4, 2.8440706E-4, 8.765065E-5, 2.9589723E-5, 5.999291E-6 ],
  "lightfield_0.0_0.8_0.0_y" : [ 0.0, 0.0, 0.0, 0.0, 0.0, 0.00298339, 0.06962824, 0.16561845, 0.1697212, 0.12899248, 0.14625725, 0.1476517, 0.11737196, 0.04959826, 0.0021770683, 0.0, 0.0, 0.0, 0.0, 0.0 ],
  "lightfield_0.0_0.8_0.0_x" : [ 0.01757781, 0.032366697, 0.040045723, 0.042450458, 0.04444729, 0.06011839, 0.08059421, 0.08448353, 0.09065426, 0.08897521, 0.08510487, 0.083781555, 0.086755455, 0.085749924, 0.06747489, 0.009419733, 0.0, 0.0, 0.0, 0.0 ],
  "lightfield_0.8_0.0_0.0_x" : [ 0.034091603, 0.05226478, 0.055675246, 0.055622913, 0.054981813, 0.05532635, 0.07465961, 0.08178147, 0.08495643, 0.07879404, 0.059273247, 0.051959492, 0.04731044, 0.040943068, 0.037161898, 0.033703454, 0.032691654, 0.03127426, 0.02635481, 0.011173428 ],
  "lightfield_0.8_0.0_0.0_y" : [ 0.0, 0.0, 0.0, 0.0, 0.0, 0.015050546, 0.060167298, 0.10546286, 0.17003497, 0.15791516, 0.1364362, 0.16421276, 0.1719888, 0.01873141, 0.0, 0.0, 0.0, 0.0, 0.0, 0.0 ],
  "lightfield_0.0_0.6_0.0_x" : [ 0.0, 0.0, 0.004392, 0.027992, 0.032632, 0.106848, 0.13812, 0.144784, 0.152088, 0.15788, 0.149616, 0.085232, 4.16E-4, 0.0, 0.0, 0.0, 0.0, 0.0, 0.0, 0.0 ],
  "lightfield_0.0_0.6_0.0_y" : [ 0.0, 0.0, 0.0, 0.0, 0.0, 0.004072, 0.081416, 0.157976, 0.175184, 0.129216, 0.128864, 0.124448, 0.11184, 0.082624, 0.00436, 0.0, 0.0, 0.0, 0.0, 0.0 ],
  "lightfield_0.6_0.0_0.0_y" : [ 0.0, 0.0, 0.0, 0.0, 0.0, 0.0, 0.059843156, 0.1374129, 0.16121623, 0.18273386, 0.16968381, 0.18522434, 0.10388568, 0.0, 0.0, 0.0, 0.0, 0.0, 0.0, 0.0 ],
  "lightfield_0.6_0.0_0.0_x" : [ 0.019110184, 0.02846327, 0.03094267, 0.039266363, 0.046538528, 0.05320191, 0.06903021, 0.08060258, 0.08597092, 0.08786921, 0.063523516, 0.06626856, 0.06962239, 0.055814132, 0.04537631, 0.040257018, 0.03906159, 0.036609866, 0.030201064, 0.012269701 ],
  "lightfield_0.0_0.4_0.0_x" : [ 0.0, 0.0, 0.0, 0.0, 0.0, 0.07708156, 0.15435767, 0.17516448, 0.16503078, 0.14640811, 0.10084182, 0.07994659, 0.05974993, 0.031223472, 0.0101956, 0.0, 0.0, 0.0, 0.0, 0.0 ],
  "lightfield_0.0_0.4_0.0_y" : [ 0.0, 0.0, 0.0, 0.0, 0.0, 0.0049961093, 0.06525007, 0.107509196, 0.13790146, 0.13470925, 0.15029888, 0.18239778, 0.12469935, 0.087339066, 0.0048988396, 0.0, 0.0, 0.0, 0.0, 0.0 ],
  "lightfield_0.0_0.2_0.0_y" : [ 0.0, 0.0, 0.0, 0.0, 0.0, 0.0033559073, 0.055741478, 0.13790783, 0.1709656, 0.14577541, 0.15562962, 0.17089133, 0.10557879, 0.05198639, 0.0021676468, 0.0, 0.0, 0.0, 0.0, 0.0 ],
  "lightfield_0.0_0.2_0.0_x" : [ 0.0, 0.015865132, 0.066765375, 0.08049536, 0.08670587, 0.08736963, 0.08606533, 0.084793516, 0.081344776, 0.075087845, 0.058196906, 0.051564, 0.050835263, 0.0501483, 0.03758802, 0.03451061, 0.028132992, 0.016041515, 0.008489563, 0.0 ],
  "a3" : [ 0.09654697, 0.1725932, 0.15632012, 0.12276786, 0.09837242, 0.08075495, 0.04630556, 0.0, 0.0, 0.0, 0.0, 0.0, 0.0, 0.0027631277, 0.013999975, 0.024198925, 0.033330902, 0.041767795, 0.050346058, 0.05993213 ],
  "lightfield_0.4_0.0_0.0_y" : [ 0.0, 0.0, 0.0, 0.0, 0.0, 0.0, 0.06572074, 0.14345184, 0.15101515, 0.17263949, 0.21387064, 0.1736435, 0.0658344, 0.01382423, 0.0, 0.0, 0.0, 0.0, 0.0, 0.0 ],
  "lightfield_0.4_0.0_0.0_x" : [ 0.029107131, 0.04593395, 0.058039032, 0.065303974, 0.07001624, 0.07473325, 0.07899086, 0.079388686, 0.081794545, 0.080534786, 0.051948607, 0.040634427, 0.041747376, 0.035538547, 0.03272066, 0.033331595, 0.03247439, 0.030414253, 0.026346074, 0.011001606 ],
  "lightfield_0.2_0.0_0.0_x" : [ 0.040276125, 0.06229976, 0.07171563, 0.075950176, 0.07725649, 0.07825521, 0.079353794, 0.07980521, 0.07837506, 0.06941459, 0.04924857, 0.04290474, 0.040088367, 0.03304943, 0.027224934, 0.024096964, 0.022355206, 0.020537548, 0.017373623, 0.010418581 ],