{
  "eccentricity_minmax" : 0.0010914432,
  "compactness" : 2.436557,
  "eccentricity" : 1.5127825,
  "compactness_standardized" : -0.06507913,
  "convexity_minmax" : 0.4105109,
  "diameter_standardized" : -0.32906622,
  "surface_area_minmax" : 0.11238133,
  "convexity" : 0.7862877,
  "diameter_minmax" : 0.05526777,
  "rectangularity _standardized" : 2.300688,
  "convexity_standardized" : 1.6169437,
  "diameter" : 1.0293164,
  "surface_area" : 2.3096817,
  "rectangularity " : 0.13018002,
  "compactness_minmax" : 5.0258103E-7,
  "surface_area_standardized" : 0.4385756,
  "rectangularity _minmax" : 0.23459275,
  "eccentricity_standardized" : -0.34138718,
  "lightfield_0.0_0.0_0.6_y" : [ 0.0049539623, 0.026884228, 0.038067725, 0.04369408, 0.04660449, 0.058097817, 0.06417573, 0.06685377, 0.06875559, 0.07027837, 0.06957466, 0.06731192, 0.064098276, 0.06037539, 0.056029547, 0.05030431, 0.045768943, 0.043280426, 0.03797708, 0.016913678 ],
  "lightfield_0.0_0.0_0.6_x" : [ 0.0, 0.014229046, 0.03618403, 0.0518963, 0.060062263, 0.06567049, 0.06899785, 0.07150614, 0.07541526, 0.077949926, 0.07797794, 0.07654745, 0.078884356, 0.074828565, 0.062437065, 0.046968706, 0.03536826, 0.02282844, 0.0022479058, 0.0 ],
  "lightfield_0.0_0.0_0.8_y" : [ 0.0, 0.003946813, 0.03886778, 0.04952071, 0.062162716, 0.06677915, 0.06893811, 0.069703385, 0.06751475, 0.06844331, 0.071027786, 0.07246929, 0.07273978, 0.070221275, 0.06516942, 0.057841506, 0.045595337, 0.029483171, 0.014669015, 0.004906715 ],
  "lightfield_0.0_0.0_0.8_x" : [ 0.010385742, 0.029969718, 0.043960866, 0.054876037, 0.06212643, 0.068473, 0.07221694, 0.07085131, 0.06733167, 0.06649382, 0.06577472, 0.06468122, 0.0621957, 0.060442477, 0.058321457, 0.053945825, 0.045504626, 0.033237014, 0.009211429, 0.0 ],
  "lightfield_0.0_0.0_0.2_y" : [ 0.0, 0.008338687, 0.03474701, 0.050801747, 0.055525184, 0.058132987, 0.06392994, 0.06811001, 0.07192014, 0.075593196, 0.075670816, 0.074387565, 0.07055926, 0.06571526, 0.06222223, 0.05803885, 0.052364115, 0.043908168, 0.010034831, 0.0 ],
  "lightfield_0.0_0.0_0.2_x" : [ 0.0, 0.013030747, 0.038030293, 0.050852943, 0.058448434, 0.06085144, 0.061550047, 0.06573343, 0.068730995, 0.06970046, 0.069540255, 0.06882844, 0.06804065, 0.06520989, 0.061356816, 0.057604488, 0.049318653, 0.035574436, 0.024423154, 0.013174432 ],
  "lightfield_0.0_0.0_0.4_y" : [ 0.0103401365, 0.018058505, 0.03657103, 0.04724962, 0.053305443, 0.058705825, 0.06201275, 0.06310736, 0.06348708, 0.0646791, 0.06600319, 0.06571922, 0.06498783, 0.064038515, 0.063465625, 0.061249997, 0.054632835, 0.042225663, 0.027272668, 0.012887611 ],
  "lightfield_0.0_0.0_0.4_x" : [ 0.0, 0.0052270275, 0.032418795, 0.04656281, 0.058023967, 0.06273093, 0.06836741, 0.07501428, 0.07870589, 0.08085052, 0.07774006, 0.07157858, 0.0705236, 0.06832778, 0.063992284, 0.057906747, 0.052103523, 0.02792811, 0.0019976953, 0.0 ],
  "lightfield_0.0_0.0_0.0_y" : [ 0.0, 0.004072947, 0.026201364, 0.04892976, 0.06271449, 0.06412213, 0.07050105, 0.077577196, 0.08013536, 0.08022931, 0.0775294, 0.07666404, 0.07741896, 0.0723422, 0.059745897, 0.05196263, 0.04006191, 0.024826681, 0.004964677, 0.0 ],
  "lightfield_0.0_0.0_0.0_x" : [ 0.010015066, 0.025423365, 0.031920962, 0.040915728, 0.052005485, 0.056513585, 0.060194235, 0.0653633, 0.06805168, 0.06837804, 0.06745169, 0.06625668, 0.063990265, 0.0599371, 0.056213595, 0.05278678, 0.049206674, 0.045758434, 0.040619034, 0.018998295 ],
  "d1" : [ 0.0023428, 0.0050418, 0.0073433, 0.0090011, 0.0105021, 0.0113247, 0.014373, 0.0143689, 0.017476, 0.0291596, 0.0603725, 0.0935881, 0.107814, 0.1331033, 0.1476494, 0.1487603, 0.0720916, 0.0627528, 0.0376878, 0.0152469 ],
  "d2" : [ 0.003976798, 0.01303929, 0.022450142, 0.033351857, 0.04430578, 0.05563117, 0.07119, 0.08514875, 0.09155638, 0.09332829, 0.09175941, 0.08788573, 0.0831597, 0.07493446, 0.062139012, 0.041869454, 0.025558688, 0.013737013, 0.0044222767, 5.557976E-4 ],
  "d3" : [ 3.1685262E-4, 0.0029030903, 0.009618575, 0.019761883, 0.031814758, 0.04632377, 0.061815035, 0.07770818, 0.09298794, 0.10532969, 0.11081148, 0.10827756, 0.09953015, 0.08543459, 0.066091284, 0.044350207, 0.024449872, 0.0099059455, 0.0024156866, 1.5344561E-4 ],
  "d4" : [ 1.0676704E-5, 9.2023016E-5, 4.3886335E-4, 0.0016421787, 0.00530683, 0.01416402, 0.03182339, 0.06686576, 0.13621582, 0.30476367, 0.23340118, 0.109737605, 0.053692125, 0.02559643, 0.010929691, 0.003820938, 0.0011535924, 2.8430537E-4, 5.5823908E-5, 5.0841445E-6 ],
  "lightfield_0.0_0.8_0.0_y" : [ 0.0, 0.0039943857, 0.02341244, 0.03871523, 0.0531827, 0.062479477, 0.07276493, 0.07998153, 0.08282847, 0.08384421, 0.082812235, 0.07983178, 0.07856166, 0.07074428, 0.059861656, 0.050115645, 0.04236322, 0.02816998, 0.0063361707, 0.0 ],
  "lightfield_0.0_0.8_0.0_x" : [ 0.020558275, 0.034529604, 0.04462201, 0.053554352, 0.05838045, 0.061956275, 0.06727671, 0.071410015, 0.073096894, 0.07475491, 0.07574358, 0.07351365, 0.06684191, 0.057260074, 0.049810745, 0.04204208, 0.036799222, 0.026558874, 0.011290363, 0.0 ],
  "lightfield_0.8_0.0_0.0_x" : [ 0.011015581, 0.024387646, 0.033322807, 0.04603448, 0.060418792, 0.06599425, 0.0685456, 0.06895699, 0.06876212, 0.06787799, 0.06660592, 0.064222366, 0.061360665, 0.05737665, 0.052609548, 0.0476169, 0.043881886, 0.04132692, 0.033239808, 0.016443077 ],
  "lightfield_0.8_0.0_0.0_y" : [ 0.0, 0.0, 0.022067249, 0.04033092, 0.05373907, 0.064779915, 0.07771352, 0.08440046, 0.08604422, 0.08800736, 0.08760138, 0.08432829, 0.0782025, 0.066243246, 0.06525085, 0.049989626, 0.03918335, 0.012118041, 0.0, 0.0 ],
  "lightfield_0.0_0.6_0.0_x" : [ 0.0, 0.0, 8.922294E-4, 0.024232594, 0.043327637, 0.06343506, 0.07743928, 0.0865151, 0.091837324, 0.09334143, 0.09238245, 0.08686443, 0.07837156, 0.07151185, 0.06392234, 0.052403457, 0.044090815, 0.027011633, 0.002420812, 0.0 ],
  "lightfield_0.0_0.6_0.0_y" : [ 0.0, 0.004265346, 0.021609306, 0.03482587, 0.04729928, 0.058348686, 0.06833009, 0.0764981, 0.08230315, 0.08528022, 0.083796136, 0.080643296, 0.07644693, 0.072989255, 0.06493694, 0.05537162, 0.046627328, 0.03228936, 0.00813909, 0.0 ],
  "lightfield_0.6_0.0_0.0_y" : [ 0.0, 0.0, 0.012250362, 0.033908688, 0.05031951, 0.068097904, 0.0914662, 0.09743359, 0.10079991, 0.10274091, 0.10163324, 0.095443085, 0.081000075, 0.0726049, 0.049527436, 0.023941733, 0.015763136, 0.0030692944, 0.0, 0.0 ],
  "lightfield_0.6_0.0_0.0_x" : [ 0.012751598, 0.026183885, 0.035542347, 0.051146653, 0.06911481, 0.076346636, 0.07580208, 0.070651524, 0.06488629, 0.06164991, 0.058846705, 0.055618584, 0.053199038, 0.04975227, 0.045787767, 0.041932583, 0.039841007, 0.04070115, 0.040833164, 0.029412007 ],
  "lightfield_0.0_0.4_0.0_x" : [ 0.0, 0.00503816, 0.017036844, 0.028658414, 0.040976726, 0.06686427, 0.08943826, 0.09421428, 0.09652296, 0.09529044, 0.093561225, 0.08941066, 0.080325425, 0.072477296, 0.06426126, 0.0494986, 0.016425183, 0.0, 0.0, 0.0 ],
  "lightfield_0.0_0.4_0.0_y" : [ 0.0, 0.004603558, 0.03070495, 0.05696961, 0.0729073, 0.07801445, 0.08250993, 0.085473955, 0.077828184, 0.060057808, 0.05926219, 0.06057519, 0.06280339, 0.0627413, 0.05911732, 0.054125153, 0.04723361, 0.03614552, 0.00892658, 0.0 ],
  "lightfield_0.0_0.2_0.0_y" : [ 0.0, 0.0040120804, 0.027452243, 0.054834608, 0.071317546, 0.07434621, 0.07631816, 0.07916104, 0.080001295, 0.076277256, 0.07241005, 0.07158683, 0.07004609, 0.06272242, 0.056711115, 0.050483357, 0.03977823, 0.026828445, 0.005713039, 0.0 ],
  "lightfield_0.0_0.2_0.0_x" : [ 0.0, 0.0066572586, 0.033920318, 0.052538827, 0.057087783, 0.061834443, 0.06634931, 0.07007847, 0.071157336, 0.070497744, 0.06940695, 0.067186154, 0.06321498, 0.058862027, 0.05458577, 0.04967208, 0.045658294, 0.04263134, 0.03748756, 0.021173354 ],
  "a3" : [ 0.04860201, 0.11707457, 0.15562454, 0.1643984, 0.14976774, 0.12313331, 0.064582996, 0.0, 0.0, 0.0, 0.0, 0.0, 0.0, 6.772737E-4, 0.0038814193, 0.008485491, 0.01603079, 0.028287522, 0.04717542, 0.072278515 ],