{
  "eccentricity_minmax" : 0.002513655,
  "compactness" : 2.7638416,
  "eccentricity" : 2.1800175,
  "compactness_standardized" : -0.06507695,
  "convexity_minmax" : 0.36287516,
  "diameter_standardized" : -0.036291704,
  "surface_area_minmax" : 0.0816828,
  "convexity" : 0.6951658,
  "diameter_minmax" : 0.102494515,
  "rectangularity _standardized" : 0.5070257,
  "convexity_standardized" : 1.2908179,
  "diameter" : 1.0543675,
  "surface_area" : 1.6830845,
  "rectangularity " : 0.04392476,
  "compactness_minmax" : 5.857226E-7,
  "surface_area_standardized" : 0.055100027,
  "rectangularity _minmax" : 0.0791552,
  "eccentricity_standardized" : -0.31121737,
  "lightfield_0.0_0.0_0.6_y" : [ 0.011406968, 0.015144182, 0.028493546, 0.038235914, 0.044026207, 0.04775691, 0.052726842, 0.057657707, 0.059580572, 0.06067873, 0.06386687, 0.06549891, 0.06808154, 0.07132611, 0.07253495, 0.07048621, 0.063697584, 0.05215606, 0.03679268, 0.01985151 ],
  "lightfield_0.0_0.0_0.6_x" : [ 0.0, 5.490797E-4, 0.01574535, 0.040562447, 0.067690894, 0.08106196, 0.09765154, 0.10851377, 0.10453132, 0.07989435, 0.07540839, 0.07846414, 0.080146104, 0.08007666, 0.066048, 0.023656003, 0.0, 0.0, 0.0, 0.0 ],
  "lightfield_0.0_0.0_0.8_y" : [ 0.0075654215, 0.01271465, 0.018032, 0.02771617, 0.03479232, 0.03464575, 0.06908674, 0.081047006, 0.08507974, 0.08292435, 0.082568705, 0.080663346, 0.075697325, 0.07383075, 0.07094684, 0.067448646, 0.06082297, 0.03441728, 0.0, 0.0 ],
  "lightfield_0.0_0.0_0.8_x" : [ 0.021771602, 0.04061187, 0.04737118, 0.050416745, 0.056941114, 0.06362713, 0.069599725, 0.074179925, 0.076747, 0.07839803, 0.07943046, 0.079363644, 0.07791953, 0.07070113, 0.044088516, 0.022741528, 0.017950093, 0.016564177, 0.011576604, 0.0 ],
  "lightfield_0.0_0.0_0.2_y" : [ 0.0, 0.0, 0.007549499, 0.01792379, 0.022179518, 0.055784713, 0.06421764, 0.06615682, 0.082429364, 0.09187878, 0.09398156, 0.08574931, 0.081258, 0.07743853, 0.074615926, 0.06640549, 0.051956523, 0.036375456, 0.021202292, 0.002896774 ],
  "lightfield_0.0_0.0_0.2_x" : [ 0.013377949, 0.016660813, 0.019601213, 0.037175994, 0.053561963, 0.06634659, 0.06376175, 0.06122925, 0.0645492, 0.06593869, 0.06899252, 0.07551899, 0.077017546, 0.07590072, 0.07250224, 0.06548716, 0.05679684, 0.039099906, 0.0064806594, 0.0 ],
  "lightfield_0.0_0.0_0.4_y" : [ 0.0047918586, 0.014830293, 0.019719591, 0.035327233, 0.03891734, 0.047312293, 0.051536836, 0.06208196, 0.06930547, 0.07336545, 0.07385698, 0.07291506, 0.07029286, 0.066791534, 0.062014833, 0.05620311, 0.051389597, 0.04769772, 0.045010556, 0.03663942 ],
  "lightfield_0.0_0.0_0.4_x" : [ 0.0, 0.007147729, 0.016727116, 0.04441726, 0.05419802, 0.056185786, 0.06609863, 0.08770422, 0.10370162, 0.10539923, 0.10014833, 0.08232339, 0.07802089, 0.07080604, 0.05885779, 0.043471012, 0.024792941, 0.0, 0.0, 0.0 ],
  "lightfield_0.0_0.0_0.0_y" : [ 0.0, 0.0, 0.0, 0.00814592, 0.030851055, 0.04574214, 0.06723186, 0.09236999, 0.10270755, 0.10047712, 0.09252731, 0.08208415, 0.07981709, 0.09441509, 0.09630072, 0.08903835, 0.018291684, 0.0, 0.0, 0.0 ],
  "lightfield_0.0_0.0_0.0_x" : [ 0.01831108, 0.03154281, 0.03570628, 0.037145823, 0.03841297, 0.048795782, 0.05517029, 0.05864631, 0.063385166, 0.06655087, 0.06928557, 0.06893, 0.066699564, 0.06435492, 0.061945625, 0.059930693, 0.055551723, 0.046888605, 0.033111654, 0.019634252 ],
  "d1" : [ 0.002493, 0.0113112, 0.0240112, 0.024743, 0.0290565, 0.0544804, 0.1127935, 0.1191006, 0.108526, 0.091477, 0.0736122, 0.059352, 0.0658123, 0.0604815, 0.0483194, 0.0420174, 0.0388762, 0.0219279, 0.0081009, 0.0035078 ],
  "d2" : [ 0.0062709013, 0.018580863, 0.03370522, 0.04731771, 0.06167273, 0.07807461, 0.09636382, 0.112193905, 0.11295324, 0.105906695, 0.09507, 0.07927702, 0.053962074, 0.03552174, 0.024357976, 0.017616993, 0.012600512, 0.006697976, 0.0017398056, 1.16220406E-4 ],
  "d3" : [ 3.5257274E-4, 0.0038151105, 0.012722301, 0.02526238, 0.040622335, 0.058063313, 0.07589309, 0.09237788, 0.10559916, 0.11533224, 0.11909774, 0.111848064, 0.09151174, 0.06706338, 0.043319456, 0.023173809, 0.010172689, 0.0030824959, 6.303847E-4, 5.9868944E-5 ],
  "d4" : [ 1.4235605E-6, 2.0539945E-5, 1.4855871E-4, 7.410649E-4, 0.0030062548, 0.009994106, 0.027405573, 0.062460344, 0.12633774, 0.2818908, 0.2659094, 0.122593574, 0.060242742, 0.026277198, 0.009388686, 0.0027686218, 6.6134555E-4, 1.2995074E-4, 2.074331E-5, 1.3218776E-6 ],
  "lightfield_0.0_0.8_0.0_y" : [ 0.0, 0.0, 0.0, 0.00977325, 0.038102914, 0.05216259, 0.07119396, 0.09060341, 0.09457792, 0.09664553, 0.09373435, 0.08890443, 0.08309389, 0.08717001, 0.08980236, 0.08415486, 0.02008053, 0.0, 0.0, 0.0 ],
  "lightfield_0.0_0.8_0.0_x" : [ 0.001646991, 0.027573513, 0.047155455, 0.060194332, 0.06722417, 0.071442075, 0.072588116, 0.07509759, 0.07647284, 0.0765839, 0.07352149, 0.06970529, 0.06299681, 0.05602605, 0.054060057, 0.04983034, 0.04031229, 0.01756869, 0.0, 0.0 ],
  "lightfield_0.8_0.0_0.0_x" : [ 0.02676315, 0.047293466, 0.043800186, 0.032400936, 0.035586193, 0.047496483, 0.049493976, 0.057075586, 0.061852302, 0.066201985, 0.0689252, 0.06798946, 0.06547393, 0.065632604, 0.06531058, 0.062874384, 0.054086346, 0.042283397, 0.026695479, 0.012764359 ],
  "lightfield_0.8_0.0_0.0_y" : [ 0.0, 0.0, 0.0, 0.0, 0.0044453572, 0.051615145, 0.09262444, 0.10374133, 0.10279859, 0.10456973, 0.11167531, 0.10963581, 0.099482656, 0.08908216, 0.06825315, 0.04222039, 0.019309884, 5.4604386E-4, 0.0, 0.0 ],
  "lightfield_0.0_0.6_0.0_x" : [ 0.0, 0.0, 0.0, 0.0, 0.030598914, 0.081639975, 0.09821368, 0.10607917, 0.10900334, 0.11057712, 0.107114814, 0.102572866, 0.09671775, 0.0722041, 0.05462182, 0.03008786, 5.685895E-4, 0.0, 0.0, 0.0 ],
  "lightfield_0.0_0.6_0.0_y" : [ 0.0, 0.0, 0.0, 0.013365238, 0.052729905, 0.07291483, 0.08794184, 0.09550273, 0.09369881, 0.09761463, 0.097479254, 0.09156322, 0.08273654, 0.07521288, 0.06447399, 0.05657127, 0.018194864, 0.0, 0.0, 0.0 ],
  "lightfield_0.6_0.0_0.0_y" : [ 0.0, 0.0, 0.0, 0.0, 1.2941533E-5, 0.04281059, 0.088416554, 0.10231576, 0.11780677, 0.12436295, 0.12649831, 0.12174876, 0.10419746, 0.08552282, 0.057980657, 0.025562115, 0.0027643114, 0.0, 0.0, 0.0 ],
  "lightfield_0.6_0.0_0.0_x" : [ 0.03578075, 0.046869054, 0.041198075, 0.034408946, 0.042647526, 0.052565917, 0.05465986, 0.061006386, 0.06378622, 0.065499686, 0.0687946, 0.06816305, 0.064384125, 0.056740858, 0.057672646, 0.05927222, 0.05196802, 0.040926304, 0.024648443, 0.009007307 ],
  "lightfield_0.0_0.4_0.0_x" : [ 0.0, 0.0, 0.0026814041, 0.0154368365, 0.022181286, 0.054545764, 0.09515914, 0.104274556, 0.109088115, 0.10853205, 0.10693208, 0.10429502, 0.09753693, 0.08554566, 0.06474943, 0.029041722, 0.0, 0.0, 0.0, 0.0 ],
  "lightfield_0.0_0.4_0.0_y" : [ 0.0, 0.0, 0.0, 0.012318767, 0.046395797, 0.064670965, 0.07702044, 0.098246515, 0.101344116, 0.0791253, 0.08192952, 0.084894076, 0.08260499, 0.08938696, 0.08748337, 0.076406375, 0.018172825, 0.0, 0.0, 0.0 ],
  "lightfield_0.0_0.2_0.0_y" : [ 0.0, 0.0, 0.0, 0.008101424, 0.033646, 0.04954832, 0.07390353, 0.101854846, 0.11354219, 0.09754818, 0.08215522, 0.070691995, 0.07580855, 0.094874024, 0.09507522, 0.08619447, 0.017056033, 0.0, 0.0, 0.0 ],
  "lightfield_0.0_0.2_0.0_x" : [ 0.010164347, 0.02339506, 0.036223378, 0.03731087, 0.041874763, 0.04638008, 0.058969, 0.07228121, 0.0774105, 0.08010758, 0.081223086, 0.079939485, 0.07639177, 0.07277274, 0.06961978, 0.062279858, 0.04466098, 0.02522622, 0.003769289, 0.0 ],
  "a3" : [ 0.053623352, 0.12333384, 0.15732442, 0.15734585, 0.13844195, 0.113008715, 0.06117449, 0.0, 0.0, 0.0, 0.0, 0.0, 0.0, 7.88962E-4, 0.0046147383, 0.010730225, 0.020222219, 0.03405577, 0.052178953, 0.07315653 ],
  "lightfield_0.4_0.0_0.0_y" : [ 0.0, 0.0, 0.0, 5.1136117E-6, 0.01493686, 0.04407422, 0.0771823, 0.11066111, 0.12006505, 0.11952045, 0.11687671, 0.123933494, 0.12177811, 0.103330754, 0.047382727, 2.5312378E-4, 0.0, 0.0, 0.0, 0.0 ],