{
  "eccentricity_minmax" : 0.07663779,
  "compactness" : 6.962109,
  "eccentricity" : 36.95558,
  "compactness_standardized" : -0.065065145,
  "convexity_minmax" : 0.2439203,
  "diameter_standardized" : -0.65678006,
  "surface_area_minmax" : 0.018379096,
  "convexity" : 0.4676182,
  "diameter_minmax" : 0.0023179185,
  "rectangularity _standardized" : -0.39918104,
  "convexity_standardized" : 0.4773185,
  "diameter" : 1.0012295,
  "surface_area" : 0.39097288,
  "rectangularity " : 3.226784E-4,
  "compactness_minmax" : 1.6522275E-6,
  "surface_area_standardized" : -0.7352373,
  "rectangularity _minmax" : 5.814351E-4,
  "eccentricity_standardized" : 1.2607664,
  "lightfield_0.0_0.0_0.6_y" : [ 0.018802611, 0.03361748, 0.0522066, 0.06683085, 0.07607204, 0.06449768, 0.049431194, 0.03951903, 0.03888618, 0.042370684, 0.04593144, 0.049728557, 0.05230572, 0.053533304, 0.052343845, 0.051184885, 0.05527937, 0.060220204, 0.063712336, 0.033525985 ],
  "lightfield_0.0_0.0_0.6_x" : [ 0.0, 0.0, 0.0, 0.0, 0.0, 0.016881175, 0.058619007, 0.12222459, 0.15576583, 0.17554441, 0.1667912, 0.14304014, 0.098763265, 0.053060573, 0.009309809, 0.0, 0.0, 0.0, 0.0, 0.0 ],
  "lightfield_0.0_0.0_0.8_y" : [ 0.0, 3.151286E-4, 0.021501467, 0.04433011, 0.07204325, 0.08623009, 0.08337575, 0.06941919, 0.0630439, 0.064595304, 0.07143723, 0.0740128, 0.07178872, 0.0812547, 0.089508645, 0.066589095, 0.03562165, 0.0049329745, 0.0, 0.0 ],
  "lightfield_0.0_0.0_0.8_x" : [ 0.019792499, 0.048935834, 0.05799578, 0.054735415, 0.055553537, 0.057844277, 0.056692846, 0.054117277, 0.051111434, 0.047851067, 0.044463433, 0.04179696, 0.048578285, 0.07056457, 0.07256442, 0.057038277, 0.056674667, 0.049584273, 0.03625191, 0.017853247 ],
  "lightfield_0.0_0.0_0.2_y" : [ 0.0, 0.0024694474, 0.0285819, 0.048343487, 0.0707007, 0.07534518, 0.06853167, 0.10548926, 0.06652487, 0.062493242, 0.06801495, 0.073680855, 0.07821719, 0.07893219, 0.07327829, 0.058461614, 0.03371907, 0.0072160736, 0.0, 0.0 ],
  "lightfield_0.0_0.0_0.2_x" : [ 0.0147445835, 0.032739706, 0.048181262, 0.06751025, 0.0767151, 0.06415756, 0.0512876, 0.04374707, 0.041019265, 0.04497278, 0.048920292, 0.05266352, 0.054868598, 0.05470637, 0.052639484, 0.0560883, 0.062445175, 0.066621006, 0.048415586, 0.017556509 ],
  "lightfield_0.0_0.0_0.4_y" : [ 0.021123102, 0.04134254, 0.04844382, 0.05720934, 0.06791021, 0.07343761, 0.0563358, 0.04016778, 0.03897796, 0.041726597, 0.04513039, 0.048368514, 0.05124517, 0.053504325, 0.054219726, 0.052412402, 0.051922917, 0.0554472, 0.059144683, 0.04192992 ],
  "lightfield_0.0_0.0_0.4_x" : [ 0.0, 0.0, 0.0, 0.0, 0.0, 0.012523251, 0.05323323, 0.099365175, 0.12082715, 0.1794447, 0.14836626, 0.17028005, 0.13127951, 0.07275233, 0.0119283395, 0.0, 0.0, 0.0, 0.0, 0.0 ],
  "lightfield_0.0_0.0_0.0_y" : [ 0.0, 0.0, 0.0, 0.0, 0.0, 0.0, 0.0, 0.01606971, 0.29893866, 0.37505153, 0.271431, 0.03380459, 0.004704513, 0.0, 0.0, 0.0, 0.0, 0.0, 0.0, 0.0 ],
  "lightfield_0.0_0.0_0.0_x" : [ 0.01847855, 0.037231937, 0.04663288, 0.06347859, 0.07178828, 0.068571106, 0.052816644, 0.039277025, 0.03779777, 0.040740114, 0.044094704, 0.047465462, 0.05036739, 0.052452896, 0.052743897, 0.05101406, 0.051466726, 0.055492237, 0.059630916, 0.058458827 ],
  "d1" : [ 0.0350635, 0.0640007, 0.0481383, 0.0426182, 0.0433885, 0.0437397, 0.0455576, 0.0503396, 0.0528934, 0.0542242, 0.0565933, 0.0474099, 0.0595171, 0.061338, 0.0594509, 0.0526723, 0.0486773, 0.0621595, 0.0590526, 0.0131654 ],
  "d2" : [ 0.02443179, 0.07750181, 0.12045115, 0.101439014, 0.083004475, 0.071488455, 0.064707465, 0.059874315, 0.056453712, 0.053139232, 0.049411178, 0.045926563, 0.042196408, 0.038232215, 0.0341757, 0.028628128, 0.023542633, 0.014434734, 0.008647619, 0.0023134062 ],
  "d3" : [ 0.001101186, 0.011197404, 0.031181457, 0.056780107, 0.082610585, 0.10326296, 0.115938775, 0.12075999, 0.11617513, 0.10304723, 0.08573061, 0.06845023, 0.049911883, 0.030433144, 0.014855346, 0.0057461103, 0.0019344209, 6.527224E-4, 2.0234696E-4, 2.837486E-5 ],
  "d4" : [ 1.4235605E-6, 5.2875102E-6, 3.6097426E-5, 1.3798369E-4, 5.125835E-4, 0.0020247097, 0.008529873, 0.03339378, 0.12006777, 0.4707799, 0.26704022, 0.07151765, 0.019613003, 0.0047831633, 0.0011478981, 3.1603043E-4, 7.524534E-5, 1.4845702E-5, 1.7286092E-6, 8.1346315E-7 ],
  "lightfield_0.0_0.8_0.0_y" : [ 0.0, 0.0, 0.0, 0.0, 0.0, 0.0, 0.094698556, 0.31016424, 0.32263505, 0.23311919, 0.031527944, 0.007854993, 0.0, 0.0, 0.0, 0.0, 0.0, 0.0, 0.0, 0.0 ],
  "lightfield_0.0_0.8_0.0_x" : [ 0.04852685, 0.06260376, 0.059654757, 0.05514691, 0.051118188, 0.050328642, 0.052218158, 0.05233963, 0.05041637, 0.047690064, 0.044079736, 0.040395178, 0.037405692, 0.041549135, 0.06271173, 0.07515555, 0.06207739, 0.05001822, 0.037797093, 0.018766955 ],
  "lightfield_0.8_0.0_0.0_x" : [ 0.018881816, 0.03607016, 0.04749906, 0.061603155, 0.06031055, 0.055941883, 0.04772813, 0.037829082, 0.037248228, 0.040389743, 0.04448026, 0.049225256, 0.05471473, 0.05948427, 0.061382268, 0.058338925, 0.054616556, 0.05687452, 0.061357725, 0.05602369 ],
  "lightfield_0.8_0.0_0.0_y" : [ 0.0, 0.0, 0.0, 0.0, 0.0, 0.0, 0.0, 0.0, 0.2164455, 0.38469657, 0.34066626, 0.058191665, 0.0, 0.0, 0.0, 0.0, 0.0, 0.0, 0.0, 0.0 ],
  "lightfield_0.0_0.6_0.0_x" : [ 0.025540061, 0.047036953, 0.05635987, 0.05850233, 0.058755204, 0.057226855, 0.052814104, 0.04753714, 0.047120318, 0.048059557, 0.04821239, 0.04650342, 0.043427277, 0.040453948, 0.07059294, 0.071623884, 0.06271779, 0.056662757, 0.042632535, 0.01822067 ],
  "lightfield_0.0_0.6_0.0_y" : [ 0.0, 0.005354771, 0.029561004, 0.111155264, 0.12496596, 0.12910917, 0.13442503, 0.13383871, 0.13603675, 0.11014933, 0.048501387, 0.016861832, 0.011484831, 0.008555963, 0.0, 0.0, 0.0, 0.0, 0.0, 0.0 ],
  "lightfield_0.6_0.0_0.0_y" : [ 0.0, 0.0, 0.0, 0.0, 0.0, 0.0, 0.0, 0.0, 0.083150074, 0.4265849, 0.40146545, 0.08879957, 0.0, 0.0, 0.0, 0.0, 0.0, 0.0, 0.0, 0.0 ],
  "lightfield_0.6_0.0_0.0_x" : [ 0.02292978, 0.042579815, 0.048636913, 0.044323955, 0.04046599, 0.042238567, 0.041575037, 0.03293964, 0.03557481, 0.042560857, 0.04996398, 0.05720596, 0.06530105, 0.07119701, 0.07227762, 0.0652821, 0.056447636, 0.05721544, 0.06249526, 0.04878858 ],
  "lightfield_0.0_0.4_0.0_x" : [ 0.013122692, 0.037323836, 0.049388297, 0.05897832, 0.06913357, 0.07182154, 0.062759064, 0.052242696, 0.0415285, 0.03778858, 0.04253649, 0.04688874, 0.049768258, 0.05196322, 0.054940086, 0.059735097, 0.061810736, 0.05979476, 0.050311502, 0.028164016 ],
  "lightfield_0.0_0.4_0.0_y" : [ 0.0, 0.007602306, 0.038981836, 0.10386364, 0.1465854, 0.122604065, 0.14853229, 0.13035396, 0.12650414, 0.09171126, 0.04113598, 0.020681037, 0.018573994, 0.0028700982, 0.0, 0.0, 0.0, 0.0, 0.0, 0.0 ],
  "lightfield_0.0_0.2_0.0_y" : [ 0.0, 0.0, 0.0, 0.0, 0.0, 0.0, 0.099209934, 0.30965605, 0.31542653, 0.22584298, 0.038128108, 0.011736393, 0.0, 0.0, 0.0, 0.0, 0.0, 0.0, 0.0, 0.0 ],
  "lightfield_0.0_0.2_0.0_x" : [ 0.018700032, 0.03785172, 0.049588114, 0.06230198, 0.07062733, 0.068867885, 0.057239354, 0.042125627, 0.037069745, 0.039435897, 0.04283345, 0.046237748, 0.04939262, 0.051637433, 0.052871067, 0.0514689, 0.052048646, 0.056342777, 0.060805436, 0.05255423 ],
  "a3" : [ 0.28503603, 0.17080298, 0.082401805, 0.054144263, 0.04281676, 0.03837921, 0.024502598, 0.0, 0.0, 0.0, 0.0, 0.0, 0.0, 0.011961009, 0.054111462, 0.06629283, 0.05378374, 0.04198594, 0.037144806, 0.036636572 ],
  "lightfield_0.4_0.0_0.0_y" : [ 0.0, 0.0, 0.0, 0.0, 0.0, 0.0, 0.0, 0.0, 0.2052747, 0.4602534, 0.29745787, 0.037014037, 0.0, 0.0, 0.0, 0.0, 0.0, 0.0, 0.0, 0.0 ],
  "lightfield_0.4_0.0_0.0_x" : [ 0.012845195, 0.018817538, 0.021715729, 0.040015735, 0.052053574, 0.052819524, 0.039601706, 0.030286092, 0.035513185, 0.04452863, 0.053140398, 0.061524447, 0.06974289, 0.07570488, 0.07683311, 0.069111496, 0.06013746, 0.05989939, 0.06540596, 0.06030307 ],