{
  "eccentricity_minmax" : 0.007823572,
  "compactness" : 9.29107,
  "eccentricity" : 4.671181,
  "compactness_standardized" : -0.06503336,
  "convexity_minmax" : 0.2279821,
  "diameter_standardized" : -0.59866613,
  "surface_area_minmax" : 0.038431883,
  "convexity" : 0.43713018,
  "diameter_minmax" : 0.011779268,
  "rectangularity _standardized" : -0.34979331,
  "convexity_standardized" : 0.36730707,
  "diameter" : 1.0062482,
  "surface_area" : 0.8002765,
  "rectangularity " : 0.0027212705,
  "compactness_minmax" : 2.2438642E-6,
  "surface_area_standardized" : -0.48517576,
  "rectangularity _minmax" : 0.0049038534,
  "eccentricity_standardized" : -0.19857647,
  "lightfield_0.0_0.0_0.6_y" : [ 0.025315695, 0.032635625, 0.034429945, 0.04528221, 0.054163728, 0.060263667, 0.06634484, 0.0724185, 0.07706572, 0.08075947, 0.075725615, 0.069610655, 0.061836515, 0.054403972, 0.048420396, 0.04376192, 0.04240304, 0.039884232, 0.015274254, 0.0 ],
  "lightfield_0.0_0.0_0.6_x" : [ 0.0, 0.0, 0.0, 0.0, 0.0012800492, 0.05810898, 0.08205829, 0.09059821, 0.12094776, 0.16208577, 0.13030976, 0.121980056, 0.09408925, 0.06992222, 0.047868587, 0.020751063, 0.0, 0.0, 0.0, 0.0 ],
  "lightfield_0.0_0.0_0.8_y" : [ 0.0, 0.0060771303, 0.027038774, 0.042989384, 0.05151817, 0.06959726, 0.07847522, 0.10041381, 0.10630521, 0.1044999, 0.095064744, 0.08467122, 0.07970476, 0.07085652, 0.05038892, 0.02637757, 0.006021411, 0.0, 0.0, 0.0 ],
  "lightfield_0.0_0.0_0.8_x" : [ 0.0, 0.00288998, 0.022796668, 0.040422577, 0.06426305, 0.08045883, 0.08953738, 0.095239334, 0.07998336, 0.0661018, 0.068839476, 0.06918122, 0.066636704, 0.06314867, 0.058497954, 0.049880017, 0.0394382, 0.03323477, 0.009450012, 0.0 ],
  "lightfield_0.0_0.0_0.2_y" : [ 0.0, 0.0051729064, 0.030035513, 0.044199776, 0.05774062, 0.06681733, 0.08634375, 0.091449864, 0.09291564, 0.0889636, 0.082785055, 0.09090066, 0.13333036, 0.09680831, 0.027137348, 0.0053992677, 0.0, 0.0, 0.0, 0.0 ],
  "lightfield_0.0_0.0_0.2_x" : [ 0.0, 0.008063648, 0.02154883, 0.030414019, 0.04270802, 0.05205933, 0.060245436, 0.07006802, 0.07911133, 0.09064461, 0.08935695, 0.08240655, 0.07394584, 0.0653033, 0.05774433, 0.054437976, 0.052044485, 0.041835975, 0.024691908, 0.0033694399 ],
  "lightfield_0.0_0.0_0.4_y" : [ 0.022473259, 0.03827805, 0.044852752, 0.04903086, 0.051491216, 0.054225363, 0.057960905, 0.06157268, 0.070877776, 0.07124908, 0.07780878, 0.08037415, 0.074167006, 0.06571703, 0.054094095, 0.045077786, 0.043337535, 0.03225843, 0.005153247, 0.0 ],
  "lightfield_0.0_0.0_0.4_x" : [ 0.0, 0.0, 0.0, 0.0051945033, 0.01779258, 0.034767542, 0.05593561, 0.08737642, 0.10458767, 0.12195643, 0.120985046, 0.14067915, 0.14267443, 0.10319621, 0.054457895, 0.010396508, 0.0, 0.0, 0.0, 0.0 ],
  "lightfield_0.0_0.0_0.0_y" : [ 0.0, 0.0, 0.0, 0.0, 0.005710085, 0.08860285, 0.14095148, 0.16225107, 0.14823203, 0.16763815, 0.12411453, 0.087028675, 0.031256963, 0.025554301, 0.017620327, 0.0010395474, 0.0, 0.0, 0.0, 0.0 ],
  "lightfield_0.0_0.0_0.0_x" : [ 0.0097680325, 0.024622422, 0.03172847, 0.040731695, 0.044533465, 0.04794912, 0.048647102, 0.058292616, 0.068030946, 0.06817946, 0.069935545, 0.077138126, 0.07227082, 0.066880025, 0.06035315, 0.051762033, 0.043219183, 0.040055986, 0.0403233, 0.035578508 ],
  "d1" : [ 0.0051055, 0.0083827, 0.0149456, 0.0434796, 0.0668578, 0.0721893, 0.0816485, 0.0737372, 0.0763077, 0.0853407, 0.0772876, 0.0616741, 0.0583846, 0.0536182, 0.0431259, 0.0413245, 0.0386715, 0.041742, 0.0423279, 0.0138491 ],
  "d2" : [ 0.011304885, 0.042231217, 0.07438967, 0.09376516, 0.10472139, 0.108262815, 0.10384683, 0.0928551, 0.08058635, 0.06872917, 0.057450388, 0.045478985, 0.034894526, 0.02642404, 0.019897494, 0.014666376, 0.010241198, 0.00655115, 0.0031868597, 5.1639066E-4 ],
  "d3" : [ 0.0010557058, 0.011846605, 0.035520796, 0.06602418, 0.09655441, 0.118363015, 0.12714885, 0.12476215, 0.11383903, 0.09616351, 0.07340184, 0.052978378, 0.03607461, 0.022449948, 0.012711736, 0.0065317517, 0.003021319, 0.0011620612, 3.402971E-4, 4.9806935E-5 ],
  "d4" : [ 4.2706815E-6, 2.4810626E-5, 1.182572E-4, 4.161881E-4, 0.001332961, 0.003872593, 0.0115423305, 0.037751097, 0.13749917, 0.51459515, 0.21348089, 0.0552434, 0.016257672, 0.0052990005, 0.0017785354, 5.7979586E-4, 1.5628661E-4, 3.996138E-5, 7.0161195E-6, 6.1009735E-7 ],
  "lightfield_0.0_0.8_0.0_y" : [ 0.0, 0.0, 0.0, 0.0, 0.006479005, 0.09216893, 0.14075497, 0.16612133, 0.14503969, 0.1660694, 0.11377427, 0.08504938, 0.033940118, 0.028261792, 0.021081652, 0.0012594458, 0.0, 0.0, 0.0, 0.0 ],
  "lightfield_0.0_0.8_0.0_x" : [ 0.0, 0.016684411, 0.046153713, 0.047720447, 0.04812728, 0.056160033, 0.06787158, 0.07619431, 0.082608394, 0.085914984, 0.08201546, 0.080171734, 0.07062851, 0.06482034, 0.052044112, 0.04769448, 0.043002933, 0.023964096, 0.008223186, 0.0 ],
  "lightfield_0.8_0.0_0.0_x" : [ 0.0110818865, 0.028609792, 0.036823478, 0.045211375, 0.048041336, 0.04922686, 0.05017443, 0.05824364, 0.0647279, 0.063997045, 0.06864141, 0.08083233, 0.07397414, 0.0668355, 0.057895206, 0.048738204, 0.04056701, 0.03716766, 0.037414115, 0.031796686 ],
  "lightfield_0.8_0.0_0.0_y" : [ 0.0, 0.0, 0.009662657, 0.02516795, 0.029578608, 0.035162043, 0.05331033, 0.15784039, 0.2055333, 0.20363815, 0.18591478, 0.09340993, 7.818509E-4, 0.0, 0.0, 0.0, 0.0, 0.0, 0.0, 0.0 ],
  "lightfield_0.0_0.6_0.0_x" : [ 0.0, 0.0, 0.0, 0.0, 0.0, 0.0059912177, 0.07696137, 0.10661523, 0.13040231, 0.16226955, 0.17963874, 0.1530605, 0.11432203, 0.06249889, 0.008240147, 0.0, 0.0, 0.0, 0.0, 0.0 ],
  "lightfield_0.0_0.6_0.0_y" : [ 0.0, 0.0, 0.0, 0.0, 0.008506818, 0.10005511, 0.1331046, 0.1643407, 0.13081121, 0.15466942, 0.09089939, 0.08855268, 0.046960834, 0.043254104, 0.036498427, 0.0023467084, 0.0, 0.0, 0.0, 0.0 ],
  "lightfield_0.6_0.0_0.0_y" : [ 0.0, 0.0, 0.0, 0.0, 0.015550335, 0.056870002, 0.072129406, 0.10480838, 0.294249, 0.31837457, 0.13801831, 0.0, 0.0, 0.0, 0.0, 0.0, 0.0, 0.0, 0.0, 0.0 ],
  "lightfield_0.6_0.0_0.0_x" : [ 0.014801184, 0.026394838, 0.02892595, 0.033682693, 0.033020824, 0.03175527, 0.033333577, 0.05057859, 0.06452153, 0.0627032, 0.070245616, 0.08831979, 0.081635624, 0.07495145, 0.06751813, 0.059262924, 0.049283944, 0.04811294, 0.050767697, 0.030184234 ],
  "lightfield_0.0_0.4_0.0_x" : [ 0.0, 0.0, 0.0, 0.0, 0.0, 0.0, 0.014099773, 0.07020242, 0.110648945, 0.14570384, 0.16735375, 0.22359535, 0.16046135, 0.09216731, 0.01576729, 0.0, 0.0, 0.0, 0.0, 0.0 ],
  "lightfield_0.0_0.4_0.0_y" : [ 0.0, 0.0, 0.0, 0.0, 0.0022326184, 0.06373616, 0.12887119, 0.1441197, 0.15570892, 0.15964611, 0.13803326, 0.1011441, 0.043077495, 0.03272963, 0.028486729, 0.0022140904, 0.0, 0.0, 0.0, 0.0 ],
  "lightfield_0.0_0.2_0.0_y" : [ 0.0, 0.0, 0.0, 0.0, 0.0046223197, 0.08161369, 0.1387291, 0.15839912, 0.15314524, 0.16857737, 0.13194206, 0.08964554, 0.030154916, 0.024164207, 0.017729571, 0.0012768586, 0.0, 0.0, 0.0, 0.0 ],
  "lightfield_0.0_0.2_0.0_x" : [ 0.0, 2.7916982E-4, 0.014008833, 0.035417955, 0.041829705, 0.053783666, 0.059362486, 0.0636736, 0.071353056, 0.082432896, 0.08635958, 0.09761333, 0.090711884, 0.0808128, 0.06753164, 0.0533672, 0.04905151, 0.04852978, 0.003880918, 0.0 ],
  "a3" : [ 0.11995291, 0.17048945, 0.1383869, 0.10480577, 0.082681626, 0.06998196, 0.04187878, 0.0, 0.0, 0.0, 0.0, 0.0, 0.0, 0.0043755644, 0.022405071, 0.036528606, 0.04535681, 0.050643995, 0.05429922, 0.05821334 ],
  "lightfield_0.4_0.0_0.0_y" : [ 0.0, 0.0, 0.0, 0.0, 0.0, 0.0026067619, 0.07449989, 0.23387426, 0.23540056, 0.25089952, 0.18834773, 0.014371282, 0.0, 0.0, 0.0, 0.0, 0.0, 0.0, 0.0, 0.0 ],
  "lightfield_0.4_0.0_0.0_x" : [ 0.014685982, 0.03657334, 0.045820266, 0.05721239, 0.06311301, 0.063642755, 0.061922394, 0.05984013, 0.05715994, 0.055890653, 0.053498935, 0.0531685, 0.054254215, 0.05535042, 0.056163393, 0.05325242, 0.046512604, 0.042746697, 0.043161053, 0.026030904 ],