{
  "eccentricity_minmax" : 0.0048489585,
  "compactness" : 1459.7488,
  "eccentricity" : 3.2756321,
  "compactness_standardized" : -0.0553486,
  "convexity_minmax" : 0.010615694,
  "diameter_standardized" : -0.48208794,
  "surface_area_minmax" : 0.031206664,
  "convexity" : 0.021332057,
  "diameter_minmax" : 0.030584209,
  "rectangularity _standardized" : -0.40298226,
  "convexity_standardized" : -1.1208365,
  "diameter" : 1.0162232,
  "surface_area" : 0.6528004,
  "rectangularity " : 1.6347255E-4,
  "compactness_minmax" : 3.7071024E-4,
  "surface_area_standardized" : -0.5754307,
  "rectangularity _minmax" : 2.9453592E-4,
  "eccentricity_standardized" : -0.26167786,
  "lightfield_0.0_0.0_0.6_y" : [ 0.0018208172, 0.028597543, 0.031103844, 0.044042356, 0.051782615, 0.05108999, 0.04984755, 0.06424986, 0.076124445, 0.077252634, 0.077074125, 0.072104365, 0.06037259, 0.051711213, 0.05308932, 0.051118553, 0.04519911, 0.045277655, 0.038729854, 0.029411554 ],
  "lightfield_0.0_0.0_0.6_x" : [ 0.0, 0.0, 0.0, 0.0, 0.011203382, 0.06370718, 0.09391847, 0.09461109, 0.1266789, 0.14388026, 0.15410541, 0.13881768, 0.11113412, 0.051004305, 0.0075688874, 0.0033702971, 0.0, 0.0, 0.0, 0.0 ],
  "lightfield_0.0_0.0_0.8_y" : [ 0.0, 0.0, 0.0, 3.694625E-4, 0.023972433, 0.06540907, 0.100799315, 0.12400441, 0.11466127, 0.06861345, 0.07455327, 0.071974136, 0.076947674, 0.08703684, 0.09341007, 0.07424065, 0.022572737, 0.0014352198, 0.0, 0.0 ],
  "lightfield_0.0_0.0_0.8_x" : [ 0.0, 0.012305943, 0.0370173, 0.03978827, 0.0515116, 0.075690076, 0.08554478, 0.097317845, 0.09525738, 0.078148425, 0.055042807, 0.05308892, 0.06411596, 0.053110234, 0.051980533, 0.059625562, 0.06036449, 0.027034707, 0.0030551706, 0.0 ],
  "lightfield_0.0_0.0_0.2_y" : [ 0.0, 0.0, 0.0, 6.6008477E-4, 0.01883016, 0.082908064, 0.08380947, 0.073858514, 0.07449021, 0.07409984, 0.080792956, 0.08899078, 0.10745896, 0.1168421, 0.1005955, 0.07195634, 0.024295377, 4.1166577E-4, 0.0, 0.0 ],
  "lightfield_0.0_0.0_0.2_x" : [ 0.0, 0.009021158, 0.03357205, 0.038746264, 0.052671924, 0.079416, 0.08618719, 0.08199246, 0.084561825, 0.081162035, 0.054176632, 0.055305164, 0.06629238, 0.068492666, 0.06200538, 0.05326103, 0.051940862, 0.034090184, 0.0071047833, 0.0 ],
  "lightfield_0.0_0.0_0.4_y" : [ 0.0019592338, 0.024515357, 0.040659443, 0.05218686, 0.0509757, 0.04392958, 0.04103704, 0.044100568, 0.057095632, 0.06595137, 0.08041407, 0.07816274, 0.08387657, 0.07813424, 0.061056845, 0.044991132, 0.045333106, 0.04119378, 0.03249478, 0.031931948 ],
  "lightfield_0.0_0.0_0.4_x" : [ 0.0, 0.0, 0.0, 0.0, 0.008912732, 0.06085736, 0.09732048, 0.09600245, 0.12763517, 0.14671454, 0.12759243, 0.14053048, 0.13411133, 0.048510626, 0.008129039, 0.0036833594, 0.0, 0.0, 0.0, 0.0 ],
  "lightfield_0.0_0.0_0.0_y" : [ 0.0, 0.0, 0.0, 0.0, 0.0025561934, 0.006833176, 0.0038842715, 0.01777911, 0.034223, 0.28444436, 0.35617486, 0.1511153, 0.005662183, 0.009103761, 0.097656585, 0.030567218, 0.0, 0.0, 0.0, 0.0 ],
  "lightfield_0.0_0.0_0.0_x" : [ 0.028160969, 0.033002026, 0.04622569, 0.050002854, 0.046111446, 0.039542455, 0.038492847, 0.05819267, 0.07622169, 0.07502213, 0.07909919, 0.07697141, 0.06444035, 0.050731156, 0.049303114, 0.042912632, 0.043241084, 0.0404207, 0.031645387, 0.030260189 ],
  "d1" : [ 0.0553154, 0.0641476, 0.0598955, 0.1067011, 0.1072221, 0.072303, 0.0753338, 0.0806578, 0.0808069, 0.0647929, 0.0336146, 0.018245, 0.0436186, 0.0192414, 0.0163917, 0.0132423, 0.0124554, 0.0370626, 0.0108511, 0.0281012 ],
  "d2" : [ 0.022575164, 0.05642301, 0.091264725, 0.120863125, 0.14321095, 0.13625072, 0.10266073, 0.08277394, 0.06979596, 0.05910128, 0.044179156, 0.028885173, 0.014147785, 0.008352167, 0.005051687, 0.0050200815, 0.004014505, 0.0025363453, 0.0020824657, 8.1104244E-4 ],
  "d3" : [ 0.0069809197, 0.026046915, 0.052361377, 0.08364868, 0.11724704, 0.13479014, 0.13305576, 0.12081291, 0.09931935, 0.075437985, 0.05421711, 0.037742488, 0.025407271, 0.015620058, 0.009076333, 0.005161709, 0.0023364986, 6.5382925E-4, 8.059668E-5, 3.0186022E-6 ],
  "d4" : [ 1.7286092E-6, 9.049778E-6, 3.762267E-5, 1.14494935E-4, 4.2350925E-4, 0.0016662775, 0.006073519, 0.020540657, 0.07376585, 0.4871111, 0.32528916, 0.060512606, 0.017360626, 0.0051936572, 0.0013968179, 3.4582353E-4, 1.09410794E-4, 3.7419304E-5, 9.253144E-6, 1.4235605E-6 ],
  "lightfield_0.0_0.8_0.0_y" : [ 0.0, 0.0, 0.0, 0.0, 0.012498787, 0.03348689, 0.0068019084, 0.018651117, 0.03678705, 0.2744656, 0.33531693, 0.13744932, 0.011460954, 0.013783011, 0.09160551, 0.027692951, 0.0, 0.0, 0.0, 0.0 ],
  "lightfield_0.0_0.8_0.0_x" : [ 6.8691064E-4, 0.02550529, 0.032561056, 0.03993788, 0.042468995, 0.04685925, 0.04696378, 0.072140545, 0.10246168, 0.10364884, 0.09695893, 0.075642295, 0.05807381, 0.04383535, 0.046269402, 0.049308237, 0.05209321, 0.03905684, 0.023444558, 0.002083131 ],
  "lightfield_0.8_0.0_0.0_x" : [ 0.028235119, 0.034029678, 0.046559613, 0.04902925, 0.04642063, 0.043491278, 0.041871578, 0.05859776, 0.0713629, 0.07268859, 0.075543106, 0.07203109, 0.06370809, 0.05195326, 0.049895227, 0.044148777, 0.044261035, 0.042764284, 0.032297727, 0.031111017 ],
  "lightfield_0.8_0.0_0.0_y" : [ 0.0, 0.0, 0.0, 0.0, 0.0, 0.0, 0.06804332, 0.052199155, 0.06833198, 0.2617655, 0.24908057, 0.23143496, 0.049018558, 0.010087025, 0.0048965104, 0.0039984607, 0.0011439446, 0.0, 0.0, 0.0 ],
  "lightfield_0.0_0.6_0.0_x" : [ 0.0, 0.0, 0.0, 0.0, 0.0, 0.019349437, 0.06389694, 0.1114847, 0.13634783, 0.16775523, 0.17433816, 0.12596457, 0.07571015, 0.07686956, 0.048283413, 0.0, 0.0, 0.0, 0.0, 0.0 ],
  "lightfield_0.0_0.6_0.0_y" : [ 0.0, 0.0, 0.0, 0.0, 0.025494363, 0.07127858, 0.009829308, 0.026344605, 0.04548792, 0.256, 0.29800966, 0.115220614, 0.016979067, 0.01862802, 0.09123349, 0.025494363, 0.0, 0.0, 0.0, 0.0 ],
  "lightfield_0.6_0.0_0.0_y" : [ 0.0, 0.0, 0.0, 0.0, 0.0, 0.0, 0.0, 0.0, 0.361737, 0.12820485, 0.06281887, 0.39490458, 0.039143145, 0.0088446895, 0.0043468415, 0.0, 0.0, 0.0, 0.0, 0.0 ],
  "lightfield_0.6_0.0_0.0_x" : [ 0.024042454, 0.032078177, 0.04615418, 0.053521156, 0.045507006, 0.04282124, 0.038690124, 0.052647475, 0.07893346, 0.077272385, 0.082169324, 0.07880402, 0.061794177, 0.053122066, 0.052636687, 0.041278813, 0.043878287, 0.037891943, 0.02999644, 0.026760578 ],
  "lightfield_0.0_0.4_0.0_x" : [ 0.0, 0.0, 0.0, 0.0, 0.0, 0.012619543, 0.068485394, 0.10411782, 0.13303211, 0.17506652, 0.1701399, 0.13172801, 0.08082831, 0.076296866, 0.047685537, 0.0, 0.0, 0.0, 0.0, 0.0 ],
  "lightfield_0.0_0.4_0.0_y" : [ 0.0, 0.0, 0.0, 0.0, 0.025831863, 0.07260848, 0.009945464, 0.026727613, 0.044945598, 0.25571042, 0.29812682, 0.110256344, 0.018376058, 0.018942488, 0.092868246, 0.025660615, 0.0, 0.0, 0.0, 0.0 ],
  "lightfield_0.0_0.2_0.0_y" : [ 0.0, 0.0, 0.0, 0.0, 0.012617162, 0.033498414, 0.006713169, 0.01879088, 0.03887045, 0.278117, 0.33216703, 0.13514, 0.011403397, 0.013448816, 0.09157932, 0.027654361, 0.0, 0.0, 0.0, 0.0 ],
  "lightfield_0.0_0.2_0.0_x" : [ 0.0, 0.01917299, 0.031093363, 0.045358848, 0.046332855, 0.051854737, 0.051023085, 0.05763136, 0.09265822, 0.10344724, 0.09535547, 0.07939672, 0.06412725, 0.04988424, 0.051562537, 0.045636065, 0.045546155, 0.038203627, 0.025286771, 0.006428459 ],
  "a3" : [ 0.11966514, 0.1708075, 0.15339108, 0.116800584, 0.092784986, 0.07816167, 0.045508847, 0.0, 0.0, 0.0, 0.0, 0.0, 0.0, 0.0033050675, 0.015180953, 0.02394657, 0.032382358, 0.040650208, 0.048700314, 0.05871473 ],
  "lightfield_0.4_0.0_0.0_y" : [ 0.0, 0.0, 0.0, 0.0, 0.0, 0.0, 0.0, 0.007796606, 0.39140984, 0.05331261, 0.080922954, 0.42791614, 0.036670584, 0.001971265, 0.0, 0.0, 0.0, 0.0, 0.0, 0.0 ],
  "lightfield_0.4_0.0_0.0_x" : [ 0.025184175, 0.038300667, 0.04076475, 0.046198364, 0.040436205, 0.044530373, 0.048321266, 0.06021204, 0.077473246, 0.07396035, 0.07632334, 0.07815561, 0.062107485, 0.05423506, 0.04693127, 0.03988021, 0.044214465, 0.038641848, 0.0377194, 0.026409896 ],