{
  "eccentricity_minmax" : 0.0041755224,
  "compactness" : 1806.5198,
  "eccentricity" : 2.9596877,
  "compactness_standardized" : -0.053052414,
  "convexity_minmax" : 0.014185263,
  "diameter_standardized" : -0.5036911,
  "surface_area_minmax" : 0.041173697,
  "convexity" : 0.028160252,
  "diameter_minmax" : 0.027003728,
  "rectangularity _standardized" : -0.40044093,
  "convexity_standardized" : -1.0959955,
  "diameter" : 1.014324,
  "surface_area" : 0.8562406,
  "rectangularity " : 2.6209158E-4,
  "compactness_minmax" : 4.5880204E-4,
  "surface_area_standardized" : -0.4505351,
  "rectangularity _minmax" : 4.7225377E-4,
  "eccentricity_standardized" : -0.27604908,
  "lightfield_0.0_0.0_0.6_y" : [ 0.019950723, 0.041191127, 0.041204993, 0.041339047, 0.05323737, 0.0588722, 0.061299015, 0.064682685, 0.092616476, 0.08230367, 0.074524, 0.05670887, 0.041958462, 0.041930728, 0.04176894, 0.04177356, 0.041764315, 0.04163951, 0.04145461, 0.019779691 ],
  "lightfield_0.0_0.0_0.6_x" : [ 0.0, 0.0, 0.0, 0.008283526, 0.045416094, 0.056939997, 0.032265075, 0.020671835, 0.060157258, 0.10119122, 0.12637462, 0.1272344, 0.1302945, 0.13041006, 0.1030772, 0.049825963, 0.007858256, 0.0, 0.0, 0.0 ],
  "lightfield_0.0_0.0_0.8_y" : [ 0.0, 0.0069413413, 0.02514106, 0.047241263, 0.06901958, 0.09378195, 0.08701102, 0.0738895, 0.07529443, 0.06342637, 0.061014123, 0.06221835, 0.07513538, 0.07189382, 0.06190404, 0.05936305, 0.04184118, 0.021626841, 0.0032567123, 0.0 ],
  "lightfield_0.0_0.0_0.8_x" : [ 0.0099784145, 0.031412125, 0.058348164, 0.06271822, 0.066088535, 0.06767524, 0.07850191, 0.08201235, 0.074143216, 0.047366228, 0.04645359, 0.059957586, 0.052111182, 0.044847958, 0.044810086, 0.044704057, 0.04459045, 0.044151172, 0.030120801, 0.0100087095 ],
  "lightfield_0.0_0.0_0.2_y" : [ 0.0, 0.0063967747, 0.026247656, 0.046717335, 0.06146978, 0.06335654, 0.07608555, 0.07157934, 0.061716538, 0.06101422, 0.067164235, 0.07588055, 0.075254165, 0.092197075, 0.08807049, 0.06272256, 0.04066223, 0.020393753, 0.003071211, 0.0 ],
  "lightfield_0.0_0.0_0.2_x" : [ 0.010010857, 0.03133091, 0.05823153, 0.06262385, 0.06599497, 0.067543864, 0.07818112, 0.08195084, 0.07488972, 0.04750317, 0.04633391, 0.06008033, 0.051967625, 0.044754643, 0.044731867, 0.04463696, 0.0445952, 0.044135846, 0.030317295, 0.010185488 ],
  "lightfield_0.0_0.0_0.4_y" : [ 0.020092087, 0.041586697, 0.041674357, 0.041623607, 0.04182199, 0.041845057, 0.041798923, 0.041955784, 0.05674688, 0.07391858, 0.0820523, 0.09260353, 0.06483447, 0.06138813, 0.058896802, 0.05368347, 0.04136063, 0.04130527, 0.04122684, 0.019584594 ],
  "lightfield_0.0_0.0_0.4_x" : [ 0.0, 0.0, 0.0, 0.008807301, 0.045605116, 0.056613088, 0.03221193, 0.022075921, 0.061572675, 0.10195985, 0.1258812, 0.12579353, 0.12892154, 0.129895, 0.10248118, 0.0499188, 0.0082629, 0.0, 0.0, 0.0 ],
  "lightfield_0.0_0.0_0.0_y" : [ 0.0, 0.0, 0.0, 0.0010418483, 0.011180364, 0.053542744, 0.22925253, 0.22925712, 0.22948201, 0.071144015, 0.013466004, 0.011162005, 0.009119615, 0.016821032, 0.08398583, 0.040398013, 1.468685E-4, 0.0, 0.0, 0.0 ],
  "lightfield_0.0_0.0_0.0_x" : [ 0.039241426, 0.03931027, 0.039374523, 0.03939747, 0.03944337, 0.039470907, 0.050564066, 0.056246042, 0.058513325, 0.098351404, 0.0983101, 0.05866019, 0.056223094, 0.05100008, 0.039470907, 0.03944337, 0.03939288, 0.03941124, 0.03928273, 0.03889261 ],
  "d1" : [ 0.0157945, 0.0299348, 0.0799016, 0.0698988, 0.0820776, 0.073637, 0.0582533, 0.0503971, 0.0673869, 0.0454617, 0.0475907, 0.0550389, 0.0650356, 0.066265, 0.0527346, 0.0369356, 0.0344262, 0.0300014, 0.0218478, 0.0173809 ],
  "d2" : [ 0.018463442, 0.051293008, 0.08944391, 0.113114364, 0.09582443, 0.089612536, 0.09345631, 0.10094003, 0.09841588, 0.07941204, 0.056335192, 0.03728775, 0.024535708, 0.01719602, 0.012468389, 0.009241023, 0.0065179444, 0.0040063034, 0.0019462417, 4.89486E-4 ],
  "d3" : [ 0.0032173267, 0.027657237, 0.067407295, 0.1039351, 0.1289886, 0.1380119, 0.13737327, 0.11615279, 0.08639551, 0.061317068, 0.041396808, 0.0293548, 0.021941515, 0.015873723, 0.010706076, 0.006153521, 0.0028129348, 0.001049568, 2.3243236E-4, 2.2538896E-5 ],
  "d4" : [ 5.084145E-7, 3.0504868E-6, 1.1083435E-5, 9.171797E-5, 6.7425927E-4, 0.0027744176, 0.007307746, 0.017829485, 0.053219605, 0.30059424, 0.5126118, 0.070334055, 0.021400996, 0.008637962, 0.0034162402, 9.199251E-4, 1.4835534E-4, 1.718441E-5, 5.0841445E-6, 2.2370236E-6 ],
  "lightfield_0.0_0.8_0.0_y" : [ 0.0, 0.0, 0.007091045, 0.015409758, 0.05958259, 0.18776359, 0.19328229, 0.19304605, 0.14996147, 0.015506578, 0.013531464, 0.011436295, 0.0093798535, 0.008113457, 0.056147445, 0.06845124, 0.011293002, 3.8727717E-6, 0.0, 0.0 ],
  "lightfield_0.0_0.8_0.0_x" : [ 0.030075945, 0.0388013, 0.038735464, 0.0388439, 0.038921356, 0.04181044, 0.05435435, 0.056972343, 0.093632005, 0.12291403, 0.065252334, 0.05601964, 0.053506214, 0.038994938, 0.038925227, 0.03887101, 0.03894072, 0.038863264, 0.038778063, 0.036787458 ],
  "lightfield_0.8_0.0_0.0_x" : [ 0.03153042, 0.04082419, 0.042135794, 0.042538363, 0.04305781, 0.04349501, 0.052849382, 0.057719197, 0.060000435, 0.08608532, 0.086141594, 0.059952818, 0.0577495, 0.05296626, 0.043486353, 0.04299288, 0.042508062, 0.042183407, 0.040655367, 0.03112785 ],
  "lightfield_0.8_0.0_0.0_y" : [ 0.0, 0.0, 0.0, 1.3851914E-4, 0.001376534, 0.045282774, 0.06471441, 0.007285241, 0.009808887, 0.09814081, 0.2163669, 0.21621972, 0.20340237, 0.118858084, 0.013748025, 0.004255135, 4.0257126E-4, 0.0, 0.0, 0.0 ],
  "lightfield_0.0_0.6_0.0_x" : [ 0.0, 5.236298E-4, 0.037377007, 0.042074043, 0.04295718, 0.048201293, 0.081987135, 0.15723352, 0.16700664, 0.09363985, 0.077602714, 0.05620032, 0.052976485, 0.05286707, 0.05274984, 0.036603283, 0.0, 0.0, 0.0, 0.0 ],
  "lightfield_0.0_0.6_0.0_y" : [ 0.016775692, 0.022394942, 0.022293342, 0.06794292, 0.120442666, 0.13452595, 0.1345963, 0.13316609, 0.10765281, 0.022840418, 0.02060913, 0.018557595, 0.016365385, 0.014196619, 0.012191976, 0.010484318, 0.029241206, 0.038979158, 0.038826756, 0.017916735 ],
  "lightfield_0.6_0.0_0.0_y" : [ 0.0, 0.0, 0.0, 0.0, 0.0, 1.0627073E-4, 0.0024214545, 0.025277253, 0.30496663, 0.2617676, 0.06317036, 0.3239208, 0.014073282, 0.004220466, 7.5907665E-5, 0.0, 0.0, 0.0, 0.0, 0.0 ],
  "lightfield_0.6_0.0_0.0_x" : [ 0.025429068, 0.04277397, 0.044861432, 0.044876613, 0.045233376, 0.045582555, 0.052505333, 0.060263097, 0.055412598, 0.08375652, 0.083589524, 0.05544296, 0.059147254, 0.052710284, 0.045529418, 0.045111924, 0.04515747, 0.044876613, 0.042622153, 0.025117846 ],
  "lightfield_0.0_0.4_0.0_x" : [ 0.0, 7.995008E-4, 0.037541438, 0.041967943, 0.042950742, 0.04808315, 0.08179478, 0.15659685, 0.16709177, 0.0939004, 0.07735268, 0.056261458, 0.052895755, 0.05279045, 0.052650053, 0.03732304, 0.0, 0.0, 0.0, 0.0 ],
  "lightfield_0.0_0.4_0.0_y" : [ 0.016922116, 0.022350922, 0.022249522, 0.06864007, 0.11943762, 0.13467103, 0.13458523, 0.13324754, 0.107620604, 0.022928122, 0.020712921, 0.018482119, 0.016450217, 0.014313014, 0.012117312, 0.01038961, 0.029207129, 0.03890254, 0.03893374, 0.017838618 ],
  "lightfield_0.0_0.2_0.0_y" : [ 0.0, 0.0, 0.007158379, 0.015366499, 0.059327777, 0.18757433, 0.19332659, 0.19310193, 0.15053514, 0.015416856, 0.01345295, 0.011500664, 0.009478655, 0.008153889, 0.056194052, 0.0684152, 0.010997099, 0.0, 0.0, 0.0 ],
  "lightfield_0.0_0.2_0.0_x" : [ 0.030175202, 0.038786173, 0.038859773, 0.038875267, 0.038883016, 0.04149768, 0.054183662, 0.057007503, 0.09296596, 0.12308694, 0.06545579, 0.056201797, 0.05376144, 0.03915029, 0.038929496, 0.038875267, 0.038999222, 0.038821038, 0.038778428, 0.03670606 ],
  "a3" : [ 0.12741289, 0.16418067, 0.12625283, 0.10844157, 0.09098137, 0.07893936, 0.04672293, 0.0, 0.0, 0.0, 0.0, 0.0, 0.0, 0.006067793, 0.023482712, 0.034078006, 0.039358143, 0.043587912, 0.05001401, 0.06047981 ],