{
  "eccentricity_minmax" : 0.010345151,
  "compactness" : 887.7953,
  "eccentricity" : 5.854188,
  "compactness_standardized" : -0.05916756,
  "convexity_minmax" : 0.027210012,
  "diameter_standardized" : -0.4939344,
  "surface_area_minmax" : 0.041835703,
  "convexity" : 0.05307517,
  "diameter_minmax" : 0.028673286,
  "rectangularity _standardized" : -0.40104213,
  "convexity_standardized" : -1.0072278,
  "diameter" : 1.0152096,
  "surface_area" : 0.86975294,
  "rectangularity " : 2.5677055E-4,
  "compactness_minmax" : 2.2541427E-4,
  "surface_area_standardized" : -0.4426564,
  "rectangularity _minmax" : 4.6266493E-4,
  "eccentricity_standardized" : -0.14508541,
  "lightfield_0.0_0.0_0.6_y" : [ 0.0316158, 0.039790038, 0.040128525, 0.040477116, 0.041553207, 0.057926938, 0.060422655, 0.062135305, 0.0729063, 0.07844841, 0.09237695, 0.070395425, 0.044730954, 0.044518765, 0.043963037, 0.043437626, 0.04303346, 0.0425232, 0.040305346, 0.00931095 ],
  "lightfield_0.0_0.0_0.6_x" : [ 0.0, 0.0, 0.0, 0.003293944, 0.026255563, 0.06667711, 0.08603661, 0.08228292, 0.10727547, 0.11124639, 0.13697654, 0.15335028, 0.1325762, 0.07344687, 0.019905122, 6.769762E-4, 0.0, 0.0, 0.0, 0.0 ],
  "lightfield_0.0_0.0_0.8_y" : [ 0.0, 0.0, 0.003967534, 0.03325771, 0.07203569, 0.086201854, 0.10175943, 0.09663743, 0.071904615, 0.06593567, 0.072262555, 0.08502218, 0.10071083, 0.096551724, 0.06956544, 0.037079047, 0.007108288, 0.0, 0.0, 0.0 ],
  "lightfield_0.0_0.0_0.8_x" : [ 1.1090946E-4, 0.014831619, 0.03859145, 0.04523089, 0.057551924, 0.065930635, 0.06822948, 0.07390099, 0.0888536, 0.07533777, 0.052077033, 0.07012503, 0.08013208, 0.059306312, 0.053871747, 0.05313571, 0.052440006, 0.039443437, 0.010899375, 0.0 ],
  "lightfield_0.0_0.0_0.2_y" : [ 0.0, 0.0, 5.895929E-4, 0.022202961, 0.053935155, 0.087678015, 0.10034166, 0.095624916, 0.076339684, 0.068438135, 0.068549, 0.08027534, 0.107200086, 0.09229901, 0.081016116, 0.052438498, 0.013071829, 0.0, 0.0, 0.0 ],
  "lightfield_0.0_0.0_0.2_x" : [ 1.6125619E-4, 0.015556183, 0.039180215, 0.04510134, 0.057780106, 0.06586307, 0.068276875, 0.073840216, 0.08864051, 0.07509499, 0.05219661, 0.07041856, 0.07982181, 0.058863547, 0.053547133, 0.052997854, 0.052257083, 0.03954304, 0.010859597, 0.0 ],
  "lightfield_0.0_0.0_0.4_y" : [ 0.029444735, 0.042412337, 0.042927407, 0.043240488, 0.043801002, 0.044245373, 0.044518057, 0.050749373, 0.09514624, 0.07589682, 0.08288054, 0.06358568, 0.06106589, 0.05957118, 0.04855781, 0.040675245, 0.040165227, 0.039892543, 0.038867455, 0.012356589 ],
  "lightfield_0.0_0.0_0.4_x" : [ 0.0, 0.0, 0.0, 0.003393391, 0.026263433, 0.06696898, 0.08691525, 0.082390726, 0.10641714, 0.110305406, 0.13565989, 0.15428315, 0.13296841, 0.07405874, 0.019825079, 5.5041607E-4, 0.0, 0.0, 0.0, 0.0 ],
  "lightfield_0.0_0.0_0.0_y" : [ 0.0, 0.0, 0.0, 0.0, 0.0079683885, 0.016103312, 0.01606294, 0.06654286, 0.2329101, 0.2520968, 0.23114888, 0.040114455, 0.0062778187, 0.03397289, 0.081177644, 0.015623896, 0.0, 0.0, 0.0, 0.0 ],
  "lightfield_0.0_0.0_0.0_x" : [ 0.038625743, 0.039079927, 0.039407946, 0.03981671, 0.040099315, 0.040518172, 0.046311527, 0.060128786, 0.0614005, 0.09562067, 0.09459623, 0.06133994, 0.059926927, 0.04596332, 0.04056359, 0.040053897, 0.03970569, 0.039468504, 0.039135437, 0.038237166 ],
  "d1" : [ 0.0111636, 0.0325773, 0.0586034, 0.0596282, 0.0697227, 0.0561447, 0.0615378, 0.0585771, 0.0762141, 0.1855948, 0.0499485, 0.0397426, 0.0314029, 0.0296422, 0.0297208, 0.0288965, 0.0288671, 0.0274571, 0.0295646, 0.034994 ],
  "d2" : [ 0.01913126, 0.05342388, 0.09711535, 0.09976522, 0.10407548, 0.11683392, 0.1059182, 0.09071233, 0.07465051, 0.07266436, 0.046787314, 0.030958837, 0.025221629, 0.021504276, 0.01730914, 0.008613013, 0.0067112786, 0.004790841, 0.0028165947, 9.96575E-4 ],
  "d3" : [ 0.00169736, 0.014801112, 0.041503064, 0.07235489, 0.10014072, 0.12048469, 0.13075659, 0.12746681, 0.111108005, 0.08770267, 0.063711524, 0.044419434, 0.03126004, 0.022609733, 0.01519031, 0.00882277, 0.004094432, 0.00146855, 3.6545208E-4, 4.185795E-5 ],
  "d4" : [ 8.1346315E-7, 3.3555355E-6, 1.1998582E-5, 5.9179445E-5, 2.9213494E-4, 0.0016204186, 0.0073255408, 0.022934271, 0.06224549, 0.24702282, 0.5082734, 0.10021998, 0.034030113, 0.012110127, 0.003104277, 6.0592836E-4, 1.0717377E-4, 2.5420723E-5, 6.4060223E-6, 1.1185118E-6 ],
  "lightfield_0.0_0.8_0.0_y" : [ 0.0, 0.0, 0.0, 0.0, 0.011649114, 0.02535559, 0.025183216, 0.06519612, 0.21363197, 0.24416988, 0.22785556, 0.046551973, 0.015925089, 0.033190243, 0.074693345, 0.016597902, 0.0, 0.0, 0.0, 0.0 ],
  "lightfield_0.0_0.8_0.0_x" : [ 0.0, 0.0234428, 0.039328966, 0.04126956, 0.041575383, 0.042059142, 0.04252622, 0.055737816, 0.076995365, 0.13884966, 0.10718297, 0.06932196, 0.06278288, 0.046969008, 0.046335116, 0.045940325, 0.045250833, 0.04254846, 0.03188354, 0.0 ],
  "lightfield_0.8_0.0_0.0_x" : [ 0.038304362, 0.039200116, 0.03999419, 0.04085605, 0.041780856, 0.042642716, 0.04774609, 0.05972498, 0.0615988, 0.08918801, 0.08827289, 0.061608482, 0.059836343, 0.047615357, 0.042521667, 0.041751802, 0.040710792, 0.03981988, 0.039025806, 0.037800804 ],
  "lightfield_0.8_0.0_0.0_y" : [ 0.0, 0.0, 0.0, 0.0, 6.246066E-4, 0.05559967, 0.051333945, 0.008381349, 0.20521474, 0.24185349, 0.24185349, 0.14787683, 0.018384738, 0.015421488, 0.01339757, 5.8102938E-5, 0.0, 0.0, 0.0, 0.0 ],
  "lightfield_0.0_0.6_0.0_x" : [ 0.0, 0.0, 0.0, 0.0, 0.0, 0.0014829693, 0.062387954, 0.06871404, 0.15338407, 0.2502182, 0.19896193, 0.104464866, 0.076410465, 0.06260383, 0.021371653, 0.0, 0.0, 0.0, 0.0, 0.0 ],
  "lightfield_0.0_0.6_0.0_y" : [ 0.0, 0.0, 0.0, 0.0, 0.024328206, 0.057122476, 0.05720695, 0.082736544, 0.17007218, 0.19779807, 0.18709816, 0.06684625, 0.043597423, 0.04378514, 0.05706616, 0.012342434, 0.0, 0.0, 0.0, 0.0 ],
  "lightfield_0.6_0.0_0.0_y" : [ 0.0, 0.0, 0.0, 0.0, 0.0, 0.0, 7.7109766E-4, 0.009585961, 0.3703298, 0.12484477, 0.34429103, 0.12497464, 0.022994943, 0.0022077742, 0.0, 0.0, 0.0, 0.0, 0.0, 0.0 ],
  "lightfield_0.6_0.0_0.0_x" : [ 0.04312465, 0.04362789, 0.04399315, 0.044829182, 0.04539736, 0.049950894, 0.048903823, 0.052670028, 0.050332382, 0.07834352, 0.0774182, 0.05031615, 0.052759312, 0.048530452, 0.05003206, 0.04513762, 0.044626262, 0.043855164, 0.04388763, 0.042264268 ],
  "lightfield_0.0_0.4_0.0_x" : [ 0.0, 0.0, 0.0, 0.0, 0.0, 0.0011024943, 0.061946984, 0.06898599, 0.15533862, 0.25134042, 0.19826993, 0.10428465, 0.07597788, 0.062691405, 0.020061627, 0.0, 0.0, 0.0, 0.0, 0.0 ],
  "lightfield_0.0_0.4_0.0_y" : [ 0.0, 0.0, 0.0, 0.0, 0.024320835, 0.057028167, 0.05726374, 0.08325245, 0.16968046, 0.19797781, 0.18607654, 0.06704485, 0.043704003, 0.044175155, 0.05725432, 0.012221667, 0.0, 0.0, 0.0, 0.0 ],
  "lightfield_0.0_0.2_0.0_y" : [ 0.0, 0.0, 0.0, 0.0, 0.011598678, 0.025287459, 0.02518156, 0.06522793, 0.21328525, 0.2443637, 0.22796056, 0.04648389, 0.016091006, 0.033129524, 0.07480339, 0.016587056, 0.0, 0.0, 0.0, 0.0 ],
  "lightfield_0.0_0.2_0.0_x" : [ 0.0, 0.02340358, 0.039338525, 0.041361745, 0.041567966, 0.042181063, 0.042543348, 0.055914436, 0.078019366, 0.13965231, 0.105965436, 0.069179624, 0.06273653, 0.04699666, 0.046383563, 0.04594325, 0.045363594, 0.042404007, 0.031044995, 0.0 ],
  "a3" : [ 0.1475539, 0.16822317, 0.12775257, 0.09971479, 0.07954157, 0.069188476, 0.042148843, 0.0, 0.0, 0.0, 0.0, 0.0, 0.0, 0.0059759268, 0.02502542, 0.038319543, 0.043979324, 0.045907304, 0.049771115, 0.056898035 ],
  "lightfield_0.4_0.0_0.0_y" : [ 0.0, 0.0, 0.0, 0.0, 0.0, 0.0, 0.0, 0.04393281, 0.39798573, 0.04838185, 0.43357804, 0.07497154, 0.0011500128, 0.0, 0.0, 0.0, 0.0, 0.0, 0.0, 0.0 ],
  "lightfield_0.4_0.0_0.0_x" : [ 0.039355993, 0.040424693, 0.040912576, 0.04158632, 0.04145854, 0.050437935, 0.04597728, 0.054759193, 0.05552587, 0.09043282, 0.08914342, 0.055723347, 0.05382989, 0.04600051, 0.051669262, 0.04187673, 0.040982272, 0.04074995, 0.040320147, 0.03883326 ],