{
  "eccentricity_minmax" : 0.024966218,
  "compactness" : 2.3192604,
  "eccentricity" : 12.713706,
  "compactness_standardized" : -0.06507991,
  "convexity_minmax" : 0.4782084,
  "diameter_standardized" : -0.5343556,
  "surface_area_minmax" : 0.037522968,
  "convexity" : 0.9157856,
  "diameter_minmax" : 0.022153044,
  "rectangularity _standardized" : -0.3352437,
  "convexity_standardized" : 2.0804172,
  "diameter" : 1.0117509,
  "surface_area" : 0.7817244,
  "rectangularity " : 0.003420945,
  "compactness_minmax" : 4.7278363E-7,
  "surface_area_standardized" : -0.4965296,
  "rectangularity _minmax" : 0.006164712,
  "eccentricity_standardized" : 0.16507576,
  "lightfield_0.0_0.0_0.6_y" : [ 0.0, 0.0010954052, 0.031433567, 0.059548967, 0.06251112, 0.06247005, 0.062465485, 0.06248374, 0.06253851, 0.06249287, 0.062465485, 0.0633555, 0.0651903, 0.063437656, 0.060831502, 0.056983892, 0.05346034, 0.047919415, 0.035824314, 0.023491878 ],
  "lightfield_0.0_0.0_0.6_x" : [ 0.0, 0.0, 0.0, 0.019580368, 0.09542805, 0.12460235, 0.1488884, 0.17201057, 0.15969639, 0.12960014, 0.08904732, 0.050192382, 0.010954052, 0.0, 0.0, 0.0, 0.0, 0.0, 0.0, 0.0 ],
  "lightfield_0.0_0.0_0.8_y" : [ 0.0, 0.0, 0.0, 0.0059646503, 0.03057408, 0.055085577, 0.07956443, 0.09928182, 0.103376396, 0.10646831, 0.103418365, 0.0985683, 0.09449704, 0.08773492, 0.071510516, 0.049363427, 0.014592174, 0.0, 0.0, 0.0 ],
  "lightfield_0.0_0.0_0.8_x" : [ 0.04422422, 0.053383388, 0.065261394, 0.07251318, 0.072046824, 0.073870264, 0.07623933, 0.07574034, 0.075101435, 0.075054795, 0.07512475, 0.07500816, 0.07326867, 0.05584573, 0.031306256, 0.006011286, 0.0, 0.0, 0.0, 0.0 ],
  "lightfield_0.0_0.0_0.2_y" : [ 0.0, 0.0, 0.0, 0.005770251, 0.029629465, 0.053015564, 0.07604793, 0.09486647, 0.0978555, 0.09941192, 0.097201094, 0.09331004, 0.08951185, 0.08340113, 0.07285108, 0.059643615, 0.03822515, 0.0092589315, 0.0, 0.0 ],
  "lightfield_0.0_0.0_0.2_x" : [ 0.011261938, 0.035258226, 0.05833923, 0.07020693, 0.07117085, 0.07116201, 0.07126371, 0.071148746, 0.07303679, 0.073134065, 0.06951273, 0.0681376, 0.065869294, 0.05974531, 0.04884153, 0.039551646, 0.026215954, 0.015895827, 2.476123E-4, 0.0 ],
  "lightfield_0.0_0.0_0.4_y" : [ 0.0, 0.0010874233, 0.03169976, 0.060169235, 0.06253598, 0.06253141, 0.06255882, 0.062513135, 0.06259081, 0.0625177, 0.06249943, 0.06317564, 0.063705646, 0.06388384, 0.062302962, 0.05712171, 0.053466506, 0.046941966, 0.036049455, 0.022648562 ],
  "lightfield_0.0_0.0_0.4_x" : [ 0.0, 0.0, 0.0, 0.019495947, 0.059255436, 0.0981925, 0.14055632, 0.1653249, 0.16899382, 0.1439054, 0.1185063, 0.08037795, 0.005391427, 0.0, 0.0, 0.0, 0.0, 0.0, 0.0, 0.0 ],
  "lightfield_0.0_0.0_0.0_y" : [ 0.0, 0.0, 0.0, 0.0, 0.0, 0.0, 0.0, 0.10417191, 0.18493892, 0.21796893, 0.21858263, 0.18466958, 0.08966802, 0.0, 0.0, 0.0, 0.0, 0.0, 0.0, 0.0 ],
  "lightfield_0.0_0.0_0.0_x" : [ 0.055569537, 0.057618182, 0.057618182, 0.057618182, 0.057618182, 0.057618182, 0.057618182, 0.057618182, 0.057618182, 0.057618182, 0.059560865, 0.060854517, 0.05642608, 0.052871857, 0.049675263, 0.0466332, 0.037052244, 0.02283976, 0.019956643, 0.01999638 ],
  "d1" : [ 0.1536141, 0.0764129, 0.0602071, 0.0611438, 0.0479307, 0.0611575, 0.0559897, 0.0524328, 0.0514863, 0.0642118, 0.0413587, 0.1565683, 0.0211057, 0.0186028, 0.009685, 0.0089833, 0.0096575, 0.0093528, 0.018672, 0.0214272 ],
  "d2" : [ 0.013146308, 0.03479491, 0.0580864, 0.08297087, 0.109755576, 0.12306731, 0.08889321, 0.07812402, 0.071010366, 0.060125258, 0.051297806, 0.047702476, 0.040452603, 0.034997746, 0.028352678, 0.023752471, 0.019172866, 0.01281575, 0.011727359, 0.009754013 ],
  "d3" : [ 8.121046E-4, 0.0044240635, 0.012824229, 0.02359752, 0.036703687, 0.0514726, 0.06690379, 0.08257849, 0.095570855, 0.10175496, 0.104055844, 0.10199877, 0.095146745, 0.0836015, 0.06590132, 0.042053957, 0.01974357, 0.008068623, 0.0025124832, 2.7489403E-4 ],
  "d4" : [ 1.7387774E-5, 2.887794E-4, 0.0015486304, 0.0050078826, 0.012414566, 0.025672084, 0.046194945, 0.07337641, 0.11296532, 0.18540756, 0.22275743, 0.12579964, 0.08187954, 0.052299477, 0.030134233, 0.015083538, 0.0064405943, 0.002150593, 5.047539E-4, 5.663737E-5 ],
  "lightfield_0.0_0.8_0.0_y" : [ 0.0, 0.0, 0.0, 0.0, 0.0, 0.0, 0.0, 0.1047468, 0.19633153, 0.20532297, 0.20513268, 0.19544879, 0.093017235, 0.0, 0.0, 0.0, 0.0, 0.0, 0.0, 0.0 ],
  "lightfield_0.0_0.8_0.0_x" : [ 0.04234063, 0.055803996, 0.060159635, 0.06490115, 0.071038164, 0.07236494, 0.06905592, 0.06898192, 0.06898192, 0.06898192, 0.06898192, 0.06898192, 0.06898192, 0.06850618, 0.061697856, 0.020239983, 0.0, 0.0, 0.0, 0.0 ],
  "lightfield_0.8_0.0_0.0_x" : [ 0.05518184, 0.05762204, 0.057827212, 0.057643868, 0.05762204, 0.05762204, 0.057691887, 0.057744272, 0.05762204, 0.05762204, 0.059407454, 0.060271785, 0.056172762, 0.052794013, 0.049856164, 0.04699252, 0.036899935, 0.022184487, 0.02050821, 0.020713378 ],
  "lightfield_0.8_0.0_0.0_y" : [ 0.0, 0.0, 0.0, 0.0, 0.0, 0.0, 0.0, 0.11382536, 0.1830504, 0.2165672, 0.2160652, 0.18283649, 0.08765535, 0.0, 0.0, 0.0, 0.0, 0.0, 0.0, 0.0 ],
  "lightfield_0.0_0.6_0.0_x" : [ 0.0, 0.0, 0.0, 0.03328556, 0.086881906, 0.11524535, 0.13022856, 0.12673971, 0.12305284, 0.12282654, 0.11994116, 0.10302493, 0.038773432, 0.0, 0.0, 0.0, 0.0, 0.0, 0.0, 0.0 ],
  "lightfield_0.0_0.6_0.0_y" : [ 0.0, 0.0, 0.0, 0.0, 0.0, 0.0, 0.0, 0.094463095, 0.19221702, 0.2163467, 0.21761023, 0.19104779, 0.08831517, 0.0, 0.0, 0.0, 0.0, 0.0, 0.0, 0.0 ],
  "lightfield_0.6_0.0_0.0_y" : [ 0.0, 0.0, 0.0, 0.0, 0.0, 0.0, 0.0, 0.10420286, 0.18520668, 0.21690539, 0.22019356, 0.18520226, 0.08828925, 0.0, 0.0, 0.0, 0.0, 0.0, 0.0, 0.0 ],
  "lightfield_0.6_0.0_0.0_x" : [ 0.056018896, 0.058052965, 0.058092847, 0.058052965, 0.058052965, 0.0581283, 0.058052965, 0.05806626, 0.058088418, 0.058052965, 0.06004272, 0.060530186, 0.05585936, 0.052119154, 0.048724607, 0.0453921, 0.036883574, 0.022463396, 0.019578474, 0.019746872 ],
  "lightfield_0.0_0.4_0.0_x" : [ 0.0, 0.0, 0.0, 0.05338462, 0.10967354, 0.124632105, 0.12675934, 0.12771124, 0.1338598, 0.13073209, 0.10832338, 0.07543395, 0.009489952, 0.0, 0.0, 0.0, 0.0, 0.0, 0.0, 0.0 ],
  "lightfield_0.0_0.4_0.0_y" : [ 0.0, 0.0, 0.0, 0.0, 0.0, 0.0, 0.0, 0.093685344, 0.18964362, 0.21782207, 0.21694787, 0.19319871, 0.088702396, 0.0, 0.0, 0.0, 0.0, 0.0, 0.0, 0.0 ],
  "lightfield_0.0_0.2_0.0_y" : [ 0.0, 0.0, 0.0, 0.0, 0.0, 0.0, 0.0, 0.09898838, 0.18539846, 0.22136895, 0.22173801, 0.18598491, 0.086521305, 0.0, 0.0, 0.0, 0.0, 0.0, 0.0, 0.0 ],
  "lightfield_0.0_0.2_0.0_x" : [ 0.02877134, 0.061480984, 0.06594001, 0.0659754, 0.0659754, 0.0659754, 0.0659754, 0.0659754, 0.0659754, 0.06713819, 0.06998953, 0.06647085, 0.05985814, 0.055237334, 0.050035138, 0.032684363, 0.024221314, 0.021334574, 9.858393E-4, 0.0 ],
  "a3" : [ 0.114936896, 0.18580714, 0.13864984, 0.09837272, 0.07970589, 0.07260996, 0.047635254, 0.0, 0.0, 0.0, 0.0, 0.0, 0.0, 0.0012469846, 0.012616047, 0.03252544, 0.045297947, 0.05094857, 0.055156503, 0.064490825 ],
  "lightfield_0.4_0.0_0.0_y" : [ 0.0, 0.0, 0.0, 0.0, 0.0, 0.0, 0.0, 0.11176535, 0.18092118, 0.21411493, 0.21621071, 0.18242684, 0.094560996, 0.0, 0.0, 0.0, 0.0, 0.0, 0.0, 0.0 ],
  "lightfield_0.4_0.0_0.0_x" : [ 0.05517107, 0.057926368, 0.057935044, 0.057926368, 0.057926368, 0.057965416, 0.057926368, 0.057939384, 0.057982773, 0.057926368, 0.05919771, 0.059714057, 0.05627319, 0.052758552, 0.049348056, 0.046276007, 0.036513135, 0.022155209, 0.020467317, 0.020671252 ],
  "lightfield_0.2_0.0_0.0_x" : [ 0.055333313, 0.05867495, 0.058474276, 0.058456827, 0.058539715, 0.05867495, 0.05854844, 0.058456827, 0.058561526, 0.05867495, 0.060236707, 0.059128646, 0.054726932, 0.051620867, 0.048728563, 0.04587116, 0.03625632, 0.02258004, 0.01907263, 0.019382365 ],
  "lightfield_0.2_0.0_0.0_y" : [ 0.0, 0.0, 0.0, 0.0, 0.0, 0.0, 0.0, 0.10894782, 0.18230678, 0.21452783, 0.21570133, 0.1826296, 0.09588665, 0.0, 0.0, 0.0, 0.0, 0.0, 0.0, 0.0 ]
}