{
  "eccentricity_minmax" : 4.2805573E-4,
  "compactness" : 18.776972,
  "eccentricity" : 1.2015522,
  "compactness_standardized" : -0.06498627,
  "convexity_minmax" : 0.068655565,
  "diameter_standardized" : 0.054047484,
  "surface_area_minmax" : 0.07779101,
  "convexity" : 0.13235597,
  "diameter_minmax" : 0.11693982,
  "rectangularity _standardized" : 0.21692573,
  "convexity_standardized" : -0.7229619,
  "diameter" : 1.06203,
  "surface_area" : 1.603648,
  "rectangularity " : 0.029950915,
  "compactness_minmax" : 4.653611E-6,
  "surface_area_standardized" : 0.0068112775,
  "rectangularity _minmax" : 0.05397343,
  "eccentricity_standardized" : -0.3555272,
  "lightfield_0.0_0.0_0.6_y" : [ 0.012997116, 0.016250324, 0.018411271, 0.020792242, 0.031180507, 0.04117587, 0.06119803, 0.055194523, 0.06634109, 0.061315898, 0.102920026, 0.14144775, 0.0835933, 0.0646359, 0.06377938, 0.036461074, 0.03217847, 0.033105712, 0.03557312, 0.021448385 ],
  "lightfield_0.0_0.0_0.6_x" : [ 0.0, 0.006093872, 0.013496098, 0.026336055, 0.04242529, 0.044986997, 0.061461274, 0.07741692, 0.09017437, 0.0989596, 0.096555054, 0.09043761, 0.10985078, 0.06676935, 0.06612106, 0.05142269, 0.03605639, 0.01579456, 0.005642037, 0.0 ],
  "lightfield_0.0_0.0_0.8_y" : [ 0.008858988, 0.014342177, 0.014755702, 0.027789706, 0.030115787, 0.028883163, 0.03449359, 0.05484779, 0.0590745, 0.08610475, 0.10391815, 0.08742882, 0.08392579, 0.1337238, 0.103719346, 0.048219454, 0.034068137, 0.020755798, 0.016107611, 0.008866941 ],
  "lightfield_0.0_0.0_0.8_x" : [ 0.011928619, 0.013431625, 0.01816331, 0.02852928, 0.029845405, 0.029845405, 0.034926996, 0.0667605, 0.09810494, 0.11031587, 0.08716242, 0.08002115, 0.09872523, 0.12175144, 0.062315106, 0.032056175, 0.029710215, 0.01902217, 0.015308395, 0.012075739 ],
  "lightfield_0.0_0.0_0.2_y" : [ 0.0, 0.0048156343, 0.027190922, 0.03717041, 0.033182863, 0.038975213, 0.061694473, 0.07964057, 0.12566513, 0.15437208, 0.117363036, 0.07321123, 0.061843105, 0.047451407, 0.040240698, 0.029883262, 0.02919956, 0.028350241, 0.009750173, 0.0 ],
  "lightfield_0.0_0.0_0.2_x" : [ 0.012926623, 0.014769644, 0.015321701, 0.015593482, 0.030409839, 0.035968628, 0.044525508, 0.05114594, 0.05622911, 0.11068315, 0.11363028, 0.07871481, 0.103043534, 0.08561552, 0.07109218, 0.06529983, 0.050598133, 0.018069245, 0.014637999, 0.011724838 ],
  "lightfield_0.0_0.0_0.4_y" : [ 0.0123926075, 0.014061646, 0.019152213, 0.048368722, 0.063160576, 0.06767532, 0.08139064, 0.062893525, 0.12551166, 0.105950534, 0.06648196, 0.07860335, 0.07051686, 0.05258722, 0.050233874, 0.025219165, 0.014190996, 0.014090854, 0.01445387, 0.013064396 ],
  "lightfield_0.0_0.0_0.4_x" : [ 0.0, 2.8373647E-4, 0.015175729, 0.029274927, 0.031069145, 0.046090487, 0.04985834, 0.0508389, 0.051702626, 0.055094946, 0.0759913, 0.15288389, 0.15494515, 0.078369685, 0.06046508, 0.05590443, 0.061170246, 0.029187303, 0.0016940737, 0.0 ],
  "lightfield_0.0_0.0_0.0_y" : [ 0.0, 4.466433E-4, 0.012399123, 0.019724837, 0.040655993, 0.08644648, 0.12272002, 0.08463699, 0.06977179, 0.073677056, 0.10261726, 0.09395543, 0.0759599, 0.060392283, 0.04356872, 0.04571795, 0.040228438, 0.02604274, 0.0010383503, 0.0 ],
  "lightfield_0.0_0.0_0.0_x" : [ 0.018694121, 0.036075037, 0.038915228, 0.032417905, 0.032207943, 0.03272712, 0.095104486, 0.12053261, 0.0806592, 0.05486841, 0.08364446, 0.10135749, 0.08281989, 0.051241823, 0.029291403, 0.02834467, 0.0291158, 0.022034403, 0.01606389, 0.013884117 ],
  "d1" : [ 0.0047089, 0.0078711, 0.0126187, 0.017094, 0.0229946, 0.0343608, 0.0622897, 0.0853052, 0.0954165, 0.1204165, 0.1530894, 0.1020968, 0.0817924, 0.061702, 0.0443947, 0.0334049, 0.0223608, 0.0168379, 0.0118065, 0.0094386 ],
  "d2" : [ 0.0071328525, 0.020314768, 0.02533875, 0.037805237, 0.056633346, 0.07340139, 0.08039982, 0.07920021, 0.08149161, 0.083420746, 0.084757686, 0.08663521, 0.08416968, 0.072653756, 0.052486915, 0.03279086, 0.021264734, 0.013540878, 0.0057589114, 8.026409E-4 ],
  "d3" : [ 0.0010857912, 0.010394556, 0.02842688, 0.050195932, 0.07099622, 0.08812577, 0.10209345, 0.11244806, 0.11634397, 0.10991203, 0.096758775, 0.08017075, 0.061008263, 0.040224586, 0.02068628, 0.00788479, 0.0023837902, 6.6952594E-4, 1.6954482E-4, 2.1029595E-5 ],
  "d4" : [ 3.2538526E-6, 3.2640208E-5, 1.6096402E-4, 6.5799E-4, 0.0023213187, 0.006831972, 0.018388132, 0.047811702, 0.13306467, 0.49225086, 0.19558999, 0.064455666, 0.024493579, 0.009342115, 0.003281917, 9.96289E-4, 2.5868128E-4, 5.0739764E-5, 6.711071E-6, 8.1346315E-7 ],
  "lightfield_0.0_0.8_0.0_y" : [ 0.0, 0.0, 0.024073932, 0.038757034, 0.052459143, 0.08422226, 0.12556034, 0.06698668, 0.06422784, 0.06272937, 0.06916454, 0.06355163, 0.06577076, 0.062764294, 0.0584054, 0.05998006, 0.063015096, 0.03833162, 0.0, 0.0 ],
  "lightfield_0.0_0.8_0.0_x" : [ 0.012625878, 0.028280443, 0.046487484, 0.057710133, 0.07806964, 0.084711164, 0.07987923, 0.09895615, 0.09070822, 0.079580806, 0.059999112, 0.047344662, 0.04665257, 0.049668558, 0.0322298, 0.021680191, 0.021365894, 0.022550065, 0.024162825, 0.017337168 ],
  "lightfield_0.8_0.0_0.0_x" : [ 0.017357545, 0.05006575, 0.077836566, 0.041599873, 0.024658736, 0.025767064, 0.11042893, 0.09054164, 0.06253914, 0.053043205, 0.05715717, 0.07819975, 0.09613337, 0.054001253, 0.02888228, 0.026242955, 0.01870382, 0.024298685, 0.03367251, 0.028869756 ],
  "lightfield_0.8_0.0_0.0_y" : [ 0.0, 0.009596118, 0.03310269, 0.033622418, 0.04039449, 0.040375706, 0.041208517, 0.041643705, 0.043550406, 0.044614904, 0.06495304, 0.073209144, 0.109915465, 0.095892295, 0.08387602, 0.09844709, 0.07830307, 0.04751722, 0.019777708, 0.0 ],
  "lightfield_0.0_0.6_0.0_x" : [ 0.019925537, 0.031984016, 0.04096027, 0.054616198, 0.06576078, 0.074659415, 0.07887588, 0.08018538, 0.0685826, 0.058554735, 0.059350956, 0.05949117, 0.058051463, 0.054390855, 0.048218895, 0.04423529, 0.031348042, 0.03025136, 0.02657823, 0.013978923 ],
  "lightfield_0.0_0.6_0.0_y" : [ 3.981101E-4, 0.035506915, 0.04981384, 0.068029255, 0.081359684, 0.105804645, 0.07870812, 0.052029736, 0.053557076, 0.051241025, 0.043431558, 0.03150328, 0.044185214, 0.06296399, 0.057147577, 0.05212989, 0.054065354, 0.0514188, 0.026705926, 0.0 ],
  "lightfield_0.6_0.0_0.0_y" : [ 0.0, 0.006079233, 0.03350051, 0.042470194, 0.049720243, 0.060240693, 0.06442298, 0.06309737, 0.060713522, 0.05910365, 0.05708568, 0.071501344, 0.08907483, 0.10263771, 0.07616209, 0.052979387, 0.052334875, 0.04496099, 0.0139146885, 0.0 ],
  "lightfield_0.6_0.0_0.0_x" : [ 0.015608992, 0.042827632, 0.0614875, 0.033362605, 0.013942833, 0.01570187, 0.099463, 0.099930204, 0.06400926, 0.05132167, 0.051710065, 0.09105621, 0.097036935, 0.051200647, 0.024834791, 0.040561993, 0.037868552, 0.033452667, 0.04053103, 0.034091547 ],
  "lightfield_0.0_0.4_0.0_x" : [ 0.021036135, 0.036524415, 0.058640487, 0.07066042, 0.07768753, 0.09075475, 0.08373266, 0.0847699, 0.06350522, 0.06220176, 0.060735058, 0.0606999, 0.057397306, 0.04230584, 0.037061874, 0.03287022, 0.025137378, 0.016801784, 0.009423063, 0.008054309 ],
  "lightfield_0.0_0.4_0.0_y" : [ 0.0, 0.02976352, 0.050307404, 0.06343741, 0.07796379, 0.088393964, 0.06511005, 0.04941583, 0.050960388, 0.04887084, 0.041981857, 0.050736867, 0.07480436, 0.068970196, 0.047331303, 0.055908, 0.059672706, 0.052896738, 0.023474779, 0.0 ],
  "lightfield_0.0_0.2_0.0_y" : [ 0.0, 0.0, 0.011963638, 0.041012857, 0.05039178, 0.094521895, 0.10830705, 0.0692005, 0.06360029, 0.062209558, 0.070954174, 0.08444083, 0.08831451, 0.07265697, 0.043570437, 0.045364812, 0.062494487, 0.030996235, 0.0, 0.0 ],
  "lightfield_0.0_0.2_0.0_x" : [ 0.015504901, 0.04140633, 0.061663445, 0.07824022, 0.101553544, 0.08705268, 0.092958175, 0.09707948, 0.08760218, 0.06005224, 0.050154336, 0.04519521, 0.040561717, 0.03687799, 0.026047284, 0.021624098, 0.022054883, 0.014083647, 0.011152946, 0.009134697 ],