{
  "eccentricity_minmax" : 0.0019134941,
  "compactness" : 19.580189,
  "eccentricity" : 1.8984501,
  "compactness_standardized" : -0.06498092,
  "convexity_minmax" : 0.041659784,
  "diameter_standardized" : 0.5152671,
  "surface_area_minmax" : 0.035791703,
  "convexity" : 0.080716,
  "diameter_minmax" : 0.1913121,
  "rectangularity _standardized" : -0.30214113,
  "convexity_standardized" : -0.9078395,
  "diameter" : 1.1014802,
  "surface_area" : 0.746387,
  "rectangularity " : 0.0049892743,
  "compactness_minmax" : 4.8576558E-6,
  "surface_area_standardized" : -0.5177556,
  "rectangularity _minmax" : 0.0089909425,
  "eccentricity_standardized" : -0.3240233,
  "lightfield_0.0_0.0_0.6_y" : [ 0.004459229, 0.004232676, 0.005105734, 0.009332884, 0.011471325, 0.0092002675, 0.016405763, 0.04959856, 0.10071668, 0.12799147, 0.1258254, 0.119758196, 0.09965575, 0.051974606, 0.00757019, 0.011510004, 0.03969653, 0.0877921, 0.08089052, 0.036812123 ],
  "lightfield_0.0_0.0_0.6_x" : [ 0.0, 0.0, 0.0, 0.009984915, 0.03868533, 0.06313649, 0.10875103, 0.13730778, 0.12045443, 0.11428224, 0.11259138, 0.09528493, 0.08595757, 0.058191, 0.026340947, 0.014107076, 0.011697877, 0.0032270008, 0.0, 0.0 ],
  "lightfield_0.0_0.0_0.8_y" : [ 0.0, 0.006272239, 0.0068314774, 0.007418129, 0.008119918, 0.0116453115, 0.032019123, 0.061148852, 0.08364996, 0.10994512, 0.10718731, 0.12108053, 0.13212822, 0.100465484, 0.067739084, 0.04580818, 0.04365347, 0.039821044, 0.014852706, 2.1382634E-4 ],
  "lightfield_0.0_0.0_0.8_x" : [ 0.01600408, 0.04555049, 0.059246343, 0.053494964, 0.050885186, 0.047984824, 0.061576504, 0.08736177, 0.11586646, 0.1340417, 0.11226431, 0.08676415, 0.05811142, 0.03018241, 0.013301095, 0.00502766, 0.0070562693, 0.005137315, 0.005192142, 0.004950902 ],
  "lightfield_0.0_0.0_0.2_y" : [ 0.0, 0.005914219, 0.0071070027, 0.007885626, 0.0073389327, 0.015368134, 0.032945126, 0.060831968, 0.083489336, 0.11012817, 0.10753276, 0.12167498, 0.12974283, 0.099647135, 0.06854641, 0.045778595, 0.04416613, 0.038942177, 0.012927345, 3.313288E-5 ],
  "lightfield_0.0_0.0_0.2_x" : [ 0.0050196312, 0.0051797736, 0.0049975426, 0.0063283797, 0.0059363074, 0.009873598, 0.028543975, 0.05727018, 0.08736036, 0.112381205, 0.13823037, 0.11777082, 0.088277034, 0.061268218, 0.045728896, 0.05160998, 0.053100962, 0.05879982, 0.04583934, 0.016483607 ],
  "lightfield_0.0_0.0_0.4_y" : [ 0.004466956, 0.00450537, 0.005054136, 0.009795475, 0.010865569, 0.00945524, 0.019108035, 0.051787056, 0.09877241, 0.1259089, 0.12388395, 0.118527986, 0.09905777, 0.053570546, 0.008357707, 0.010799717, 0.03973615, 0.08791782, 0.08135457, 0.037074637 ],
  "lightfield_0.0_0.0_0.4_x" : [ 0.0, 0.0, 1.6462984E-5, 0.009982055, 0.01250638, 0.015206309, 0.043275695, 0.07296943, 0.09074945, 0.10894105, 0.11336959, 0.11439578, 0.13111119, 0.13134716, 0.08501484, 0.04368727, 0.025632864, 0.0017944651, 0.0, 0.0 ],
  "lightfield_0.0_0.0_0.0_y" : [ 0.0, 0.0, 0.0, 0.0, 0.0065484634, 0.09325296, 0.10469504, 0.098349884, 0.10092671, 0.100978725, 0.10113002, 0.100912526, 0.098572105, 0.1061844, 0.08310638, 0.0053427895, 0.0, 0.0, 0.0, 0.0 ],
  "lightfield_0.0_0.0_0.0_x" : [ 0.008160757, 0.008018913, 0.009380614, 0.006780142, 0.011650118, 0.008647754, 0.012335697, 0.087654844, 0.110855795, 0.11078014, 0.11070922, 0.11040662, 0.101687945, 0.038643025, 0.008690307, 0.004118203, 0.0033333334, 0.05288416, 0.102368794, 0.092893615 ],
  "d1" : [ 0.0093499, 0.0280747, 0.0431067, 0.0568467, 0.0725443, 0.0893658, 0.0879242, 0.1006427, 0.0763016, 0.0575917, 0.0719466, 0.0693174, 0.0634815, 0.0592712, 0.0399618, 0.0219048, 0.0154704, 0.0164045, 0.0110412, 0.0094523 ],
  "d2" : [ 0.014055468, 0.043902308, 0.060585737, 0.07069912, 0.07991394, 0.09211537, 0.10737496, 0.123598404, 0.11865693, 0.09472603, 0.06937568, 0.047183786, 0.028449995, 0.01702229, 0.011935496, 0.008980077, 0.006040861, 0.0035863298, 0.0014823603, 3.1485528E-4 ],
  "d3" : [ 0.0028508685, 0.020674607, 0.051047985, 0.083296515, 0.10036218, 0.112685025, 0.120619014, 0.12018826, 0.11074748, 0.09340038, 0.07131568, 0.048141975, 0.029254682, 0.017013546, 0.0097118495, 0.005254984, 0.0023093312, 8.2900876E-4, 2.6805187E-4, 2.85761E-5 ],
  "d4" : [ 1.7286092E-6, 1.2405313E-5, 5.094313E-5, 1.7286092E-4, 6.150798E-4, 0.0018055831, 0.005234737, 0.016278517, 0.060244877, 0.41047055, 0.42073065, 0.06034707, 0.016134635, 0.0052498877, 0.0018167682, 6.092839E-4, 1.6686163E-4, 4.3011863E-5, 1.25069955E-5, 2.033658E-6 ],
  "lightfield_0.0_0.8_0.0_y" : [ 0.0, 0.0, 0.0, 0.025808914, 0.12264283, 0.11304865, 0.068904184, 0.068668544, 0.06889296, 0.06891541, 0.069302544, 0.068623655, 0.06855633, 0.09534149, 0.13798231, 0.023312181, 0.0, 0.0, 0.0, 0.0 ],
  "lightfield_0.0_0.8_0.0_x" : [ 0.13957572, 0.13743807, 0.13388093, 0.03110535, 0.0042135855, 0.004639994, 0.009953263, 0.0113447, 0.07407158, 0.14980952, 0.0660596, 0.025663037, 0.025231019, 0.030965084, 0.029051859, 0.023991067, 0.02809805, 0.02755382, 0.028013892, 0.019339852 ],
  "lightfield_0.8_0.0_0.0_x" : [ 0.0090045715, 0.009131694, 0.010927312, 0.008416626, 0.013157267, 0.0103817405, 0.016695535, 0.08953192, 0.11381778, 0.11410911, 0.113897234, 0.11303915, 0.09760425, 0.037088238, 0.0101063065, 0.004459911, 0.0038189974, 0.04850286, 0.092641145, 0.08366836 ],
  "lightfield_0.8_0.0_0.0_y" : [ 0.0, 0.0, 0.004682377, 0.008999274, 0.0093064895, 0.010222836, 0.015683845, 0.05582834, 0.073286615, 0.115200244, 0.11525322, 0.11132828, 0.10983988, 0.11749376, 0.10189467, 0.086661056, 0.047941398, 0.016377727, 0.0, 0.0 ],
  "lightfield_0.0_0.6_0.0_x" : [ 0.06065595, 0.08596276, 0.09300103, 0.09657971, 0.096070595, 0.097958185, 0.1001048, 0.098940685, 0.0955853, 0.06609543, 0.01718481, 0.01413013, 0.009542155, 0.009741632, 0.010003632, 0.009202747, 0.009985768, 0.010503814, 0.010360905, 0.008389951 ],
  "lightfield_0.0_0.6_0.0_y" : [ 0.0, 0.0, 0.028492488, 0.092441306, 0.08878819, 0.068456404, 0.06882559, 0.06921561, 0.06922156, 0.06923347, 0.06928111, 0.06899231, 0.068602294, 0.06856359, 0.104225345, 0.06020936, 0.005451384, 0.0, 0.0, 0.0 ],
  "lightfield_0.6_0.0_0.0_y" : [ 0.0, 0.0, 0.0070660124, 0.011713573, 0.011507015, 0.022876324, 0.024795594, 0.025251742, 0.031637836, 0.06620191, 0.0791118, 0.10437215, 0.12648249, 0.16159739, 0.15208709, 0.09292538, 0.0571822, 0.025191497, 0.0, 0.0 ],
  "lightfield_0.6_0.0_0.0_x" : [ 0.015629573, 0.016550478, 0.019141061, 0.015896376, 0.023582064, 0.01861606, 0.036104657, 0.093846284, 0.11556932, 0.116550475, 0.11686892, 0.10800413, 0.08438764, 0.03402186, 0.017497202, 0.0075910147, 0.006704536, 0.036689904, 0.06312075, 0.053627677 ],
  "lightfield_0.0_0.4_0.0_x" : [ 0.06360558, 0.07198353, 0.07382601, 0.07531194, 0.07004398, 0.06940742, 0.06942982, 0.06939622, 0.06939809, 0.069433555, 0.069192745, 0.06665957, 0.0624314, 0.05137467, 0.012090903, 0.0074408427, 0.007147764, 0.0076181837, 0.0077787237, 0.0064290673 ],
  "lightfield_0.0_0.4_0.0_y" : [ 2.0534188E-5, 0.0098246755, 0.06530805, 0.075412735, 0.06241086, 0.06380719, 0.065076575, 0.06586807, 0.065948345, 0.06600434, 0.06598941, 0.06595208, 0.06502244, 0.06359811, 0.062059917, 0.07351799, 0.05941287, 0.0047657983, 0.0, 0.0 ],
  "lightfield_0.0_0.2_0.0_y" : [ 0.0, 0.0, 0.012387363, 0.07239175, 0.07820792, 0.07730658, 0.07887093, 0.080819875, 0.08048011, 0.080079, 0.08103459, 0.08018753, 0.07838016, 0.07671671, 0.08010731, 0.041038744, 0.001991416, 0.0, 0.0, 0.0 ],
  "lightfield_0.0_0.2_0.0_x" : [ 0.0052923537, 0.0061842436, 0.0062904214, 0.0063069374, 0.059612714, 0.07410711, 0.07377442, 0.07374611, 0.073788576, 0.073805094, 0.073741384, 0.073798016, 0.07372959, 0.07304769, 0.06770343, 0.057576466, 0.0136237405, 0.0054787537, 0.057505682, 0.05088729 ],
  "a3" : [ 0.0816062, 0.1331752, 0.15070583, 0.14596139, 0.11339198, 0.08964373, 0.05323486, 0.0, 0.0, 0.0, 0.0, 0.0, 0.0, 0.0022443307, 0.0098986, 0.018394455, 0.029418692, 0.04197145, 0.05792013, 0.072433166 ],