{
  "eccentricity_minmax" : 0.0037327218,
  "compactness" : 20.110094,
  "eccentricity" : 2.7519464,
  "compactness_standardized" : -0.06497738,
  "convexity_minmax" : 0.026146043,
  "diameter_standardized" : -0.1308108,
  "surface_area_minmax" : 0.019121898,
  "convexity" : 0.05103991,
  "diameter_minmax" : 0.08713117,
  "rectangularity _standardized" : -0.3804461,
  "convexity_standardized" : -1.0140835,
  "diameter" : 1.0462182,
  "surface_area" : 0.40613443,
  "rectangularity " : 0.001223631,
  "compactness_minmax" : 4.99227E-6,
  "surface_area_standardized" : -0.7259597,
  "rectangularity _minmax" : 0.0022050098,
  "eccentricity_standardized" : -0.2854402,
  "lightfield_0.0_0.0_0.6_y" : [ 0.051840194, 0.05983051, 0.0103874095, 0.0056900727, 0.028401937, 0.09673124, 0.12457627, 0.10639225, 0.103922516, 0.109782085, 0.06765133, 0.033559322, 0.038305085, 0.043075062, 0.027288135, 0.018256659, 0.018401938, 0.019225182, 0.018837772, 0.017845036 ],
  "lightfield_0.0_0.0_0.6_x" : [ 0.0, 0.0, 4.1162228E-4, 0.018329298, 0.02251816, 0.021307506, 0.019346246, 0.030048426, 0.008958838, 0.012469734, 0.07704601, 0.14617434, 0.12503631, 0.15806295, 0.17457627, 0.11075061, 0.07496368, 0.0, 0.0, 0.0 ],
  "lightfield_0.0_0.0_0.8_y" : [ 0.0, 0.0, 0.05354885, 0.0686429, 0.06599755, 0.090525374, 0.09451285, 0.15337184, 0.060220577, 0.06031783, 0.060201123, 0.06045399, 0.06870125, 0.043220323, 0.042734046, 0.038435355, 0.035011962, 0.0041041803, 0.0, 0.0 ],
  "lightfield_0.0_0.0_0.8_x" : [ 0.0124876, 0.013829725, 0.02425551, 0.030538213, 0.029312793, 0.028281886, 0.034992512, 0.02907938, 0.018089514, 0.014899535, 0.015735932, 0.013499057, 0.058625586, 0.20277761, 0.26846394, 0.081986345, 0.0018478535, 0.019528894, 0.050650638, 0.051117465 ],
  "lightfield_0.0_0.0_0.2_y" : [ 0.0020558059, 0.05802979, 0.12714224, 0.13745865, 0.1218719, 0.14884034, 0.121834524, 0.057562564, 0.018876035, 0.017717307, 0.021006597, 0.03235091, 0.0423496, 0.023529632, 0.014502775, 0.013661764, 0.017119255, 0.014353262, 0.009737044, 0.0 ],
  "lightfield_0.0_0.0_0.2_x" : [ 0.048946865, 0.0643841, 0.0095314635, 0.01657727, 0.0728129, 0.08858654, 0.07238305, 0.072495185, 0.10037939, 0.09714617, 0.102846354, 0.0829798, 0.023884725, 0.018894725, 0.021343002, 0.02293158, 0.021006597, 0.022389594, 0.021006597, 0.019474087 ],
  "lightfield_0.0_0.0_0.4_y" : [ 0.053288672, 0.051570386, 0.016465113, 0.0018922916, 0.007634418, 0.024621543, 0.2833435, 0.26587784, 0.018553158, 0.013028537, 0.012441274, 0.016943622, 0.03084218, 0.033887245, 0.026600836, 0.030146163, 0.028058117, 0.03221246, 0.03092918, 0.021663476 ],
  "lightfield_0.0_0.0_0.4_x" : [ 0.0, 0.0, 0.0, 0.0, 0.0011092745, 0.101987995, 0.2728815, 0.06836175, 0.06168436, 0.061532103, 0.061532103, 0.061575606, 0.061945364, 0.22098486, 0.026405081, 0.0, 0.0, 0.0, 0.0, 0.0 ],
  "lightfield_0.0_0.0_0.0_y" : [ 0.0, 0.0, 0.0, 0.0, 0.07754227, 0.11100177, 0.121044666, 0.13724451, 0.08344688, 0.18170577, 0.12992683, 0.03656321, 0.033207167, 0.035352007, 0.032374464, 0.020590462, 0.0, 0.0, 0.0, 0.0 ],
  "lightfield_0.0_0.0_0.0_x" : [ 0.053747162, 0.056598537, 0.011884935, 0.0024476408, 0.01703255, 0.054605097, 0.18321978, 0.19354025, 0.122760534, 0.027882917, 0.0224325, 0.034620237, 0.034292202, 0.03280343, 0.033938937, 0.035200607, 0.032298762, 0.01703255, 0.017284885, 0.016376482 ],
  "d1" : [ 0.0171436, 0.0514573, 0.0808698, 0.1053146, 0.1555018, 0.0979879, 0.0749296, 0.0561032, 0.030933, 0.0624993, 0.0633492, 0.0544825, 0.0458875, 0.0165891, 0.0156666, 0.0158573, 0.0148487, 0.0154119, 0.0156592, 0.0095079 ],
  "d2" : [ 0.020542808, 0.05934042, 0.07545405, 0.086267546, 0.099073395, 0.11754544, 0.117959514, 0.099212125, 0.08267022, 0.06368208, 0.04925505, 0.042747308, 0.032258466, 0.019470818, 0.010963125, 0.008679124, 0.006857104, 0.0047521344, 0.0026303618, 6.389122E-4 ],
  "d3" : [ 0.0040891995, 0.03007544, 0.069780424, 0.09477545, 0.10697836, 0.11412892, 0.11536343, 0.108886614, 0.09498364, 0.07791032, 0.06069614, 0.04682999, 0.032878414, 0.020292351, 0.011530456, 0.0063737785, 0.0029449482, 0.0010561083, 3.7179116E-4, 5.4234217E-5 ],
  "d4" : [ 2.745438E-6, 1.33204585E-5, 5.3993615E-5, 1.8333425E-4, 6.402972E-4, 0.0021546604, 0.006923893, 0.020955013, 0.07365573, 0.6039012, 0.22630331, 0.044740777, 0.013882257, 0.0045400397, 0.0014511165, 4.3896504E-4, 1.1541008E-4, 3.5182282E-5, 7.2194853E-6, 1.5252434E-6 ],
  "lightfield_0.0_0.8_0.0_y" : [ 0.0, 0.0, 0.0, 0.0, 0.090191096, 0.118303545, 0.1313222, 0.13881747, 0.11710595, 0.19135669, 0.11784929, 0.029753977, 0.017550923, 0.019553794, 0.017685136, 0.010509906, 0.0, 0.0, 0.0, 0.0 ],
  "lightfield_0.0_0.8_0.0_x" : [ 0.0050174994, 0.0046355086, 0.0057401843, 0.009549767, 0.014040738, 0.0153105995, 0.014629211, 0.023858933, 0.017860645, 0.039788976, 0.11735374, 0.17511693, 0.18391304, 0.17276303, 0.08986073, 0.029010644, 0.03356356, 0.021897359, 0.014267868, 0.011821063 ],
  "lightfield_0.8_0.0_0.0_x" : [ 0.10798979, 0.10500824, 0.010152348, 0.0010064286, 0.0124545535, 0.05814641, 0.15969506, 0.17604952, 0.15027237, 0.029890928, 0.01481966, 0.02571425, 0.02500975, 0.02185208, 0.02361333, 0.024984589, 0.02079533, 0.0111587765, 0.011309741, 0.010076866 ],
  "lightfield_0.8_0.0_0.0_y" : [ 0.0, 0.0, 0.0, 0.0045163482, 0.012001661, 0.013058411, 0.013700008, 0.011775214, 0.082426496, 0.14302608, 0.14951754, 0.17921977, 0.14129, 0.07419895, 0.093534954, 0.061782133, 0.019952446, 0.0, 0.0, 0.0 ],
  "lightfield_0.0_0.6_0.0_x" : [ 0.002752043, 0.0026470032, 0.0055215927, 0.0077974554, 0.0067995773, 0.007884989, 0.019523399, 0.07556914, 0.09432925, 0.096661136, 0.09879344, 0.10057562, 0.110732965, 0.10531291, 0.09876193, 0.0941927, 0.045657303, 0.012482231, 0.009873742, 0.004131566 ],
  "lightfield_0.0_0.6_0.0_y" : [ 0.034158945, 0.08611514, 0.08620968, 0.08618867, 0.08783779, 0.08957445, 0.08531684, 0.08493519, 0.102882996, 0.0873196, 0.07951864, 0.052775502, 0.0022338466, 0.0046077464, 0.008515228, 0.005707163, 0.0064529455, 0.005878728, 0.0037709293, 0.0 ],
  "lightfield_0.6_0.0_0.0_y" : [ 0.0, 0.0, 0.0, 0.0, 0.0, 0.010139197, 0.021694826, 0.08483298, 0.14997861, 0.13971712, 0.1358041, 0.16812725, 0.14746164, 0.06891597, 0.07332831, 0.0, 0.0, 0.0, 0.0, 0.0 ],
  "lightfield_0.6_0.0_0.0_x" : [ 0.134887, 0.1287729, 0.009904824, 3.2608473E-4, 0.009986346, 0.06250637, 0.15355535, 0.164255, 0.15942487, 0.028675077, 0.011596388, 0.020288585, 0.020145923, 0.016151385, 0.017669717, 0.01920843, 0.016141195, 0.009120183, 0.009293416, 0.008090978 ],
  "lightfield_0.0_0.4_0.0_x" : [ 0.005735523, 0.009794296, 0.013929127, 0.06660329, 0.09451685, 0.10121003, 0.10686603, 0.10809334, 0.0993777, 0.09820571, 0.095509075, 0.09279516, 0.062302507, 0.012542783, 0.007761452, 0.0075609335, 0.0068452894, 0.004950735, 0.00286949, 0.0025306828 ],
  "lightfield_0.0_0.4_0.0_y" : [ 0.03743129, 0.086717375, 0.08584961, 0.08701123, 0.08701815, 0.08873293, 0.08583924, 0.08577355, 0.10027312, 0.08492653, 0.0793777, 0.054202247, 0.0028452897, 0.0035609335, 0.008940363, 0.0054070875, 0.005946413, 0.0058910977, 0.004255834, 0.0 ],
  "lightfield_0.0_0.2_0.0_y" : [ 0.0, 0.0, 0.0, 0.0, 0.09917769, 0.1212115, 0.13262169, 0.13648297, 0.119005054, 0.18491241, 0.11490883, 0.027652076, 0.017712856, 0.019132745, 0.016497267, 0.010684918, 0.0, 0.0, 0.0, 0.0 ],
  "lightfield_0.0_0.2_0.0_x" : [ 0.013412329, 0.014106952, 0.022146177, 0.032034323, 0.02885745, 0.10107768, 0.17676082, 0.18448338, 0.17516728, 0.107983045, 0.03495582, 0.017753717, 0.021768222, 0.016762858, 0.015148884, 0.012462332, 0.0105419075, 0.005556974, 0.004647837, 0.0043720314 ],
  "a3" : [ 0.09102333, 0.14053062, 0.14832978, 0.13336396, 0.10749222, 0.08818585, 0.054550167, 0.0, 0.0, 0.0, 0.0, 0.0, 0.0, 0.002641478, 0.011395425, 0.019660156, 0.02810208, 0.03944991, 0.058620147, 0.07665489 ],