{
  "eccentricity_minmax" : 0.0057029137,
  "compactness" : 24.889948,
  "eccentricity" : 3.676268,
  "compactness_standardized" : -0.06494547,
  "convexity_minmax" : 0.051439743,
  "diameter_standardized" : 0.1622874,
  "surface_area_minmax" : 0.03347808,
  "convexity" : 0.099424,
  "diameter_minmax" : 0.13439365,
  "rectangularity _standardized" : -0.35132197,
  "convexity_standardized" : -0.84086245,
  "diameter" : 1.0712882,
  "surface_area" : 0.69916296,
  "rectangularity " : 0.0026241948,
  "compactness_minmax" : 6.206518E-6,
  "surface_area_standardized" : -0.54665256,
  "rectangularity _minmax" : 0.0047289166,
  "eccentricity_standardized" : -0.2436554,
  "lightfield_0.0_0.0_0.6_y" : [ 0.006519857, 0.008469336, 0.013098611, 0.01763954, 0.016502837, 0.027333926, 0.0632432, 0.107439235, 0.11973096, 0.09961187, 0.049161017, 0.016002214, 0.015077538, 0.015454476, 0.03668082, 0.078438535, 0.11721607, 0.11053131, 0.06488642, 0.01696223 ],
  "lightfield_0.0_0.0_0.6_x" : [ 0.0, 0.0, 0.0, 0.0013310638, 0.02587918, 0.052948073, 0.05959161, 0.11598513, 0.13847776, 0.13642226, 0.12325298, 0.13671085, 0.060569294, 0.052294318, 0.05702372, 0.027227912, 0.012285837, 0.0, 0.0, 0.0 ],
  "lightfield_0.0_0.0_0.8_y" : [ 0.0, 0.007231771, 0.011462302, 0.012198769, 0.01548795, 0.029879507, 0.04891136, 0.07464893, 0.09050235, 0.10015947, 0.09653805, 0.11977275, 0.088857755, 0.06769957, 0.07016922, 0.06798197, 0.05568353, 0.030566137, 0.012248605, 0.0 ],
  "lightfield_0.0_0.0_0.8_x" : [ 0.013234252, 0.036075797, 0.0633306, 0.08697506, 0.09262315, 0.076636836, 0.053125277, 0.029303623, 0.042222247, 0.06872951, 0.094694115, 0.095801584, 0.08338686, 0.05830823, 0.040500134, 0.023655534, 0.01644591, 0.007951626, 0.00948547, 0.0075141755 ],
  "lightfield_0.0_0.0_0.2_y" : [ 0.0, 0.005947419, 0.012543851, 0.0132096475, 0.027767675, 0.035701297, 0.047836717, 0.07079275, 0.08402477, 0.092752874, 0.100714475, 0.12155562, 0.08979315, 0.06870024, 0.07154247, 0.06800647, 0.052609198, 0.027790055, 0.008711318, 0.0 ],
  "lightfield_0.0_0.0_0.2_x" : [ 0.007351748, 0.009248432, 0.007653875, 0.010630381, 0.016790409, 0.035292868, 0.062109403, 0.09235004, 0.10514566, 0.096490294, 0.06844287, 0.038963147, 0.028987372, 0.04990125, 0.07366855, 0.094291486, 0.08824895, 0.06442571, 0.03616008, 0.013847471 ],
  "lightfield_0.0_0.0_0.4_y" : [ 0.0066858195, 0.008624767, 0.011929252, 0.021629898, 0.02259346, 0.02815611, 0.058676787, 0.10094938, 0.11634863, 0.097006455, 0.05456244, 0.017030811, 0.014518456, 0.016232768, 0.038436074, 0.08106926, 0.11905015, 0.10763519, 0.06264335, 0.016220946 ],
  "lightfield_0.0_0.0_0.4_x" : [ 0.0, 0.0, 0.0, 0.003741931, 0.01964957, 0.034581825, 0.047823414, 0.055916153, 0.09373153, 0.13595682, 0.13096167, 0.15609704, 0.13223854, 0.07343761, 0.05910241, 0.041852877, 0.014908609, 0.0, 0.0, 0.0 ],
  "lightfield_0.0_0.0_0.0_y" : [ 0.0, 0.0, 0.0, 0.0, 0.0, 0.01588264, 0.14343086, 0.11451046, 0.13564758, 0.09595394, 0.0959954, 0.112758964, 0.12320057, 0.14431179, 0.018307786, 0.0, 0.0, 0.0, 0.0, 0.0 ],
  "lightfield_0.0_0.0_0.0_x" : [ 0.011249987, 0.015338536, 0.01347822, 0.017307673, 0.022308242, 0.020515291, 0.07472873, 0.11122511, 0.10544207, 0.09870037, 0.03727368, 0.0130636655, 0.014032688, 0.012778658, 0.011939185, 0.03355305, 0.09950357, 0.10547835, 0.11058255, 0.071500376 ],
  "d1" : [ 0.019337, 0.0293614, 0.0637447, 0.0724577, 0.0909827, 0.087877, 0.0845593, 0.0613517, 0.053847, 0.0580617, 0.0582624, 0.0509218, 0.0447735, 0.0426889, 0.0473576, 0.0436301, 0.0471036, 0.0235544, 0.0138708, 0.0062567 ],
  "d2" : [ 0.019084152, 0.05654993, 0.07713524, 0.08870148, 0.09093497, 0.094628215, 0.10168736, 0.09672049, 0.09383198, 0.08855675, 0.06895361, 0.0455506, 0.026806407, 0.017406557, 0.013262429, 0.009934245, 0.006110973, 0.0030199303, 9.774716E-4, 1.4722586E-4 ],
  "d3" : [ 0.0026114932, 0.0195376, 0.05139291, 0.07921889, 0.093925014, 0.10572684, 0.11297581, 0.11469471, 0.109921694, 0.09727697, 0.0772573, 0.054510925, 0.034745116, 0.021505527, 0.012936823, 0.006926384, 0.003322374, 0.0011854051, 3.0105526E-4, 2.716742E-5 ],
  "d4" : [ 1.5252434E-6, 9.253144E-6, 5.9179445E-5, 2.7983132E-4, 9.227723E-4, 0.0025371916, 0.0062668184, 0.016501404, 0.051545803, 0.19312835, 0.55599725, 0.1189095, 0.0346216, 0.01178525, 0.004682904, 0.0018834722, 6.4578804E-4, 1.8099554E-4, 3.548733E-5, 5.592559E-6 ],
  "lightfield_0.0_0.8_0.0_y" : [ 0.0, 0.0, 0.0, 0.0, 0.010500916, 0.125301, 0.14293161, 0.11498379, 0.0771507, 0.076167636, 0.076684, 0.108504504, 0.099200144, 0.15626256, 0.012313131, 0.0, 0.0, 0.0, 0.0, 0.0 ],
  "lightfield_0.0_0.8_0.0_x" : [ 0.064519815, 0.11809683, 0.114010654, 0.10955708, 0.09360462, 0.02485465, 0.012526625, 0.012844383, 0.01510841, 0.017382367, 0.1144575, 0.101727314, 0.030892057, 0.027078958, 0.02600156, 0.026840638, 0.02847908, 0.025986664, 0.022828942, 0.013201861 ],
  "lightfield_0.8_0.0_0.0_x" : [ 0.012318372, 0.01699164, 0.015823323, 0.022629054, 0.035696056, 0.032854665, 0.0797348, 0.1118295, 0.10664012, 0.09238212, 0.035973955, 0.014428148, 0.014938578, 0.013617132, 0.012857159, 0.032934062, 0.08955207, 0.09470174, 0.09948844, 0.064609066 ],
  "lightfield_0.8_0.0_0.0_y" : [ 0.0, 0.0, 0.0, 0.0014802463, 0.015715566, 0.017842356, 0.0235138, 0.08837241, 0.14080489, 0.13651161, 0.13931897, 0.12352401, 0.10481959, 0.10798993, 0.079785846, 0.019022016, 0.0012987602, 0.0, 0.0, 0.0 ],
  "lightfield_0.0_0.6_0.0_x" : [ 0.045940172, 0.08790724, 0.085504904, 0.08755085, 0.087909885, 0.08613849, 0.08409517, 0.08168227, 0.07995311, 0.07928785, 0.07964952, 0.026122171, 0.011238209, 0.01201699, 0.012193866, 0.011848034, 0.010105677, 0.011335887, 0.011871794, 0.0076478957 ],
  "lightfield_0.0_0.6_0.0_y" : [ 0.0, 0.0, 0.030974373, 0.07514579, 0.11684359, 0.06929569, 0.06983424, 0.06952272, 0.06974184, 0.06978408, 0.070322625, 0.07084005, 0.07034902, 0.08857515, 0.10377854, 0.024992278, 0.0, 0.0, 0.0, 0.0 ],
  "lightfield_0.6_0.0_0.0_y" : [ 0.0, 0.0, 0.0, 1.2929362E-4, 0.017678749, 0.021928199, 0.0413481, 0.04626988, 0.0887299, 0.1124165, 0.1500237, 0.16576305, 0.16885747, 0.10733095, 0.0572426, 0.02213507, 1.4653278E-4, 0.0, 0.0, 0.0 ],
  "lightfield_0.6_0.0_0.0_x" : [ 0.018764814, 0.027065465, 0.026203508, 0.035978105, 0.05865621, 0.05660475, 0.08749731, 0.11201138, 0.104589924, 0.07722277, 0.03713313, 0.02149722, 0.021402406, 0.020040512, 0.018583804, 0.034797225, 0.06271603, 0.06364694, 0.06734474, 0.04824376 ],
  "lightfield_0.0_0.4_0.0_x" : [ 0.0470222, 0.064566754, 0.06424383, 0.06415489, 0.063455686, 0.062021688, 0.061470255, 0.061247222, 0.05994732, 0.058878664, 0.058635104, 0.057763487, 0.05640064, 0.06052475, 0.06409743, 0.05381179, 0.018632367, 0.008935108, 0.008831115, 0.005359696 ],
  "lightfield_0.0_0.4_0.0_y" : [ 0.013731058, 0.043125235, 0.055259466, 0.0665084, 0.055284098, 0.055783533, 0.0568084, 0.053490233, 0.05335203, 0.053319193, 0.05332193, 0.05331646, 0.053625695, 0.05537304, 0.0571409, 0.053612012, 0.05749119, 0.06425615, 0.041611876, 0.0035890946 ],
  "lightfield_0.0_0.2_0.0_y" : [ 0.0, 0.0, 0.0, 0.021333309, 0.09972229, 0.086165465, 0.104447275, 0.092404135, 0.085791565, 0.08601771, 0.08761884, 0.10712789, 0.089865245, 0.103388906, 0.036117367, 0.0, 0.0, 0.0, 0.0, 0.0 ],
  "lightfield_0.0_0.2_0.0_x" : [ 0.008204655, 0.011222979, 0.010173651, 0.011319469, 0.078796044, 0.08421456, 0.08285164, 0.08059016, 0.079031244, 0.07700797, 0.07493645, 0.07300967, 0.042018328, 0.011168703, 0.010291249, 0.009636926, 0.033219658, 0.07668835, 0.08177517, 0.06384313 ],
  "a3" : [ 0.094836935, 0.14745016, 0.1451345, 0.12096988, 0.10048585, 0.08749801, 0.055859536, 0.0, 0.0, 0.0, 0.0, 0.0, 0.0, 0.0022254142, 0.0106138075, 0.020264883, 0.03089328, 0.043950446, 0.061241098, 0.07857623 ],