{
  "eccentricity_minmax" : 0.017039148,
  "compactness" : 184.61646,
  "eccentricity" : 8.994698,
  "compactness_standardized" : -0.06386271,
  "convexity_minmax" : 0.054772496,
  "diameter_standardized" : 0.14317451,
  "surface_area_minmax" : 0.07046283,
  "convexity" : 0.10579918,
  "diameter_minmax" : 0.13144377,
  "rectangularity _standardized" : -0.36180356,
  "convexity_standardized" : -0.81852823,
  "diameter" : 1.0697235,
  "surface_area" : 1.4540701,
  "rectangularity " : 0.0021437116,
  "compactness_minmax" : 4.678257E-5,
  "surface_area_standardized" : -0.08505609,
  "rectangularity _minmax" : 0.0038630546,
  "eccentricity_standardized" : -0.0030835757,
  "lightfield_0.0_0.0_0.6_y" : [ 0.0, 0.017028362, 0.0562744, 0.093159445, 0.09841692, 0.093948066, 0.08946461, 0.08502984, 0.08058533, 0.07602886, 0.071633026, 0.062057618, 0.044907555, 0.024972983, 0.021317093, 0.01969604, 0.018503373, 0.017062437, 0.0155144045, 0.014399626 ],
  "lightfield_0.0_0.0_0.6_x" : [ 0.0, 1.0709661E-4, 0.0, 0.0, 0.014511591, 0.10583092, 0.18399198, 0.15721783, 0.13692302, 0.12944573, 0.10842558, 0.08103319, 0.053621326, 0.026136441, 0.0027553036, 0.0, 0.0, 0.0, 0.0, 0.0 ],
  "lightfield_0.0_0.0_0.8_y" : [ 0.0, 1.9526006E-4, 0.013385077, 0.034253497, 0.055121917, 0.0760245, 0.09694662, 0.1178248, 0.13673574, 0.12633327, 0.10125211, 0.0851578, 0.06910253, 0.033179566, 0.028010055, 0.018276341, 0.0019721265, 0.0, 0.0021136901, 0.0041151056 ],
  "lightfield_0.0_0.0_0.8_x" : [ 0.023948647, 0.020233825, 0.021937467, 0.023826608, 0.02841522, 0.05488272, 0.06412829, 0.081032924, 0.09154768, 0.09776183, 0.10413707, 0.11037075, 0.10128628, 0.0784018, 0.055605184, 0.032754876, 0.009728832, 0.0, 0.0, 0.0 ],
  "lightfield_0.0_0.0_0.2_y" : [ 0.0, 1.1024801E-4, 0.012049189, 0.031650368, 0.05129289, 0.07099513, 0.09068818, 0.108810194, 0.12069861, 0.11926079, 0.09594793, 0.08031108, 0.065739974, 0.031990297, 0.033979356, 0.035908695, 0.023717104, 0.012848487, 0.009417018, 0.0045844796 ],
  "lightfield_0.0_0.0_0.2_x" : [ 0.031305842, 0.05294661, 0.07452766, 0.096012235, 0.10347235, 0.09751896, 0.091538005, 0.08570405, 0.075832255, 0.05990142, 0.051352605, 0.026349274, 0.022270098, 0.020533692, 0.01866407, 0.022821339, 0.032233763, 0.019192342, 0.0130000785, 0.0048233503 ],
  "lightfield_0.0_0.0_0.4_y" : [ 0.0, 0.016856695, 0.056025147, 0.0928724, 0.09858538, 0.094020836, 0.089563355, 0.08505721, 0.08065324, 0.07612277, 0.07163608, 0.06199604, 0.045149077, 0.024667026, 0.021669416, 0.019727781, 0.01853555, 0.017202199, 0.015518474, 0.014141326 ],
  "lightfield_0.0_0.0_0.4_x" : [ 0.0, 0.003450172, 0.02736293, 0.0546626, 0.0820158, 0.10927653, 0.12995811, 0.13717476, 0.1584208, 0.18190533, 0.10083845, 0.014803136, 0.0, 0.0, 1.3138878E-4, 0.0, 0.0, 0.0, 0.0, 0.0 ],
  "lightfield_0.0_0.0_0.0_y" : [ 0.0, 0.0, 0.0, 0.0, 0.0, 0.0016017766, 0.05125685, 0.115195945, 0.13102713, 0.20461784, 0.20048144, 0.13056754, 0.11400826, 0.04982344, 0.0014197564, 0.0, 0.0, 0.0, 0.0, 0.0 ],
  "lightfield_0.0_0.0_0.0_x" : [ 0.09392235, 0.08999072, 0.08620015, 0.08234587, 0.07876008, 0.07501957, 0.071197145, 0.067429334, 0.06376163, 0.059743535, 0.039443746, 0.022465825, 0.019649066, 0.017815214, 0.016759496, 0.015908552, 0.014598008, 0.0131145455, 0.012636743, 0.059238426 ],
  "d1" : [ 0.1101671, 0.1410279, 0.0601939, 0.0506117, 0.0455986, 0.0441758, 0.0458376, 0.0469004, 0.0491531, 0.0470253, 0.0497178, 0.0395065, 0.0452178, 0.0437116, 0.0032128, 0.0028687, 0.004633, 0.0159973, 0.0512279, 0.1032152 ],
  "d2" : [ 0.011532625, 0.035832293, 0.056971405, 0.07704453, 0.09691392, 0.11210149, 0.11384129, 0.089586735, 0.059544757, 0.053343866, 0.041612506, 0.0324535, 0.030916829, 0.031359605, 0.030167598, 0.029778128, 0.030540762, 0.030542763, 0.027129363, 0.008786043 ],
  "d3" : [ 8.1039406E-4, 0.008021834, 0.0234159, 0.04266019, 0.063869596, 0.08447095, 0.10233766, 0.11406593, 0.11598305, 0.1042429, 0.08254005, 0.06518953, 0.052853107, 0.043140754, 0.034822192, 0.026826417, 0.018342335, 0.010839901, 0.004793339, 7.739696E-4 ],
  "d4" : [ 5.084145E-7, 7.1178024E-6, 5.8467664E-5, 4.0764673E-4, 0.001756877, 0.00535757, 0.013181458, 0.030669086, 0.07622079, 0.22738776, 0.43799388, 0.12701668, 0.04751489, 0.019807624, 0.008440087, 0.00309177, 9.082316E-4, 1.5943877E-4, 1.7286091E-5, 2.847121E-6 ],
  "lightfield_0.0_0.8_0.0_y" : [ 0.0, 0.0, 0.0, 0.0, 0.0, 0.0021412468, 0.056224238, 0.117075264, 0.13966212, 0.18706197, 0.18491128, 0.1390254, 0.1152453, 0.05649307, 0.0021601124, 0.0, 0.0, 0.0, 0.0, 0.0 ],
  "lightfield_0.0_0.8_0.0_x" : [ 0.030161396, 0.015795233, 0.017172422, 0.018535463, 0.020945545, 0.04055163, 0.059860583, 0.06646826, 0.0710526, 0.07576901, 0.080334485, 0.084772624, 0.089630514, 0.094535574, 0.09768142, 0.088154286, 0.048578948, 0.0, 0.0, 0.0 ],
  "lightfield_0.8_0.0_0.0_x" : [ 0.093675494, 0.089877956, 0.086217195, 0.082451575, 0.07849904, 0.07482915, 0.071186624, 0.067375414, 0.06366906, 0.059880648, 0.03929283, 0.022288276, 0.01966237, 0.018249124, 0.017127644, 0.015851162, 0.014638505, 0.013202463, 0.013015551, 0.059009906 ],
  "lightfield_0.8_0.0_0.0_y" : [ 0.0, 0.0, 0.0, 0.0, 0.0, 0.0018782511, 0.05258647, 0.11569479, 0.1310764, 0.20479318, 0.20193934, 0.13044727, 0.11350198, 0.047330104, 7.522122E-4, 0.0, 0.0, 0.0, 0.0, 0.0 ],
  "lightfield_0.0_0.6_0.0_x" : [ 0.0, 0.036695663, 0.066151276, 0.07767739, 0.08072017, 0.07569093, 0.06314122, 0.07062898, 0.08463699, 0.094354264, 0.097182035, 0.09397099, 0.08324414, 0.062379353, 0.013526588, 0.0, 0.0, 0.0, 0.0, 0.0 ],
  "lightfield_0.0_0.6_0.0_y" : [ 0.0, 0.0, 0.0, 0.0, 0.0, 0.0030895213, 0.06335155, 0.13111068, 0.14913835, 0.1551351, 0.1555137, 0.1494702, 0.12968512, 0.060668662, 0.0028371247, 0.0, 0.0, 0.0, 0.0, 0.0 ],
  "lightfield_0.6_0.0_0.0_y" : [ 0.0, 0.0, 0.0, 0.0, 0.0, 0.002071684, 0.050820425, 0.11356678, 0.13201943, 0.20748006, 0.2040517, 0.13130443, 0.11165093, 0.0460858, 9.487579E-4, 0.0, 0.0, 0.0, 0.0, 0.0 ],
  "lightfield_0.6_0.0_0.0_x" : [ 0.094477035, 0.09044825, 0.08652489, 0.08246861, 0.078389406, 0.07433312, 0.070304334, 0.066252634, 0.06227427, 0.058515903, 0.039036576, 0.022857273, 0.02005225, 0.018558072, 0.017558897, 0.016243469, 0.015028875, 0.013970116, 0.013378861, 0.059327163 ],
  "lightfield_0.0_0.4_0.0_x" : [ 0.0, 0.013242954, 0.062462524, 0.08349104, 0.09412944, 0.09740388, 0.09463068, 0.08481675, 0.07066032, 0.064467475, 0.07640815, 0.080961436, 0.07754178, 0.0650015, 0.034782078, 0.0, 0.0, 0.0, 0.0, 0.0 ],
  "lightfield_0.0_0.4_0.0_y" : [ 0.0, 0.0, 0.0, 0.0, 0.0, 0.0031104782, 0.06312303, 0.13069162, 0.1495278, 0.1556785, 0.15498051, 0.14860497, 0.13008732, 0.06135699, 0.0028387797, 0.0, 0.0, 0.0, 0.0, 0.0 ],
  "lightfield_0.0_0.2_0.0_y" : [ 0.0, 0.0, 0.0, 0.0, 0.0, 0.0019797022, 0.05476263, 0.12127437, 0.14263245, 0.18260601, 0.18046981, 0.14253856, 0.12055839, 0.05157398, 0.0016041065, 0.0, 0.0, 0.0, 0.0, 0.0 ],
  "lightfield_0.0_0.2_0.0_x" : [ 0.073221594, 0.08104259, 0.07838995, 0.07433664, 0.07034203, 0.066574335, 0.06268144, 0.058831584, 0.055024765, 0.049523853, 0.033349767, 0.017320437, 0.015274224, 0.014206124, 0.013165411, 0.02682379, 0.060032707, 0.06715729, 0.059093717, 0.023607753 ],
  "a3" : [ 0.118732184, 0.17042102, 0.11332094, 0.10535082, 0.096928015, 0.09471075, 0.05675324, 0.0, 0.0, 0.0, 0.0, 0.0, 0.0, 0.004972342, 0.020268, 0.027740953, 0.034436014, 0.04088123, 0.048463255, 0.06702122 ],
  "lightfield_0.4_0.0_0.0_y" : [ 0.0, 0.0, 0.0, 0.0, 0.0, 0.001505989, 0.045631934, 0.11157373, 0.13402836, 0.21197145, 0.2088802, 0.1333523, 0.109475605, 0.042713206, 8.6722587E-4, 0.0, 0.0, 0.0, 0.0, 0.0 ],
  "lightfield_0.4_0.0_0.0_x" : [ 0.09560466, 0.09105405, 0.0865594, 0.08192953, 0.077495486, 0.07287495, 0.068459556, 0.06483679, 0.061274637, 0.05772647, 0.038875964, 0.023634236, 0.02081342, 0.019013694, 0.017773468, 0.01677103, 0.01586184, 0.014812777, 0.013595863, 0.061032183 ],