{
  "eccentricity_minmax" : 0.005489218,
  "compactness" : 107.36236,
  "eccentricity" : 3.576012,
  "compactness_standardized" : -0.06437854,
  "convexity_minmax" : 0.053409595,
  "diameter_standardized" : 0.82379615,
  "surface_area_minmax" : 0.09262569,
  "convexity" : 0.103192106,
  "diameter_minmax" : 0.2412332,
  "rectangularity _standardized" : -0.20234746,
  "convexity_standardized" : -0.827859,
  "diameter" : 1.1279606,
  "surface_area" : 1.9064432,
  "rectangularity " : 0.00981178,
  "compactness_minmax" : 2.7157359E-5,
  "surface_area_standardized" : 0.1917949,
  "rectangularity _minmax" : 0.01768141,
  "eccentricity_standardized" : -0.24809584,
  "lightfield_0.0_0.0_0.6_y" : [ 0.0, 0.007155211, 0.038299713, 0.07274118, 0.10583144, 0.12883122, 0.12392526, 0.11579718, 0.10580649, 0.09187025, 0.0715729, 0.04229931, 0.015383081, 0.0113128, 0.011213019, 0.011109078, 0.010946932, 0.011017611, 0.011113236, 0.013774093 ],
  "lightfield_0.0_0.0_0.6_x" : [ 0.0, 0.0, 0.012743011, 0.0840623, 0.11932697, 0.13346277, 0.11533984, 0.09774493, 0.09053566, 0.084690094, 0.0779548, 0.06745273, 0.05648501, 0.040291198, 0.018813092, 0.0010976036, 0.0, 0.0, 0.0, 0.0 ],
  "lightfield_0.0_0.0_0.8_y" : [ 0.0012530476, 0.014824191, 0.033033736, 0.049217165, 0.064287715, 0.07683943, 0.08814234, 0.09658237, 0.10418136, 0.111708134, 0.12045398, 0.121044405, 0.07779515, 0.01974718, 0.0162344, 0.0046553905, 0.0, 0.0, 0.0, 0.0 ],
  "lightfield_0.0_0.0_0.8_x" : [ 0.013537162, 0.013159124, 0.013354515, 0.013469201, 0.021531181, 0.07589646, 0.09301012, 0.108802766, 0.12411543, 0.12284964, 0.109223284, 0.09360479, 0.07709853, 0.05913111, 0.038632095, 0.02009124, 0.0024933524, 0.0, 0.0, 0.0 ],
  "lightfield_0.0_0.0_0.2_y" : [ 7.971828E-4, 0.013625634, 0.029805347, 0.04453001, 0.05870516, 0.069943115, 0.079524785, 0.087601095, 0.09019775, 0.08947022, 0.09101428, 0.09785225, 0.07202121, 0.020235285, 0.029418366, 0.042703457, 0.03172091, 0.023184087, 0.016450603, 0.011199257 ],
  "lightfield_0.0_0.0_0.2_x" : [ 0.050652064, 0.06775667, 0.08353779, 0.09783677, 0.111028984, 0.114225455, 0.101010025, 0.08664912, 0.07145234, 0.027053908, 0.012228629, 0.012186061, 0.012058357, 0.01199644, 0.012894237, 0.04132967, 0.035528813, 0.025095778, 0.016512519, 0.008966371 ],
  "lightfield_0.0_0.0_0.4_y" : [ 0.0, 0.007772688, 0.039294083, 0.07253805, 0.10583268, 0.12096008, 0.12024657, 0.11716029, 0.10765236, 0.093631126, 0.07316713, 0.04365118, 0.01576914, 0.011369825, 0.011450043, 0.011222056, 0.011129172, 0.011255831, 0.011302274, 0.014595428 ],
  "lightfield_0.0_0.0_0.4_x" : [ 0.037558842, 0.055232104, 0.06721412, 0.07724135, 0.08476916, 0.09123303, 0.098271094, 0.11188702, 0.13539085, 0.12478943, 0.093884446, 0.022520108, 8.443984E-6, 0.0, 0.0, 0.0, 0.0, 0.0, 0.0, 0.0 ],
  "lightfield_0.0_0.0_0.0_y" : [ 0.0, 0.0, 0.0, 0.004601919, 0.038705297, 0.059006587, 0.074239895, 0.084063925, 0.097018294, 0.15219729, 0.1411292, 0.094687976, 0.08295198, 0.07280134, 0.05738821, 0.037006184, 0.004201912, 0.0, 0.0, 0.0 ],
  "lightfield_0.0_0.0_0.0_x" : [ 0.10395053, 0.11299657, 0.10939283, 0.10560194, 0.10020734, 0.09141819, 0.07863998, 0.05985798, 0.03243729, 0.01446632, 0.00953045, 0.009457055, 0.00935063, 0.009203838, 0.009170811, 0.009471733, 0.009229527, 0.015068166, 0.038419053, 0.07212976 ],
  "d1" : [ 0.0124038, 0.0401621, 0.0436028, 0.0525312, 0.0602976, 0.0708061, 0.0691381, 0.0730633, 0.0817627, 0.0655877, 0.0782761, 0.078953, 0.0813023, 0.0150663, 0.0036888, 0.0078905, 0.0137474, 0.0214805, 0.0615584, 0.0686813 ],
  "d2" : [ 0.012746738, 0.030709593, 0.045814745, 0.05956186, 0.070945956, 0.079060785, 0.08530268, 0.09039357, 0.09390349, 0.09527713, 0.06942609, 0.033117916, 0.034525264, 0.035573047, 0.03633688, 0.036970593, 0.037546795, 0.03212484, 0.016724337, 0.0039376915 ],
  "d3" : [ 7.706491E-4, 0.00807627, 0.022956066, 0.041544016, 0.06100454, 0.07969764, 0.09553091, 0.10689695, 0.11192584, 0.107651606, 0.0935329, 0.06965747, 0.046723634, 0.04031947, 0.03543487, 0.02941477, 0.023206208, 0.016481165, 0.008002213, 0.0011728276 ],
  "d4" : [ 1.474402E-5, 2.4048005E-4, 0.0011625405, 0.003259445, 0.0071084476, 0.012948706, 0.02186955, 0.041110598, 0.09899531, 0.32807955, 0.3046211, 0.09505581, 0.040122543, 0.021400893, 0.012597697, 0.00690559, 0.0031582706, 0.0011108856, 2.2421077E-4, 1.3625508E-5 ],
  "lightfield_0.0_0.8_0.0_y" : [ 0.0, 0.0, 0.0, 0.006975721, 0.045736816, 0.0676917, 0.0808035, 0.088991664, 0.09429818, 0.11917165, 0.114570424, 0.094123535, 0.0889077, 0.08065236, 0.06724837, 0.044796422, 0.006031967, 0.0, 0.0, 0.0 ],
  "lightfield_0.0_0.8_0.0_x" : [ 0.008594545, 0.008483713, 0.008554243, 0.008631489, 0.010401448, 0.042811513, 0.06621729, 0.08032995, 0.08980107, 0.09579945, 0.09999429, 0.10412195, 0.10704054, 0.10367863, 0.09036195, 0.06515599, 0.0100219315, 0.0, 0.0, 0.0 ],
  "lightfield_0.8_0.0_0.0_x" : [ 0.10360737, 0.11304791, 0.10945816, 0.10572526, 0.10013507, 0.09140661, 0.0786516, 0.059792545, 0.03250233, 0.01450951, 0.009517622, 0.00942953, 0.009253345, 0.009183606, 0.009128548, 0.009484587, 0.0091872765, 0.015298669, 0.038514618, 0.07216582 ],
  "lightfield_0.8_0.0_0.0_y" : [ 0.0, 0.0, 0.0, 0.005281858, 0.03960843, 0.058926303, 0.07385058, 0.084678575, 0.0961122, 0.14887205, 0.14427657, 0.09520558, 0.08334618, 0.07312749, 0.0572966, 0.03627928, 0.0031382826, 0.0, 0.0, 0.0 ],
  "lightfield_0.0_0.6_0.0_x" : [ 0.044121157, 0.053447645, 0.05681547, 0.059085436, 0.057995535, 0.067475826, 0.07601207, 0.08143241, 0.08419032, 0.08454301, 0.08276629, 0.07796647, 0.07043527, 0.05888655, 0.040453676, 0.0043728687, 0.0, 0.0, 0.0, 0.0 ],
  "lightfield_0.0_0.6_0.0_y" : [ 0.0, 0.0, 0.0, 0.0077725155, 0.04028396, 0.0649062, 0.09033726, 0.097887024, 0.10015964, 0.10071387, 0.101124905, 0.100127816, 0.09792945, 0.08955762, 0.061989192, 0.040050596, 0.0071599423, 0.0, 0.0, 0.0 ],
  "lightfield_0.6_0.0_0.0_y" : [ 0.0, 0.0, 0.0, 0.005294847, 0.039355673, 0.058092974, 0.07411319, 0.08420786, 0.09668962, 0.15004876, 0.14289853, 0.09552358, 0.08374218, 0.07314882, 0.05716161, 0.036642246, 0.0030801047, 0.0, 0.0, 0.0 ],
  "lightfield_0.6_0.0_0.0_x" : [ 0.10533225, 0.11290417, 0.109296046, 0.10551926, 0.0999934, 0.09133611, 0.07854267, 0.05973203, 0.032462105, 0.014472825, 0.009603326, 0.009284316, 0.00921098, 0.009104643, 0.009236648, 0.009309983, 0.009042308, 0.015011843, 0.03829597, 0.07230912 ],
  "lightfield_0.0_0.4_0.0_x" : [ 0.05766506, 0.06991052, 0.07787863, 0.08309607, 0.085278936, 0.08518252, 0.08292198, 0.07782506, 0.06984088, 0.059564017, 0.058015924, 0.059438135, 0.05463316, 0.046515055, 0.03046365, 0.0017703951, 0.0, 0.0, 0.0, 0.0 ],
  "lightfield_0.0_0.4_0.0_y" : [ 0.0, 0.0, 0.0, 0.0077725966, 0.041139588, 0.06577781, 0.09064369, 0.09675302, 0.09983581, 0.10152586, 0.100976795, 0.09957869, 0.09586381, 0.08907953, 0.06312891, 0.040590525, 0.0073333457, 0.0, 0.0, 0.0 ],
  "lightfield_0.0_0.2_0.0_y" : [ 0.0, 0.0, 0.0, 0.0057424116, 0.03717744, 0.05679087, 0.08236835, 0.09504483, 0.102131456, 0.12768303, 0.12204712, 0.10136868, 0.093165234, 0.080163494, 0.054335594, 0.03654707, 0.0054344228, 0.0, 0.0, 0.0 ],
  "lightfield_0.0_0.2_0.0_x" : [ 0.08760992, 0.091737546, 0.08980038, 0.086265706, 0.08272815, 0.07803923, 0.07052085, 0.059194334, 0.041261893, 0.011861894, 0.007371587, 0.007328411, 0.007296749, 0.007299627, 0.0127944965, 0.04604004, 0.05983622, 0.063713424, 0.056580745, 0.032718796 ],
  "a3" : [ 0.08292895, 0.14301372, 0.15774782, 0.11378661, 0.11907349, 0.11473123, 0.06686314, 0.0, 0.0, 0.0, 0.0, 0.0, 0.0, 0.0012064347, 0.0061392332, 0.011645063, 0.019780096, 0.0323086, 0.051870048, 0.07890555 ],
  "lightfield_0.4_0.0_0.0_y" : [ 0.0, 0.0, 0.0, 0.005209652, 0.038969662, 0.05819768, 0.074145816, 0.08525118, 0.09612908, 0.15081576, 0.14172454, 0.09561912, 0.08402948, 0.07307821, 0.056638453, 0.03695551, 0.0032358542, 0.0, 0.0, 0.0 ],