{
  "eccentricity_minmax" : 0.02533905,
  "compactness" : 253.316,
  "eccentricity" : 12.888622,
  "compactness_standardized" : -0.06342064,
  "convexity_minmax" : 0.04781037,
  "diameter_standardized" : -0.10694099,
  "surface_area_minmax" : 0.057868373,
  "convexity" : 0.0924814,
  "diameter_minmax" : 0.09098021,
  "rectangularity _standardized" : -0.38388535,
  "convexity_standardized" : -0.8657178,
  "diameter" : 1.0482599,
  "surface_area" : 1.1970007,
  "rectangularity " : 0.0010582397,
  "compactness_minmax" : 6.423463E-5,
  "surface_area_standardized" : -0.2420204,
  "rectangularity _minmax" : 0.0019069641,
  "eccentricity_standardized" : 0.17279752,
  "lightfield_0.0_0.0_0.6_y" : [ 0.023236806, 0.07390791, 0.08740382, 0.08957324, 0.091632046, 0.09201922, 0.090538114, 0.08655572, 0.078498736, 0.06439441, 0.036173455, 0.013514344, 0.0118673025, 0.013919959, 0.016587183, 0.023777625, 0.022351827, 0.024908429, 0.044365644, 0.014774208 ],
  "lightfield_0.0_0.0_0.6_x" : [ 0.0, 0.0, 0.0, 0.0, 0.0019727624, 0.0056232945, 0.012604784, 0.026690675, 0.07676566, 0.15565771, 0.16024853, 0.1625716, 0.14854716, 0.12575899, 0.0907778, 0.032719586, 6.145677E-5, 0.0, 0.0, 0.0 ],
  "lightfield_0.0_0.0_0.8_y" : [ 0.0, 0.0035598204, 0.03043536, 0.061965197, 0.09326287, 0.1183972, 0.12824199, 0.119635396, 0.10722025, 0.09084728, 0.07102505, 0.02219913, 0.028688615, 0.040440444, 0.044425897, 0.020308666, 0.012144295, 0.0057100845, 0.0014924713, 0.0 ],
  "lightfield_0.0_0.0_0.8_x" : [ 0.0061136046, 0.014283503, 0.027356446, 0.038185153, 0.027273532, 0.023558935, 0.017041812, 0.014090035, 0.01476441, 0.046183694, 0.06850443, 0.08403719, 0.09419152, 0.097170934, 0.099155374, 0.10074734, 0.097579986, 0.07367281, 0.043093726, 0.012995556 ],
  "lightfield_0.0_0.0_0.2_y" : [ 0.0, 0.0033528083, 0.030147612, 0.061750323, 0.09334196, 0.11851016, 0.12834175, 0.119981855, 0.10747245, 0.09080246, 0.071028635, 0.022202674, 0.028797636, 0.040161777, 0.044189572, 0.020482007, 0.01221064, 0.0057927235, 0.001432966, 0.0 ],
  "lightfield_0.0_0.0_0.2_x" : [ 0.013355907, 0.043597575, 0.07399416, 0.097762585, 0.10058425, 0.099040635, 0.09712079, 0.09411654, 0.084035985, 0.0681627, 0.045738723, 0.014855265, 0.013881512, 0.017013013, 0.023635639, 0.027254017, 0.03825853, 0.027337007, 0.014362856, 0.0058923117 ],
  "lightfield_0.0_0.0_0.4_y" : [ 0.023175633, 0.074087046, 0.08757083, 0.089383826, 0.091479525, 0.09238295, 0.09055152, 0.086329386, 0.078315325, 0.064542696, 0.036296815, 0.013575967, 0.011916614, 0.013840235, 0.01662426, 0.023642711, 0.022475017, 0.02494561, 0.04423713, 0.014626891 ],
  "lightfield_0.0_0.0_0.4_x" : [ 0.0, 0.0, 0.0, 0.0, 0.013004413, 0.07100188, 0.11381934, 0.14239094, 0.15739273, 0.16254902, 0.15948229, 0.109431274, 0.04375776, 0.016034268, 0.007381049, 0.0037181803, 3.6874517E-5, 0.0, 0.0, 0.0 ],
  "lightfield_0.0_0.0_0.0_y" : [ 0.0, 0.0, 0.0, 0.0, 0.0, 0.0, 0.0025247284, 0.11438141, 0.15459192, 0.22884138, 0.22772488, 0.1546873, 0.114802204, 0.0024461811, 0.0, 0.0, 0.0, 0.0, 0.0, 0.0 ],
  "lightfield_0.0_0.0_0.0_x" : [ 0.072151124, 0.0792428, 0.08002828, 0.08214905, 0.08443814, 0.08523483, 0.0828167, 0.07767747, 0.07258874, 0.06036906, 0.035957742, 0.011737182, 0.011675466, 0.01160814, 0.013504491, 0.01647245, 0.023614626, 0.018884968, 0.017123269, 0.06272547 ],
  "d1" : [ 0.0354148, 0.1102455, 0.0724582, 0.0612307, 0.0550977, 0.052047, 0.0486064, 0.0493208, 0.0463214, 0.0452367, 0.044961, 0.0522778, 0.0417547, 0.043765, 0.0344556, 0.0037666, 0.0120901, 0.0120671, 0.0585183, 0.1203646 ],
  "d2" : [ 0.013420656, 0.039789386, 0.063777596, 0.08833221, 0.11799292, 0.13778779, 0.082326055, 0.057358973, 0.04276831, 0.03900915, 0.034209806, 0.035729576, 0.037621006, 0.037150625, 0.036188353, 0.035713673, 0.03490933, 0.033302248, 0.026167694, 0.0064446316 ],
  "d3" : [ 9.508597E-4, 0.008267851, 0.02237559, 0.04137759, 0.062392898, 0.084642306, 0.10432058, 0.11611425, 0.11081087, 0.09550827, 0.0761216, 0.062126957, 0.057910573, 0.05403318, 0.047683347, 0.036236204, 0.015956935, 0.0024224282, 6.2092644E-4, 1.2678129E-4 ],
  "d4" : [ 6.2026566E-6, 4.2910182E-5, 1.729626E-4, 5.400378E-4, 0.0016931219, 0.007542837, 0.020642746, 0.04194582, 0.09879886, 0.29798546, 0.3442873, 0.10793974, 0.0449534, 0.022246184, 0.008459508, 0.001873914, 5.895574E-4, 2.15161E-4, 5.562054E-5, 8.6430455E-6 ],
  "lightfield_0.0_0.8_0.0_y" : [ 0.0, 0.0, 0.0, 0.0, 0.0, 0.0, 0.017550625, 0.1239378, 0.16088915, 0.20617738, 0.20124227, 0.15936959, 0.11706997, 0.013763215, 0.0, 0.0, 0.0, 0.0, 0.0, 0.0 ],
  "lightfield_0.0_0.8_0.0_x" : [ 0.0507926, 0.080334395, 0.083938174, 0.06708076, 0.024969356, 0.016531467, 0.011219913, 0.009337685, 0.0107011525, 0.02832523, 0.05193571, 0.061447848, 0.06579533, 0.06950011, 0.06976178, 0.06779692, 0.06606619, 0.064835854, 0.06226042, 0.037369106 ],
  "lightfield_0.8_0.0_0.0_x" : [ 0.07352309, 0.07869054, 0.08064579, 0.082941815, 0.08457306, 0.084059104, 0.08127706, 0.07790285, 0.07314321, 0.060467586, 0.035747606, 0.011697997, 0.011742689, 0.01145778, 0.013647663, 0.016580543, 0.023552414, 0.018787185, 0.01710008, 0.062461942 ],
  "lightfield_0.8_0.0_0.0_y" : [ 0.0, 0.0, 0.0, 0.0, 0.0, 0.0, 0.0027820452, 0.11688501, 0.15482248, 0.22874221, 0.22706628, 0.15439233, 0.11346052, 0.0018491104, 0.0, 0.0, 0.0, 0.0, 0.0, 0.0 ],
  "lightfield_0.0_0.6_0.0_x" : [ 0.025155509, 0.043979697, 0.05393917, 0.060244374, 0.06390953, 0.06535687, 0.06482364, 0.06219448, 0.057229977, 0.049068257, 0.04687439, 0.050580896, 0.053081647, 0.053290587, 0.05183236, 0.050432898, 0.04818244, 0.04375117, 0.03655362, 0.01951848 ],
  "lightfield_0.0_0.6_0.0_y" : [ 0.0, 0.0, 0.009885475, 0.04202524, 0.08630529, 0.09848692, 0.10431983, 0.10756493, 0.10816346, 0.10770423, 0.10374525, 0.09823446, 0.08468165, 0.040995773, 0.007887485, 0.0, 0.0, 0.0, 0.0, 0.0 ],
  "lightfield_0.6_0.0_0.0_y" : [ 0.0, 0.0, 0.0, 0.0, 0.0, 0.0, 0.0022867215, 0.11856929, 0.15465488, 0.2279917, 0.22595039, 0.15422541, 0.1146484, 0.0016732108, 0.0, 0.0, 0.0, 0.0, 0.0, 0.0 ],
  "lightfield_0.6_0.0_0.0_x" : [ 0.07420132, 0.07957233, 0.08135151, 0.08311395, 0.08400076, 0.082835086, 0.08144632, 0.0785684, 0.073085845, 0.05997903, 0.03544976, 0.011773827, 0.011695744, 0.011444761, 0.013363377, 0.016458817, 0.023486301, 0.01880689, 0.017077904, 0.06228806 ],
  "lightfield_0.0_0.4_0.0_x" : [ 0.01963104, 0.036631294, 0.04367494, 0.048196327, 0.050362602, 0.051743113, 0.05328859, 0.0530737, 0.05064912, 0.04692435, 0.04921869, 0.057256475, 0.06221416, 0.064812385, 0.06529209, 0.063868165, 0.06014122, 0.05388551, 0.043905023, 0.025231225 ],
  "lightfield_0.0_0.4_0.0_y" : [ 0.0, 0.0, 0.010175842, 0.044237126, 0.0861886, 0.098487295, 0.103748865, 0.10760388, 0.10789474, 0.107265264, 0.10379228, 0.09796635, 0.0849253, 0.03953992, 0.008174535, 0.0, 0.0, 0.0, 0.0, 0.0 ],
  "lightfield_0.0_0.2_0.0_y" : [ 0.0, 0.0, 0.0, 0.0, 0.0, 0.0, 0.018531432, 0.12497591, 0.16080916, 0.20651147, 0.20077172, 0.15935014, 0.11553814, 0.013512026, 0.0, 0.0, 0.0, 0.0, 0.0, 0.0 ],
  "lightfield_0.0_0.2_0.0_x" : [ 0.037696026, 0.062311314, 0.06492195, 0.06594511, 0.06769318, 0.06987713, 0.0694642, 0.06589005, 0.06148545, 0.051671453, 0.02805179, 0.010727034, 0.009359773, 0.011305138, 0.01660901, 0.025294328, 0.06754636, 0.0839122, 0.08007194, 0.050166547 ],
  "a3" : [ 0.1384505, 0.18100917, 0.10396448, 0.0982884, 0.09115112, 0.093200244, 0.05868394, 0.0, 0.0, 0.0, 0.0, 0.0, 0.0, 0.0030121624, 0.015980782, 0.02473835, 0.031646725, 0.040912725, 0.050866064, 0.068095334 ],
  "lightfield_0.4_0.0_0.0_y" : [ 0.0, 0.0, 0.0, 0.0, 0.0, 0.0, 0.0016614641, 0.11813737, 0.15452175, 0.22848208, 0.22605422, 0.15423086, 0.115234, 0.0016782465, 0.0, 0.0, 0.0, 0.0, 0.0, 0.0 ],