{
  "eccentricity_minmax" : 0.01278045,
  "compactness" : 177.88846,
  "eccentricity" : 6.996716,
  "compactness_standardized" : -0.06392414,
  "convexity_minmax" : 0.0523829,
  "diameter_standardized" : 0.7245234,
  "surface_area_minmax" : 0.099877864,
  "convexity" : 0.101228155,
  "diameter_minmax" : 0.22505496,
  "rectangularity _standardized" : -0.280552,
  "convexity_standardized" : -0.8344034,
  "diameter" : 1.1193789,
  "surface_area" : 2.0544696,
  "rectangularity " : 0.006027485,
  "compactness_minmax" : 4.5073426E-5,
  "surface_area_standardized" : 0.28267375,
  "rectangularity _minmax" : 0.010861865,
  "eccentricity_standardized" : -0.09355151,
  "lightfield_0.0_0.0_0.6_y" : [ 0.013839464, 0.035135243, 0.052365754, 0.02691295, 0.024128301, 0.028979493, 0.034006223, 0.039148647, 0.04431102, 0.049752653, 0.055254128, 0.060827415, 0.06667996, 0.07249262, 0.07854863, 0.08463656, 0.090768375, 0.078436926, 0.047398865, 0.016376765 ],
  "lightfield_0.0_0.0_0.6_x" : [ 0.0, 0.0, 0.0, 0.007615894, 0.025819836, 0.044087607, 0.06279024, 0.08170829, 0.10092556, 0.12518153, 0.15230192, 0.17884783, 0.15019947, 0.034820076, 0.01582223, 0.011705099, 0.0070454003, 0.0011290194, 0.0, 0.0 ],
  "lightfield_0.0_0.0_0.8_y" : [ 0.0, 0.004147491, 0.0106957415, 0.015788382, 0.021243928, 0.03793359, 0.06330906, 0.06935881, 0.073330835, 0.089454204, 0.107380144, 0.11642087, 0.10193656, 0.086431324, 0.07097394, 0.05558037, 0.040410124, 0.025215948, 0.010185281, 2.0338659E-4 ],
  "lightfield_0.0_0.0_0.8_x" : [ 0.009622977, 0.027050415, 0.044322323, 0.06180958, 0.079304814, 0.09569937, 0.09347807, 0.084712505, 0.07630586, 0.06810659, 0.060118683, 0.052366063, 0.0448607, 0.037614554, 0.033626582, 0.05101813, 0.033821993, 0.023612784, 0.016007721, 0.0065402747 ],
  "lightfield_0.0_0.0_0.2_y" : [ 0.0, 0.0041397465, 0.010692351, 0.015793253, 0.021205233, 0.037955653, 0.06332057, 0.069362685, 0.07332297, 0.08944724, 0.10737417, 0.116403446, 0.10194624, 0.086452104, 0.070977904, 0.05559544, 0.040416367, 0.025221344, 0.010169897, 2.0339794E-4 ],
  "lightfield_0.0_0.0_0.2_x" : [ 0.006644333, 0.016088378, 0.023697855, 0.033991385, 0.05103294, 0.03350084, 0.037708383, 0.044950943, 0.05245673, 0.0602018, 0.06819016, 0.07638989, 0.08481694, 0.09356704, 0.09558108, 0.079125784, 0.061629575, 0.044149317, 0.026860492, 0.0094161285 ],
  "lightfield_0.0_0.0_0.4_y" : [ 0.013809247, 0.035183072, 0.052397776, 0.026880777, 0.024125308, 0.02896632, 0.033990763, 0.039138827, 0.04440253, 0.04975396, 0.05524496, 0.06087154, 0.06662573, 0.07249556, 0.07853286, 0.08460207, 0.0908268, 0.07841722, 0.047305543, 0.016429136 ],
  "lightfield_0.0_0.0_0.4_x" : [ 0.0, 0.0, 0.0, 0.003377543, 0.009163629, 0.013318765, 0.018111926, 0.070693135, 0.18368332, 0.16735786, 0.14158167, 0.11390336, 0.09293627, 0.07382743, 0.055001713, 0.03651495, 0.01822358, 0.002304864, 0.0, 0.0 ],
  "lightfield_0.0_0.0_0.0_y" : [ 0.0, 0.0, 0.0, 0.0, 0.0025113304, 0.029236726, 0.064696185, 0.10081291, 0.14016363, 0.16341959, 0.16341959, 0.13973527, 0.10043687, 0.064313605, 0.02886395, 0.0023903418, 0.0, 0.0, 0.0, 0.0 ],
  "lightfield_0.0_0.0_0.0_x" : [ 0.069898695, 0.03729718, 0.01788996, 0.019861747, 0.023602583, 0.02713087, 0.030871706, 0.034710642, 0.038546305, 0.04256836, 0.04658714, 0.050671324, 0.054798014, 0.059078395, 0.063384935, 0.06782881, 0.07238714, 0.076752536, 0.08145474, 0.084678926 ],
  "d1" : [ 0.0878785, 0.0608684, 0.0677908, 0.040571, 0.0471503, 0.0473171, 0.0947333, 0.1149327, 0.0337877, 0.036399, 0.0244359, 0.0338011, 0.0202509, 0.0338586, 0.0203092, 0.0202927, 0.0271565, 0.0404953, 0.0530196, 0.0949514 ],
  "d2" : [ 0.027417114, 0.055713482, 0.06394763, 0.070459574, 0.08070327, 0.09500808, 0.087496266, 0.08166544, 0.08001065, 0.06908533, 0.055314712, 0.048304383, 0.045064915, 0.03839384, 0.04936807, 0.015470317, 0.013314738, 0.010681176, 0.007654044, 0.004926965 ],
  "d3" : [ 0.006092646, 0.026637252, 0.051636007, 0.07592368, 0.094097376, 0.10324807, 0.106474146, 0.104132414, 0.097573295, 0.08638193, 0.07140996, 0.054868627, 0.041536972, 0.03018914, 0.020823626, 0.013976631, 0.008455305, 0.0042081326, 0.0017944584, 5.403298E-4 ],
  "d4" : [ 1.2201947E-6, 5.2875102E-6, 2.0438261E-5, 8.551531E-5, 3.6209277E-4, 0.0014066811, 0.004851901, 0.015794404, 0.055141818, 0.38771492, 0.45432568, 0.057134803, 0.016155886, 0.005037472, 0.0014737919, 3.7948057E-4, 8.632878E-5, 1.7794506E-5, 3.86395E-6, 6.1009735E-7 ],
  "lightfield_0.0_0.8_0.0_y" : [ 0.0, 0.0, 0.0, 0.0, 0.0, 0.0037985935, 0.04624429, 0.08971916, 0.124483466, 0.15207472, 0.15573609, 0.15306647, 0.12698467, 0.09241997, 0.0503454, 0.0051271655, 0.0, 0.0, 0.0, 0.0 ],
  "lightfield_0.0_0.8_0.0_x" : [ 0.03996632, 0.06611985, 0.0748772, 0.07395095, 0.06855557, 0.06296995, 0.057590168, 0.05225717, 0.047145598, 0.042133823, 0.037259273, 0.032503236, 0.027906252, 0.023462085, 0.019585524, 0.044341873, 0.063235044, 0.067735344, 0.06124842, 0.03715636 ],
  "lightfield_0.8_0.0_0.0_x" : [ 0.06991493, 0.037305843, 0.017894113, 0.019866358, 0.023608062, 0.027137171, 0.030878875, 0.034718703, 0.038555257, 0.04256843, 0.04659469, 0.05068309, 0.05481074, 0.059092112, 0.06339965, 0.06784456, 0.07231564, 0.07676709, 0.081385344, 0.08465934 ],
  "lightfield_0.8_0.0_0.0_y" : [ 0.0, 0.0, 0.0, 0.0, 0.0024693941, 0.029194454, 0.06478971, 0.10087884, 0.14019617, 0.1633725, 0.1633725, 0.1397677, 0.100460194, 0.06432854, 0.028821591, 0.0023483776, 0.0, 0.0, 0.0, 0.0 ],
  "lightfield_0.0_0.6_0.0_x" : [ 0.02249056, 0.03974947, 0.04920512, 0.055407573, 0.05943631, 0.061681863, 0.062381875, 0.06155844, 0.05915999, 0.054954406, 0.048731692, 0.049663812, 0.053611495, 0.055645205, 0.055974945, 0.054591507, 0.051395413, 0.045983236, 0.037356544, 0.02102054 ],
  "lightfield_0.0_0.6_0.0_y" : [ 0.0, 0.0, 0.0063829785, 0.043238465, 0.07182647, 0.08077738, 0.086172976, 0.089591965, 0.09150042, 0.091948055, 0.091076724, 0.088658005, 0.08461822, 0.07842498, 0.065657176, 0.0292917, 8.3448464E-4, 0.0, 0.0, 0.0 ],
  "lightfield_0.6_0.0_0.0_y" : [ 0.0, 0.0, 0.0, 0.0, 0.0023581816, 0.029169396, 0.06461745, 0.10082536, 0.14039041, 0.16359885, 0.16359885, 0.1399155, 0.100360274, 0.06422769, 0.028720686, 0.0022173456, 0.0, 0.0, 0.0, 0.0 ],
  "lightfield_0.6_0.0_0.0_x" : [ 0.06994301, 0.03726582, 0.017918905, 0.019884055, 0.023604743, 0.027174767, 0.030921657, 0.034750424, 0.038579196, 0.0425357, 0.046505306, 0.050674703, 0.05479497, 0.059082273, 0.06339578, 0.06793528, 0.07223569, 0.076873444, 0.08146535, 0.084458925 ],
  "lightfield_0.0_0.4_0.0_x" : [ 0.021293683, 0.037457358, 0.04602088, 0.051436402, 0.054608352, 0.05602486, 0.055647247, 0.05356577, 0.049627546, 0.048778377, 0.054987807, 0.05918023, 0.061565638, 0.062377967, 0.061674315, 0.059404954, 0.0553691, 0.049124677, 0.03962909, 0.022225743 ],
  "lightfield_0.0_0.4_0.0_y" : [ 0.0, 0.0, 0.006388105, 0.043200757, 0.071794346, 0.08077416, 0.0861731, 0.08965267, 0.091516785, 0.09194782, 0.09104339, 0.08861009, 0.08461108, 0.078420065, 0.0656678, 0.029365389, 8.3443243E-4, 0.0, 0.0, 0.0 ],
  "lightfield_0.0_0.2_0.0_y" : [ 0.0, 0.0, 0.0, 0.0, 0.0, 0.0038101296, 0.046251606, 0.08975942, 0.12447151, 0.1520435, 0.15570398, 0.15304124, 0.12699081, 0.09244085, 0.050351705, 0.0051352563, 0.0, 0.0, 0.0, 0.0 ],
  "lightfield_0.0_0.2_0.0_x" : [ 0.037599307, 0.06138923, 0.06772801, 0.06311657, 0.044022273, 0.019555755, 0.023512429, 0.027961737, 0.032557588, 0.037309337, 0.042188924, 0.047208816, 0.05233472, 0.057635225, 0.06302304, 0.068622865, 0.07401379, 0.07480575, 0.06592896, 0.039485663 ],
  "a3" : [ 0.13454081, 0.15221775, 0.14412355, 0.107977815, 0.08028656, 0.07283213, 0.043340586, 0.0, 0.0, 0.0, 0.0, 0.0, 0.0, 0.0038105827, 0.01847314, 0.031629216, 0.04093154, 0.0522191, 0.0584505, 0.059166715 ],