{
  "eccentricity_minmax" : 0.01278045,
  "compactness" : 177.88846,
  "eccentricity" : 6.996716,
  "compactness_standardized" : -0.06390763,
  "convexity_minmax" : 0.0523829,
  "diameter_standardized" : 0.7235018,
  "surface_area_minmax" : 0.099877864,
  "convexity" : 0.101228155,
  "diameter_minmax" : 0.22505496,
  "rectangularity _standardized" : -0.2810412,
  "convexity_standardized" : -0.83488804,
  "diameter" : 1.1193789,
  "surface_area" : 2.0544696,
  "rectangularity " : 0.006027485,
  "compactness_minmax" : 4.5073426E-5,
  "surface_area_standardized" : 0.28238657,
  "rectangularity _minmax" : 0.010861865,
  "eccentricity_standardized" : -0.09342466,
  "lightfield_0.0_0.0_0.6_y" : [ 0.027780393, 0.04421197, 0.040016674, 0.020341137, 0.024075892, 0.028166978, 0.032463122, 0.036752544, 0.041162986, 0.045781843, 0.050316665, 0.05507335, 0.059850205, 0.064738, 0.06980395, 0.07483965, 0.080043435, 0.08526066, 0.07273864, 0.04658191 ],
  "lightfield_0.0_0.0_0.6_x" : [ 0.0, 0.0010790786, 0.013436378, 0.028708199, 0.044248946, 0.05998131, 0.07598596, 0.09214861, 0.10719184, 0.12610093, 0.14774302, 0.1656974, 0.08624561, 0.019544434, 0.013782624, 0.010427732, 0.0064408556, 0.0012370746, 0.0, 0.0 ],
  "lightfield_0.0_0.0_0.8_y" : [ 0.0021612418, 0.008029846, 0.012664878, 0.016608313, 0.02281274, 0.042283867, 0.060534723, 0.06171177, 0.06686883, 0.08079055, 0.09563662, 0.10012535, 0.093146205, 0.08565168, 0.0736518, 0.060850598, 0.048029445, 0.035414442, 0.02281274, 0.010214362 ],
  "lightfield_0.0_0.0_0.8_x" : [ 0.028541693, 0.04293889, 0.057522286, 0.07215556, 0.08616041, 0.088022396, 0.08089362, 0.07375488, 0.0668256, 0.0600393, 0.05348575, 0.047095124, 0.04085745, 0.03483257, 0.029379591, 0.047095124, 0.03591984, 0.024804408, 0.018264158, 0.011411358 ],
  "lightfield_0.0_0.0_0.2_y" : [ 0.002116023, 0.007979861, 0.01251704, 0.01649702, 0.02278539, 0.042224277, 0.060280126, 0.059925243, 0.06675091, 0.08059129, 0.09535371, 0.10160891, 0.094710276, 0.08618648, 0.073536776, 0.06070134, 0.0479654, 0.035305746, 0.022758856, 0.010205334 ],
  "lightfield_0.0_0.0_0.2_x" : [ 0.013054336, 0.019525122, 0.026446972, 0.039541107, 0.042824592, 0.030198103, 0.03600556, 0.04206508, 0.048360083, 0.0547579, 0.061377935, 0.06815385, 0.075105555, 0.082286105, 0.088902816, 0.08326783, 0.06879397, 0.054257087, 0.039716892, 0.02535911 ],
  "lightfield_0.0_0.0_0.4_y" : [ 0.027808217, 0.044167772, 0.04009721, 0.020285578, 0.024097318, 0.028191406, 0.03241995, 0.03673925, 0.04121317, 0.045703895, 0.050376132, 0.054954253, 0.059868503, 0.06483318, 0.06978776, 0.07485328, 0.08002635, 0.08525993, 0.07275245, 0.046564393 ],
  "lightfield_0.0_0.0_0.4_x" : [ 0.0, 0.0, 0.0022520856, 0.0074486895, 0.011189841, 0.014567969, 0.025334284, 0.112933695, 0.16376024, 0.14293349, 0.121377334, 0.1040867, 0.08858764, 0.07243313, 0.056557603, 0.040897205, 0.025364535, 0.010107495, 1.680661E-4, 0.0 ],
  "lightfield_0.0_0.0_0.0_y" : [ 0.0, 0.0, 0.0, 0.0, 0.0025113304, 0.029236726, 0.064696185, 0.10081291, 0.14016363, 0.16341959, 0.16341959, 0.13973527, 0.10043687, 0.064313605, 0.02886395, 0.0023903418, 0.0, 0.0, 0.0, 0.0 ],
  "lightfield_0.0_0.0_0.0_x" : [ 0.069898695, 0.03729718, 0.01788996, 0.019861747, 0.023602583, 0.02713087, 0.030871706, 0.034710642, 0.038546305, 0.04256836, 0.04658714, 0.050671324, 0.054798014, 0.059078395, 0.063384935, 0.06782881, 0.07238714, 0.076752536, 0.08145474, 0.084678926 ],
  "d1" : [ 0.087813, 0.0608427, 0.0676299, 0.0404975, 0.0472637, 0.0472976, 0.0946774, 0.1150619, 0.0338148, 0.0365558, 0.0243479, 0.0336749, 0.0202692, 0.0337713, 0.0203203, 0.0203597, 0.0271814, 0.0406295, 0.0532361, 0.0947554 ],
  "d2" : [ 0.028176747, 0.05701481, 0.06247297, 0.06976735, 0.07985923, 0.096085876, 0.08801386, 0.08298727, 0.08015467, 0.06841192, 0.055262204, 0.049293257, 0.044178657, 0.038474355, 0.049167532, 0.01571776, 0.012954474, 0.010209693, 0.0072518736, 0.004545498 ],
  "d3" : [ 0.0075429836, 0.03090616, 0.056614287, 0.08093184, 0.09791299, 0.105590604, 0.1063033, 0.10224951, 0.09465954, 0.08285691, 0.06803275, 0.05242004, 0.03991729, 0.02887132, 0.019512445, 0.012482725, 0.0076571875, 0.0036468739, 0.0014773039, 4.1395097E-4 ],
  "d4" : [ 6.1009735E-7, 1.830292E-6, 8.948095E-6, 6.0297956E-5, 2.8064477E-4, 0.0011440342, 0.0040865336, 0.013602629, 0.049332168, 0.32295075, 0.52813333, 0.058334664, 0.015737563, 0.004632978, 0.0012991006, 3.144035E-4, 6.294171E-5, 1.2405313E-5, 3.3555355E-6, 8.1346315E-7 ],
  "lightfield_0.0_0.8_0.0_y" : [ 0.0, 0.0, 0.0, 0.0, 0.004535235, 0.0434406, 0.078950055, 0.10546353, 0.13037696, 0.13793294, 0.13793294, 0.13017008, 0.10522352, 0.07865212, 0.04298266, 0.0043393704, 0.0, 0.0, 0.0, 0.0 ],
  "lightfield_0.0_0.8_0.0_x" : [ 0.06762576, 0.07370309, 0.07232651, 0.06739128, 0.062456034, 0.057655968, 0.052963488, 0.048351012, 0.04383233, 0.039421234, 0.03521704, 0.03103767, 0.026990717, 0.023059629, 0.019161643, 0.036276363, 0.0582877, 0.065926425, 0.06459124, 0.053724878 ],
  "lightfield_0.8_0.0_0.0_x" : [ 0.06984189, 0.037347328, 0.017982047, 0.020002943, 0.023521526, 0.027167639, 0.030875886, 0.034708392, 0.03856379, 0.04249113, 0.04651003, 0.050659735, 0.054815978, 0.059083402, 0.0633868, 0.06783081, 0.07226828, 0.076915026, 0.08149965, 0.08452772 ],
  "lightfield_0.8_0.0_0.0_y" : [ 0.0, 0.0, 0.0, 0.0, 0.0025310246, 0.029509, 0.06495643, 0.10100554, 0.14054708, 0.16333938, 0.16333938, 0.13959876, 0.100158595, 0.06412583, 0.028675135, 0.002213829, 0.0, 0.0, 0.0, 0.0 ],
  "lightfield_0.0_0.6_0.0_x" : [ 0.0, 0.0058492017, 0.041830566, 0.059875354, 0.07015825, 0.07603085, 0.07851091, 0.07788797, 0.07407429, 0.066672124, 0.06073226, 0.06696751, 0.07037175, 0.07009391, 0.06627438, 0.058541734, 0.04418487, 0.0119440695, 0.0, 0.0 ],
  "lightfield_0.0_0.6_0.0_y" : [ 0.0, 0.0, 0.0, 0.0, 0.007326125, 0.06216824, 0.09634805, 0.10663972, 0.112649776, 0.11548664, 0.11545739, 0.11262053, 0.10656368, 0.09614041, 0.0615453, 0.007054137, 0.0, 0.0, 0.0, 0.0 ],
  "lightfield_0.6_0.0_0.0_y" : [ 0.0, 0.0, 0.0, 0.0, 0.002533759, 0.02935101, 0.0649022, 0.101059005, 0.14074475, 0.16351584, 0.16351584, 0.13961208, 0.10012931, 0.063959405, 0.028503152, 0.002173664, 0.0, 0.0, 0.0, 0.0 ],
  "lightfield_0.6_0.0_0.0_x" : [ 0.06981586, 0.037371308, 0.018001473, 0.020024551, 0.023465095, 0.027232997, 0.03086341, 0.03470006, 0.038520336, 0.042530484, 0.046560276, 0.05066863, 0.05478026, 0.059104674, 0.06340945, 0.06777969, 0.072329976, 0.07686717, 0.08148294, 0.084491365 ],
  "lightfield_0.0_0.4_0.0_x" : [ 0.0, 0.0, 0.019150374, 0.04787886, 0.06041759, 0.06733056, 0.07048719, 0.0699723, 0.06586781, 0.060537532, 0.068442255, 0.07512996, 0.07829244, 0.07827781, 0.07512996, 0.06851539, 0.057097137, 0.036130022, 0.0013428081, 0.0 ],
  "lightfield_0.0_0.4_0.0_y" : [ 0.0, 0.0, 0.0, 0.0, 0.007316695, 0.06203247, 0.09626676, 0.106743, 0.112708114, 0.11546687, 0.115455166, 0.11264668, 0.10663769, 0.09617899, 0.061505876, 0.0070416974, 0.0, 0.0, 0.0, 0.0 ],
  "lightfield_0.0_0.2_0.0_y" : [ 0.0, 0.0, 0.0, 0.0, 0.004502807, 0.043820538, 0.079606436, 0.105190195, 0.13003403, 0.13753228, 0.13753228, 0.12985249, 0.10495089, 0.07930662, 0.043352928, 0.004318514, 0.0, 0.0, 0.0, 0.0 ],
  "lightfield_0.0_0.2_0.0_x" : [ 0.056765076, 0.06536359, 0.06489048, 0.05520821, 0.029869262, 0.019870665, 0.02380959, 0.027754014, 0.031813968, 0.036003202, 0.04020894, 0.044656735, 0.049167793, 0.053766873, 0.05848973, 0.06328136, 0.06825452, 0.07289761, 0.072892115, 0.06503627 ],
  "a3" : [ 0.14063336, 0.15450956, 0.1377864, 0.10459416, 0.081805326, 0.07563339, 0.045729004, 0.0, 0.0, 0.0, 0.0, 0.0, 0.0, 0.004090407, 0.018802067, 0.029436301, 0.03832367, 0.04953959, 0.05831396, 0.0608028 ],
  "lightfield_0.4_0.0_0.0_y" : [ 0.0, 0.0, 0.0, 0.0, 0.002533759, 0.02935101, 0.0649022, 0.101059005, 0.14074475, 0.16351584, 0.16351584, 0.13961208, 0.10012931, 0.063959405, 0.028503152, 0.002173664, 0.0, 0.0, 0.0, 0.0 ],