{
  "eccentricity_minmax" : 6.33336E-4,
  "compactness" : 12.464397,
  "eccentricity" : 1.29786,
  "compactness_standardized" : -0.065028414,
  "convexity_minmax" : 0.31597272,
  "diameter_standardized" : 3.578147,
  "surface_area_minmax" : 0.23130271,
  "convexity" : 0.6054466,
  "diameter_minmax" : 0.6852056,
  "rectangularity _standardized" : 3.3647985,
  "convexity_standardized" : 0.97076124,
  "diameter" : 1.3634628,
  "surface_area" : 4.737023,
  "rectangularity " : 0.1813304,
  "compactness_minmax" : 3.049999E-6,
  "surface_area_standardized" : 1.9241561,
  "rectangularity _minmax" : 0.32676902,
  "eccentricity_standardized" : -0.35117352,
  "lightfield_0.0_0.0_0.6_y" : [ 0.009438906, 0.02575006, 0.04302038, 0.057580166, 0.061244536, 0.062074035, 0.06351279, 0.064113155, 0.063686855, 0.06370462, 0.06366021, 0.06371883, 0.06362824, 0.06388935, 0.06411493, 0.06255007, 0.04905602, 0.033275962, 0.018163765, 0.0038171262 ],
  "lightfield_0.0_0.0_0.6_x" : [ 0.0, 0.0016092677, 0.0146379415, 0.029595604, 0.045258433, 0.060526937, 0.070605285, 0.07683098, 0.077001505, 0.07700861, 0.07701749, 0.07701927, 0.07701394, 0.07710275, 0.07693934, 0.064818315, 0.048507165, 0.033075247, 0.015431918, 0.0 ],
  "lightfield_0.0_0.0_0.8_y" : [ 0.0032476278, 0.016646072, 0.027737513, 0.037989322, 0.048518367, 0.058692947, 0.06902991, 0.07945004, 0.09029197, 0.09665257, 0.09017117, 0.08243628, 0.07361025, 0.062859416, 0.05260959, 0.042108264, 0.03198121, 0.021588802, 0.011766709, 0.002611964 ],
  "lightfield_0.0_0.0_0.8_x" : [ 0.0042714225, 0.014673732, 0.024371069, 0.034591194, 0.04495984, 0.055322547, 0.06586743, 0.076465786, 0.08049562, 0.08046394, 0.079881735, 0.07822228, 0.07705789, 0.071871586, 0.06176631, 0.05132242, 0.040947832, 0.031078212, 0.019462002, 0.0069071497 ],
  "lightfield_0.0_0.0_0.2_y" : [ 0.001724878, 0.015184516, 0.026877351, 0.037280522, 0.04800711, 0.05833042, 0.069080964, 0.07971172, 0.090881504, 0.09603418, 0.091508366, 0.083127536, 0.074581005, 0.06387638, 0.053341452, 0.04287839, 0.032225672, 0.021558978, 0.011792655, 0.0019963866 ],
  "lightfield_0.0_0.0_0.2_x" : [ 0.0070113097, 0.019388907, 0.03104381, 0.041516855, 0.052053783, 0.06279634, 0.07275831, 0.076110244, 0.07737994, 0.07924856, 0.0793923, 0.07936036, 0.07715635, 0.06660145, 0.055830944, 0.045377865, 0.034687217, 0.02411036, 0.0141783375, 0.0039967657 ],
  "lightfield_0.0_0.0_0.4_y" : [ 0.008997995, 0.024806062, 0.04117684, 0.056274775, 0.062241677, 0.06277383, 0.06415274, 0.06473343, 0.06456983, 0.06455006, 0.06456264, 0.06466691, 0.06454466, 0.06504984, 0.06490422, 0.06152975, 0.04678778, 0.032042213, 0.01787554, 0.0037592025 ],
  "lightfield_0.0_0.0_0.4_x" : [ 0.0, 0.008115275, 0.026830386, 0.041807868, 0.056398824, 0.0719498, 0.07852077, 0.07803716, 0.07810548, 0.07815402, 0.07812346, 0.07807671, 0.077958055, 0.07264016, 0.06391723, 0.049702015, 0.034916896, 0.019993348, 0.0067363614, 1.618021E-5 ],
  "lightfield_0.0_0.0_0.0_y" : [ 0.0, 7.9540396E-4, 0.05193358, 0.063121736, 0.06326218, 0.0632333, 0.06321755, 0.06320705, 0.06319261, 0.06314667, 0.06314667, 0.063210994, 0.06321493, 0.063180804, 0.063209675, 0.0632648, 0.06331337, 0.059690736, 0.0026579094, 0.0 ],
  "lightfield_0.0_0.0_0.0_x" : [ 0.043760344, 0.048872717, 0.05008289, 0.052235465, 0.05265417, 0.05234572, 0.052260403, 0.05223809, 0.052336533, 0.052432347, 0.05228009, 0.05221709, 0.052272215, 0.05224859, 0.052272215, 0.052188214, 0.05232472, 0.053387884, 0.052568853, 0.019021444 ],
  "d1" : [ 0.0050466, 0.0090416, 0.0138135, 0.0155896, 0.0195184, 0.0311399, 0.0575985, 0.0536301, 0.0713078, 0.0723695, 0.1242637, 0.1234365, 0.1084869, 0.0846643, 0.0952977, 0.0608987, 0.0253347, 0.0126495, 0.0068953, 0.0090172 ],
  "d2" : [ 0.00541015, 0.01645579, 0.034164198, 0.051116876, 0.06726191, 0.081704944, 0.08851794, 0.09650875, 0.093374595, 0.09962429, 0.093404, 0.09367605, 0.072969615, 0.047506742, 0.029618202, 0.017273232, 0.007958798, 0.0024534308, 8.184437E-4, 1.8203196E-4 ],
  "d3" : [ 0.001000566, 0.0067241373, 0.019012665, 0.0385883, 0.060932294, 0.084094435, 0.10337686, 0.115779795, 0.11870109, 0.113184, 0.100879975, 0.083741456, 0.063659, 0.044151083, 0.026522143, 0.012968418, 0.004972644, 0.0015136277, 1.8473846E-4, 1.2778749E-5 ],
  "d4" : [ 2.2370236E-6, 7.321168E-6, 4.0978204E-5, 2.5237695E-4, 0.0010275056, 0.0031838948, 0.0104144635, 0.033852268, 0.12100671, 0.50011826, 0.24207047, 0.06177785, 0.018209677, 0.0055779167, 0.0018065999, 5.2031135E-4, 1.0676704E-4, 1.90147E-5, 4.3723644E-6, 1.016829E-6 ],
  "lightfield_0.0_0.8_0.0_y" : [ 0.0, 0.0, 0.0, 0.026310733, 0.07032561, 0.073436715, 0.07339918, 0.07340669, 0.07337065, 0.07336614, 0.07324903, 0.07330158, 0.073384166, 0.07339918, 0.07336314, 0.07336164, 0.073468246, 0.022857288, 0.0, 0.0 ],
  "lightfield_0.0_0.8_0.0_x" : [ 0.033965364, 0.051571917, 0.051758103, 0.0520569, 0.052319665, 0.053295635, 0.05268603, 0.051821165, 0.05190675, 0.05221756, 0.05200735, 0.05184819, 0.05190525, 0.051947292, 0.051547892, 0.049550902, 0.04883619, 0.048201058, 0.047719076, 0.04283771 ],
  "lightfield_0.8_0.0_0.0_x" : [ 0.005080311, 0.04191881, 0.045400944, 0.048024338, 0.058227967, 0.05953342, 0.059193533, 0.059164397, 0.059146363, 0.059176885, 0.059181046, 0.059185207, 0.059140813, 0.059167173, 0.059181046, 0.059169948, 0.05937388, 0.055381216, 0.034824133, 5.285632E-4 ],
  "lightfield_0.8_0.0_0.0_y" : [ 0.0041161343, 0.017861553, 0.047284905, 0.059160236, 0.060566965, 0.06135634, 0.06340955, 0.06228861, 0.062326066, 0.062310807, 0.06217624, 0.060812518, 0.059078384, 0.057365064, 0.05554492, 0.05394952, 0.052448455, 0.05155087, 0.036563814, 0.009829056 ],
  "lightfield_0.0_0.6_0.0_x" : [ 0.04246049, 0.052379876, 0.051880315, 0.05147656, 0.05166703, 0.051827848, 0.05197042, 0.05211527, 0.052579474, 0.053303726, 0.053150892, 0.052068505, 0.05058921, 0.049218263, 0.04885671, 0.048519105, 0.04813588, 0.04774353, 0.04745839, 0.042598497 ],
  "lightfield_0.0_0.6_0.0_y" : [ 0.008367093, 0.041402057, 0.056526925, 0.056198448, 0.056216694, 0.056173354, 0.05614712, 0.05618476, 0.056149404, 0.056076407, 0.05606044, 0.05614484, 0.056157388, 0.056131154, 0.056177918, 0.056172214, 0.056257755, 0.056434542, 0.047835916, 0.0031855633 ],
  "lightfield_0.6_0.0_0.0_y" : [ 0.0035190324, 0.006192468, 0.012347962, 0.031906, 0.052452713, 0.06957524, 0.07190626, 0.071866065, 0.071514, 0.07036778, 0.070470676, 0.07082595, 0.06807213, 0.06683268, 0.06560769, 0.065303855, 0.060616095, 0.041408513, 0.023390554, 0.005824328 ],
  "lightfield_0.6_0.0_0.0_x" : [ 0.021977475, 0.033425182, 0.034540854, 0.04751578, 0.058159687, 0.058019824, 0.057913724, 0.057944268, 0.058019824, 0.05801018, 0.05801018, 0.058011785, 0.057979636, 0.057992496, 0.057949092, 0.05801018, 0.057947483, 0.055891365, 0.040416624, 0.012264366 ],
  "lightfield_0.0_0.4_0.0_x" : [ 0.035609942, 0.056102164, 0.055177197, 0.05513493, 0.055521574, 0.055568818, 0.055537734, 0.055556383, 0.056209084, 0.057616424, 0.057298154, 0.056487568, 0.056902807, 0.056833185, 0.05681578, 0.05678843, 0.050924096, 0.026403798, 0.02595126, 0.017560676 ],
  "lightfield_0.0_0.4_0.0_y" : [ 0.008899067, 0.0584842, 0.060726993, 0.06057656, 0.0574001, 0.050881825, 0.0510708, 0.051150363, 0.0512175, 0.051159065, 0.051177714, 0.051180203, 0.051081985, 0.051023554, 0.050858203, 0.058685604, 0.060654886, 0.060731966, 0.058366094, 0.0046733157 ],
  "lightfield_0.0_0.2_0.0_y" : [ 0.0, 0.01735189, 0.062504575, 0.062031787, 0.06179154, 0.059292693, 0.05889827, 0.05907814, 0.059173208, 0.059205327, 0.059225883, 0.059141092, 0.059002336, 0.058846883, 0.05954579, 0.061858345, 0.062083177, 0.062606074, 0.018362992, 0.0 ],
  "lightfield_0.0_0.2_0.0_x" : [ 0.020941494, 0.0525336, 0.052310053, 0.05251818, 0.052654367, 0.05339567, 0.053310875, 0.053323723, 0.053172123, 0.053208094, 0.053386677, 0.053411085, 0.05323122, 0.053232506, 0.053552408, 0.05406631, 0.053400807, 0.0535113, 0.053278755, 0.021560745 ],