{
  "eccentricity_minmax" : 0.0128303915,
  "compactness" : 47.098614,
  "eccentricity" : 7.0201464,
  "compactness_standardized" : -0.064797215,
  "convexity_minmax" : 0.25190604,
  "diameter_standardized" : 0.18822128,
  "surface_area_minmax" : 0.1252442,
  "convexity" : 0.48289406,
  "diameter_minmax" : 0.13857552,
  "rectangularity _standardized" : -0.21850024,
  "convexity_standardized" : 0.532008,
  "diameter" : 1.0735065,
  "surface_area" : 2.5722296,
  "rectangularity " : 0.009011519,
  "compactness_minmax" : 1.1848287E-5,
  "surface_area_standardized" : 0.59949654,
  "rectangularity _minmax" : 0.016239287,
  "eccentricity_standardized" : -0.09249232,
  "lightfield_0.0_0.0_0.6_y" : [ 0.012840052, 0.034574084, 0.047174335, 0.05567664, 0.055996377, 0.056031015, 0.055602036, 0.056047, 0.056116275, 0.0560097, 0.056015026, 0.05572993, 0.056001704, 0.05602835, 0.056047, 0.056036342, 0.05602835, 0.056430683, 0.046151184, 0.01946391 ],
  "lightfield_0.0_0.0_0.6_x" : [ 0.0, 0.0, 0.0, 0.0022061763, 0.01971437, 0.04237031, 0.065524496, 0.08778343, 0.110908315, 0.13058539, 0.12843516, 0.124640964, 0.10449762, 0.08172977, 0.05894594, 0.034017213, 0.0086408565, 0.0, 0.0, 0.0 ],
  "lightfield_0.0_0.0_0.8_y" : [ 0.0, 0.0051510218, 0.017391542, 0.030505497, 0.04355973, 0.056265585, 0.06847873, 0.07749924, 0.08640031, 0.08749272, 0.08751263, 0.08752507, 0.08736581, 0.07781527, 0.0647685, 0.051612247, 0.038602803, 0.02525245, 0.006800842, 0.0 ],
  "lightfield_0.0_0.0_0.8_x" : [ 0.00777879, 0.02047718, 0.0335762, 0.046426386, 0.053705003, 0.06216313, 0.063715905, 0.06371093, 0.06374328, 0.063750744, 0.06327048, 0.06370595, 0.06376069, 0.06369351, 0.06361388, 0.0642534, 0.0552304, 0.042123914, 0.029059727, 0.012240521 ],
  "lightfield_0.0_0.0_0.2_y" : [ 0.0, 0.006099581, 0.024169184, 0.037942432, 0.050951052, 0.06405182, 0.07718747, 0.08772288, 0.087765224, 0.08783247, 0.087777674, 0.086776435, 0.07788734, 0.06898578, 0.05677417, 0.044089336, 0.030953692, 0.017773217, 0.0052602347, 0.0 ],
  "lightfield_0.0_0.0_0.2_x" : [ 0.0077832546, 0.020331105, 0.03343188, 0.046271138, 0.053673323, 0.06212905, 0.06366079, 0.06362095, 0.0636857, 0.06363091, 0.063267276, 0.063670754, 0.06363091, 0.0636857, 0.063548714, 0.06393974, 0.05553383, 0.04250778, 0.029349718, 0.012647477 ],
  "lightfield_0.0_0.0_0.4_y" : [ 0.020218065, 0.04629482, 0.056599405, 0.055963516, 0.056072604, 0.056091227, 0.056000765, 0.056032695, 0.055617638, 0.056035355, 0.055992786, 0.05603003, 0.05606196, 0.05567085, 0.055958197, 0.056080583, 0.055612314, 0.04698658, 0.034181006, 0.012499601 ],
  "lightfield_0.0_0.0_0.4_x" : [ 0.0, 0.0, 0.0, 0.0024637356, 0.01985356, 0.04227462, 0.06523047, 0.08742005, 0.11032268, 0.12981972, 0.1285639, 0.124602236, 0.10442142, 0.08187798, 0.05926269, 0.034718454, 0.009168503, 0.0, 0.0, 0.0 ],
  "lightfield_0.0_0.0_0.0_y" : [ 0.0, 0.0, 0.0, 0.0, 0.0, 0.03596751, 0.11205921, 0.11806626, 0.12050285, 0.12050285, 0.12050285, 0.12050285, 0.1205511, 0.11980083, 0.011543667, 0.0, 0.0, 0.0, 0.0, 0.0 ],
  "lightfield_0.0_0.0_0.0_x" : [ 0.044628274, 0.050485753, 0.050782483, 0.050782483, 0.050782483, 0.050782483, 0.050606374, 0.050529175, 0.050712522, 0.050661862, 0.050661862, 0.050661862, 0.0504954, 0.050529175, 0.050772835, 0.050782483, 0.050782483, 0.050782483, 0.050423026, 0.04335449 ],
  "d1" : [ 0.011317, 0.0222412, 0.0358072, 0.0362625, 0.0570488, 0.0623436, 0.0657439, 0.0654009, 0.0605996, 0.0524695, 0.0499566, 0.0474807, 0.0472089, 0.0483963, 0.0467021, 0.0494488, 0.0895137, 0.0645063, 0.0725326, 0.0150198 ],
  "d2" : [ 0.0075033177, 0.03369732, 0.06304497, 0.08349856, 0.09674689, 0.10396016, 0.09805242, 0.08515845, 0.07017412, 0.061266858, 0.05519419, 0.050642595, 0.04378799, 0.035902906, 0.030947635, 0.026642479, 0.02386289, 0.020136736, 0.008865757, 9.1376045E-4 ],
  "d3" : [ 0.0011122542, 0.009370646, 0.027945314, 0.05336959, 0.08106688, 0.104256175, 0.118058234, 0.12100077, 0.11438711, 0.10171039, 0.0849986, 0.06669491, 0.048594967, 0.03290075, 0.019822858, 0.009913995, 0.0037705358, 8.74489E-4, 1.4147181E-4, 1.0062007E-5 ],
  "d4" : [ 7.117803E-7, 2.5420723E-6, 1.9218067E-5, 1.16630275E-4, 4.9367046E-4, 0.0016580413, 0.005309982, 0.016983178, 0.058077708, 0.2655825, 0.51348114, 0.099309005, 0.026955627, 0.008311865, 0.0026238253, 8.12243E-4, 2.0814488E-4, 4.5147204E-5, 7.524534E-6, 1.3218776E-6 ],
  "lightfield_0.0_0.8_0.0_y" : [ 0.0, 0.0, 0.0, 0.0, 0.0, 0.032944564, 0.108117156, 0.11816232, 0.12219061, 0.1240335, 0.12403095, 0.124015614, 0.12342773, 0.11319086, 0.009886691, 0.0, 0.0, 0.0, 0.0, 0.0 ],
  "lightfield_0.0_0.8_0.0_x" : [ 0.025759585, 0.04610552, 0.04663717, 0.050629675, 0.053528205, 0.053804256, 0.053804256, 0.053740352, 0.053712238, 0.053804256, 0.053804256, 0.053804256, 0.053635556, 0.053914163, 0.053932056, 0.053932056, 0.054678414, 0.053510312, 0.050317843, 0.02694558 ],
  "lightfield_0.8_0.0_0.0_x" : [ 0.046306275, 0.05019967, 0.0505873, 0.0505873, 0.0505873, 0.0505873, 0.050319128, 0.05020454, 0.0505873, 0.0505873, 0.0505873, 0.0505873, 0.05034107, 0.050365448, 0.050519038, 0.0505678, 0.0505873, 0.0505873, 0.05025818, 0.045045856 ],
  "lightfield_0.8_0.0_0.0_y" : [ 0.0, 0.0, 0.0, 0.0, 0.0, 0.0071577984, 0.12056355, 0.12177521, 0.12177521, 0.12177521, 0.12177521, 0.12177521, 0.121731326, 0.11448089, 0.027190369, 0.0, 0.0, 0.0, 0.0, 0.0 ],
  "lightfield_0.0_0.6_0.0_x" : [ 0.016511092, 0.03614184, 0.049958207, 0.05099518, 0.05105813, 0.051371146, 0.053810563, 0.05558198, 0.05683229, 0.058047626, 0.05860546, 0.059116073, 0.059544504, 0.058608957, 0.058561742, 0.058080852, 0.05640911, 0.053140815, 0.039873537, 0.01775091 ],
  "lightfield_0.0_0.6_0.0_y" : [ 0.0, 0.0012625512, 0.051652685, 0.06809558, 0.07675332, 0.078596435, 0.07942531, 0.08015976, 0.080196485, 0.08022621, 0.0802332, 0.080217466, 0.0801685, 0.07703311, 0.06549004, 0.020489352, 0.0, 0.0, 0.0, 0.0 ],
  "lightfield_0.6_0.0_0.0_y" : [ 0.0, 0.0, 0.0, 0.0, 0.0, 0.0017292706, 0.013890493, 0.11990548, 0.14067926, 0.14067926, 0.14067926, 0.14067926, 0.14067926, 0.13624062, 0.024837846, 0.0, 0.0, 0.0, 0.0, 0.0 ],
  "lightfield_0.6_0.0_0.0_x" : [ 0.055097263, 0.04927858, 0.049568668, 0.049568668, 0.049568668, 0.049568668, 0.049210984, 0.04912931, 0.049709488, 0.049709488, 0.049709488, 0.049709488, 0.049306743, 0.049337722, 0.049577117, 0.049568668, 0.049568668, 0.049568668, 0.0494194, 0.05382425 ],
  "lightfield_0.0_0.4_0.0_x" : [ 0.016167812, 0.035951786, 0.05010343, 0.051322225, 0.051323973, 0.051535558, 0.053829756, 0.055655323, 0.056868874, 0.057949524, 0.0584916, 0.058932252, 0.059257496, 0.058537062, 0.058531817, 0.058052693, 0.056468435, 0.053014897, 0.039992865, 0.018012615 ],
  "lightfield_0.0_0.4_0.0_y" : [ 0.0, 0.0016419615, 0.051254027, 0.06756873, 0.07618072, 0.078716226, 0.07941393, 0.08024103, 0.080234036, 0.08025327, 0.08025852, 0.0802795, 0.080283, 0.07670706, 0.0653707, 0.021597302, 0.0, 0.0, 0.0, 0.0 ],
  "lightfield_0.0_0.2_0.0_y" : [ 0.0, 0.0, 0.0, 0.0, 0.0, 0.033083584, 0.107883364, 0.11814178, 0.122173056, 0.12406216, 0.12404938, 0.12404171, 0.12351767, 0.113049634, 0.009997673, 0.0, 0.0, 0.0, 0.0, 0.0 ],
  "lightfield_0.0_0.2_0.0_x" : [ 0.025902947, 0.046366096, 0.046892695, 0.050752703, 0.05358508, 0.053850934, 0.053863715, 0.053820256, 0.053694997, 0.05381003, 0.05381003, 0.05381003, 0.053661767, 0.053802364, 0.05381003, 0.05381003, 0.054510456, 0.0534726, 0.050218437, 0.026554802 ],
  "a3" : [ 0.13185526, 0.1826039, 0.13420182, 0.097924255, 0.08047935, 0.07201087, 0.044122808, 0.0, 0.0, 0.0, 0.0, 0.0, 0.0, 0.004114556, 0.01919831, 0.031627003, 0.04067818, 0.04800362, 0.053631503, 0.059548568 ],
  "lightfield_0.4_0.0_0.0_y" : [ 0.0, 0.0, 0.0, 0.0, 0.0, 0.0, 0.107331015, 0.12852937, 0.13765787, 0.13826108, 0.13821404, 0.13821404, 0.13821404, 0.07357857, 0.0, 0.0, 0.0, 0.0, 0.0, 0.0 ],