{
  "eccentricity_minmax" : 0.027170876,
  "compactness" : 2680.2886,
  "eccentricity" : 13.748029,
  "compactness_standardized" : -0.04719902,
  "convexity_minmax" : 0.010459329,
  "diameter_standardized" : -0.52576226,
  "surface_area_minmax" : 0.03447789,
  "convexity" : 0.021032948,
  "diameter_minmax" : 0.02353921,
  "rectangularity _standardized" : -0.40374047,
  "convexity_standardized" : -1.121907,
  "diameter" : 1.0124862,
  "surface_area" : 0.71957034,
  "rectangularity " : 1.2701248E-4,
  "compactness_minmax" : 6.807695E-4,
  "surface_area_standardized" : -0.5345677,
  "rectangularity _minmax" : 2.288325E-4,
  "eccentricity_standardized" : 0.2118439,
  "lightfield_0.0_0.0_0.6_y" : [ 0.0305811, 0.04761905, 0.053188257, 0.04851752, 0.050446592, 0.054014057, 0.07251863, 0.057865597, 0.054146186, 0.05375641, 0.054978594, 0.06433328, 0.054390624, 0.04800222, 0.04637704, 0.04987844, 0.04449421, 0.049594365, 0.055791184, 0.009506633 ],
  "lightfield_0.0_0.0_0.6_x" : [ 0.0, 0.0, 0.0, 0.0, 0.0032899952, 0.10597352, 0.06632842, 0.065965064, 0.106832355, 0.13724169, 0.14004281, 0.12209979, 0.11214391, 0.08647799, 0.035218805, 0.016192326, 0.00219333, 0.0, 0.0, 0.0 ],
  "lightfield_0.0_0.0_0.8_y" : [ 0.0, 0.0, 0.017726108, 0.038626947, 0.0544024, 0.08267384, 0.093107894, 0.09050266, 0.084421575, 0.082051985, 0.078098305, 0.07887071, 0.071408466, 0.07720152, 0.072207056, 0.04913955, 0.019532759, 0.009949663, 7.8549965E-5, 0.0 ],
  "lightfield_0.0_0.0_0.8_x" : [ 0.004987923, 0.026942639, 0.02967225, 0.05334852, 0.06451571, 0.07045932, 0.07247543, 0.071015716, 0.062034838, 0.061177332, 0.063854575, 0.063867666, 0.057256382, 0.05482133, 0.054232206, 0.051875707, 0.06145226, 0.052150633, 0.018315233, 0.0055443184 ],
  "lightfield_0.0_0.0_0.2_y" : [ 6.5377853E-6, 0.00923789, 0.01865884, 0.04769968, 0.071294546, 0.07615866, 0.07092843, 0.078054614, 0.078146145, 0.08151964, 0.08387324, 0.08786129, 0.091901645, 0.08497159, 0.057421368, 0.040514655, 0.020783618, 9.675922E-4, 0.0, 0.0 ],
  "lightfield_0.0_0.0_0.2_x" : [ 0.0025366605, 0.025020104, 0.027563302, 0.048784953, 0.06582242, 0.068829805, 0.07350432, 0.07151029, 0.0633969, 0.061500944, 0.06433834, 0.065109804, 0.058552403, 0.054355145, 0.055453494, 0.051903475, 0.06086678, 0.05449244, 0.01954144, 0.0069169765 ],
  "lightfield_0.0_0.0_0.4_y" : [ 0.050654735, 0.052477464, 0.044252153, 0.04943081, 0.046403896, 0.04660788, 0.052003685, 0.06500625, 0.055418834, 0.05326709, 0.0539646, 0.055734683, 0.071797065, 0.056794103, 0.04996381, 0.04843061, 0.050852142, 0.05134566, 0.030992959, 0.014601566 ],
  "lightfield_0.0_0.0_0.4_x" : [ 0.0, 0.0, 0.0, 0.0, 0.0017832466, 0.09895374, 0.07107324, 0.06468382, 0.1015661, 0.13546094, 0.14035007, 0.13044679, 0.114391, 0.08796473, 0.035191156, 0.016095283, 0.0020398763, 0.0, 0.0, 0.0 ],
  "lightfield_0.0_0.0_0.0_y" : [ 0.0, 0.0, 0.0, 0.0, 0.0, 0.0030680276, 0.082987525, 0.20320438, 0.27517846, 0.08467232, 0.077546366, 0.13501288, 0.07500279, 0.052582584, 0.010744653, 0.0, 0.0, 0.0, 0.0, 0.0 ],
  "lightfield_0.0_0.0_0.0_x" : [ 0.054214932, 0.04160193, 0.04348339, 0.04763965, 0.045155074, 0.04653175, 0.047239758, 0.07201342, 0.050655235, 0.051782798, 0.051553354, 0.05013734, 0.07167909, 0.047318425, 0.046813644, 0.044807624, 0.04735776, 0.043398168, 0.042368937, 0.05424771 ],
  "d1" : [ 0.0265247, 0.0364273, 0.0335518, 0.0478314, 0.0561464, 0.0513079, 0.0498204, 0.0577226, 0.0466, 0.035299, 0.0413927, 0.036347, 0.0353694, 0.034273, 0.0325757, 0.0339835, 0.032529, 0.1595169, 0.108649, 0.0441323 ],
  "d2" : [ 0.017122006, 0.044550724, 0.07301472, 0.09400951, 0.08872108, 0.08196859, 0.07598364, 0.0688935, 0.062002286, 0.05677307, 0.051748388, 0.049354967, 0.044313382, 0.034930535, 0.03052436, 0.028295869, 0.025848338, 0.022681283, 0.041376065, 0.007887685 ],
  "d3" : [ 0.0040243, 0.019172752, 0.03830747, 0.06008437, 0.08101022, 0.09717494, 0.107412025, 0.11064998, 0.10889859, 0.100298285, 0.08762851, 0.07268482, 0.054624826, 0.030071314, 0.016451985, 0.008327116, 0.0026598915, 4.6043744E-4, 5.483794E-5, 3.3204624E-6 ],
  "d4" : [ 6.1009735E-7, 2.3387065E-6, 1.6675995E-5, 9.2023016E-5, 3.309778E-4, 0.0012433784, 0.0050179493, 0.016202457, 0.051206283, 0.17812036, 0.550796, 0.13753079, 0.041373547, 0.0128461085, 0.003901471, 9.659875E-4, 2.6000314E-4, 7.382178E-5, 1.7082726E-5, 2.1353408E-6 ],
  "lightfield_0.0_0.8_0.0_y" : [ 0.0, 0.0, 0.0, 0.0, 0.0, 0.00306257, 0.08437664, 0.20322846, 0.26031137, 0.10119951, 0.098732434, 0.126012, 0.067135505, 0.046512783, 0.009428746, 0.0, 0.0, 0.0, 0.0, 0.0 ],
  "lightfield_0.0_0.8_0.0_x" : [ 0.0010633924, 0.030909272, 0.06251329, 0.07250209, 0.05196444, 0.04869628, 0.05096485, 0.07094245, 0.055473633, 0.05533185, 0.055494905, 0.072643876, 0.05711835, 0.05097194, 0.048724636, 0.0520566, 0.058309346, 0.05818883, 0.03949439, 0.0066355686 ],
  "lightfield_0.8_0.0_0.0_x" : [ 0.063388444, 0.039914977, 0.041402023, 0.046493262, 0.04204893, 0.04435931, 0.04568673, 0.074033, 0.05133246, 0.0515929, 0.051710524, 0.049484156, 0.072999634, 0.04587996, 0.045275062, 0.043317538, 0.046694897, 0.041553248, 0.03925967, 0.06357328 ],
  "lightfield_0.8_0.0_0.0_y" : [ 0.0, 0.0, 0.0, 0.0, 0.0, 0.0418725, 0.07435226, 0.15271197, 0.15913902, 0.070512824, 0.2926202, 0.105244145, 0.10354707, 0.0, 0.0, 0.0, 0.0, 0.0, 0.0, 0.0 ],
  "lightfield_0.0_0.6_0.0_x" : [ 0.0, 0.0, 0.0, 0.0, 0.0032805786, 0.02418569, 0.08238508, 0.116398774, 0.1429591, 0.13026232, 0.12976816, 0.118691064, 0.10140969, 0.08300276, 0.052269638, 0.0153871495, 0.0, 0.0, 0.0, 0.0 ],
  "lightfield_0.0_0.6_0.0_y" : [ 0.0, 0.0, 0.0, 0.0, 0.0, 0.0031021372, 0.08812266, 0.2001153, 0.2219538, 0.112390704, 0.1477084, 0.12721507, 0.055124704, 0.03680013, 0.007467091, 0.0, 0.0, 0.0, 0.0, 0.0 ],
  "lightfield_0.6_0.0_0.0_y" : [ 0.0, 0.0, 0.0, 0.0, 0.0, 0.0, 0.015187732, 0.061258413, 0.199544, 0.35578275, 0.27761558, 0.040466297, 0.050145257, 0.0, 0.0, 0.0, 0.0, 0.0, 0.0, 0.0 ],
  "lightfield_0.6_0.0_0.0_x" : [ 0.06767918, 0.044129003, 0.044129003, 0.044129003, 0.044239327, 0.047703452, 0.049748097, 0.054903835, 0.052167837, 0.052653257, 0.052528225, 0.051932484, 0.05460964, 0.04955687, 0.047173906, 0.044084873, 0.044106938, 0.044129003, 0.044129003, 0.06626705 ],
  "lightfield_0.0_0.4_0.0_x" : [ 0.0, 0.0, 0.0, 0.0, 0.002539275, 0.022323297, 0.07044396, 0.10777967, 0.14339928, 0.13465133, 0.13226554, 0.121634066, 0.10639842, 0.08655859, 0.054943215, 0.01706337, 0.0, 0.0, 0.0, 0.0 ],
  "lightfield_0.0_0.4_0.0_y" : [ 0.0, 0.0, 0.0, 0.0, 0.0, 0.0031392137, 0.08960013, 0.194701, 0.21879622, 0.112467565, 0.15223093, 0.12911236, 0.05551525, 0.037140384, 0.0072969277, 0.0, 0.0, 0.0, 0.0, 0.0 ],
  "lightfield_0.0_0.2_0.0_y" : [ 0.0, 0.0, 0.0, 0.0, 0.0, 0.0030763985, 0.08440557, 0.20215419, 0.2605205, 0.09992966, 0.100398585, 0.12648758, 0.06709817, 0.04650122, 0.00942813, 0.0, 0.0, 0.0, 0.0, 0.0 ],
  "lightfield_0.0_0.2_0.0_x" : [ 8.525816E-5, 0.022486838, 0.05725085, 0.07294545, 0.05487073, 0.048959494, 0.05019574, 0.07124029, 0.056376956, 0.05598619, 0.055780146, 0.0696346, 0.06041961, 0.051673546, 0.049002126, 0.052135363, 0.05657589, 0.060817484, 0.044838686, 0.008724751 ],
  "a3" : [ 0.21126905, 0.18260118, 0.1046335, 0.06816899, 0.05463368, 0.0575411, 0.04174787, 0.0, 0.0, 0.0, 0.0, 0.0, 0.0, 0.010058687, 0.03423608, 0.045993134, 0.049635176, 0.045039356, 0.043340083, 0.051102117 ],
  "lightfield_0.4_0.0_0.0_y" : [ 0.0, 0.0, 0.0, 0.0, 0.0, 0.0, 0.0, 0.16133738, 0.32094708, 0.31142375, 0.20404725, 0.0022445337, 0.0, 0.0, 0.0, 0.0, 0.0, 0.0, 0.0, 0.0 ],
  "lightfield_0.4_0.0_0.0_x" : [ 0.051850855, 0.04884162, 0.04950011, 0.050052397, 0.0498329, 0.049903706, 0.04998159, 0.050441828, 0.05064008, 0.050470147, 0.050271895, 0.050066557, 0.0498329, 0.049804576, 0.050080717, 0.049932025, 0.04959924, 0.049684208, 0.049436387, 0.049776256 ],