{
  "eccentricity_minmax" : 0.0133279795,
  "compactness" : 43.508987,
  "eccentricity" : 7.253591,
  "compactness_standardized" : -0.06480489,
  "convexity_minmax" : 0.25538167,
  "diameter_standardized" : 0.339454,
  "surface_area_minmax" : 0.081803754,
  "convexity" : 0.48954254,
  "diameter_minmax" : 0.16310515,
  "rectangularity _standardized" : -0.34207317,
  "convexity_standardized" : 0.55489117,
  "diameter" : 1.086518,
  "surface_area" : 1.6855532,
  "rectangularity " : 0.0030925227,
  "compactness_minmax" : 1.0936397E-5,
  "surface_area_standardized" : 0.056610867,
  "rectangularity _minmax" : 0.0055728736,
  "eccentricity_standardized" : -0.08180976,
  "lightfield_0.0_0.0_0.6_y" : [ 0.043389004, 0.05400673, 0.05397507, 0.054004297, 0.05400673, 0.05399212, 0.05400186, 0.053967766, 0.054009166, 0.053940978, 0.053967766, 0.05392393, 0.054031085, 0.053940978, 0.053989686, 0.053943414, 0.054031085, 0.050387938, 0.031558517, 0.0109318765 ],
  "lightfield_0.0_0.0_0.6_x" : [ 0.0, 0.0, 0.004446782, 0.023843618, 0.044470258, 0.06522597, 0.08589401, 0.10649873, 0.118243985, 0.12023846, 0.11798828, 0.100605406, 0.08197324, 0.062931955, 0.042514745, 0.021905152, 0.003219412, 0.0, 0.0, 0.0 ],
  "lightfield_0.0_0.0_0.8_y" : [ 0.010704777, 0.023307903, 0.035870433, 0.048487887, 0.06103609, 0.073574744, 0.08405745, 0.0857194, 0.0857791, 0.08575283, 0.08545196, 0.07935098, 0.070819154, 0.059073273, 0.04652984, 0.03397925, 0.021440595, 0.008808816, 2.5550104E-4, 0.0 ],
  "lightfield_0.0_0.0_0.8_x" : [ 0.017569875, 0.030168224, 0.042776126, 0.05530284, 0.06210824, 0.062115405, 0.062160775, 0.062113017, 0.06216794, 0.062117793, 0.062139284, 0.06210824, 0.062139284, 0.06207481, 0.062038995, 0.058290053, 0.04697876, 0.034421004, 0.021887125, 0.009322206 ],
  "lightfield_0.0_0.0_0.2_y" : [ 0.0011119092, 0.01153904, 0.024046823, 0.03658324, 0.04914352, 0.061629828, 0.072596215, 0.080811456, 0.085352145, 0.085366465, 0.08534976, 0.085366465, 0.08251511, 0.07105004, 0.05853271, 0.046005838, 0.033498053, 0.020925844, 0.008396585, 1.7895534E-4 ],
  "lightfield_0.0_0.0_0.2_x" : [ 0.017683173, 0.030252995, 0.042763166, 0.055309128, 0.06220726, 0.062197715, 0.06218101, 0.06215715, 0.06220726, 0.062247824, 0.062195327, 0.062219188, 0.062226348, 0.062233504, 0.062192943, 0.05867826, 0.046540316, 0.03403492, 0.02146748, 0.0090050325 ],
  "lightfield_0.0_0.0_0.4_y" : [ 0.03573084, 0.05216703, 0.05345865, 0.053480376, 0.053490035, 0.053451408, 0.053468306, 0.053456236, 0.05347796, 0.05345382, 0.053468306, 0.053473134, 0.05347796, 0.05347072, 0.053473134, 0.053439334, 0.05343692, 0.052973386, 0.038917646, 0.0182348 ],
  "lightfield_0.0_0.0_0.4_x" : [ 0.0, 0.0, 0.004309429, 0.02359684, 0.04417346, 0.06483941, 0.0852084, 0.10417471, 0.119307205, 0.1206278, 0.11869882, 0.103645995, 0.08306938, 0.062446885, 0.041834053, 0.021235708, 0.0028319105, 0.0, 0.0, 0.0 ],
  "lightfield_0.0_0.0_0.0_y" : [ 0.0, 0.0, 0.0, 0.0, 0.0, 0.026760126, 0.11861123, 0.1186041, 0.1186041, 0.1186041, 0.1186041, 0.1186041, 0.1186041, 0.1186041, 0.024399916, 0.0, 0.0, 0.0, 0.0, 0.0 ],
  "lightfield_0.0_0.0_0.0_x" : [ 0.050101034, 0.050101034, 0.050101034, 0.050101034, 0.050101034, 0.0500298, 0.04998231, 0.04998231, 0.04998231, 0.04998231, 0.04998231, 0.04998231, 0.04998231, 0.04998231, 0.050070167, 0.050101034, 0.050101034, 0.050101034, 0.050101034, 0.049132254 ],
  "d1" : [ 0.0040282, 0.0153938, 0.032263, 0.0454859, 0.0521068, 0.0699014, 0.0692701, 0.0676824, 0.0671078, 0.0617009, 0.0580344, 0.0578303, 0.0578155, 0.0566084, 0.0548023, 0.0560832, 0.0563274, 0.058751, 0.0526213, 0.0061859 ],
  "d2" : [ 0.011720958, 0.0410193, 0.07696602, 0.096428536, 0.10745797, 0.103882544, 0.09390869, 0.08155662, 0.06957712, 0.06053783, 0.05330316, 0.046105895, 0.03975788, 0.033618905, 0.028008519, 0.022298316, 0.016865162, 0.011634943, 0.0050367843, 3.1485528E-4 ],
  "d3" : [ 0.0010501717, 0.010158602, 0.03160074, 0.05897091, 0.08561319, 0.1060598, 0.118939966, 0.12182726, 0.115085416, 0.1003003, 0.081508696, 0.061826505, 0.044159632, 0.029219063, 0.017670797, 0.009439471, 0.004341555, 0.0016760285, 4.8861105E-4, 6.329003E-5 ],
  "d4" : [ 1.016829E-6, 4.8807788E-6, 2.0844993E-5, 1.0798723E-4, 4.599117E-4, 0.0017011547, 0.005757794, 0.018128432, 0.056003075, 0.19539009, 0.52781016, 0.13467747, 0.04095838, 0.013350557, 0.004078501, 0.0011770811, 2.925417E-4, 6.53821E-5, 1.2913727E-5, 1.830292E-6 ],
  "lightfield_0.0_0.8_0.0_y" : [ 0.0, 0.0, 0.0, 0.0, 0.0, 0.0256005, 0.12026715, 0.1292513, 0.121423975, 0.11660994, 0.11574024, 0.11593815, 0.11598833, 0.11581271, 0.023367703, 0.0, 0.0, 0.0, 0.0, 0.0 ],
  "lightfield_0.0_0.8_0.0_x" : [ 0.001527556, 0.034913573, 0.05569447, 0.058816478, 0.058816478, 0.058816478, 0.058816478, 0.05871334, 0.058677103, 0.058677103, 0.058677103, 0.058677103, 0.058677103, 0.058721703, 0.058816478, 0.058816478, 0.058816478, 0.0547495, 0.027005404, 0.0035735888 ],
  "lightfield_0.8_0.0_0.0_x" : [ 0.04999947, 0.04999947, 0.04999947, 0.04999947, 0.05008148, 0.050131746, 0.050131746, 0.050131746, 0.050131746, 0.050131746, 0.050131746, 0.050102644, 0.04999947, 0.04999947, 0.04999947, 0.04999947, 0.04999947, 0.04999947, 0.04999947, 0.049031228 ],
  "lightfield_0.8_0.0_0.0_y" : [ 0.0, 0.0, 0.0, 0.0, 0.023206104, 0.13214146, 0.13214146, 0.13214146, 0.13214146, 0.13214146, 0.13214146, 0.13214146, 0.051803686, 0.0, 0.0, 0.0, 0.0, 0.0, 0.0, 0.0 ],
  "lightfield_0.0_0.6_0.0_x" : [ 0.0, 0.0, 0.0, 0.0, 1.0046843E-4, 0.035088602, 0.093705654, 0.12068143, 0.13247392, 0.13243623, 0.13217878, 0.132386, 0.115595214, 0.07125723, 0.029135846, 0.004960629, 0.0, 0.0, 0.0, 0.0 ],
  "lightfield_0.0_0.6_0.0_y" : [ 0.0, 0.0, 0.0, 0.0, 0.0, 0.022599118, 0.12463737, 0.15747799, 0.12886961, 0.111256234, 0.10807892, 0.10877592, 0.10916524, 0.10850591, 0.020633705, 0.0, 0.0, 0.0, 0.0, 0.0 ],
  "lightfield_0.6_0.0_0.0_y" : [ 0.0, 0.0, 0.0, 0.0, 0.0, 0.0, 0.09991213, 0.17841452, 0.17841452, 0.17841452, 0.17847167, 0.17841452, 0.0079581095, 0.0, 0.0, 0.0, 0.0, 0.0, 0.0, 0.0 ],
  "lightfield_0.6_0.0_0.0_x" : [ 0.050184667, 0.050184667, 0.050184667, 0.050184667, 0.050113227, 0.050006073, 0.050006073, 0.050006073, 0.050006073, 0.050006073, 0.050006073, 0.050006073, 0.050006073, 0.050006073, 0.050006073, 0.050006073, 0.050006073, 0.050006073, 0.050006073, 0.0490631 ],
  "lightfield_0.0_0.4_0.0_x" : [ 0.0, 0.0, 0.0, 0.0, 9.419803E-5, 0.03570105, 0.093934275, 0.12090003, 0.13233568, 0.13219124, 0.13219124, 0.13219124, 0.115480505, 0.071106955, 0.028855996, 0.005017615, 0.0, 0.0, 0.0, 0.0 ],
  "lightfield_0.0_0.4_0.0_y" : [ 0.0, 0.0, 0.0, 0.0, 0.0, 0.022632647, 0.12473703, 0.15773775, 0.12910154, 0.11222753, 0.10798862, 0.10854125, 0.10828377, 0.1080577, 0.020692168, 0.0, 0.0, 0.0, 0.0, 0.0 ],
  "lightfield_0.0_0.2_0.0_y" : [ 0.0, 0.0, 0.0, 0.0, 0.0, 0.02561301, 0.1202493, 0.12938067, 0.12149803, 0.11686266, 0.11571706, 0.11584528, 0.11575887, 0.11570312, 0.023371976, 0.0, 0.0, 0.0, 0.0, 0.0 ],
  "lightfield_0.0_0.2_0.0_x" : [ 0.0018229304, 0.035569444, 0.05595895, 0.0588132, 0.0588132, 0.0588132, 0.05870449, 0.058673833, 0.058673833, 0.058673833, 0.058673833, 0.058673833, 0.058673833, 0.058673833, 0.05879369, 0.0588132, 0.0588132, 0.05451231, 0.026385106, 0.0034702576 ],
  "a3" : [ 0.15189002, 0.18635511, 0.12863582, 0.091720626, 0.07293164, 0.062959485, 0.03860933, 0.0, 0.0, 0.0, 0.0, 0.0, 0.0, 0.006163382, 0.026297055, 0.03783043, 0.04416054, 0.047846757, 0.050755583, 0.053844213 ],
  "lightfield_0.4_0.0_0.0_y" : [ 0.0, 0.0, 0.0, 0.0, 0.0, 0.0, 0.14061676, 0.19530104, 0.19535969, 0.19530104, 0.19530104, 0.07812042, 0.0, 0.0, 0.0, 0.0, 0.0, 0.0, 0.0, 0.0 ],
  "lightfield_0.4_0.0_0.0_x" : [ 0.050047114, 0.050047114, 0.050047114, 0.050047114, 0.050047114, 0.050047114, 0.050047114, 0.050047114, 0.050047114, 0.050047114, 0.050047114, 0.050047114, 0.050047114, 0.050047114, 0.050047114, 0.050047114, 0.050047114, 0.050047114, 0.050047114, 0.04910482 ],