{
  "eccentricity_minmax" : 0.009146414,
  "compactness" : 35.779606,
  "eccentricity" : 5.2917967,
  "compactness_standardized" : -0.06487278,
  "convexity_minmax" : 0.2010633,
  "diameter_standardized" : -0.06500332,
  "surface_area_minmax" : 0.10731106,
  "convexity" : 0.3856375,
  "diameter_minmax" : 0.097742714,
  "rectangularity _standardized" : -0.07850986,
  "convexity_standardized" : 0.18381739,
  "diameter" : 1.051847,
  "surface_area" : 2.2061908,
  "rectangularity " : 0.01574358,
  "compactness_minmax" : 8.972867E-6,
  "surface_area_standardized" : 0.37551355,
  "rectangularity _minmax" : 0.028370894,
  "eccentricity_standardized" : -0.17062394,
  "lightfield_0.0_0.0_0.6_y" : [ 0.010447365, 0.030348595, 0.04150433, 0.050234232, 0.05805973, 0.061612725, 0.05969923, 0.059022047, 0.05830031, 0.05738923, 0.05651156, 0.05560939, 0.054874286, 0.054165915, 0.053662483, 0.05323033, 0.052938517, 0.05273135, 0.04927637, 0.030382007 ],
  "lightfield_0.0_0.0_0.6_x" : [ 0.0, 0.0, 0.0018733975, 0.018689424, 0.043631673, 0.0711156, 0.088742465, 0.09996057, 0.10744971, 0.10950799, 0.10723363, 0.10411947, 0.08907883, 0.0703003, 0.050147355, 0.028751418, 0.008480409, 9.177643E-4, 0.0, 0.0 ],
  "lightfield_0.0_0.0_0.8_y" : [ 6.320465E-5, 0.012218113, 0.029054524, 0.041649684, 0.052566655, 0.061415303, 0.06812371, 0.07475802, 0.08173015, 0.08834048, 0.08845818, 0.086854085, 0.082381815, 0.07067587, 0.05888058, 0.04703298, 0.03404333, 0.017488074, 0.004219455, 4.5768884E-5 ],
  "lightfield_0.0_0.0_0.8_x" : [ 0.0058954684, 0.017509868, 0.029209265, 0.038862143, 0.046869516, 0.05504253, 0.06307824, 0.067018725, 0.06654142, 0.06759193, 0.06782513, 0.06772269, 0.06665693, 0.06530784, 0.06362093, 0.061539534, 0.0563306, 0.04508017, 0.0336009, 0.014696171 ],
  "lightfield_0.0_0.0_0.2_y" : [ 3.0962387E-4, 0.006735409, 0.022687579, 0.038489297, 0.04989087, 0.060989358, 0.07217506, 0.081551, 0.085338436, 0.08823626, 0.09220903, 0.0877631, 0.0790413, 0.06881281, 0.05790402, 0.045793805, 0.03273291, 0.020356677, 0.008625858, 3.5759373E-4 ],
  "lightfield_0.0_0.0_0.2_x" : [ 0.007705709, 0.022391038, 0.035848774, 0.046365082, 0.05325312, 0.0596462, 0.06556394, 0.069650106, 0.06670649, 0.06551379, 0.06456748, 0.0636059, 0.06294086, 0.062339056, 0.062083945, 0.061322965, 0.05237004, 0.040776588, 0.028574793, 0.00877413 ],
  "lightfield_0.0_0.0_0.4_y" : [ 0.02565498, 0.051631983, 0.054532424, 0.056251373, 0.05758254, 0.05858715, 0.05943302, 0.05946023, 0.05933097, 0.058691468, 0.05789095, 0.05705189, 0.056017797, 0.055044934, 0.05431472, 0.055128843, 0.04713051, 0.038313523, 0.028194854, 0.009755832 ],
  "lightfield_0.0_0.0_0.4_x" : [ 0.0, 0.0, 8.4360054E-4, 0.033156674, 0.050865483, 0.06511145, 0.07937102, 0.09531552, 0.10997875, 0.11005586, 0.10735044, 0.10457018, 0.09501845, 0.07169017, 0.047869794, 0.02399726, 0.004469722, 3.35626E-4, 0.0, 0.0 ],
  "lightfield_0.0_0.0_0.0_y" : [ 0.0, 0.0, 0.0, 0.0, 0.0017944286, 0.05477573, 0.09187474, 0.09682694, 0.10170906, 0.105480544, 0.10586916, 0.10596684, 0.10594561, 0.10596684, 0.097056285, 0.0267338, 0.0, 0.0, 0.0, 0.0 ],
  "lightfield_0.0_0.0_0.0_x" : [ 0.03254605, 0.045217477, 0.054716267, 0.05389869, 0.05484793, 0.055160098, 0.05511338, 0.054958355, 0.054351013, 0.05368633, 0.052930333, 0.052114878, 0.051352512, 0.0506581, 0.05000616, 0.049488004, 0.04917796, 0.050267357, 0.04637058, 0.03313853 ],
  "d1" : [ 0.0040095, 0.0104118, 0.0179279, 0.0306468, 0.0380504, 0.0581316, 0.0691008, 0.0749331, 0.0678612, 0.0691206, 0.0619074, 0.0588019, 0.0611286, 0.0740316, 0.077603, 0.0842857, 0.0693865, 0.0437355, 0.0246497, 0.0042764 ],
  "d2" : [ 0.006248697, 0.027691763, 0.051213194, 0.0717328, 0.08700718, 0.09982363, 0.10369771, 0.09552667, 0.084539846, 0.070608296, 0.058868136, 0.049688026, 0.043173183, 0.037600804, 0.03314542, 0.029197827, 0.024182346, 0.017609993, 0.007885285, 5.591982E-4 ],
  "d3" : [ 8.431962E-4, 0.007003761, 0.022997623, 0.046188135, 0.07102238, 0.09330147, 0.10899488, 0.11656986, 0.11613428, 0.10773975, 0.09360263, 0.076700166, 0.058145925, 0.040322587, 0.023966493, 0.011355177, 0.0039707697, 9.510609E-4, 1.6904173E-4, 2.0828355E-5 ],
  "d4" : [ 1.0168289E-7, 4.0673157E-7, 2.948804E-6, 1.4845702E-5, 7.992276E-5, 4.4954006E-4, 0.0018671013, 0.00710255, 0.025693132, 0.09446961, 0.48233148, 0.29673743, 0.0661918, 0.018414771, 0.005050081, 0.0012679857, 2.7128996E-4, 4.474047E-5, 9.354826E-6, 9.15146E-7 ],
  "lightfield_0.0_0.8_0.0_y" : [ 0.0, 0.0, 0.0, 0.0, 0.0014626927, 0.037117664, 0.08743625, 0.09690218, 0.10641212, 0.118072085, 0.117235556, 0.112734966, 0.1077623, 0.10283855, 0.08914843, 0.0228772, 0.0, 0.0, 0.0, 0.0 ],
  "lightfield_0.0_0.8_0.0_x" : [ 0.009397434, 0.02803576, 0.04422811, 0.050824907, 0.055406217, 0.05779838, 0.05615713, 0.057125736, 0.05826311, 0.059544805, 0.060679737, 0.06157007, 0.06184402, 0.061785318, 0.060824048, 0.059742928, 0.058348723, 0.055543188, 0.034050412, 0.008829968 ],
  "lightfield_0.8_0.0_0.0_x" : [ 0.047633223, 0.049760826, 0.05038539, 0.050470028, 0.050499212, 0.050636385, 0.05050505, 0.050595526, 0.050490458, 0.050432086, 0.05034453, 0.050291996, 0.050198607, 0.05014899, 0.050157744, 0.050154828, 0.05005268, 0.049959287, 0.049825035, 0.047458112 ],
  "lightfield_0.8_0.0_0.0_y" : [ 0.0, 0.0, 0.0, 0.0, 0.0, 0.0, 0.06757258, 0.14563432, 0.14561097, 0.14556429, 0.14562266, 0.1454884, 0.14556429, 0.0589425, 0.0, 0.0, 0.0, 0.0, 0.0, 0.0 ],
  "lightfield_0.0_0.6_0.0_x" : [ 0.0064086216, 0.01911795, 0.03177087, 0.04447284, 0.057101235, 0.06617828, 0.07140475, 0.077124186, 0.08354017, 0.080395944, 0.07833577, 0.07625597, 0.07383526, 0.07074745, 0.062354684, 0.045431804, 0.02968862, 0.015735827, 0.0067029325, 0.0033968391 ],
  "lightfield_0.0_0.6_0.0_y" : [ 0.0, 0.0, 0.005022907, 0.029516937, 0.053598933, 0.066330336, 0.07912796, 0.09196237, 0.10923842, 0.111948535, 0.102918096, 0.09178823, 0.08058234, 0.06952116, 0.058298096, 0.03948672, 0.010658963, 0.0, 0.0, 0.0 ],
  "lightfield_0.6_0.0_0.0_y" : [ 0.0, 0.0, 0.0, 0.0, 8.3440274E-5, 0.02726195, 0.122263014, 0.12972948, 0.13717869, 0.14306267, 0.1435748, 0.14345972, 0.115383506, 0.023843776, 0.014133056, 2.5895257E-5, 0.0, 0.0, 0.0, 0.0 ],
  "lightfield_0.6_0.0_0.0_x" : [ 0.045679234, 0.05205234, 0.052501194, 0.05006416, 0.04995195, 0.05006416, 0.04995195, 0.05003539, 0.050029635, 0.050000865, 0.049799457, 0.049974967, 0.05006416, 0.05001525, 0.05006416, 0.049957704, 0.05005841, 0.051914234, 0.052437894, 0.045382876 ],
  "lightfield_0.0_0.4_0.0_x" : [ 0.007604508, 0.019959452, 0.032312013, 0.044728898, 0.061572216, 0.07426069, 0.078360744, 0.08024519, 0.08150785, 0.078112975, 0.07425593, 0.0728408, 0.07202127, 0.06900996, 0.059304208, 0.042637184, 0.027556814, 0.014079776, 0.006341855, 0.0032876635 ],
  "lightfield_0.0_0.4_0.0_y" : [ 0.0, 8.3382765E-5, 0.0065014735, 0.033372167, 0.052833702, 0.06497185, 0.07761983, 0.09027257, 0.102918155, 0.10739462, 0.10087409, 0.090949155, 0.0801499, 0.069305375, 0.058911115, 0.047737826, 0.016104786, 0.0, 0.0, 0.0 ],
  "lightfield_0.0_0.2_0.0_y" : [ 0.0, 0.0, 0.0, 0.0, 0.0015263498, 0.03746562, 0.08794331, 0.097954296, 0.10782764, 0.11712338, 0.11648433, 0.11223218, 0.1069256, 0.10170258, 0.08929761, 0.023517093, 0.0, 0.0, 0.0, 0.0 ],
  "lightfield_0.0_0.2_0.0_x" : [ 0.009438299, 0.02839109, 0.044841748, 0.054051463, 0.060886856, 0.06570432, 0.062754855, 0.062319808, 0.061525907, 0.060574703, 0.059512895, 0.058443714, 0.057546582, 0.056730565, 0.056057103, 0.05549916, 0.055270575, 0.054164525, 0.02928822, 0.0069976132 ],
  "a3" : [ 0.103500724, 0.176162, 0.14618556, 0.111673184, 0.09177617, 0.07971323, 0.048478246, 0.0, 0.0, 0.0, 0.0, 0.0, 0.0, 0.0026954105, 0.013158187, 0.024191983, 0.034999687, 0.04561299, 0.05582673, 0.06602588 ],