{
  "eccentricity_minmax" : 0.0016214717,
  "compactness" : 277.46228,
  "eccentricity" : 1.761447,
  "compactness_standardized" : -0.06324278,
  "convexity_minmax" : 0.070954174,
  "diameter_standardized" : -0.5215311,
  "surface_area_minmax" : 0.19204336,
  "convexity" : 0.13675295,
  "diameter_minmax" : 0.024221731,
  "rectangularity _standardized" : 0.16969112,
  "convexity_standardized" : -0.7077446,
  "diameter" : 1.0128483,
  "surface_area" : 3.935688,
  "rectangularity " : 0.027702708,
  "compactness_minmax" : 7.036862E-5,
  "surface_area_standardized" : 1.4336865,
  "rectangularity _minmax" : 0.049922016,
  "eccentricity_standardized" : -0.3301435,
  "lightfield_0.0_0.0_0.6_y" : [ 0.0, 0.0, 0.0, 0.009108646, 0.036081534, 0.050131, 0.057717822, 0.061619934, 0.064448036, 0.0665366, 0.06794879, 0.068764515, 0.06906925, 0.06880725, 0.067889325, 0.06644926, 0.06451679, 0.06268279, 0.06059981, 0.05762863 ],
  "lightfield_0.0_0.0_0.6_x" : [ 0.06726499, 0.07035323, 0.07262389, 0.074173585, 0.075191855, 0.07567683, 0.07658361, 0.076483265, 0.07538696, 0.07378152, 0.07154617, 0.066659234, 0.059339985, 0.04457885, 0.020356022, 0.0, 0.0, 0.0, 0.0, 0.0 ],
  "lightfield_0.0_0.0_0.8_y" : [ 0.0, 0.0, 0.005320703, 0.035939917, 0.050482515, 0.056581087, 0.06021575, 0.063114, 0.06426501, 0.065216616, 0.06619784, 0.06653742, 0.06641304, 0.065706246, 0.06427883, 0.06224729, 0.059404317, 0.05549523, 0.050085682, 0.0424985 ],
  "lightfield_0.0_0.0_0.8_x" : [ 0.08047588, 0.082738414, 0.08433166, 0.085239835, 0.085502416, 0.08531289, 0.08445604, 0.08293979, 0.07876418, 0.07282947, 0.06675656, 0.0571023, 0.04370479, 0.009845769, 0.0, 0.0, 0.0, 0.0, 0.0, 0.0 ],
  "lightfield_0.0_0.0_0.2_y" : [ 0.0, 0.0, 0.003924394, 0.027133657, 0.040629633, 0.049949136, 0.056913406, 0.06228316, 0.06563478, 0.067985535, 0.06990224, 0.07079422, 0.0709389, 0.07021846, 0.06850163, 0.0658973, 0.062157866, 0.05699246, 0.04995063, 0.040192597 ],
  "lightfield_0.0_0.0_0.2_x" : [ 0.02007094, 0.037568875, 0.04663033, 0.05239536, 0.056941748, 0.06119131, 0.06324524, 0.064086504, 0.06456232, 0.0645668, 0.06409992, 0.063252695, 0.061871476, 0.059881687, 0.057163995, 0.052869685, 0.046522938, 0.03777919, 0.02399235, 0.0013066398 ],
  "lightfield_0.0_0.0_0.4_y" : [ 0.0, 0.0, 0.0, 0.008024009, 0.032235008, 0.0447657, 0.053765826, 0.06045967, 0.06426487, 0.06600037, 0.06708568, 0.068098195, 0.06914545, 0.06983204, 0.07001403, 0.069620274, 0.06879471, 0.06697483, 0.06315309, 0.057766248 ],
  "lightfield_0.0_0.0_0.4_x" : [ 0.04585266, 0.056417882, 0.061334863, 0.06478271, 0.066370964, 0.06754231, 0.0683993, 0.06759855, 0.06721638, 0.0666638, 0.06555367, 0.06388435, 0.06161281, 0.05848427, 0.054032188, 0.043524873, 0.020728415, 0.0, 0.0, 0.0 ],
  "lightfield_0.0_0.0_0.0_y" : [ 0.0, 0.02023172, 0.039915852, 0.049507968, 0.05622346, 0.061151717, 0.064681396, 0.06768227, 0.07018758, 0.070843525, 0.07080885, 0.07009222, 0.06775162, 0.0646236, 0.0610448, 0.056130994, 0.04942706, 0.03985806, 0.019837284, 0.0 ],
  "lightfield_0.0_0.0_0.0_x" : [ 0.0100559, 0.027441338, 0.03961678, 0.047570474, 0.053313605, 0.05754402, 0.060654704, 0.06272078, 0.06374805, 0.06404279, 0.06346053, 0.06301264, 0.062408704, 0.06101735, 0.058756217, 0.05531467, 0.050598804, 0.044214174, 0.035240438, 0.019268028 ],
  "d1" : [ 0.0018478, 0.0379712, 0.2751699, 0.0556131, 0.090904, 0.0339154, 0.0441324, 0.0333604, 0.0296312, 0.0299281, 0.0278003, 0.024739, 0.0259974, 0.0287172, 0.0332902, 0.0341923, 0.0438371, 0.0510307, 0.0614978, 0.0364245 ],
  "d2" : [ 0.05906657, 0.028316872, 0.031578846, 0.032340378, 0.05278847, 0.06145099, 0.022255909, 0.04048041, 0.044263672, 0.04401333, 0.050207116, 0.047972623, 0.049158733, 0.052945897, 0.056420308, 0.069041125, 0.08589378, 0.09271728, 0.058966953, 0.020120732 ],
  "d3" : [ 0.029097917, 0.06277827, 0.06026609, 0.052604374, 0.047689788, 0.041837525, 0.04858732, 0.0592127, 0.05996725, 0.060340147, 0.06116503, 0.06525916, 0.053362448, 0.056586012, 0.058623064, 0.05817138, 0.056104142, 0.043203942, 0.022377301, 0.0027661463 ],
  "d4" : [ 3.8436134E-5, 4.1862848E-4, 0.0016178765, 0.004581323, 0.009504504, 0.015311715, 0.02202909, 0.037488956, 0.072617345, 0.25400823, 0.4147868, 0.0745118, 0.038765687, 0.022299668, 0.015550568, 0.009653977, 0.004656873, 0.0016620068, 4.4852323E-4, 4.7994326E-5 ],
  "lightfield_0.0_0.8_0.0_y" : [ 0.0, 0.028324291, 0.046224393, 0.052453034, 0.05682042, 0.05997722, 0.06226324, 0.06394108, 0.06504547, 0.065495335, 0.065495335, 0.06501458, 0.06387736, 0.06223621, 0.059955977, 0.05674512, 0.05240863, 0.046102755, 0.027619563, 0.0 ],
  "lightfield_0.0_0.8_0.0_x" : [ 0.08456741, 0.08554052, 0.085227735, 0.084416814, 0.08437434, 0.0841774, 0.08332014, 0.08123106, 0.07787925, 0.07298283, 0.06594714, 0.056167822, 0.041665863, 0.01250169, 0.0, 0.0, 0.0, 0.0, 0.0, 0.0 ],
  "lightfield_0.8_0.0_0.0_x" : [ 0.007939324, 0.022742882, 0.03374547, 0.04512026, 0.052803867, 0.057904847, 0.06159469, 0.06417732, 0.06571966, 0.066189595, 0.06631277, 0.06606374, 0.06543181, 0.06396846, 0.0613122, 0.057540685, 0.05216256, 0.04348018, 0.030576438, 0.015213244 ],
  "lightfield_0.8_0.0_0.0_y" : [ 0.014210452, 0.032010335, 0.040912285, 0.04698928, 0.051387373, 0.05471573, 0.057433575, 0.05972433, 0.06411573, 0.06358689, 0.064387515, 0.06375558, 0.06103372, 0.05892237, 0.056342423, 0.05353755, 0.049940087, 0.04472932, 0.037124705, 0.025140746 ],
  "lightfield_0.0_0.6_0.0_x" : [ 0.0752182, 0.0759378, 0.07498807, 0.07496574, 0.07496574, 0.07501726, 0.075051606, 0.075051606, 0.07504989, 0.07468923, 0.0727743, 0.06783154, 0.05885626, 0.04238441, 0.00721835, 0.0, 0.0, 0.0, 0.0, 0.0 ],
  "lightfield_0.0_0.6_0.0_y" : [ 0.0, 0.034807116, 0.051333927, 0.054801412, 0.057138834, 0.05877726, 0.059964, 0.060845044, 0.061416946, 0.061665975, 0.06165567, 0.06136886, 0.06080039, 0.059941676, 0.058739476, 0.057063267, 0.054722413, 0.051268663, 0.03368907, 0.0 ],
  "lightfield_0.6_0.0_0.0_y" : [ 0.0, 0.0, 0.024527192, 0.046373755, 0.057432774, 0.065035746, 0.070011735, 0.07247291, 0.07299473, 0.07708314, 0.07700998, 0.07484955, 0.07344015, 0.072151035, 0.06750505, 0.060215816, 0.0503695, 0.035013996, 0.0035129415, 0.0 ],
  "lightfield_0.6_0.0_0.0_x" : [ 0.008617355, 0.02064036, 0.037013497, 0.050860435, 0.05557145, 0.058198433, 0.060059756, 0.061327733, 0.062160045, 0.06269162, 0.06288832, 0.06269812, 0.062203936, 0.061378125, 0.06012153, 0.058360998, 0.05581529, 0.051300976, 0.034306858, 0.013785166 ],
  "lightfield_0.0_0.4_0.0_x" : [ 0.0, 0.001985797, 0.078968264, 0.08696915, 0.08685374, 0.08685374, 0.08685374, 0.08689354, 0.08695324, 0.08695324, 0.08695324, 0.08693135, 0.08607177, 0.0507592, 0.0, 0.0, 0.0, 0.0, 0.0, 0.0 ],
  "lightfield_0.0_0.4_0.0_y" : [ 0.0, 0.039594565, 0.055150636, 0.05642807, 0.05725781, 0.05779306, 0.05825469, 0.05859494, 0.05877999, 0.058897384, 0.058839682, 0.058781978, 0.058555145, 0.05829647, 0.05781495, 0.057192147, 0.056402206, 0.0551964, 0.038169883, 0.0 ],
  "lightfield_0.0_0.2_0.0_y" : [ 0.0, 0.028175676, 0.046137154, 0.05241996, 0.056845013, 0.059996728, 0.06231651, 0.06400238, 0.065087326, 0.06554936, 0.06556448, 0.06512995, 0.064018875, 0.062323388, 0.0599761, 0.056781758, 0.052402083, 0.04603952, 0.027233737, 0.0 ],
  "lightfield_0.0_0.2_0.0_x" : [ 0.023311969, 0.040829293, 0.050091926, 0.055919573, 0.059380684, 0.060846534, 0.060549516, 0.060022853, 0.060022853, 0.060058605, 0.060091607, 0.060091607, 0.06006823, 0.0596007, 0.058101848, 0.054791998, 0.04926962, 0.040708285, 0.025410362, 8.319319E-4 ],
  "a3" : [ 0.10988718, 0.11998018, 0.12542926, 0.1294262, 0.12972574, 0.11620551, 0.06316576, 0.0, 0.0, 0.0, 0.0, 0.0, 0.0, 7.976153E-4, 0.004440565, 0.010046713, 0.02024325, 0.036242142, 0.05796823, 0.076441675 ],