{
  "eccentricity_minmax" : 4.646324E-5,
  "compactness" : 122.82234,
  "eccentricity" : 1.0225269,
  "compactness_standardized" : -0.06429173,
  "convexity_minmax" : 0.15226753,
  "diameter_standardized" : -0.55185574,
  "surface_area_minmax" : 0.18958053,
  "convexity" : 0.2922965,
  "diameter_minmax" : 0.019237105,
  "rectangularity _standardized" : 0.43224224,
  "convexity_standardized" : -0.15035497,
  "diameter" : 1.0102042,
  "surface_area" : 3.8854184,
  "rectangularity " : 0.04030537,
  "compactness_minmax" : 3.1084728E-5,
  "surface_area_standardized" : 1.4030504,
  "rectangularity _minmax" : 0.07263283,
  "eccentricity_standardized" : -0.36362022,
  "lightfield_0.0_0.0_0.6_y" : [ 0.0, 0.002020211, 0.020256886, 0.03874335, 0.056642592, 0.065301895, 0.069232754, 0.075047985, 0.07638676, 0.07632322, 0.074708365, 0.07300586, 0.07295547, 0.07298176, 0.07219734, 0.06368923, 0.06102264, 0.028539313, 9.443719E-4, 0.0 ],
  "lightfield_0.0_0.0_0.6_x" : [ 0.015863694, 0.027700115, 0.018072343, 0.014879883, 0.015055172, 0.022099618, 0.03850671, 0.058169805, 0.07113465, 0.08065286, 0.08107356, 0.08107137, 0.08109547, 0.08107356, 0.08101659, 0.0787948, 0.066092886, 0.047637098, 0.029258, 0.010751816 ],
  "lightfield_0.0_0.0_0.8_y" : [ 0.0, 0.002418999, 0.027214281, 0.07450474, 0.06620362, 0.07159287, 0.072286785, 0.0723538, 0.0722068, 0.072740756, 0.07416535, 0.082025476, 0.07618442, 0.06566534, 0.06527623, 0.053308778, 0.034696102, 0.016059646, 0.0010960076, 0.0 ],
  "lightfield_0.0_0.0_0.8_x" : [ 0.018621322, 0.029049607, 0.016115852, 0.01301374, 0.012557611, 0.021887727, 0.035217084, 0.0537087, 0.070927046, 0.07828997, 0.08017718, 0.080276616, 0.08031985, 0.08030904, 0.08030256, 0.08017069, 0.070326075, 0.05179123, 0.033137478, 0.013800617 ],
  "lightfield_0.0_0.0_0.2_y" : [ 0.06673543, 0.06988578, 0.06990746, 0.06990746, 0.06990746, 0.06991107, 0.06990746, 0.06990746, 0.06990746, 0.0698894, 0.0698623, 0.069764756, 0.05063865, 0.012671856, 0.011840914, 0.011842721, 0.011925815, 0.012614051, 0.02195311, 0.031019403 ],
  "lightfield_0.0_0.0_0.2_x" : [ 0.0, 0.0, 0.05229873, 0.05920457, 0.06782288, 0.073149934, 0.069009684, 0.06369708, 0.062920325, 0.06295284, 0.06291491, 0.06296729, 0.06334483, 0.0657943, 0.08003049, 0.067665726, 0.05717238, 0.029054046, 0.0, 0.0 ],
  "lightfield_0.0_0.0_0.4_y" : [ 0.010458241, 0.02247804, 0.03410469, 0.045749005, 0.057461794, 0.06900893, 0.08068859, 0.091820486, 0.09402698, 0.08863553, 0.08213087, 0.0710564, 0.059480555, 0.04778544, 0.036163207, 0.028680097, 0.021610018, 0.018844713, 0.022891069, 0.016925344 ],
  "lightfield_0.0_0.0_0.4_x" : [ 0.0013804437, 0.026648084, 0.042855598, 0.035509426, 0.046164244, 0.05714153, 0.06832202, 0.0792971, 0.08556321, 0.090435624, 0.084028155, 0.077861436, 0.07667978, 0.06707189, 0.055458494, 0.04381197, 0.03209476, 0.02054542, 0.008872387, 2.5841905E-4 ],
  "lightfield_0.0_0.0_0.0_y" : [ 0.0073793316, 0.018990895, 0.030578148, 0.04216761, 0.05376591, 0.06535979, 0.076936, 0.08819174, 0.09469811, 0.09094325, 0.082560554, 0.077824436, 0.06391222, 0.051529348, 0.039626062, 0.02862668, 0.02803881, 0.022202086, 0.02290046, 0.013768564 ],
  "lightfield_0.0_0.0_0.0_x" : [ 0.0017105729, 0.014241514, 0.025888437, 0.0374779, 0.049067363, 0.060654614, 0.07167168, 0.07764542, 0.082080975, 0.08557063, 0.08589993, 0.084710926, 0.07495801, 0.062685646, 0.051485147, 0.041464817, 0.035670083, 0.027919466, 0.02559892, 0.0035979492 ],
  "d1" : [ 0.0190498, 0.0201874, 0.0477083, 0.0580869, 0.077363, 0.1060933, 0.0979318, 0.1099533, 0.0727408, 0.0801042, 0.0749264, 0.0667197, 0.0634246, 0.0354311, 0.0224612, 0.0050842, 0.0129944, 0.0095292, 0.0089054, 0.011305 ],
  "d2" : [ 0.0033839943, 0.015244177, 0.025724217, 0.0358664, 0.045482285, 0.05631229, 0.06747485, 0.07889115, 0.09113771, 0.11010613, 0.1235751, 0.10436343, 0.07534793, 0.060278185, 0.045921765, 0.029653007, 0.019731864, 0.0083493665, 0.002653766, 5.023882E-4 ],
  "d3" : [ 4.0127285E-4, 0.0037298854, 0.013274303, 0.027441308, 0.04200224, 0.05804188, 0.075148806, 0.09126834, 0.105635375, 0.11750845, 0.12335105, 0.11456088, 0.09391123, 0.06746465, 0.038796786, 0.016278215, 0.0065763267, 0.003232118, 0.0012019067, 1.749783E-4 ],
  "d4" : [ 2.2370236E-6, 2.6335869E-5, 1.723525E-4, 6.799535E-4, 0.0020244047, 0.0062244167, 0.019618291, 0.05241367, 0.12006604, 0.2948207, 0.30008766, 0.121233664, 0.053145986, 0.020095082, 0.0064533046, 0.0020750428, 6.6287076E-4, 1.717424E-4, 2.460726E-5, 1.6269263E-6 ],
  "lightfield_0.0_0.8_0.0_y" : [ 0.015627785, 0.029197065, 0.03980688, 0.049384505, 0.05812776, 0.06606603, 0.07292509, 0.07879702, 0.08155279, 0.07849931, 0.07340691, 0.0731993, 0.06540205, 0.05655891, 0.046836346, 0.036251996, 0.028239304, 0.019758502, 0.0193374, 0.011025041 ],
  "lightfield_0.0_0.8_0.0_x" : [ 0.0, 0.009048799, 0.046977367, 0.059724033, 0.05773212, 0.06276184, 0.06796588, 0.07559273, 0.08115911, 0.08344285, 0.07851302, 0.072693974, 0.068016805, 0.061997984, 0.05491955, 0.04684614, 0.03747613, 0.026621489, 0.00851018, 0.0 ],
  "lightfield_0.8_0.0_0.0_x" : [ 0.01647853, 0.02965823, 0.038893566, 0.04668512, 0.05310751, 0.057926476, 0.061136805, 0.06205652, 0.062377553, 0.06571109, 0.06907586, 0.0692598, 0.067890644, 0.06389248, 0.058148596, 0.05210103, 0.043821853, 0.038367763, 0.029831761, 0.013578822 ],
  "lightfield_0.8_0.0_0.0_y" : [ 0.004433724, 0.020763017, 0.038152587, 0.042966343, 0.042884786, 0.052501887, 0.06320703, 0.07447615, 0.0775893, 0.08047339, 0.081568375, 0.08034151, 0.07681709, 0.06853444, 0.059170693, 0.049371384, 0.039148655, 0.028285598, 0.016584383, 0.0027296469 ],
  "lightfield_0.0_0.6_0.0_x" : [ 0.0, 0.0, 0.0010686091, 0.024014559, 0.04412384, 0.061448257, 0.0820152, 0.10075796, 0.10425954, 0.10464813, 0.09458377, 0.08910688, 0.08490369, 0.07672181, 0.06197069, 0.04471319, 0.024603913, 0.0010599738, 0.0, 0.0 ],
  "lightfield_0.0_0.6_0.0_y" : [ 0.025424259, 0.04332292, 0.052372634, 0.058240272, 0.06256652, 0.0654917, 0.06695321, 0.067289986, 0.06731589, 0.067287825, 0.06693163, 0.06507505, 0.06211317, 0.057810668, 0.052022908, 0.045516267, 0.03216837, 0.018548463, 0.014928144, 0.008620113 ],
  "lightfield_0.6_0.0_0.0_y" : [ 0.0, 0.0, 0.005438171, 0.032241914, 0.057519548, 0.07525223, 0.08661618, 0.09155557, 0.09090046, 0.087699346, 0.087193124, 0.08578799, 0.08306704, 0.078721344, 0.06910497, 0.0470694, 0.02137674, 4.559726E-4, 0.0, 0.0 ],
  "lightfield_0.6_0.0_0.0_x" : [ 0.02509152, 0.0426567, 0.05092004, 0.05539788, 0.057727993, 0.058740437, 0.05872927, 0.058723684, 0.05870135, 0.05872927, 0.058686465, 0.05871624, 0.058734853, 0.058790687, 0.057902936, 0.055191293, 0.05035426, 0.04127017, 0.025971826, 0.008963118 ],
  "lightfield_0.0_0.4_0.0_x" : [ 0.0, 0.0, 0.0012489952, 0.024956133, 0.045011368, 0.06218829, 0.07686722, 0.084979214, 0.089214556, 0.09411114, 0.10437321, 0.10395832, 0.10072995, 0.08246826, 0.061200764, 0.04390499, 0.023694173, 0.001093411, 0.0, 0.0 ],
  "lightfield_0.0_0.4_0.0_y" : [ 0.025494196, 0.043423112, 0.052332465, 0.058264114, 0.062652886, 0.06561115, 0.067141056, 0.067385234, 0.067357145, 0.06740036, 0.066955216, 0.06513575, 0.06212995, 0.057691477, 0.052040745, 0.04581738, 0.032350704, 0.01796781, 0.014579534, 0.008269731 ],
  "lightfield_0.0_0.2_0.0_y" : [ 0.015657982, 0.029199226, 0.03997499, 0.04957283, 0.05820442, 0.06612847, 0.0731137, 0.07893081, 0.081633575, 0.07853294, 0.07352725, 0.07324698, 0.06555224, 0.056656063, 0.04692103, 0.03624718, 0.028156538, 0.01916824, 0.019050643, 0.010524892 ],
  "lightfield_0.0_0.2_0.0_x" : [ 0.0, 0.008688426, 0.026911974, 0.037826896, 0.047001384, 0.055131227, 0.062332056, 0.06824128, 0.07281971, 0.07848199, 0.083603315, 0.08064968, 0.0753304, 0.06827264, 0.06264957, 0.05703629, 0.059023675, 0.047089584, 0.0089099, 0.0 ],