{
  "eccentricity_minmax" : 0.0028867596,
  "compactness" : 94.36405,
  "eccentricity" : 2.3550606,
  "compactness_standardized" : -0.06446532,
  "convexity_minmax" : 0.12152907,
  "diameter_standardized" : 1.5416833,
  "surface_area_minmax" : 0.20848434,
  "convexity" : 0.23349719,
  "diameter_minmax" : 0.35703382,
  "rectangularity _standardized" : 0.84388334,
  "convexity_standardized" : -0.36149645,
  "diameter" : 1.1893862,
  "surface_area" : 4.27127,
  "rectangularity " : 0.060123872,
  "compactness_minmax" : 2.385534E-5,
  "surface_area_standardized" : 1.6390615,
  "rectangularity _minmax" : 0.10834705,
  "eccentricity_standardized" : -0.3033026,
  "lightfield_0.0_0.0_0.6_y" : [ 0.008356067, 0.019716563, 0.030320637, 0.040816654, 0.051234722, 0.06122055, 0.06686802, 0.067962795, 0.06611869, 0.06388308, 0.06364748, 0.06398937, 0.061433125, 0.059192207, 0.056862712, 0.054446414, 0.051984057, 0.046915855, 0.037179805, 0.027851196 ],
  "lightfield_0.0_0.0_0.6_x" : [ 0.048173606, 0.05763862, 0.06690877, 0.0759876, 0.08437024, 0.08809389, 0.08688042, 0.084283434, 0.08165456, 0.07285562, 0.0620496, 0.051477414, 0.040761735, 0.03232418, 0.052338354, 0.014201948, 0.0, 0.0, 0.0, 0.0 ],
  "lightfield_0.0_0.0_0.8_y" : [ 0.010214958, 0.026573695, 0.040878337, 0.054846182, 0.063114375, 0.06511111, 0.06708007, 0.069062, 0.07104392, 0.0730351, 0.0747635, 0.07362727, 0.06684506, 0.059309676, 0.052714366, 0.04388731, 0.034904808, 0.02510252, 0.016810268, 0.011075458 ],
  "lightfield_0.0_0.0_0.8_x" : [ 0.06834214, 0.07242257, 0.07582201, 0.06982997, 0.06950798, 0.06919894, 0.068738155, 0.06839026, 0.07159909, 0.0747524, 0.0742324, 0.07337745, 0.060064696, 0.0409172, 0.027647007, 0.014130692, 0.0010270474, 0.0, 0.0, 0.0 ],
  "lightfield_0.0_0.0_0.2_y" : [ 0.0, 0.0036650489, 0.014143802, 0.026776986, 0.049214933, 0.05277603, 0.058055647, 0.059422076, 0.06224044, 0.06615531, 0.070081905, 0.07585108, 0.08085741, 0.07639766, 0.07120187, 0.06304018, 0.05484831, 0.0466665, 0.03842433, 0.030180486 ],
  "lightfield_0.0_0.0_0.2_x" : [ 0.023851318, 0.032909993, 0.041847948, 0.050683632, 0.059515964, 0.06826112, 0.0759433, 0.07770876, 0.07533804, 0.07138127, 0.067595504, 0.06669852, 0.062347744, 0.05545859, 0.047551744, 0.039542623, 0.03147985, 0.023329897, 0.01739473, 0.011159454 ],
  "lightfield_0.0_0.0_0.4_y" : [ 0.0, 0.0, 0.016332861, 0.047878876, 0.051076908, 0.0518776, 0.05352952, 0.05954182, 0.05856741, 0.058930643, 0.059248075, 0.059484966, 0.059576564, 0.05960657, 0.05959394, 0.059496023, 0.059709225, 0.06377428, 0.06756138, 0.05421335 ],
  "lightfield_0.0_0.0_0.4_x" : [ 0.04454345, 0.06660908, 0.06700863, 0.06736397, 0.06773036, 0.06808886, 0.06844577, 0.06882954, 0.06918487, 0.069524415, 0.0699066, 0.070126124, 0.067303956, 0.05056838, 0.022400435, 0.010205274, 0.011192321, 0.012011965, 0.01463672, 0.014319285 ],
  "lightfield_0.0_0.0_0.0_y" : [ 0.018753681, 0.022270383, 0.011973789, 0.018310035, 0.039690036, 0.060663488, 0.06971571, 0.07036804, 0.07034949, 0.070352584, 0.07039123, 0.07038505, 0.07038505, 0.07037731, 0.07009598, 0.06658546, 0.055044495, 0.040569596, 0.025097657, 0.008620943 ],
  "lightfield_0.0_0.0_0.0_x" : [ 0.01281316, 0.031735335, 0.047309298, 0.051224817, 0.052113652, 0.05270106, 0.05318026, 0.056404803, 0.058765244, 0.058550376, 0.058912095, 0.05916561, 0.05934492, 0.05956597, 0.059737552, 0.059762288, 0.059586067, 0.049869146, 0.03657988, 0.022678474 ],
  "d1" : [ 0.0063493, 0.053578, 0.0460413, 0.0832357, 0.0767188, 0.0900828, 0.0835418, 0.0957249, 0.0718607, 0.0542149, 0.0446056, 0.0184662, 0.0190353, 0.0277221, 0.0317285, 0.0476053, 0.05293, 0.0484923, 0.0412292, 0.0068373 ],
  "d2" : [ 0.009955849, 0.029695915, 0.038940538, 0.049067818, 0.06268931, 0.064221576, 0.060612343, 0.060724363, 0.06166953, 0.06240806, 0.062867336, 0.061409984, 0.053610414, 0.06167863, 0.09731789, 0.08307229, 0.047758486, 0.026913326, 0.004672921, 7.134253E-4 ],
  "d3" : [ 0.002263851, 0.014471984, 0.03385322, 0.048866037, 0.059411522, 0.06831499, 0.07443641, 0.07820876, 0.083504595, 0.089889646, 0.092020676, 0.08522168, 0.076232985, 0.067119524, 0.056317255, 0.040378835, 0.020706203, 0.0065149483, 0.0020403739, 2.2649579E-4 ],
  "d4" : [ 1.230363E-5, 9.964924E-5, 4.2584795E-4, 0.0014745037, 0.00481255, 0.01184809, 0.025474412, 0.051275633, 0.11128511, 0.3815025, 0.2411423, 0.091012694, 0.04336979, 0.021297483, 0.00974722, 0.003733084, 0.0011150546, 3.0992946E-4, 5.6434004E-5, 5.389193E-6 ],
  "lightfield_0.0_0.8_0.0_y" : [ 0.01627699, 0.017807003, 0.0094457315, 0.01824415, 0.040474743, 0.062451452, 0.068344526, 0.07024443, 0.07157605, 0.072441936, 0.07283705, 0.072815195, 0.07222841, 0.07085812, 0.06834621, 0.062710375, 0.052459285, 0.040318377, 0.027444407, 0.012675573 ],
  "lightfield_0.0_0.8_0.0_x" : [ 0.0669776, 0.06538538, 0.065936856, 0.065943584, 0.06587464, 0.06566952, 0.06528954, 0.0659873, 0.06575527, 0.059640262, 0.05792362, 0.057051007, 0.05555294, 0.052694675, 0.04825259, 0.04158274, 0.029771373, 0.0047110966, 0.0, 0.0 ],
  "lightfield_0.8_0.0_0.0_x" : [ 0.021582428, 0.039000493, 0.04626875, 0.048255123, 0.04896454, 0.04949697, 0.04989922, 0.050386306, 0.052947525, 0.05524107, 0.057060692, 0.057771575, 0.057993907, 0.058201615, 0.05834496, 0.05816066, 0.057522915, 0.0558481, 0.046685625, 0.030367523 ],
  "lightfield_0.8_0.0_0.0_y" : [ 0.018434657, 0.03675083, 0.053393655, 0.06546256, 0.06900088, 0.07006427, 0.07057476, 0.07083074, 0.07088047, 0.07080441, 0.07044458, 0.06986388, 0.06887508, 0.06627144, 0.04727949, 0.039372027, 0.033301737, 0.008394548, 0.0, 0.0 ],
  "lightfield_0.0_0.6_0.0_x" : [ 0.044299867, 0.051696897, 0.057376184, 0.06828027, 0.08705556, 0.08719333, 0.079331085, 0.08403877, 0.07956727, 0.07029683, 0.0649754, 0.060273085, 0.0544095, 0.047368545, 0.038296714, 0.024245221, 0.0012954642, 0.0, 0.0, 0.0 ],
  "lightfield_0.0_0.6_0.0_y" : [ 0.012237127, 0.020995826, 0.020573547, 0.027866796, 0.04285947, 0.04865864, 0.058183163, 0.066782616, 0.07147778, 0.07222034, 0.07206825, 0.071171805, 0.069495216, 0.06678619, 0.0631682, 0.05872354, 0.05390849, 0.047053624, 0.03668633, 0.019083047 ],
  "lightfield_0.6_0.0_0.0_y" : [ 0.0, 0.011057795, 0.048266985, 0.068732955, 0.07270891, 0.0744015, 0.07540201, 0.07602963, 0.07630124, 0.076324254, 0.075988196, 0.07567515, 0.07459638, 0.073146254, 0.070729375, 0.05063936, 0.0, 0.0, 0.0, 0.0 ],
  "lightfield_0.6_0.0_0.0_x" : [ 0.03069666, 0.045843966, 0.04911097, 0.05010074, 0.050739106, 0.051251635, 0.051696647, 0.05208028, 0.05239486, 0.052718643, 0.052984115, 0.053225037, 0.053513527, 0.053732965, 0.05392171, 0.054085907, 0.054234754, 0.054237824, 0.051213272, 0.032217376 ],
  "lightfield_0.0_0.4_0.0_x" : [ 0.012083633, 0.031888366, 0.04191258, 0.049415726, 0.05548586, 0.06044219, 0.06455073, 0.072553284, 0.07957075, 0.07871437, 0.07932877, 0.08456998, 0.07590499, 0.05712138, 0.052156467, 0.04595762, 0.037048925, 0.021294378, 0.0, 0.0 ],
  "lightfield_0.0_0.4_0.0_y" : [ 0.011690628, 0.020010674, 0.019664006, 0.026846224, 0.041147165, 0.046707593, 0.055896025, 0.064119965, 0.069546536, 0.07284332, 0.074497715, 0.07465732, 0.073330715, 0.0704973, 0.066127904, 0.060368396, 0.053416144, 0.045168176, 0.035204027, 0.01826017 ],
  "lightfield_0.0_0.2_0.0_y" : [ 0.015127698, 0.019930322, 0.013571397, 0.021066962, 0.039497886, 0.0563341, 0.065455675, 0.070151605, 0.07112891, 0.07112891, 0.07112891, 0.07112891, 0.07112891, 0.07112891, 0.0703906, 0.06501325, 0.054584328, 0.04218656, 0.02824387, 0.011672255 ],
  "lightfield_0.0_0.2_0.0_x" : [ 0.031625338, 0.038658567, 0.04310981, 0.046078734, 0.04783135, 0.048737533, 0.049356356, 0.053208698, 0.056578785, 0.05516332, 0.055443566, 0.05562566, 0.05575796, 0.055780716, 0.0556157, 0.055254363, 0.06288081, 0.060489453, 0.041169416, 0.031633873 ],