{
  "eccentricity_minmax" : 0.0033036226,
  "compactness" : 48.497505,
  "eccentricity" : 2.5506332,
  "compactness_standardized" : -0.06477158,
  "convexity_minmax" : 0.26164967,
  "diameter_standardized" : 0.9655886,
  "surface_area_minmax" : 0.057522114,
  "convexity" : 0.50153255,
  "diameter_minmax" : 0.26410538,
  "rectangularity _standardized" : -0.38582107,
  "convexity_standardized" : 0.5978035,
  "diameter" : 1.140093,
  "surface_area" : 1.1899332,
  "rectangularity " : 9.887342E-4,
  "compactness_minmax" : 1.2203653E-5,
  "surface_area_standardized" : -0.24670707,
  "rectangularity _minmax" : 0.0017817107,
  "eccentricity_standardized" : -0.29445952,
  "lightfield_0.0_0.0_0.6_y" : [ 0.015898658, 0.03275191, 0.04950395, 0.056882706, 0.056870796, 0.056864843, 0.056874767, 0.05683706, 0.05671798, 0.05686881, 0.05685889, 0.056948196, 0.05687675, 0.05685095, 0.056886673, 0.05683309, 0.056823164, 0.05391969, 0.03516122, 0.016769899 ],
  "lightfield_0.0_0.0_0.6_x" : [ 0.0012383925, 0.011665499, 0.024549544, 0.041422643, 0.058262, 0.075200595, 0.090833314, 0.09528081, 0.09635845, 0.09633861, 0.095181584, 0.092034, 0.07787981, 0.061111894, 0.044131625, 0.027292266, 0.011024472, 1.9449113E-4, 0.0, 0.0 ],
  "lightfield_0.0_0.0_0.8_y" : [ 0.004006809, 0.014324945, 0.02487594, 0.035475116, 0.04600604, 0.056587145, 0.067120075, 0.07776743, 0.08812571, 0.09302984, 0.08832846, 0.0814671, 0.07449534, 0.06660216, 0.056145515, 0.045556378, 0.034985304, 0.024335945, 0.013704652, 0.0070600943 ],
  "lightfield_0.0_0.0_0.8_x" : [ 0.022298414, 0.032855432, 0.043466654, 0.054933034, 0.06660818, 0.06758379, 0.06763598, 0.06759784, 0.06766208, 0.06764602, 0.06759583, 0.06766007, 0.06761992, 0.06520299, 0.055167902, 0.044614896, 0.034224495, 0.023545023, 0.013070308, 0.003011129 ],
  "lightfield_0.0_0.0_0.2_y" : [ 0.0034546596, 0.01363271, 0.024068661, 0.034596577, 0.04507251, 0.055520456, 0.066102356, 0.074699014, 0.081542365, 0.088343725, 0.09264405, 0.08990512, 0.0778378, 0.067119956, 0.056614034, 0.04608412, 0.035650168, 0.025170233, 0.0145963365, 0.00734515 ],
  "lightfield_0.0_0.0_0.2_x" : [ 0.020817922, 0.031301856, 0.041899744, 0.05237768, 0.062769644, 0.067301884, 0.06739585, 0.06741185, 0.067247905, 0.06740785, 0.06736986, 0.06740984, 0.06745583, 0.067016, 0.05819342, 0.045836214, 0.035364278, 0.024832364, 0.01435643, 0.0062335813 ],
  "lightfield_0.0_0.0_0.4_y" : [ 0.015478635, 0.03229858, 0.049170114, 0.0568132, 0.05684296, 0.056838993, 0.056797326, 0.056819152, 0.05689058, 0.056864787, 0.056866772, 0.056844946, 0.056868754, 0.056825105, 0.05688066, 0.05684098, 0.0568132, 0.05420598, 0.03582845, 0.01721083 ],
  "lightfield_0.0_0.0_0.4_x" : [ 0.0, 0.0069823507, 0.023637608, 0.040558748, 0.057523537, 0.074426815, 0.090125695, 0.094748855, 0.096211195, 0.096248895, 0.09563578, 0.09274284, 0.07884759, 0.062011767, 0.045044992, 0.028167505, 0.014111531, 0.0029742948, 0.0, 0.0 ],
  "lightfield_0.0_0.0_0.0_y" : [ 0.0, 0.0, 0.0, 0.0, 0.046340544, 0.08983937, 0.09094689, 0.09094689, 0.09094689, 0.09094689, 0.09094689, 0.09089763, 0.09084836, 0.09084836, 0.09163466, 0.044856623, 0.0, 0.0, 0.0, 0.0 ],
  "lightfield_0.0_0.0_0.0_x" : [ 0.053462584, 0.053701036, 0.053720742, 0.05379957, 0.05371877, 0.053701036, 0.053618267, 0.0536025, 0.053604472, 0.053701036, 0.053639945, 0.0536025, 0.0536025, 0.0536025, 0.053582795, 0.05357097, 0.05351382, 0.053503968, 0.029506994, 0.00524398 ],
  "d1" : [ 0.0062931, 0.0144894, 0.0239064, 0.0286118, 0.0399174, 0.0587328, 0.0662537, 0.098558, 0.0870041, 0.0790104, 0.0710679, 0.0675633, 0.0783042, 0.0814069, 0.0746361, 0.0634532, 0.0335642, 0.0159712, 0.0072749, 0.003981 ],
  "d2" : [ 0.014823403, 0.045138925, 0.06393823, 0.07820933, 0.08866887, 0.09494197, 0.098152936, 0.09937755, 0.09807492, 0.07753091, 0.060995612, 0.049916167, 0.04088648, 0.033289246, 0.025633002, 0.01833462, 0.008569705, 0.0027533835, 6.772189E-4, 8.751537E-5 ],
  "d3" : [ 0.003658747, 0.021736149, 0.04961113, 0.08115924, 0.104962535, 0.109683424, 0.10444615, 0.098342635, 0.090571344, 0.08088174, 0.0694689, 0.057770308, 0.045146916, 0.033793453, 0.023487542, 0.014366735, 0.0073438566, 0.002830845, 6.7043153E-4, 6.791855E-5 ],
  "d4" : [ 5.084145E-7, 6.507705E-6, 3.1114963E-5, 1.4662673E-4, 8.671517E-4, 0.0043974803, 0.014804012, 0.040444776, 0.09840403, 0.32219058, 0.35807365, 0.09919014, 0.04100027, 0.01501714, 0.0044094785, 8.559666E-4, 1.3208608E-4, 2.287865E-5, 4.57573E-6, 1.016829E-6 ],
  "lightfield_0.0_0.8_0.0_y" : [ 0.0, 0.0, 0.0, 0.0, 0.046578985, 0.08998796, 0.09081376, 0.09081376, 0.09081376, 0.09081376, 0.09081376, 0.09081376, 0.09081376, 0.09081376, 0.091838144, 0.045084797, 0.0, 0.0, 0.0, 0.0 ],
  "lightfield_0.0_0.8_0.0_x" : [ 0.0062043965, 0.041721053, 0.065758854, 0.065814555, 0.06583635, 0.06587025, 0.06587025, 0.065882355, 0.065991335, 0.06587751, 0.06587025, 0.06594048, 0.06600102, 0.06611242, 0.06600102, 0.06607609, 0.029171802, 0.0, 0.0, 0.0 ],
  "lightfield_0.8_0.0_0.0_x" : [ 0.05345867, 0.053461064, 0.053540114, 0.053540114, 0.053535324, 0.053540114, 0.053540114, 0.0534946, 0.053513765, 0.053540114, 0.053552095, 0.053573653, 0.053540114, 0.053540114, 0.053449087, 0.053556886, 0.053540114, 0.053592816, 0.030135779, 0.0063553434 ],
  "lightfield_0.8_0.0_0.0_y" : [ 0.0, 0.0, 0.0, 0.0, 0.0, 0.040889315, 0.11348109, 0.11043397, 0.110453136, 0.11055375, 0.11055375, 0.11055375, 0.11055375, 0.108464845, 0.07406263, 0.0, 0.0, 0.0, 0.0, 0.0 ],
  "lightfield_0.0_0.6_0.0_x" : [ 0.0, 0.0, 0.0, 0.0, 0.0, 0.015287744, 0.15809168, 0.15828954, 0.15843503, 0.1583361, 0.15872018, 0.15347102, 0.039368704, 0.0, 0.0, 0.0, 0.0, 0.0, 0.0, 0.0 ],
  "lightfield_0.0_0.6_0.0_y" : [ 0.0, 0.0, 0.0, 0.0, 0.04426288, 0.0880602, 0.091656625, 0.091656625, 0.09173228, 0.0919476, 0.0919476, 0.0919476, 0.0919476, 0.0919476, 0.090067916, 0.042825468, 0.0, 0.0, 0.0, 0.0 ],
  "lightfield_0.6_0.0_0.0_y" : [ 0.0, 0.0, 0.0, 0.0, 0.0, 0.0, 0.0, 0.0073134773, 0.24292918, 0.2419481, 0.24212122, 0.24484935, 0.020838689, 0.0, 0.0, 0.0, 0.0, 0.0, 0.0, 0.0 ],
  "lightfield_0.6_0.0_0.0_x" : [ 0.046855573, 0.05377557, 0.05377557, 0.053597193, 0.05364441, 0.05377557, 0.05377557, 0.053591944, 0.053712614, 0.05377557, 0.05377557, 0.053618178, 0.05377557, 0.053890992, 0.053691626, 0.053591944, 0.05378606, 0.05390673, 0.03109015, 0.008593598 ],
  "lightfield_0.0_0.4_0.0_x" : [ 0.0, 0.0, 0.0, 0.0, 0.0, 0.011050157, 0.15316528, 0.1529297, 0.15266044, 0.15261558, 0.15249778, 0.15212758, 0.07295348, 0.0, 0.0, 0.0, 0.0, 0.0, 0.0, 0.0 ],
  "lightfield_0.0_0.4_0.0_y" : [ 0.0, 0.0, 0.0, 0.0, 0.041384805, 0.08619123, 0.09283254, 0.09283254, 0.09283254, 0.093107395, 0.093113005, 0.093113005, 0.093113005, 0.093113005, 0.088204935, 0.040161993, 0.0, 0.0, 0.0, 0.0 ],
  "lightfield_0.0_0.2_0.0_y" : [ 0.0, 0.0, 0.0, 0.0, 0.044986427, 0.08885032, 0.09150102, 0.09150102, 0.09150102, 0.09150102, 0.09150102, 0.09150102, 0.09150102, 0.09147979, 0.09062374, 0.043552596, 0.0, 0.0, 0.0, 0.0 ],
  "lightfield_0.0_0.2_0.0_x" : [ 0.0, 0.03228241, 0.06428418, 0.0642889, 0.06437144, 0.06426296, 0.064215794, 0.06414504, 0.06417334, 0.064253524, 0.06414504, 0.06414504, 0.06414504, 0.064100236, 0.064083725, 0.06402713, 0.06402713, 0.005049064, 0.0, 0.0 ],
  "a3" : [ 0.14711781, 0.15066014, 0.13001612, 0.10612771, 0.086801514, 0.07371457, 0.04358731, 0.0, 0.0, 0.0, 0.0, 0.0, 0.0, 0.008753141, 0.0286408, 0.036043216, 0.0393022, 0.042995963, 0.04913912, 0.05710038 ],
  "lightfield_0.4_0.0_0.0_y" : [ 0.0, 0.0, 0.0, 0.0, 0.0, 0.0, 0.0, 0.0038162766, 0.23983629, 0.24060269, 0.24050362, 0.24438246, 0.030858662, 0.0, 0.0, 0.0, 0.0, 0.0, 0.0, 0.0 ],
  "lightfield_0.4_0.0_0.0_x" : [ 0.04681716, 0.053698972, 0.053281892, 0.053599916, 0.053698972, 0.053698972, 0.053370524, 0.053698972, 0.053698972, 0.054491423, 0.055033628, 0.053698972, 0.05369376, 0.053334028, 0.053698972, 0.053698972, 0.053386163, 0.053568635, 0.03103592, 0.008795162 ],