{
  "eccentricity_minmax" : 2.0974294E-4,
  "compactness" : 518.8374,
  "eccentricity" : 1.09913,
  "compactness_standardized" : -0.061631106,
  "convexity_minmax" : 0.13855529,
  "diameter_standardized" : 2.658566,
  "surface_area_minmax" : 0.108868346,
  "convexity" : 0.2660665,
  "diameter_minmax" : 0.53719544,
  "rectangularity _standardized" : -0.37346557,
  "convexity_standardized" : -0.24493074,
  "diameter" : 1.2849518,
  "surface_area" : 2.237977,
  "rectangularity " : 0.0015828981,
  "compactness_minmax" : 1.3168623E-4,
  "surface_area_standardized" : 0.39469257,
  "rectangularity _minmax" : 0.0028524324,
  "eccentricity_standardized" : -0.36009094,
  "lightfield_0.0_0.0_0.6_y" : [ 0.029515574, 0.03861988, 0.04786841, 0.056542672, 0.059613276, 0.060788024, 0.061215445, 0.062045373, 0.061912954, 0.061013535, 0.05978241, 0.058458194, 0.057533868, 0.056724913, 0.055316787, 0.05244285, 0.043919362, 0.0346787, 0.025586195, 0.016421577 ],
  "lightfield_0.0_0.0_0.6_x" : [ 0.026096214, 0.03496321, 0.044058338, 0.05284667, 0.056116562, 0.05744471, 0.05886988, 0.06024261, 0.061575998, 0.06294479, 0.06431883, 0.064708225, 0.063444324, 0.062041443, 0.05992663, 0.05213867, 0.042929478, 0.034183104, 0.025125997, 0.016024314 ],
  "lightfield_0.0_0.0_0.8_y" : [ 0.029707313, 0.036918543, 0.04435042, 0.0519249, 0.058654487, 0.06123896, 0.06327452, 0.065232046, 0.066623166, 0.06669851, 0.066703886, 0.06570562, 0.0636714, 0.059414625, 0.051963918, 0.04431544, 0.03723471, 0.02974902, 0.022147628, 0.014470896 ],
  "lightfield_0.0_0.0_0.8_x" : [ 0.025812441, 0.03342325, 0.041055586, 0.04860854, 0.056169573, 0.06207713, 0.064599715, 0.06615228, 0.066137485, 0.0645755, 0.06260452, 0.060637575, 0.05849035, 0.05644941, 0.055300456, 0.05075173, 0.043166485, 0.0356216, 0.027979847, 0.020386528 ],
  "lightfield_0.0_0.0_0.2_y" : [ 0.0232296, 0.029992428, 0.036855504, 0.043485563, 0.049912415, 0.05682562, 0.06360199, 0.067108035, 0.0670972, 0.066954955, 0.067001015, 0.06707417, 0.06597548, 0.062165976, 0.055548105, 0.048737865, 0.042040065, 0.035625406, 0.028793488, 0.021975119 ],
  "lightfield_0.0_0.0_0.2_x" : [ 0.025162805, 0.032001495, 0.03890115, 0.045552887, 0.051767044, 0.058657218, 0.063364916, 0.06622204, 0.067038946, 0.06694276, 0.06698476, 0.06695631, 0.06483344, 0.060697444, 0.0539292, 0.047773294, 0.041007757, 0.034227323, 0.027413016, 0.020566197 ],
  "lightfield_0.0_0.0_0.4_y" : [ 0.027387936, 0.041639928, 0.052565157, 0.053940404, 0.054692827, 0.055416312, 0.05612344, 0.05634111, 0.05550187, 0.055522002, 0.055406246, 0.056185093, 0.05736154, 0.05743326, 0.057469744, 0.057428226, 0.056239195, 0.045300126, 0.031122368, 0.01692322 ],
  "lightfield_0.0_0.0_0.4_x" : [ 0.025782432, 0.039562587, 0.05329493, 0.05775788, 0.058529176, 0.059261467, 0.05948669, 0.059496757, 0.059500534, 0.059496757, 0.058993466, 0.058275014, 0.057462197, 0.056820497, 0.056094497, 0.055321943, 0.051675588, 0.038381107, 0.02444619, 0.010360282 ],
  "lightfield_0.0_0.0_0.0_y" : [ 0.0076097017, 0.040952966, 0.05633108, 0.056411657, 0.056422647, 0.056406774, 0.056378696, 0.056208994, 0.05651055, 0.056445844, 0.05644096, 0.056436077, 0.056445844, 0.056442183, 0.056431193, 0.05640311, 0.056421425, 0.0564373, 0.041228883, 0.007634119 ],
  "lightfield_0.0_0.0_0.0_x" : [ 0.018280132, 0.049947135, 0.054479018, 0.054508317, 0.05453762, 0.05446925, 0.054424077, 0.054449715, 0.054479018, 0.05041229, 0.051148474, 0.054472912, 0.054466806, 0.054419193, 0.05441797, 0.054450937, 0.05446803, 0.054448497, 0.04975424, 0.017966367 ],
  "d1" : [ 0.0038488, 0.0521438, 0.0420127, 0.0344171, 0.0231873, 0.0287653, 0.0270448, 0.0351501, 0.0386205, 0.0483552, 0.0493176, 0.0567501, 0.0695202, 0.1058509, 0.0867081, 0.0583306, 0.0803544, 0.1143301, 0.0402623, 0.0050301 ],
  "d2" : [ 0.02716137, 0.035493534, 0.044974096, 0.054644395, 0.06030409, 0.06859615, 0.08274413, 0.08906164, 0.09066902, 0.08126757, 0.07184172, 0.07900147, 0.06515534, 0.055677578, 0.033910856, 0.022685483, 0.01724843, 0.012308361, 0.006830199, 4.2457457E-4 ],
  "d3" : [ 0.010979159, 0.035145685, 0.060175028, 0.0789948, 0.08806832, 0.09505105, 0.09510468, 0.08973187, 0.08321874, 0.07372966, 0.06453822, 0.055338524, 0.046551373, 0.035892185, 0.02814464, 0.023585647, 0.01776689, 0.012613632, 0.004957249, 4.126429E-4 ],
  "d4" : [ 1.016829E-6, 1.1185118E-5, 8.124463E-5, 5.0424546E-4, 0.002109615, 0.0062305178, 0.013641065, 0.03014064, 0.07419313, 0.24866673, 0.45971447, 0.09784589, 0.038503446, 0.016936913, 0.0076545863, 0.0028940984, 7.3547236E-4, 1.1957908E-4, 1.5150751E-5, 1.016829E-6 ],
  "lightfield_0.0_0.8_0.0_y" : [ 0.008392821, 0.041429877, 0.056235, 0.056253582, 0.056196287, 0.056208674, 0.056272164, 0.056259774, 0.056248937, 0.056250483, 0.056194738, 0.05620403, 0.05621332, 0.056238096, 0.056207128, 0.056217965, 0.05629384, 0.056236546, 0.042026047, 0.008420694 ],
  "lightfield_0.0_0.8_0.0_x" : [ 0.0, 0.0043729385, 0.051414546, 0.069175735, 0.069177285, 0.069200516, 0.069191225, 0.0692129, 0.069216, 0.054173958, 0.041268833, 0.06920826, 0.06932285, 0.069298066, 0.06937549, 0.069315106, 0.06621347, 0.02086282, 0.0, 0.0 ],
  "lightfield_0.8_0.0_0.0_x" : [ 0.018468028, 0.04971108, 0.054529145, 0.054856144, 0.05504321, 0.055046156, 0.055060886, 0.05508887, 0.055018168, 0.050858516, 0.0511045, 0.053957634, 0.053987093, 0.053942904, 0.053969417, 0.053969417, 0.05398562, 0.053941432, 0.04925446, 0.018207313 ],
  "lightfield_0.8_0.0_0.0_y" : [ 0.0, 0.019276686, 0.061864506, 0.06845013, 0.068456024, 0.06849874, 0.0684575, 0.068522304, 0.06845013, 0.06845308, 0.06845897, 0.06848696, 0.06843098, 0.06850169, 0.06846928, 0.062097237, 0.033804536, 0.0013212492, 0.0, 0.0 ],
  "lightfield_0.0_0.6_0.0_x" : [ 0.0, 0.0, 0.0, 0.0, 0.0, 0.0, 0.07135887, 0.1980076, 0.19815332, 0.15729861, 0.070740655, 0.20043187, 0.10400908, 0.0, 0.0, 0.0, 0.0, 0.0, 0.0, 0.0 ],
  "lightfield_0.0_0.6_0.0_y" : [ 0.011489837, 0.043415863, 0.05597432, 0.055938993, 0.056000814, 0.056124453, 0.055537157, 0.055267796, 0.055338446, 0.055395853, 0.055400267, 0.05525455, 0.05517948, 0.055378187, 0.0553252, 0.055568065, 0.055833012, 0.055316366, 0.045062948, 0.011198396 ],
  "lightfield_0.6_0.0_0.0_y" : [ 0.0, 0.0, 0.0, 0.0, 0.0, 0.0034826426, 0.0805716, 0.16733217, 0.16913998, 0.16915436, 0.16909684, 0.14920014, 0.09202227, 0.0, 0.0, 0.0, 0.0, 0.0, 0.0, 0.0 ],
  "lightfield_0.6_0.0_0.0_x" : [ 0.020144697, 0.049580034, 0.054967526, 0.05615716, 0.056976605, 0.057030518, 0.05690113, 0.057105992, 0.057023328, 0.048864815, 0.04869949, 0.05272124, 0.052599043, 0.052573886, 0.052555915, 0.052599043, 0.052681707, 0.05263858, 0.048383214, 0.019796073 ],
  "lightfield_0.0_0.4_0.0_x" : [ 0.0, 0.0, 0.0, 0.0, 0.0, 0.0, 0.097997494, 0.1548219, 0.15426044, 0.15514074, 0.15548038, 0.15554623, 0.12464216, 0.0021106405, 0.0, 0.0, 0.0, 0.0, 0.0, 0.0 ],
  "lightfield_0.0_0.4_0.0_y" : [ 0.00940604, 0.04182118, 0.056817472, 0.056557544, 0.05629068, 0.056231763, 0.056252558, 0.056238692, 0.05624216, 0.056283746, 0.056359995, 0.05630454, 0.056179777, 0.05616938, 0.056283746, 0.056235228, 0.056318406, 0.0568452, 0.038566843, 0.008595055 ],
  "lightfield_0.0_0.2_0.0_y" : [ 0.007972195, 0.041145075, 0.05656448, 0.056490313, 0.056398697, 0.05640742, 0.056388516, 0.05635216, 0.05640306, 0.05640306, 0.05640742, 0.05640015, 0.05640306, 0.05640742, 0.05640015, 0.05640597, 0.056404512, 0.056501947, 0.04035251, 0.007791868 ],
  "lightfield_0.0_0.2_0.0_x" : [ 0.0, 0.008978535, 0.052981213, 0.064930774, 0.06490605, 0.06489151, 0.064853705, 0.06476936, 0.06477081, 0.06493514, 0.06498604, 0.0649715, 0.064943865, 0.0649555, 0.06495841, 0.064968586, 0.06410622, 0.029673958, 4.188238E-4, 0.0 ],
  "a3" : [ 0.16098265, 0.13377589, 0.12301679, 0.124513015, 0.09055444, 0.07213704, 0.04423369, 0.0, 0.0, 0.0, 0.0, 0.0, 0.0, 0.008298841, 0.03422421, 0.03451802, 0.036180966, 0.03823965, 0.043029368, 0.05629542 ],