{
  "eccentricity_minmax" : 0.0077226614,
  "compactness" : 1147.0374,
  "eccentricity" : 4.623839,
  "compactness_standardized" : -0.05743659,
  "convexity_minmax" : 0.0051700757,
  "diameter_standardized" : -0.6469408,
  "surface_area_minmax" : 0.018469032,
  "convexity" : 0.010915185,
  "diameter_minmax" : 0.0039921952,
  "rectangularity _standardized" : -0.40445393,
  "convexity_standardized" : -1.1581185,
  "diameter" : 1.0021176,
  "surface_area" : 0.3928086,
  "rectangularity " : 9.270218E-5,
  "compactness_minmax" : 2.9127073E-4,
  "surface_area_standardized" : -0.73454493,
  "rectangularity _minmax" : 1.6700313E-4,
  "eccentricity_standardized" : -0.20071709,
  "lightfield_0.0_0.0_0.6_y" : [ 0.025461782, 0.025512807, 0.10334388, 0.096268326, 0.058390312, 0.0942103, 0.06305065, 0.096268326, 0.03656836, 0.017416744, 0.023369731, 0.048695445, 0.07027928, 0.077439874, 0.040361263, 0.037554853, 0.02513862, 0.026652379, 0.034017075, 0.0 ],
  "lightfield_0.0_0.0_0.6_x" : [ 0.0, 0.021498792, 0.01920264, 0.101455934, 0.038320236, 0.080280304, 0.07874953, 0.08427731, 0.082950644, 0.09735687, 0.09524781, 0.11644045, 0.101319864, 0.027604857, 0.022536313, 0.032758445, 0.0, 0.0, 0.0, 0.0 ],
  "lightfield_0.0_0.0_0.8_y" : [ 0.03333886, 0.025928382, 0.07034151, 0.05926724, 0.09573939, 0.100646555, 0.065169096, 0.08209549, 0.1664622, 0.04515915, 0.054210875, 0.035626657, 0.03569297, 0.03798077, 0.02793435, 0.024137931, 0.040268566, 0.0, 0.0, 0.0 ],
  "lightfield_0.0_0.0_0.8_x" : [ 0.027702255, 0.036704242, 0.041893236, 0.05651525, 0.07884616, 0.07186671, 0.052503314, 0.06816976, 0.066462204, 0.06568302, 0.060659815, 0.07783488, 0.07030836, 0.043766577, 0.04650199, 0.05623342, 0.024635278, 0.024867374, 0.028846154, 0.0 ],
  "lightfield_0.0_0.0_0.2_y" : [ 0.01617468, 0.029387567, 0.022920987, 0.04060947, 0.06081548, 0.0713463, 0.08024813, 0.08793234, 0.064270906, 0.077121794, 0.06371146, 0.07312337, 0.10716754, 0.08949551, 0.054003358, 0.019547833, 0.018099844, 0.02402343, 0.0, 0.0 ],
  "lightfield_0.0_0.0_0.2_x" : [ 0.0, 0.024780333, 0.053657815, 0.046598874, 0.11593774, 0.07037549, 0.076118074, 0.060502846, 0.08197585, 0.07106657, 0.060881298, 0.051633924, 0.06287228, 0.040987924, 0.036002237, 0.03926021, 0.032003816, 0.023398163, 0.026178958, 0.025767598 ],
  "lightfield_0.0_0.0_0.4_y" : [ 0.024282904, 0.039832935, 0.06409858, 0.04031618, 0.037554797, 0.06891374, 0.07812985, 0.172828, 0.032221876, 0.02140071, 0.0132201165, 0.05942149, 0.05407131, 0.060025543, 0.09928894, 0.032342687, 0.047478512, 0.054571815, 0.0, 0.0 ],
  "lightfield_0.0_0.0_0.4_x" : [ 0.003382693, 0.04575265, 0.0062648854, 0.031238135, 0.052017536, 0.10993753, 0.07298678, 0.06958683, 0.13145904, 0.09885748, 0.114010565, 0.095388494, 0.04953229, 0.0367609, 0.025956992, 0.026578302, 0.03028891, 0.0, 0.0, 0.0 ],
  "lightfield_0.0_0.0_0.0_y" : [ 0.0, 0.0, 0.0, 0.025167536, 0.059154462, 0.06694796, 0.090262264, 0.16128072, 0.10191114, 0.09418383, 0.10407876, 0.08109539, 0.02549847, 0.07131629, 0.063671716, 0.03196823, 0.023463225, 0.0, 0.0, 0.0 ],
  "lightfield_0.0_0.0_0.0_x" : [ 0.037825763, 0.022371143, 0.026722925, 0.073152974, 0.039712086, 0.051625714, 0.08908745, 0.094779514, 0.1279391, 0.027335154, 0.017936626, 0.012327294, 0.015553901, 0.068735, 0.05485232, 0.07492347, 0.061239347, 0.040175393, 0.025184082, 0.038520724 ],
  "d1" : [ 0.0031633, 0.010835, 0.0201547, 0.0168074, 0.0235179, 0.0296324, 0.0456271, 0.0494824, 0.0381504, 0.0489278, 0.0697474, 0.1176169, 0.1045365, 0.0800115, 0.0602965, 0.0620714, 0.0567755, 0.0654644, 0.0647806, 0.0324009 ],
  "d2" : [ 0.024957282, 0.050363343, 0.069301166, 0.10133679, 0.068773374, 0.06677683, 0.06385662, 0.04987666, 0.054477166, 0.05804279, 0.059814002, 0.061526906, 0.06523756, 0.059107378, 0.049448185, 0.042736806, 0.02830687, 0.014734687, 0.008003806, 0.0033217834 ],
  "d3" : [ 0.0093330145, 0.043259285, 0.07739464, 0.1004785, 0.11243257, 0.10735971, 0.101953186, 0.095754184, 0.08709714, 0.07209036, 0.05513859, 0.04310946, 0.033930395, 0.024464462, 0.01639272, 0.010112217, 0.0057795164, 0.0028112242, 9.56595E-4, 1.5223816E-4 ],
  "d4" : [ 1.3218776E-6, 1.05750205E-5, 3.0199819E-5, 8.643046E-5, 2.2105861E-4, 6.3643325E-4, 0.0019065542, 0.0060679265, 0.02516916, 0.5798651, 0.35397705, 0.023422858, 0.005772131, 0.0018666945, 6.252481E-4, 2.1607615E-4, 8.012612E-5, 3.548733E-5, 8.337997E-6, 1.2201947E-6 ],
  "lightfield_0.0_0.8_0.0_y" : [ 0.0, 0.0, 0.0, 0.0204837, 0.055422362, 0.07879425, 0.089674026, 0.15481248, 0.110858746, 0.10631616, 0.09526814, 0.078780234, 0.02039958, 0.06682089, 0.058436733, 0.0348966, 0.029036103, 0.0, 0.0, 0.0 ],
  "lightfield_0.0_0.8_0.0_x" : [ 0.0, 0.03824746, 0.043673325, 0.043056432, 0.08996846, 0.092520155, 0.078513846, 0.017497372, 0.014721346, 0.022390466, 0.08002804, 0.13093586, 0.12264984, 0.05790396, 0.058520854, 0.039691553, 0.031629864, 0.038051173, 0.0, 0.0 ],
  "lightfield_0.8_0.0_0.0_x" : [ 0.035073813, 0.026581366, 0.030530354, 0.064811535, 0.043085024, 0.06131548, 0.09817271, 0.08812331, 0.11246833, 0.023863781, 0.014776861, 0.009992781, 0.012738673, 0.060664393, 0.051648244, 0.08377801, 0.0749034, 0.046312153, 0.026751215, 0.034408573 ],
  "lightfield_0.8_0.0_0.0_y" : [ 0.0, 0.025675504, 0.074308924, 0.08200875, 0.04234901, 0.05902252, 0.13948847, 0.09603544, 0.15551089, 0.13977155, 0.07327568, 0.08281553, 0.029737724, 0.0, 0.0, 0.0, 0.0, 0.0, 0.0, 0.0 ],
  "lightfield_0.0_0.6_0.0_x" : [ 0.0, 0.0, 0.0, 0.0, 0.0, 0.019633314, 0.08536223, 0.12932378, 0.18790825, 0.08061164, 0.2554001, 0.14120027, 0.10056042, 0.0, 0.0, 0.0, 0.0, 0.0, 0.0, 0.0 ],
  "lightfield_0.0_0.6_0.0_y" : [ 0.0, 0.0, 0.0, 0.016886877, 0.05474317, 0.08076009, 0.0858076, 0.15307675, 0.11247402, 0.11228845, 0.10011505, 0.07756829, 0.022305522, 0.05424213, 0.052609116, 0.04025015, 0.036872774, 0.0, 0.0, 0.0 ],
  "lightfield_0.6_0.0_0.0_y" : [ 0.0, 0.0, 0.0, 0.0, 0.010896713, 0.08031407, 0.14545485, 0.2330049, 0.27681413, 0.2485203, 0.004995039, 0.0, 0.0, 0.0, 0.0, 0.0, 0.0, 0.0, 0.0, 0.0 ],
  "lightfield_0.6_0.0_0.0_x" : [ 0.030979507, 0.028909644, 0.03323754, 0.06561976, 0.046187006, 0.06852783, 0.10097848, 0.07612303, 0.111139625, 0.026959527, 0.011341476, 0.009322933, 0.015070649, 0.054842792, 0.049967498, 0.08491567, 0.08252078, 0.04533169, 0.028481986, 0.029542578 ],
  "lightfield_0.0_0.4_0.0_x" : [ 0.0, 0.0, 0.0, 0.0, 0.0, 0.0, 0.07268722, 0.113198236, 0.2155771, 0.15427312, 0.14239648, 0.16059911, 0.1166696, 0.024599118, 0.0, 0.0, 0.0, 0.0, 0.0, 0.0 ],
  "lightfield_0.0_0.4_0.0_y" : [ 0.0, 0.0, 0.0, 0.016105726, 0.053233482, 0.08724229, 0.09198238, 0.15265198, 0.11289868, 0.105638765, 0.09607048, 0.08197357, 0.02475771, 0.053022027, 0.05013216, 0.039348017, 0.03494273, 0.0, 0.0, 0.0 ],
  "lightfield_0.0_0.2_0.0_y" : [ 0.0, 0.0, 0.0, 0.020933498, 0.05586521, 0.07817442, 0.09164788, 0.1554837, 0.108879715, 0.10268193, 0.0949666, 0.07764966, 0.0250039, 0.06777858, 0.057425294, 0.035002623, 0.028507, 0.0, 0.0, 0.0 ],
  "lightfield_0.0_0.2_0.0_x" : [ 0.0, 0.018579189, 0.042732134, 0.02791133, 0.06719709, 0.047993872, 0.082329914, 0.1004269, 0.1347913, 0.05236211, 0.017203478, 0.010509296, 0.06463005, 0.07547972, 0.11158859, 0.047639307, 0.045313366, 0.050135445, 0.0031768994, 0.0 ],
  "a3" : [ 0.2023867, 0.1502782, 0.10736564, 0.08647973, 0.0775497, 0.07030063, 0.041796975, 0.0, 0.0, 0.0, 0.0, 0.0, 0.0, 0.013142491, 0.0332331, 0.036910158, 0.038892474, 0.041263487, 0.045911226, 0.05448949 ],
  "lightfield_0.4_0.0_0.0_y" : [ 0.0, 0.0, 0.0, 0.0, 0.0, 0.029239766, 0.051629074, 0.2505263, 0.24897243, 0.19754386, 0.16546366, 0.051695906, 0.0049289893, 0.0, 0.0, 0.0, 0.0, 0.0, 0.0, 0.0 ],
  "lightfield_0.4_0.0_0.0_x" : [ 0.030008353, 0.028153718, 0.032548036, 0.05754386, 0.041737676, 0.06658313, 0.09353384, 0.08183793, 0.15433584, 0.025012532, 0.011946533, 0.01101086, 0.013984962, 0.050309107, 0.046065163, 0.076524645, 0.08018379, 0.04384294, 0.027401838, 0.027435254 ],