{
  "eccentricity_minmax" : 0.0076515717,
  "compactness" : 1054.4207,
  "eccentricity" : 4.590487,
  "compactness_standardized" : -0.05805499,
  "convexity_minmax" : 0.005509976,
  "diameter_standardized" : -0.646899,
  "surface_area_minmax" : 0.018675236,
  "convexity" : 0.011565377,
  "diameter_minmax" : 0.0039989376,
  "rectangularity _standardized" : -0.40434268,
  "convexity_standardized" : -1.1557915,
  "diameter" : 1.0021212,
  "surface_area" : 0.39701748,
  "rectangularity " : 9.8051896E-5,
  "compactness_minmax" : 2.677429E-4,
  "surface_area_standardized" : -0.73196906,
  "rectangularity _minmax" : 1.7664366E-4,
  "eccentricity_standardized" : -0.20222515,
  "lightfield_0.0_0.0_0.6_y" : [ 0.027557705, 0.030935967, 0.110831015, 0.09198477, 0.05489248, 0.09764379, 0.06262647, 0.09073293, 0.043745928, 0.016651234, 0.028723806, 0.048153102, 0.06392976, 0.07250403, 0.04372878, 0.035874747, 0.024933979, 0.02513976, 0.029409748, 0.0 ],
  "lightfield_0.0_0.0_0.6_x" : [ 0.0, 0.019480743, 0.015176458, 0.093528144, 0.02220736, 0.060928766, 0.08148987, 0.08238159, 0.070823476, 0.119113766, 0.08997839, 0.11827348, 0.1311006, 0.0358576, 0.021075556, 0.038584217, 0.0, 0.0, 0.0, 0.0 ],
  "lightfield_0.0_0.0_0.8_y" : [ 0.03380386, 0.029920302, 0.05325544, 0.05249561, 0.09356004, 0.107557744, 0.06931312, 0.08957517, 0.1784074, 0.04373227, 0.05266446, 0.036134, 0.034766313, 0.03532352, 0.02747197, 0.024500202, 0.037518572, 0.0, 0.0, 0.0 ],
  "lightfield_0.0_0.0_0.8_x" : [ 0.023183169, 0.026441984, 0.044745374, 0.04168918, 0.07041065, 0.08498244, 0.046788465, 0.05904701, 0.05511279, 0.0765568, 0.05832095, 0.05658179, 0.097460486, 0.05122923, 0.04751452, 0.06885722, 0.028822774, 0.026374443, 0.035880726, 0.0 ],
  "lightfield_0.0_0.0_0.2_y" : [ 0.020144576, 0.029628279, 0.027224194, 0.046688993, 0.07543854, 0.07378055, 0.08648075, 0.087890044, 0.06825944, 0.070365086, 0.06466161, 0.067828365, 0.09826906, 0.08089332, 0.05207746, 0.010511655, 0.017209934, 0.02264814, 0.0, 0.0 ],
  "lightfield_0.0_0.0_0.2_x" : [ 0.0, 0.02445535, 0.056537453, 0.049490996, 0.09395829, 0.06973505, 0.081639424, 0.06461187, 0.092714794, 0.072852075, 0.061411943, 0.04854594, 0.061760124, 0.038465366, 0.036641575, 0.038448785, 0.032877937, 0.024886427, 0.02473721, 0.0262294 ],
  "lightfield_0.0_0.0_0.4_y" : [ 0.029083395, 0.049450453, 0.06004202, 0.048755925, 0.04802667, 0.06530307, 0.09072283, 0.15343879, 0.030802354, 0.006754293, 0.026652545, 0.056413107, 0.059903115, 0.07115448, 0.07514802, 0.03212196, 0.048877466, 0.047349505, 0.0, 0.0 ],
  "lightfield_0.0_0.0_0.4_x" : [ 0.0014237842, 0.044449847, 0.009653951, 0.013456496, 0.037209384, 0.09763339, 0.07521748, 0.06554616, 0.13366207, 0.11796573, 0.12411231, 0.10193947, 0.052593198, 0.03760874, 0.025992742, 0.02748598, 0.034049276, 0.0, 0.0, 0.0 ],
  "lightfield_0.0_0.0_0.0_y" : [ 0.0, 0.0, 0.0, 0.02511849, 0.060657606, 0.06874969, 0.09101118, 0.18269946, 0.10833485, 0.096824266, 0.10853302, 0.07761796, 0.018876025, 0.062127393, 0.043466054, 0.032434396, 0.023549618, 0.0, 0.0, 0.0 ],
  "lightfield_0.0_0.0_0.0_x" : [ 0.04014665, 0.026505705, 0.032830745, 0.06836986, 0.052433405, 0.05015441, 0.09064786, 0.08993774, 0.11906925, 0.028322296, 0.017587898, 0.012848249, 0.021898171, 0.06752762, 0.04533219, 0.072201215, 0.062209964, 0.04118706, 0.023103727, 0.037685994 ],
  "d1" : [ 0.0017347, 0.0040067, 0.0140763, 0.0234717, 0.0173125, 0.028005, 0.0424889, 0.0431258, 0.0491204, 0.0406106, 0.0598791, 0.0990488, 0.1206198, 0.0983721, 0.0620666, 0.0632845, 0.0567245, 0.0648468, 0.0683765, 0.0428287 ],
  "d2" : [ 0.025221828, 0.05142203, 0.06942069, 0.10066117, 0.068514735, 0.06726241, 0.064081356, 0.05148564, 0.056902993, 0.058751117, 0.059538454, 0.061565112, 0.064616345, 0.05854338, 0.04947389, 0.042042382, 0.027021745, 0.013587586, 0.0072471728, 0.0026399635 ],
  "d3" : [ 0.0100221615, 0.044208232, 0.07897609, 0.1032851, 0.11460445, 0.10760049, 0.10032445, 0.09350603, 0.08285348, 0.06858606, 0.053579383, 0.041892864, 0.033580843, 0.02494593, 0.017753305, 0.011806457, 0.007197253, 0.003646069, 0.0013598803, 2.7147296E-4 ],
  "d4" : [ 4.779096E-6, 1.7082726E-5, 5.1146493E-5, 1.0961416E-4, 2.389548E-4, 6.184353E-4, 0.0020106775, 0.0071629495, 0.032782156, 0.7414584, 0.18963768, 0.019021412, 0.0046528056, 0.0014393213, 4.830954E-4, 1.8028377E-4, 7.738068E-5, 3.7826037E-5, 1.33204585E-5, 2.6437551E-6 ],
  "lightfield_0.0_0.8_0.0_y" : [ 0.0, 0.0, 0.0, 0.020999223, 0.05757898, 0.08129474, 0.093497574, 0.16899991, 0.1132607, 0.10482364, 0.097752035, 0.07554546, 0.015767384, 0.060439244, 0.046497256, 0.033920716, 0.029623136, 0.0, 0.0, 0.0 ],
  "lightfield_0.0_0.8_0.0_x" : [ 0.0, 0.02887573, 0.04405381, 0.0427746, 0.06643286, 0.105556674, 0.06489493, 0.046957195, 0.012375313, 0.02577112, 0.053971313, 0.13144279, 0.12010234, 0.06546986, 0.05780895, 0.054273147, 0.03186535, 0.047374018, 0.0, 0.0 ],
  "lightfield_0.8_0.0_0.0_x" : [ 0.03699014, 0.028795402, 0.03350453, 0.065202236, 0.051458977, 0.06625503, 0.09813769, 0.08392494, 0.10599098, 0.023687918, 0.01543627, 0.009147947, 0.015678128, 0.057832662, 0.046664484, 0.078717865, 0.0758867, 0.047048613, 0.025423609, 0.03421588 ],
  "lightfield_0.8_0.0_0.0_y" : [ 0.0, 0.026988575, 0.07305553, 0.061403632, 0.03068759, 0.057107087, 0.13687775, 0.10173711, 0.17042495, 0.15275505, 0.075559475, 0.08423793, 0.029165303, 0.0, 0.0, 0.0, 0.0, 0.0, 0.0, 0.0 ],
  "lightfield_0.0_0.6_0.0_x" : [ 0.0, 0.0, 0.0, 0.0, 0.0, 0.009454491, 0.07419149, 0.11653035, 0.19113454, 0.09154348, 0.22497562, 0.15190966, 0.14026037, 0.0, 0.0, 0.0, 0.0, 0.0, 0.0, 0.0 ],
  "lightfield_0.0_0.6_0.0_y" : [ 0.0, 0.0, 0.0, 0.017295716, 0.056895774, 0.08372102, 0.089948975, 0.16232085, 0.113266304, 0.1102086, 0.100116305, 0.07503564, 0.018908981, 0.05049899, 0.049486008, 0.035041645, 0.037255198, 0.0, 0.0, 0.0 ],
  "lightfield_0.6_0.0_0.0_y" : [ 0.0, 0.0, 0.0, 0.0, 0.012539717, 0.08254465, 0.1105806, 0.247498, 0.29074132, 0.25101525, 0.0050804545, 0.0, 0.0, 0.0, 0.0, 0.0, 0.0, 0.0, 0.0, 0.0 ],
  "lightfield_0.6_0.0_0.0_x" : [ 0.031230353, 0.0317401, 0.036531698, 0.06252867, 0.054406743, 0.075595126, 0.10172804, 0.07279153, 0.10271354, 0.023397278, 0.016311828, 0.01027985, 0.019217372, 0.051246326, 0.047780063, 0.07793995, 0.08227278, 0.04543524, 0.028477732, 0.028375784 ],
  "lightfield_0.0_0.4_0.0_x" : [ 0.0, 0.0, 0.0, 0.0, 0.0, 0.0, 0.06389794, 0.09726944, 0.2161722, 0.1666607, 0.13443439, 0.15798232, 0.13028307, 0.03329993, 0.0, 0.0, 0.0, 0.0, 0.0, 0.0 ],
  "lightfield_0.0_0.4_0.0_y" : [ 0.0, 0.0, 0.0, 0.01674838, 0.055649, 0.0893068, 0.09723365, 0.16546184, 0.109669685, 0.10714669, 0.09923773, 0.073220484, 0.019414522, 0.049099952, 0.04892102, 0.033371508, 0.035518736, 0.0, 0.0, 0.0 ],
  "lightfield_0.0_0.2_0.0_y" : [ 0.0, 0.0, 0.0, 0.021735992, 0.057904914, 0.08017493, 0.09377075, 0.17217043, 0.11324077, 0.10299339, 0.099991344, 0.072034754, 0.017160755, 0.059911095, 0.047296714, 0.032488525, 0.029125653, 0.0, 0.0, 0.0 ],
  "lightfield_0.0_0.2_0.0_x" : [ 0.0, 0.017175186, 0.045968883, 0.032098837, 0.057544094, 0.056273993, 0.08760788, 0.09623878, 0.13142626, 0.054267816, 0.016121583, 0.015804058, 0.06799354, 0.063865714, 0.10393153, 0.053214215, 0.046026614, 0.049577117, 0.0048638973, 0.0 ],
  "a3" : [ 0.1954887, 0.14663906, 0.10416321, 0.08278466, 0.07394338, 0.06868397, 0.041969337, 0.0, 0.0, 0.0, 0.0, 0.0, 0.0, 0.0145937335, 0.03601303, 0.04017689, 0.042721976, 0.045774385, 0.05023588, 0.056811802 ],
  "lightfield_0.4_0.0_0.0_y" : [ 0.0, 0.0, 0.0, 0.0, 0.0, 0.028843168, 0.05018548, 0.253395, 0.2914059, 0.18292943, 0.14292485, 0.047815926, 0.002500286, 0.0, 0.0, 0.0, 0.0, 0.0, 0.0, 0.0 ],
  "lightfield_0.4_0.0_0.0_x" : [ 0.029840015, 0.03072247, 0.035036687, 0.055496544, 0.048093736, 0.06680503, 0.09280473, 0.08009086, 0.14715736, 0.025149936, 0.015867827, 0.011717026, 0.019512035, 0.046982497, 0.044384163, 0.07638129, 0.0781462, 0.043093164, 0.025934339, 0.026784109 ],