{
  "eccentricity_minmax" : 0.0076515717,
  "compactness" : 1054.4207,
  "eccentricity" : 4.590487,
  "compactness_standardized" : -0.05807296,
  "convexity_minmax" : 0.005509976,
  "diameter_standardized" : -0.6463553,
  "surface_area_minmax" : 0.018675236,
  "convexity" : 0.011565377,
  "diameter_minmax" : 0.0039989376,
  "rectangularity _standardized" : -0.40385205,
  "convexity_standardized" : -1.1554072,
  "diameter" : 1.0021212,
  "surface_area" : 0.39701748,
  "rectangularity " : 9.8051896E-5,
  "compactness_minmax" : 2.677429E-4,
  "surface_area_standardized" : -0.7315385,
  "rectangularity _minmax" : 1.7664366E-4,
  "eccentricity_standardized" : -0.2023273,
  "lightfield_0.0_0.0_0.6_y" : [ 0.040182125, 0.025296908, 0.027032191, 0.103416435, 0.09157194, 0.05310918, 0.0889133, 0.057614546, 0.09107842, 0.045642693, 0.014662337, 0.024102908, 0.03558124, 0.0675964, 0.067007355, 0.042936288, 0.0384946, 0.02634763, 0.021937784, 0.037475724 ],
  "lightfield_0.0_0.0_0.6_x" : [ 0.0, 0.0, 0.016509058, 0.014503136, 0.08308657, 0.02789187, 0.041519407, 0.08168561, 0.079393126, 0.07138536, 0.10282739, 0.08904066, 0.1074442, 0.15338936, 0.056707103, 0.02755755, 0.030423153, 0.016636418, 0.0, 0.0 ],
  "lightfield_0.0_0.0_0.8_y" : [ 0.007089824, 0.030877857, 0.014936672, 0.057883244, 0.04042801, 0.06619595, 0.10278061, 0.07507643, 0.07174261, 0.09845684, 0.15270054, 0.04076285, 0.047896344, 0.03250837, 0.032319114, 0.03472121, 0.027019944, 0.02263794, 0.02736934, 0.016596302 ],
  "lightfield_0.0_0.0_0.8_x" : [ 0.02586985, 0.028533993, 0.039263356, 0.037065074, 0.06227981, 0.085922256, 0.042684525, 0.05182705, 0.07110205, 0.054476634, 0.06345902, 0.046527877, 0.0781482, 0.07667783, 0.041650895, 0.047212113, 0.060561944, 0.024122871, 0.024705198, 0.03790945 ],
  "lightfield_0.0_0.0_0.2_y" : [ 0.025637226, 0.024896266, 0.023805033, 0.035781644, 0.06618796, 0.06536617, 0.0730991, 0.084496416, 0.073422424, 0.05584146, 0.06523145, 0.05549119, 0.06401897, 0.08389018, 0.07914803, 0.06543353, 0.009834563, 0.016476262, 0.014926982, 0.017015142 ],
  "lightfield_0.0_0.0_0.2_x" : [ 0.053241365, 0.048714772, 0.055652853, 0.08314922, 0.056528535, 0.074298106, 0.05885919, 0.08635555, 0.06234844, 0.06603977, 0.04560274, 0.03956728, 0.057552405, 0.035377484, 0.032022957, 0.033195022, 0.030783532, 0.023266153, 0.021743817, 0.035700813 ],
  "lightfield_0.0_0.0_0.4_y" : [ 0.0394032, 0.024967467, 0.028659625, 0.060375873, 0.046242774, 0.04386708, 0.045894742, 0.06674636, 0.09637442, 0.120736614, 0.025784584, 0.0045395396, 0.028841207, 0.04948098, 0.05427776, 0.05840874, 0.078170866, 0.029325424, 0.040946644, 0.056956086 ],
  "lightfield_0.0_0.0_0.4_x" : [ 0.0, 0.007338922, 0.043065097, 0.0028145143, 0.01439034, 0.036164995, 0.09284871, 0.07739915, 0.06863783, 0.12359653, 0.10896408, 0.13641316, 0.095375724, 0.062918015, 0.036422238, 0.025784584, 0.023862846, 0.031595193, 0.012408074, 0.0 ],
  "lightfield_0.0_0.0_0.0_y" : [ 0.0, 0.0, 0.0, 0.02511849, 0.060657606, 0.06874969, 0.09101118, 0.18269946, 0.10833485, 0.096824266, 0.10853302, 0.07761796, 0.018876025, 0.062127393, 0.043466054, 0.032434396, 0.023549618, 0.0, 0.0, 0.0 ],
  "lightfield_0.0_0.0_0.0_x" : [ 0.04014665, 0.026505705, 0.032830745, 0.06836986, 0.052433405, 0.05015441, 0.09064786, 0.08993774, 0.11906925, 0.028322296, 0.017587898, 0.012848249, 0.021898171, 0.06752762, 0.04533219, 0.072201215, 0.062209964, 0.04118706, 0.023103727, 0.037685994 ],
  "d1" : [ 0.0017547, 0.004007, 0.0140839, 0.0234222, 0.0173095, 0.0280487, 0.0423342, 0.0431754, 0.0491972, 0.0407312, 0.0597885, 0.0990629, 0.1207142, 0.0982616, 0.0620577, 0.0632193, 0.0566463, 0.0647175, 0.0684892, 0.0429788 ],
  "d2" : [ 0.025746921, 0.051121876, 0.06916744, 0.09993725, 0.06906193, 0.06740364, 0.06365408, 0.0529687, 0.057788048, 0.05962377, 0.060552035, 0.062049497, 0.06460135, 0.057947975, 0.048333388, 0.040880278, 0.026428541, 0.012954975, 0.0069046123, 0.0028737045 ],
  "d3" : [ 0.008774372, 0.041334424, 0.075726666, 0.099890575, 0.11281955, 0.10798898, 0.101393536, 0.095413186, 0.0860357, 0.07202244, 0.05589133, 0.043127876, 0.033969738, 0.025261575, 0.017488271, 0.011348234, 0.0068203304, 0.0032260807, 0.0011846, 2.8254115E-4 ],
  "d4" : [ 1.7286092E-6, 4.8807788E-6, 1.5659165E-5, 2.9182991E-5, 8.5922045E-5, 3.056588E-4, 9.778844E-4, 0.0032030111, 0.012899288, 0.11292557, 0.8196834, 0.040051773, 0.006954703, 0.001982003, 6.271801E-4, 1.7601308E-4, 5.0536397E-5, 1.474402E-5, 9.456509E-6, 1.4235605E-6 ],
  "lightfield_0.0_0.8_0.0_y" : [ 0.0, 0.014157261, 0.041343026, 0.066290416, 0.055978574, 0.082073845, 0.14272049, 0.10462981, 0.08768892, 0.07618137, 0.08305912, 0.056715135, 0.013525923, 0.031499904, 0.058676105, 0.027616223, 0.026984885, 0.030859001, 0.0, 0.0 ],
  "lightfield_0.0_0.8_0.0_x" : [ 0.045284104, 0.036502775, 0.033164337, 0.046824183, 0.087411515, 0.060914483, 0.0698393, 0.018050507, 0.010177922, 0.017227855, 0.023235125, 0.08310694, 0.102850586, 0.10475416, 0.05689688, 0.04596327, 0.051645305, 0.031624258, 0.026210062, 0.048316434 ],
  "lightfield_0.8_0.0_0.0_x" : [ 0.0372056, 0.029184207, 0.033564683, 0.06545113, 0.050901696, 0.06593469, 0.098091364, 0.08388326, 0.10592786, 0.023609057, 0.0152321085, 0.008945841, 0.016028559, 0.05798441, 0.046763, 0.078933895, 0.075918764, 0.046663444, 0.02547218, 0.034304243 ],
  "lightfield_0.8_0.0_0.0_y" : [ 0.0, 0.0, 0.0, 0.0, 0.017436568, 0.07981568, 0.05026169, 0.04081807, 0.05037547, 0.13087381, 0.10419274, 0.16359939, 0.16145182, 0.08000057, 0.08600239, 0.035171807, 0.0, 0.0, 0.0, 0.0 ],
  "lightfield_0.0_0.6_0.0_x" : [ 0.0, 0.0, 2.7457884E-4, 0.025713501, 0.07225461, 0.07905448, 0.093300276, 0.12842214, 0.052711062, 0.07651866, 0.19502366, 0.089609616, 0.09886453, 0.08825287, 0.0, 0.0, 0.0, 0.0, 0.0, 0.0 ],
  "lightfield_0.0_0.6_0.0_y" : [ 0.022079369, 0.039434366, 0.05882448, 0.044635214, 0.051362395, 0.09094213, 0.10834558, 0.076462135, 0.070381016, 0.067530245, 0.06190138, 0.07650251, 0.03760115, 0.014132734, 0.015925573, 0.034855362, 0.03598598, 0.029258799, 0.016127469, 0.047712114 ],
  "lightfield_0.6_0.0_0.0_y" : [ 0.0, 0.0, 0.0, 0.0, 0.0, 0.0, 0.0, 0.02754144, 0.09755602, 0.107962444, 0.31136233, 0.26282158, 0.19275618, 0.0, 0.0, 0.0, 0.0, 0.0, 0.0, 0.0 ],
  "lightfield_0.6_0.0_0.0_x" : [ 0.031761635, 0.032117557, 0.03704959, 0.062625, 0.053455815, 0.07596353, 0.100996576, 0.07253991, 0.10248805, 0.023558524, 0.016507914, 0.01037253, 0.019372225, 0.05101522, 0.04793058, 0.07720077, 0.08196332, 0.046676382, 0.027727874, 0.028676994 ],
  "lightfield_0.0_0.4_0.0_x" : [ 0.0, 0.0, 0.0093435645, 0.08609317, 0.061071817, 0.119642265, 0.17797412, 0.080782585, 0.06842968, 0.13134097, 0.08545437, 0.08762478, 0.06739835, 0.023089534, 0.0017548045, 0.0, 0.0, 0.0, 0.0, 0.0 ],
  "lightfield_0.0_0.4_0.0_y" : [ 0.021219281, 0.038128518, 0.060948674, 0.04877279, 0.055199377, 0.09543674, 0.110421844, 0.07493323, 0.06681342, 0.066736445, 0.060317557, 0.07674191, 0.03601967, 0.014523316, 0.015777849, 0.0326486, 0.037528187, 0.026953181, 0.015346843, 0.04553256 ],
  "lightfield_0.0_0.2_0.0_y" : [ 0.0, 0.012617805, 0.04065737, 0.064471535, 0.05702352, 0.08228834, 0.14769453, 0.103493266, 0.08517992, 0.081489995, 0.08562777, 0.052311316, 0.014662357, 0.03201184, 0.05922385, 0.024476206, 0.030132798, 0.026637588, 0.0, 0.0 ],
  "lightfield_0.0_0.2_0.0_x" : [ 0.04909845, 0.0270465, 0.029509697, 0.04826116, 0.045681126, 0.061492328, 0.0963568, 0.073292315, 0.10440844, 0.041426513, 0.016697172, 0.00891814, 0.018303607, 0.07027417, 0.05536841, 0.087243944, 0.0524963, 0.032722563, 0.036461174, 0.044941194 ],
  "a3" : [ 0.20466132, 0.14841048, 0.10667317, 0.08571502, 0.07585918, 0.069397464, 0.041351125, 0.0, 0.0, 0.0, 0.0, 0.0, 0.0, 0.014291975, 0.03466905, 0.03745703, 0.039344963, 0.042079013, 0.046254948, 0.05383526 ],