{
  "eccentricity_minmax" : 0.005255886,
  "compactness" : 994.0478,
  "eccentricity" : 3.4665434,
  "compactness_standardized" : -0.05847597,
  "convexity_minmax" : 0.0329071,
  "diameter_standardized" : -0.45120314,
  "surface_area_minmax" : 0.07288658,
  "convexity" : 0.06397308,
  "diameter_minmax" : 0.03546748,
  "rectangularity _standardized" : -0.37750104,
  "convexity_standardized" : -0.96778125,
  "diameter" : 1.0188135,
  "surface_area" : 1.5035421,
  "rectangularity " : 0.0013652566,
  "compactness_minmax" : 2.5240608E-4,
  "surface_area_standardized" : -0.054444555,
  "rectangularity _minmax" : 0.0024602283,
  "eccentricity_standardized" : -0.25313622,
  "lightfield_0.0_0.0_0.6_y" : [ 0.029235495, 0.05007654, 0.05930143, 0.06286999, 0.06198285, 0.056760084, 0.053978607, 0.038740534, 0.04068156, 0.030346083, 0.049719684, 0.06488439, 0.070917584, 0.0739592, 0.07355565, 0.076914094, 0.05947152, 0.023395734, 0.01583506, 0.007373908 ],
  "lightfield_0.0_0.0_0.6_x" : [ 3.1016438E-4, 0.031246562, 0.050843615, 0.05964161, 0.06305675, 0.061946165, 0.056426574, 0.05325489, 0.07832818, 0.102147475, 0.07744438, 0.083574295, 0.08217355, 0.07195814, 0.066922136, 0.040711578, 0.004845902, 0.008414459, 0.0067202286, 3.335101E-5 ],
  "lightfield_0.0_0.0_0.8_y" : [ 0.0, 0.0012490164, 0.031871777, 0.04931429, 0.05808551, 0.07063188, 0.11216792, 0.12498283, 0.119109325, 0.09300176, 0.07515019, 0.06885515, 0.05672408, 0.04007469, 0.03861022, 0.026157526, 0.018388644, 0.015625196, 0.0, 0.0 ],
  "lightfield_0.0_0.0_0.8_x" : [ 0.028318325, 0.04784045, 0.056973882, 0.062379003, 0.07626182, 0.06793712, 0.061270498, 0.04339395, 0.021476837, 0.019787543, 0.030235564, 0.028649313, 0.036724206, 0.058528908, 0.068639696, 0.07875985, 0.07352959, 0.062310304, 0.0490114, 0.027971722 ],
  "lightfield_0.0_0.0_0.2_y" : [ 0.0044634147, 0.029450385, 0.051403515, 0.07202315, 0.07016267, 0.07003165, 0.06691046, 0.0595384, 0.053866692, 0.03565491, 0.046878956, 0.03062083, 0.050614484, 0.05989361, 0.055593245, 0.058609616, 0.0584291, 0.054355834, 0.045452297, 0.026046777 ],
  "lightfield_0.0_0.0_0.2_x" : [ 0.023155602, 0.04442743, 0.05388125, 0.058271874, 0.05879887, 0.06172498, 0.06491896, 0.05578832, 0.05863582, 0.06481996, 0.07222987, 0.074497975, 0.08069377, 0.071237035, 0.0625111, 0.043146342, 0.015049831, 0.0131602315, 0.017769225, 0.005281562 ],
  "lightfield_0.0_0.0_0.4_y" : [ 0.028990852, 0.049852837, 0.059134427, 0.06282846, 0.06562224, 0.074312516, 0.06252616, 0.03703667, 0.034804303, 0.028741704, 0.014271192, 0.011663444, 0.026296731, 0.05961611, 0.07982699, 0.07427598, 0.07437896, 0.0729339, 0.054231197, 0.028655332 ],
  "lightfield_0.0_0.0_0.4_x" : [ 0.0, 0.0, 0.0, 0.017470252, 0.08252776, 0.11556477, 0.13989821, 0.14593424, 0.13853952, 0.11834858, 0.08261745, 0.025981145, 0.025715386, 0.032113504, 0.04881306, 0.015686352, 0.010789766, 0.0, 0.0, 0.0 ],
  "lightfield_0.0_0.0_0.0_y" : [ 0.0, 1.257383E-4, 0.011650646, 0.004268484, 0.0075806957, 0.026186654, 0.047591947, 0.06495707, 0.07313998, 0.09201396, 0.09962444, 0.12817696, 0.1276343, 0.106586374, 0.06733286, 0.059374947, 0.050861143, 0.03217246, 7.2134077E-4, 0.0 ],
  "lightfield_0.0_0.0_0.0_x" : [ 0.02939629, 0.049736116, 0.059020896, 0.06260113, 0.061803684, 0.05683371, 0.049014773, 0.035894975, 0.06649571, 0.02699072, 0.011008719, 0.014271297, 0.047201496, 0.063332394, 0.07094949, 0.08930728, 0.07174363, 0.06483464, 0.054772265, 0.014790795 ],
  "d1" : [ 0.0100136, 0.013884, 0.0096806, 0.0352653, 0.0488625, 0.0236128, 0.0198228, 0.0287569, 0.0463637, 0.1150696, 0.059926, 0.0891304, 0.1194394, 0.1116262, 0.0505142, 0.0429591, 0.0398225, 0.0408179, 0.0691651, 0.0252674 ],
  "d2" : [ 0.032786556, 0.038617183, 0.0375901, 0.08036751, 0.08695957, 0.080207884, 0.06339243, 0.057312064, 0.059659276, 0.069233954, 0.07245732, 0.06768069, 0.0688907, 0.05152495, 0.049023807, 0.0427193, 0.023417912, 0.009651095, 0.0059550456, 0.0025526483 ],
  "d3" : [ 0.008732615, 0.034940723, 0.060073, 0.07748148, 0.08691954, 0.09058251, 0.089696355, 0.08785138, 0.09674479, 0.09935185, 0.08266774, 0.05787123, 0.044753995, 0.033598047, 0.02049641, 0.013604538, 0.00976709, 0.0034653551, 0.0012282692, 1.7306652E-4 ],
  "d4" : [ 3.762267E-6, 2.6640917E-5, 1.1754542E-4, 3.8710676E-4, 7.76959E-4, 0.0016454326, 0.0044631674, 0.014359556, 0.049494352, 0.35782474, 0.49246073, 0.054192405, 0.015964825, 0.004959278, 0.0018354779, 8.4315456E-4, 4.542175E-4, 1.5018563E-4, 3.44705E-5, 5.999291E-6 ],
  "lightfield_0.0_0.8_0.0_y" : [ 0.0011122038, 0.01419816, 0.005227358, 0.005818582, 0.021734804, 0.0385964, 0.06541807, 0.06992543, 0.071997635, 0.08376358, 0.08882118, 0.106774494, 0.10449155, 0.09522513, 0.06857614, 0.049935024, 0.046232555, 0.03866079, 0.023274329, 2.1658705E-4 ],
  "lightfield_0.0_0.8_0.0_x" : [ 0.008918119, 0.014648895, 0.026250936, 0.0568102, 0.074628875, 0.09851784, 0.07932647, 0.06828346, 0.050944787, 0.016835254, 0.015576707, 0.030395359, 0.07497717, 0.061566334, 0.0578346, 0.06006193, 0.06285122, 0.06005608, 0.051170155, 0.030345602 ],
  "lightfield_0.8_0.0_0.0_x" : [ 0.026341679, 0.044938188, 0.053250797, 0.056526463, 0.05579322, 0.05212329, 0.049588237, 0.047119513, 0.07137199, 0.03610973, 0.014348091, 0.016422557, 0.04581514, 0.06059802, 0.067289375, 0.08200593, 0.0669467, 0.07188047, 0.06052064, 0.021009967 ],
  "lightfield_0.8_0.0_0.0_y" : [ 0.0, 0.0, 0.0, 0.018419646, 0.053652424, 0.069610715, 0.09007166, 0.13811235, 0.1504265, 0.12879382, 0.096250854, 0.079581425, 0.08360139, 0.053895615, 0.009804897, 0.02079994, 0.0069787577, 0.0, 0.0, 0.0 ],
  "lightfield_0.0_0.6_0.0_x" : [ 0.0, 0.0, 0.0, 0.0056447913, 0.035799064, 0.012988061, 0.008225268, 0.09675273, 0.17531614, 0.1293766, 0.094731696, 0.15969215, 0.13731962, 0.11329399, 0.030859873, 0.0, 0.0, 0.0, 0.0, 0.0 ],
  "lightfield_0.0_0.6_0.0_y" : [ 0.022569086, 0.014999017, 0.0075599886, 0.014127099, 0.031071553, 0.066648856, 0.07143685, 0.07168885, 0.074027404, 0.074884206, 0.078009, 0.08323547, 0.08447027, 0.07731348, 0.061019186, 0.049679205, 0.037467305, 0.03434755, 0.028516276, 0.016929334 ],
  "lightfield_0.6_0.0_0.0_y" : [ 0.0, 0.0, 0.0, 0.0, 0.0, 0.0, 0.0027966243, 0.09002467, 0.19106762, 0.29014802, 0.20427975, 0.11941376, 0.08115117, 0.021118369, 0.0, 0.0, 0.0, 0.0, 0.0, 0.0 ],
  "lightfield_0.6_0.0_0.0_x" : [ 0.021524897, 0.035206627, 0.041472748, 0.0437507, 0.04375771, 0.04717814, 0.041984413, 0.065541945, 0.08466272, 0.059170686, 0.025975665, 0.025611192, 0.047570653, 0.05539279, 0.060236067, 0.06616575, 0.068724066, 0.08630285, 0.05545587, 0.024314512 ],
  "lightfield_0.0_0.4_0.0_x" : [ 0.0, 0.0, 0.0, 0.03793652, 0.10214108, 0.114037536, 0.13196829, 0.12246322, 0.13131228, 0.15564488, 0.12594795, 0.021099107, 0.0076859375, 0.018642586, 0.031050814, 6.9787566E-5, 0.0, 0.0, 0.0, 0.0 ],
  "lightfield_0.0_0.4_0.0_y" : [ 0.020438451, 0.013883073, 0.0069787567, 0.013650448, 0.02988769, 0.06274367, 0.073835246, 0.07342582, 0.07562646, 0.0785808, 0.071653225, 0.08409867, 0.086969264, 0.08255869, 0.064730294, 0.043370645, 0.037578277, 0.034451794, 0.028673384, 0.016865328 ],
  "lightfield_0.0_0.2_0.0_y" : [ 6.622397E-5, 0.012645768, 0.006258165, 0.0049336855, 0.019999638, 0.036119156, 0.06721733, 0.07098006, 0.07357182, 0.08661794, 0.087256104, 0.1072738, 0.109040774, 0.097081326, 0.06707886, 0.05116705, 0.046802286, 0.037937302, 0.017952716, 0.0 ],
  "lightfield_0.0_0.2_0.0_x" : [ 0.030460015, 0.051627606, 0.060519677, 0.0631265, 0.060384218, 0.056296393, 0.0497041, 0.073273815, 0.037633277, 0.017880471, 0.02052943, 0.054114014, 0.06909869, 0.079516925, 0.097129494, 0.07577226, 0.057518527, 0.02219406, 0.014650548, 0.008569984 ],
  "a3" : [ 0.14898825, 0.15825434, 0.11593344, 0.104220055, 0.09447017, 0.08499055, 0.047772095, 0.0, 0.0, 0.0, 0.0, 0.0, 0.0, 0.004898185, 0.02171532, 0.030060146, 0.03618509, 0.043866124, 0.04955629, 0.05908994 ],