{
  "eccentricity_minmax" : 0.005110436,
  "compactness" : 919.4047,
  "eccentricity" : 3.3983054,
  "compactness_standardized" : -0.058956504,
  "convexity_minmax" : 0.010210078,
  "diameter_standardized" : -0.6323567,
  "surface_area_minmax" : 0.02588444,
  "convexity" : 0.020556157,
  "diameter_minmax" : 0.006344723,
  "rectangularity _standardized" : -0.40112475,
  "convexity_standardized" : -1.1236135,
  "diameter" : 1.0033655,
  "surface_area" : 0.5441668,
  "rectangularity " : 2.527976E-4,
  "compactness_minmax" : 2.3344417E-4,
  "surface_area_standardized" : -0.6419141,
  "rectangularity _minmax" : 4.555054E-4,
  "eccentricity_standardized" : -0.25613102,
  "lightfield_0.0_0.0_0.6_y" : [ 0.04079073, 0.032535344, 0.02629276, 0.051477022, 0.081455044, 0.09707124, 0.099015966, 0.0915871, 0.08190233, 0.049717043, 0.012601855, 0.02424107, 0.0521674, 0.05487058, 0.03404251, 0.028636161, 0.03515101, 0.026205247, 0.029423777, 0.050815813 ],
  "lightfield_0.0_0.0_0.6_x" : [ 0.0, 0.0, 0.008858249, 0.032107506, 0.019972384, 0.029073725, 0.07928667, 0.0758445, 0.057389006, 0.09244277, 0.074065074, 0.17667879, 0.19632056, 0.077341944, 0.030308628, 0.050310183, 0.0, 0.0, 0.0, 0.0 ],
  "lightfield_0.0_0.0_0.8_y" : [ 0.0, 0.013265236, 0.02028285, 0.051540464, 0.0296884, 0.031520776, 0.08170645, 0.12991355, 0.14221387, 0.15016715, 0.07359721, 0.05519547, 0.034834646, 0.026939834, 0.033031512, 0.02856753, 0.02683262, 0.034025673, 0.036676772, 0.0 ],
  "lightfield_0.0_0.0_0.8_x" : [ 0.0, 0.022709774, 0.05166717, 0.053187653, 0.04475677, 0.0401271, 0.05051706, 0.057261765, 0.09394828, 0.02136473, 0.045370813, 0.09751557, 0.08029318, 0.08951354, 0.10069299, 0.05580951, 0.026910594, 0.03501009, 0.033343405, 0.0 ],
  "lightfield_0.0_0.0_0.2_y" : [ 0.0, 0.03728903, 0.03408725, 0.030485246, 0.08318772, 0.11654286, 0.104575224, 0.09777144, 0.1196275, 0.039680604, 0.049617838, 0.065968394, 0.05353221, 0.058168933, 0.07999571, 0.017697647, 0.0076335133, 0.004138887, 0.0, 0.0 ],
  "lightfield_0.0_0.0_0.2_x" : [ 0.0, 0.015882002, 0.055123337, 0.041398633, 0.037533067, 0.06388919, 0.092090234, 0.121384576, 0.12336616, 0.07005847, 0.07263552, 0.03428248, 0.03153949, 0.044473514, 0.028493894, 0.029128393, 0.032974433, 0.026404928, 0.030163115, 0.049178567 ],
  "lightfield_0.0_0.0_0.4_y" : [ 0.046302173, 0.028170131, 0.032584112, 0.08293326, 0.09046183, 0.08247699, 0.08880535, 0.060169023, 0.07576178, 0.050507855, 0.013440327, 0.05111292, 0.047799952, 0.035549913, 0.050091255, 0.05576496, 0.035192825, 0.033526424, 0.03934891, 0.0 ],
  "lightfield_0.0_0.0_0.4_x" : [ 0.0, 0.011545787, 0.018955324, 1.2894778E-4, 0.0010613395, 0.059772257, 0.05869108, 0.09308046, 0.096720755, 0.11481313, 0.20406483, 0.14110856, 0.04601452, 0.03497461, 0.02651365, 0.028358594, 0.04315783, 0.021038327, 0.0, 0.0 ],
  "lightfield_0.0_0.0_0.0_y" : [ 0.0, 0.0, 0.0, 0.033713117, 0.055945076, 0.06868244, 0.121900864, 0.19869511, 0.15102737, 0.072665304, 0.098393224, 0.09911384, 0.046138864, 0.010380758, 0.012347843, 0.003135651, 0.027860552, 0.0, 0.0, 0.0 ],
  "lightfield_0.0_0.0_0.0_x" : [ 0.050219107, 0.029856851, 0.026234297, 0.05524394, 0.08483786, 0.087866396, 0.09591976, 0.07916058, 0.08321161, 0.05119291, 0.015278995, 0.010127569, 0.037364885, 0.056772813, 0.051465575, 0.044142567, 0.035602298, 0.0265167, 0.029126497, 0.049858797 ],
  "d1" : [ 0.0130782, 0.0183486, 0.0426007, 0.0455953, 0.0576154, 0.0316872, 0.0333949, 0.0436328, 0.0277933, 0.0590357, 0.1804102, 0.0849065, 0.1079393, 0.056224, 0.066028, 0.0481002, 0.0278274, 0.0245216, 0.0148791, 0.0163816 ],
  "d2" : [ 0.045062914, 0.041260146, 0.057777844, 0.10438983, 0.06992218, 0.07067641, 0.075775005, 0.07489005, 0.077079535, 0.06910074, 0.056225173, 0.06308938, 0.073932484, 0.04845531, 0.027723368, 0.027014244, 0.011305786, 0.003577128, 0.0020129534, 7.295281E-4 ],
  "d3" : [ 0.023826832, 0.054421876, 0.0891673, 0.104159884, 0.10523662, 0.09979851, 0.09822803, 0.09326142, 0.08239858, 0.067569695, 0.05009149, 0.041559108, 0.033115573, 0.021834053, 0.01830581, 0.008920673, 0.0054060146, 0.0019098696, 6.7667E-4, 1.1199014E-4 ],
  "d4" : [ 1.5252434E-6, 3.5589012E-6, 1.33204585E-5, 4.4943838E-5, 1.0686872E-4, 3.215213E-4, 0.0010177441, 0.0034488803, 0.016583769, 0.86551017, 0.10233946, 0.007676753, 0.0019896291, 6.09894E-4, 2.0001025E-4, 8.815907E-5, 2.8877941E-5, 1.25069955E-5, 1.6269263E-6, 8.1346315E-7 ],
  "lightfield_0.0_0.8_0.0_y" : [ 0.0, 0.0, 0.0, 0.0314317, 0.05904303, 0.07632849, 0.116980426, 0.17934036, 0.14033702, 0.086081795, 0.105963536, 0.10166932, 0.042586796, 0.011658556, 0.022201601, 0.0026456332, 0.023731725, 0.0, 0.0, 0.0 ],
  "lightfield_0.0_0.8_0.0_x" : [ 0.0, 0.067147754, 0.03728566, 0.03906258, 0.055943295, 0.06631852, 0.08981332, 0.028884787, 0.011431505, 0.039664757, 0.089931786, 0.10144226, 0.105529174, 0.08948756, 0.059388544, 0.03321849, 0.06044482, 0.025005182, 0.0, 0.0 ],
  "lightfield_0.8_0.0_0.0_x" : [ 0.0478485, 0.032532115, 0.029669065, 0.053593315, 0.07534689, 0.08172794, 0.0984852, 0.070986815, 0.07340076, 0.043497786, 0.016953751, 0.011180868, 0.035245463, 0.055670433, 0.0588516, 0.0635485, 0.041663937, 0.030464357, 0.032513402, 0.0468193 ],
  "lightfield_0.8_0.0_0.0_y" : [ 0.0, 0.0, 0.002020977, 0.049261313, 0.0030782474, 0.013108281, 0.052386343, 0.13107346, 0.13438562, 0.12835075, 0.20279942, 0.10655975, 0.097914465, 0.07394343, 0.005117937, 0.0, 0.0, 0.0, 0.0, 0.0 ],
  "lightfield_0.0_0.6_0.0_x" : [ 0.0, 0.0, 0.0, 0.0, 3.7489127E-4, 0.008292595, 0.13253157, 0.11768587, 0.19525838, 0.09832648, 0.2220706, 0.11996521, 0.10549441, 0.0, 0.0, 0.0, 0.0, 0.0, 0.0, 0.0 ],
  "lightfield_0.0_0.6_0.0_y" : [ 0.0, 0.0, 0.0, 0.026062442, 0.05948775, 0.086629875, 0.10540443, 0.15106618, 0.127598, 0.101955436, 0.11417689, 0.10382989, 0.042647634, 0.016945086, 0.037459135, 0.0022493477, 0.024487898, 0.0, 0.0, 0.0 ],
  "lightfield_0.6_0.0_0.0_y" : [ 0.0, 0.0, 0.0, 0.0, 0.0039013424, 0.0060040997, 0.034212787, 0.065119356, 0.28535342, 0.31791312, 0.25022814, 0.037267737, 0.0, 0.0, 0.0, 0.0, 0.0, 0.0, 0.0, 0.0 ],
  "lightfield_0.6_0.0_0.0_x" : [ 0.04065331, 0.036778416, 0.03710904, 0.055187464, 0.06399524, 0.07396681, 0.104344375, 0.067737885, 0.059631027, 0.033062223, 0.019361237, 0.015301197, 0.032334853, 0.05312438, 0.06279177, 0.081002444, 0.05001653, 0.037228063, 0.03692389, 0.039449845 ],
  "lightfield_0.0_0.4_0.0_x" : [ 0.0, 0.0, 0.0, 0.0, 0.0, 0.0, 0.10206445, 0.09940526, 0.20573014, 0.14758527, 0.17196123, 0.12615447, 0.13557601, 0.008406485, 0.00311669, 0.0, 0.0, 0.0, 0.0, 0.0 ],
  "lightfield_0.0_0.4_0.0_y" : [ 0.0, 0.0, 0.0, 0.025119377, 0.057301346, 0.08349298, 0.11187202, 0.15988047, 0.13759185, 0.09713207, 0.10881251, 0.09903354, 0.04060275, 0.01602665, 0.03587053, 0.0024304464, 0.024833443, 0.0, 0.0, 0.0 ],
  "lightfield_0.0_0.2_0.0_y" : [ 0.0, 0.0, 0.0, 0.031281758, 0.05752085, 0.07401016, 0.11793692, 0.18738376, 0.14467452, 0.0833573, 0.10257885, 0.09891669, 0.041827247, 0.011149459, 0.021675775, 0.0031252997, 0.024561403, 0.0, 0.0, 0.0 ],
  "lightfield_0.0_0.2_0.0_x" : [ 0.0, 0.020189818, 0.060157225, 0.032326717, 0.048979007, 0.0840092, 0.10273224, 0.100728594, 0.08858211, 0.06572716, 0.01555939, 0.019202378, 0.088294506, 0.06936056, 0.056264978, 0.041530054, 0.035586234, 0.066561215, 0.004208609, 0.0 ],
  "a3" : [ 0.1819245, 0.13932861, 0.11104542, 0.090832055, 0.07757616, 0.07572968, 0.045355402, 0.0, 0.0, 0.0, 0.0, 0.0, 0.0, 0.0127728125, 0.0385724, 0.038032778, 0.04088767, 0.043077264, 0.047419924, 0.057445306 ],
  "lightfield_0.4_0.0_0.0_y" : [ 0.0, 0.0, 0.0, 0.0, 0.0, 0.0, 0.0, 0.13633892, 0.31099704, 0.31834522, 0.14584908, 0.074184604, 0.007891979, 0.0063931663, 0.0, 0.0, 0.0, 0.0, 0.0, 0.0 ],