{
  "eccentricity_minmax" : 0.0053782724,
  "compactness" : 275.18378,
  "eccentricity" : 3.5239615,
  "compactness_standardized" : -0.063257985,
  "convexity_minmax" : 0.016194068,
  "diameter_standardized" : -0.6207443,
  "surface_area_minmax" : 0.023814214,
  "convexity" : 0.032002874,
  "diameter_minmax" : 0.008217891,
  "rectangularity _standardized" : -0.39910182,
  "convexity_standardized" : -1.0826457,
  "diameter" : 1.0043591,
  "surface_area" : 0.50191075,
  "rectangularity " : 3.500785E-4,
  "compactness_minmax" : 6.97898E-5,
  "surface_area_standardized" : -0.6677747,
  "rectangularity _minmax" : 6.308119E-4,
  "eccentricity_standardized" : -0.25044936,
  "lightfield_0.0_0.0_0.6_y" : [ 0.040499434, 0.036310937, 0.04631237, 0.05225271, 0.08345145, 0.082535714, 0.06466691, 0.055175103, 0.050962716, 0.051878452, 0.034893535, 0.031557072, 0.06359988, 0.04897199, 0.049593095, 0.050986607, 0.04882069, 0.039265182, 0.036255196, 0.032010958 ],
  "lightfield_0.0_0.0_0.6_x" : [ 0.0, 0.0, 0.0015527703, 0.0071427436, 0.04124795, 0.05988119, 0.08047332, 0.06959596, 0.0820659, 0.107236706, 0.12604514, 0.14397764, 0.12352089, 0.04844643, 0.045484226, 0.034121133, 0.029208008, 0.0, 0.0, 0.0 ],
  "lightfield_0.0_0.0_0.8_y" : [ 0.0, 0.0064273383, 0.016513806, 0.05692331, 0.062515415, 0.06480634, 0.092027076, 0.080262184, 0.06988935, 0.14942767, 0.07438371, 0.06084494, 0.037418563, 0.035684455, 0.07676215, 0.031381004, 0.032104872, 0.049167547, 0.0034602627, 0.0 ],
  "lightfield_0.0_0.0_0.8_x" : [ 0.0, 0.0018852466, 0.05250054, 0.052548263, 0.06151313, 0.100808986, 0.05255622, 0.053510774, 0.081137195, 0.060526755, 0.06788479, 0.052293718, 0.06942798, 0.045190234, 0.048109584, 0.07066095, 0.040632233, 0.031762823, 0.047600485, 0.009450097 ],
  "lightfield_0.0_0.0_0.2_y" : [ 3.178892E-5, 0.043113723, 0.034856554, 0.046562824, 0.047071446, 0.064173885, 0.058833346, 0.094556145, 0.11341493, 0.0655726, 0.061408248, 0.09574028, 0.09214019, 0.06470635, 0.07259, 0.03805134, 0.007176349, 0.0, 0.0, 0.0 ],
  "lightfield_0.0_0.0_0.2_x" : [ 0.0, 0.0031629978, 0.050806645, 0.046443615, 0.06310101, 0.091440834, 0.07558611, 0.06367321, 0.07526822, 0.056711435, 0.08118096, 0.05336565, 0.042191844, 0.04356672, 0.037375823, 0.053357705, 0.059643965, 0.030477628, 0.035818167, 0.036827467 ],
  "lightfield_0.0_0.0_0.4_y" : [ 0.038805626, 0.031135034, 0.05385052, 0.07010526, 0.04521699, 0.04917574, 0.0527559, 0.05081356, 0.11625227, 0.035077322, 0.02040279, 0.052648906, 0.054253805, 0.05869814, 0.086853825, 0.073841795, 0.039990783, 0.037727464, 0.03239426, 0.0 ],
  "lightfield_0.0_0.0_0.4_x" : [ 0.0, 0.0, 0.015225962, 0.012748657, 0.010789857, 0.07274718, 0.08115849, 0.055957466, 0.08375925, 0.12200522, 0.14587294, 0.123280905, 0.09337218, 0.048681926, 0.048945293, 0.034492977, 0.048072886, 0.0028888176, 0.0, 0.0 ],
  "lightfield_0.0_0.0_0.0_y" : [ 0.0, 0.0, 0.0, 0.0, 0.07159815, 0.07645793, 0.08307839, 0.15565647, 0.16078712, 0.11913639, 0.10753665, 0.08722116, 0.034098152, 0.064945824, 0.013559592, 0.025924155, 0.0, 0.0, 0.0, 0.0 ],
  "lightfield_0.0_0.0_0.0_x" : [ 0.046478648, 0.03384321, 0.043626513, 0.05055768, 0.06569471, 0.05118706, 0.07349426, 0.06305768, 0.06753506, 0.048964307, 0.029485341, 0.022299236, 0.032568514, 0.05715424, 0.0791348, 0.064643085, 0.042104844, 0.046319313, 0.03836839, 0.043483112 ],
  "d1" : [ 0.0110025, 0.0327748, 0.0421961, 0.042516, 0.0403353, 0.0496195, 0.0461186, 0.0421967, 0.0804525, 0.0626911, 0.0749082, 0.0869243, 0.0754462, 0.0634826, 0.0675502, 0.0345994, 0.0334946, 0.0387501, 0.050608, 0.0243333 ],
  "d2" : [ 0.0204992, 0.045563, 0.06612691, 0.088626966, 0.08351397, 0.09068803, 0.093012236, 0.08158383, 0.080810994, 0.068666756, 0.06047332, 0.054374747, 0.04761096, 0.037038203, 0.03121268, 0.024404885, 0.012979679, 0.0070183324, 0.004277951, 0.0015173665 ],
  "d3" : [ 0.004249588, 0.030979007, 0.0704418, 0.100113854, 0.11573149, 0.11904018, 0.11280084, 0.10338883, 0.0910507, 0.07504044, 0.057544418, 0.0418828, 0.030321557, 0.020028727, 0.012625504, 0.007207114, 0.0043471893, 0.0019964029, 9.682669E-4, 2.4128694E-4 ],
  "d4" : [ 5.084145E-7, 1.2201947E-6, 4.1689987E-6, 1.0473338E-5, 4.707918E-5, 2.1627951E-4, 0.0010748899, 0.006889423, 0.10376576, 0.8521503, 0.031923342, 0.0032439893, 5.331234E-4, 1.0158121E-4, 2.4098845E-5, 7.524534E-6, 3.3555355E-6, 1.2201947E-6, 1.2201947E-6, 4.0673157E-7 ],
  "lightfield_0.0_0.8_0.0_y" : [ 0.0, 0.0, 0.0, 0.0, 0.06309048, 0.07474342, 0.082620285, 0.13761489, 0.14833891, 0.12859009, 0.114376985, 0.088367455, 0.042442963, 0.058408163, 0.019454284, 0.041952074, 0.0, 0.0, 0.0, 0.0 ],
  "lightfield_0.0_0.8_0.0_x" : [ 0.0, 0.027384019, 0.047888048, 0.0500253, 0.053227402, 0.10232379, 0.08126845, 0.06615665, 0.022180602, 0.0289171, 0.055470385, 0.08838256, 0.1005717, 0.06783322, 0.06420065, 0.05258547, 0.039369248, 0.052215416, 0.0, 0.0 ],
  "lightfield_0.8_0.0_0.0_x" : [ 0.040473145, 0.03399244, 0.04131909, 0.050580394, 0.064968884, 0.06499831, 0.08684586, 0.063357905, 0.05968722, 0.042268027, 0.026069941, 0.028092863, 0.032410882, 0.05593562, 0.085529126, 0.06243839, 0.041760456, 0.04447485, 0.036346383, 0.038450222 ],
  "lightfield_0.8_0.0_0.0_y" : [ 0.0, 0.0, 0.0010666314, 0.020751497, 0.033904165, 0.07155993, 0.043923143, 0.10483147, 0.13333628, 0.17164673, 0.16952083, 0.090891704, 0.094974324, 0.0635933, 0.0, 0.0, 0.0, 0.0, 0.0, 0.0 ],
  "lightfield_0.0_0.6_0.0_x" : [ 0.0, 0.0, 0.0, 0.0, 0.0, 0.0031886564, 0.0773804, 0.13065314, 0.21703887, 0.07930761, 0.20382872, 0.1556368, 0.13165763, 0.0013081667, 0.0, 0.0, 0.0, 0.0, 0.0, 0.0 ],
  "lightfield_0.0_0.6_0.0_y" : [ 0.0, 0.0, 0.0, 0.0, 0.05419548, 0.07422678, 0.08512428, 0.12353999, 0.15099981, 0.12088862, 0.11897309, 0.083652586, 0.046241358, 0.05076154, 0.0270627, 0.06433377, 0.0, 0.0, 0.0, 0.0 ],
  "lightfield_0.6_0.0_0.0_y" : [ 0.0, 0.0, 0.0, 0.0, 0.0023930136, 0.008805461, 0.0186365, 0.1146989, 0.26439175, 0.29186478, 0.26638076, 0.032828834, 0.0, 0.0, 0.0, 0.0, 0.0, 0.0, 0.0, 0.0 ],
  "lightfield_0.6_0.0_0.0_x" : [ 0.032310862, 0.03419627, 0.038143188, 0.057567, 0.05347505, 0.06879655, 0.08506076, 0.069749616, 0.058851562, 0.050750535, 0.034237705, 0.03429986, 0.031772178, 0.05558836, 0.09027152, 0.055008236, 0.043737244, 0.042059027, 0.03238338, 0.031741098 ],
  "lightfield_0.0_0.4_0.0_x" : [ 0.0, 0.0, 0.0, 0.0, 0.0, 0.0, 0.047662906, 0.1350564, 0.17844808, 0.13956942, 0.14887175, 0.19797376, 0.13682938, 0.015012664, 5.7563896E-4, 0.0, 0.0, 0.0, 0.0, 0.0 ],
  "lightfield_0.0_0.4_0.0_y" : [ 0.0, 0.0, 0.0, 0.0, 0.053499885, 0.073060095, 0.08436564, 0.1290007, 0.15592909, 0.120400645, 0.11634815, 0.08218973, 0.04615473, 0.04971218, 0.027020494, 0.062318675, 0.0, 0.0, 0.0, 0.0 ],
  "lightfield_0.0_0.2_0.0_y" : [ 0.0, 0.0, 0.0, 0.0, 0.06290409, 0.07393558, 0.081034176, 0.14234425, 0.15394929, 0.12823646, 0.11287727, 0.08687394, 0.04206269, 0.056662098, 0.018703632, 0.04041653, 0.0, 0.0, 0.0, 0.0 ],
  "lightfield_0.0_0.2_0.0_x" : [ 0.0, 0.010346214, 0.055999167, 0.039708905, 0.05350386, 0.070255935, 0.073466316, 0.09769687, 0.06328397, 0.049116585, 0.042248905, 0.03038316, 0.08020737, 0.09334684, 0.08691863, 0.047954593, 0.048103567, 0.05377946, 0.0036796473, 0.0 ],
  "a3" : [ 0.17070377, 0.16115965, 0.12313844, 0.09727908, 0.07973557, 0.06754807, 0.03985702, 0.0, 0.0, 0.0, 0.0, 0.0, 0.0, 0.008452891, 0.03185853, 0.037850052, 0.039968908, 0.042589054, 0.046888247, 0.052970733 ],
  "lightfield_0.4_0.0_0.0_y" : [ 0.0, 0.0, 0.0, 0.0, 0.0, 0.0, 0.0061991806, 0.10033331, 0.2833153, 0.34336454, 0.19089018, 0.060367703, 0.0073880646, 0.008141732, 0.0, 0.0, 0.0, 0.0, 0.0, 0.0 ],
  "lightfield_0.4_0.0_0.0_x" : [ 0.031908795, 0.033999957, 0.037364922, 0.057883788, 0.053276863, 0.067777, 0.0787954, 0.065887526, 0.06328684, 0.051132623, 0.036738638, 0.040528204, 0.03164342, 0.055474173, 0.09037641, 0.053733308, 0.044009935, 0.042364605, 0.032513853, 0.031303737 ],