{
  "eccentricity_minmax" : 0.08298198,
  "compactness" : 54.433506,
  "eccentricity" : 39.93198,
  "compactness_standardized" : -0.06473194,
  "convexity_minmax" : 0.45895523,
  "diameter_standardized" : -0.6677289,
  "surface_area_minmax" : 0.028802816,
  "convexity" : 0.87895644,
  "diameter_minmax" : 6.3892204E-4,
  "rectangularity _standardized" : -0.4045441,
  "convexity_standardized" : 1.9486054,
  "diameter" : 1.0003389,
  "surface_area" : 0.6037347,
  "rectangularity " : 8.836513E-5,
  "compactness_minmax" : 1.3711602E-5,
  "surface_area_standardized" : -0.6054588,
  "rectangularity _minmax" : 1.5918749E-4,
  "eccentricity_standardized" : 1.3957821,
  "lightfield_0.0_0.0_0.6_y" : [ 0.0, 0.026267186, 0.04208623, 0.04312177, 0.043423157, 0.04312177, 0.042395346, 0.041097056, 0.03962875, 0.037549943, 0.034876082, 0.031792644, 0.02825326, 0.03347733, 0.06989899, 0.09163763, 0.10027743, 0.09938099, 0.08866238, 0.063052066 ],
  "lightfield_0.0_0.0_0.6_x" : [ 0.0, 0.0, 0.0, 0.0, 0.04118979, 0.10458188, 0.12071004, 0.1333529, 0.18690737, 0.15279634, 0.1250995, 0.10036244, 0.03499973, 0.0, 0.0, 0.0, 0.0, 0.0, 0.0, 0.0 ],
  "lightfield_0.0_0.0_0.8_y" : [ 0.0, 0.0, 0.0, 0.0, 0.029761357, 0.062099323, 0.06910064, 0.06814208, 0.06495199, 0.060067177, 0.053917058, 0.0785482, 0.10601669, 0.112419866, 0.11598571, 0.10465936, 0.07087206, 0.003458483, 0.0, 0.0 ],
  "lightfield_0.0_0.0_0.8_x" : [ 0.042061593, 0.08653109, 0.10274225, 0.10642312, 0.09892335, 0.07775068, 0.045244012, 0.035367012, 0.039975766, 0.04360296, 0.046447963, 0.04815803, 0.049714733, 0.050358884, 0.050151836, 0.04806601, 0.028480722, 0.0, 0.0, 0.0 ],
  "lightfield_0.0_0.0_0.2_y" : [ 0.0, 0.0, 0.0, 0.0, 0.029519135, 0.061806887, 0.06871693, 0.068057366, 0.065971315, 0.062006287, 0.05530332, 0.0764936, 0.101564534, 0.111841395, 0.11597515, 0.10526114, 0.07258225, 0.0049006827, 0.0, 0.0 ],
  "lightfield_0.0_0.0_0.2_x" : [ 0.0, 0.010261524, 0.04264131, 0.050103534, 0.050609708, 0.050249252, 0.0490375, 0.046920776, 0.044489607, 0.04139888, 0.037203774, 0.032770917, 0.06900069, 0.091080606, 0.10432549, 0.10583634, 0.095889255, 0.069246106, 0.008934734, 0.0 ],
  "lightfield_0.0_0.0_0.4_y" : [ 0.0, 0.026265126, 0.041968532, 0.04292728, 0.043398924, 0.04308965, 0.042393785, 0.041102562, 0.039865464, 0.03763869, 0.035156764, 0.032048557, 0.028468706, 0.03197124, 0.06967951, 0.09162253, 0.10028995, 0.09940078, 0.089024626, 0.063687325 ],
  "lightfield_0.0_0.0_0.4_x" : [ 0.0, 0.0, 0.0, 0.0, 0.0, 0.0081184525, 0.07354544, 0.12033092, 0.12584373, 0.1851935, 0.16522983, 0.12366336, 0.11399853, 0.08034948, 0.0037267562, 0.0, 0.0, 0.0, 0.0, 0.0 ],
  "lightfield_0.0_0.0_0.0_y" : [ 0.0, 0.0, 0.0, 0.0, 0.0, 0.0, 0.0, 0.03245866, 0.114549585, 0.36243457, 0.3502971, 0.10874572, 0.03151438, 0.0, 0.0, 0.0, 0.0, 0.0, 0.0, 0.0 ],
  "lightfield_0.0_0.0_0.0_x" : [ 0.031560443, 0.03995916, 0.04063474, 0.04068848, 0.04068848, 0.03997451, 0.038884368, 0.037725132, 0.035982434, 0.033840533, 0.031230327, 0.028113436, 0.024605015, 0.044688236, 0.07897404, 0.09352976, 0.098128326, 0.09404413, 0.080286816, 0.046461638 ],
  "d1" : [ 0.051016, 0.0753032, 0.0560788, 0.0539722, 0.0543569, 0.0534884, 0.0594012, 0.0480018, 0.0457706, 0.049575, 0.0501237, 0.0548958, 0.0541519, 0.0567867, 0.0584269, 0.0585345, 0.0579496, 0.0256554, 0.0198427, 0.0166687 ],
  "d2" : [ 0.040111743, 0.107072, 0.101668656, 0.09296223, 0.08468137, 0.07578701, 0.06917055, 0.06257929, 0.05791237, 0.052883085, 0.0478389, 0.042967547, 0.038260918, 0.0324614, 0.02881166, 0.024180846, 0.018448139, 0.012722734, 0.00734589, 0.0021336747 ],
  "d3" : [ 0.0031633945, 0.026451709, 0.06829185, 0.10946729, 0.13910966, 0.14931224, 0.1403984, 0.115408204, 0.08553732, 0.060820103, 0.04211634, 0.02638037, 0.014583068, 0.007955526, 0.004927264, 0.0031790913, 0.0017839939, 7.9922524E-4, 2.506446E-4, 6.4296226E-5 ],
  "d4" : [ 6.9144367E-6, 3.762267E-5, 1.7164073E-4, 4.8645097E-4, 0.0012563939, 0.0032805952, 0.010221368, 0.03442759, 0.12537093, 0.49098104, 0.24420966, 0.062717095, 0.018128127, 0.0055945925, 0.001977529, 7.4431876E-4, 2.7749263E-4, 8.714224E-5, 2.1455091E-5, 2.033658E-6 ],
  "lightfield_0.0_0.8_0.0_y" : [ 0.0, 0.0, 0.0, 0.0, 0.0, 0.0, 0.0, 0.031421214, 0.11078737, 0.3675198, 0.35488743, 0.104698665, 0.030685537, 0.0, 0.0, 0.0, 0.0, 0.0, 0.0, 0.0 ],
  "lightfield_0.0_0.8_0.0_x" : [ 0.0057208682, 0.08142799, 0.1154628, 0.12341006, 0.11274272, 0.07236753, 0.031276014, 0.036464483, 0.040946316, 0.044702146, 0.04747062, 0.049396936, 0.050945733, 0.051284533, 0.051303893, 0.050519817, 0.03455753, 0.0, 0.0, 0.0 ],
  "lightfield_0.8_0.0_0.0_x" : [ 0.033697266, 0.041714493, 0.042533122, 0.04260431, 0.042568717, 0.041999236, 0.040931456, 0.03968572, 0.037977275, 0.03574384, 0.033287954, 0.03037826, 0.027085947, 0.043440733, 0.07495796, 0.08859881, 0.09298559, 0.08916829, 0.07623039, 0.04441063 ],
  "lightfield_0.8_0.0_0.0_y" : [ 0.0, 0.0, 0.0, 0.0, 0.0, 0.0, 0.0, 0.011576484, 0.11368267, 0.3938941, 0.3919721, 0.08887465, 0.0, 0.0, 0.0, 0.0, 0.0, 0.0, 0.0, 0.0 ],
  "lightfield_0.0_0.6_0.0_x" : [ 0.0, 0.0, 0.0, 0.0, 0.0, 0.0, 0.1708745, 0.26505417, 0.104008265, 0.12848704, 0.13956076, 0.13950777, 0.052507482, 0.0, 0.0, 0.0, 0.0, 0.0, 0.0, 0.0 ],
  "lightfield_0.0_0.6_0.0_y" : [ 0.0, 0.0, 0.0, 0.0, 0.0, 0.0, 0.0, 0.027525365, 0.095451295, 0.38705063, 0.37414894, 0.08869579, 0.027127983, 0.0, 0.0, 0.0, 0.0, 0.0, 0.0, 0.0 ],
  "lightfield_0.6_0.0_0.0_y" : [ 0.0, 0.0, 0.0, 0.0, 0.0, 0.0, 0.0, 0.0, 0.005204903, 0.5455027, 0.44929236, 0.0, 0.0, 0.0, 0.0, 0.0, 0.0, 0.0, 0.0, 0.0 ],
  "lightfield_0.6_0.0_0.0_x" : [ 0.041076966, 0.05169561, 0.052032966, 0.052241802, 0.052241802, 0.051599223, 0.05116548, 0.049799997, 0.04894858, 0.047342125, 0.045735676, 0.0435509, 0.04141432, 0.035374064, 0.053816125, 0.06340664, 0.06650709, 0.06390464, 0.054892447, 0.033253547 ],
  "lightfield_0.0_0.4_0.0_x" : [ 0.0, 0.0, 0.0, 0.0, 0.0, 0.0, 0.07800293, 0.10925357, 0.10457422, 0.08709365, 0.15454227, 0.25884852, 0.20281997, 0.004864876, 0.0, 0.0, 0.0, 0.0, 0.0, 0.0 ],
  "lightfield_0.0_0.4_0.0_y" : [ 0.0, 0.0, 0.0, 0.0, 0.0, 0.0, 0.0, 0.037991382, 0.12850694, 0.3415514, 0.33180103, 0.123126715, 0.03702253, 0.0, 0.0, 0.0, 0.0, 0.0, 0.0, 0.0 ],
  "lightfield_0.0_0.2_0.0_y" : [ 0.0, 0.0, 0.0, 0.0, 0.0, 0.0, 0.0, 0.033919882, 0.11840131, 0.35673168, 0.3452644, 0.11271768, 0.032965034, 0.0, 0.0, 0.0, 0.0, 0.0, 0.0, 0.0 ],
  "lightfield_0.0_0.2_0.0_x" : [ 0.0, 0.007047697, 0.045323513, 0.047978904, 0.048197154, 0.048197154, 0.047224116, 0.0454872, 0.043059155, 0.039976355, 0.035947803, 0.031028055, 0.04950666, 0.09496658, 0.11270859, 0.11569136, 0.105224386, 0.07489656, 0.0075387624, 0.0 ],
  "a3" : [ 0.3816468, 0.14016034, 0.061502308, 0.039879758, 0.030310288, 0.026336297, 0.016728891, 0.0, 0.0, 0.0, 0.0, 0.0, 0.0, 0.027986165, 0.085422516, 0.06436042, 0.04240925, 0.031439446, 0.026697826, 0.0251197 ],
  "lightfield_0.4_0.0_0.0_y" : [ 0.0, 0.0, 0.0, 0.0, 0.0, 0.0, 0.0, 0.0, 0.006728023, 0.54377973, 0.44949222, 0.0, 0.0, 0.0, 0.0, 0.0, 0.0, 0.0, 0.0, 0.0 ],
  "lightfield_0.4_0.0_0.0_x" : [ 0.04003491, 0.052015234, 0.051190097, 0.051380515, 0.05139638, 0.050983816, 0.050333228, 0.049111392, 0.047937162, 0.046366233, 0.045001585, 0.043256108, 0.040701363, 0.036020312, 0.055664867, 0.06477309, 0.06802602, 0.06553475, 0.05620438, 0.03406855 ],
  "lightfield_0.2_0.0_0.0_x" : [ 0.033482775, 0.041554436, 0.042236675, 0.042378437, 0.042307556, 0.0416519, 0.040712718, 0.039365962, 0.03771796, 0.03563581, 0.032977745, 0.030239934, 0.027183158, 0.04366317, 0.07539162, 0.08915155, 0.09336901, 0.08975404, 0.07656117, 0.044664375 ],
  "lightfield_0.2_0.0_0.0_y" : [ 0.0, 0.0, 0.0, 0.0, 0.0, 0.0, 0.0, 0.010260136, 0.111240074, 0.3963797, 0.38695243, 0.09469804, 4.6959173E-4, 0.0, 0.0, 0.0, 0.0, 0.0, 0.0, 0.0 ]
}