{
  "eccentricity_minmax" : 0.016449543,
  "compactness" : 7.531419,
  "eccentricity" : 8.718082,
  "compactness_standardized" : -0.06504511,
  "convexity_minmax" : 0.16832861,
  "diameter_standardized" : -0.4353639,
  "surface_area_minmax" : 0.029844226,
  "convexity" : 0.3230196,
  "diameter_minmax" : 0.038121153,
  "rectangularity _standardized" : -0.36057076,
  "convexity_standardized" : -0.04109531,
  "diameter" : 1.0202211,
  "surface_area" : 0.62499124,
  "rectangularity " : 0.0022029951,
  "compactness_minmax" : 1.7968518E-6,
  "surface_area_standardized" : -0.59244984,
  "rectangularity _minmax" : 0.0039698873,
  "eccentricity_standardized" : -0.015591055,
  "lightfield_0.0_0.0_0.6_y" : [ 0.025393764, 0.022661524, 0.024572305, 0.03587033, 0.042834863, 0.06435944, 0.06859769, 0.07245497, 0.066436894, 0.06313916, 0.08162196, 0.08286606, 0.06812148, 0.06486541, 0.052597117, 0.06279986, 0.043894425, 0.021673393, 0.022613904, 0.012625451 ],
  "lightfield_0.0_0.0_0.6_x" : [ 0.0, 0.0, 0.0, 5.595438E-4, 0.016286297, 0.06311535, 0.070454895, 0.045126613, 0.09386049, 0.18531615, 0.21726966, 0.17560746, 0.08337203, 0.048436254, 5.9525936E-4, 0.0, 0.0, 0.0, 0.0, 0.0 ],
  "lightfield_0.0_0.0_0.8_y" : [ 0.0, 0.0, 0.015476317, 0.039615106, 0.036439262, 0.03334637, 0.063019186, 0.07321625, 0.12990153, 0.15442544, 0.13113394, 0.09218244, 0.06698307, 0.058747202, 0.05218221, 0.03219098, 0.016465805, 0.0046748905, 0.0, 0.0 ],
  "lightfield_0.0_0.0_0.8_x" : [ 0.0, 0.00674867, 0.037926458, 0.06407385, 0.06160309, 0.05921528, 0.05628829, 0.075278185, 0.08263121, 0.07618472, 0.07159871, 0.0694242, 0.08011898, 0.09461173, 0.08077074, 0.047341414, 0.030851908, 0.0053325747, 0.0, 0.0 ],
  "lightfield_0.0_0.0_0.2_y" : [ 0.0, 0.0, 0.0, 0.0, 0.021815531, 0.08816296, 0.108479075, 0.10879911, 0.11410927, 0.11292397, 0.09468213, 0.075426854, 0.06742605, 0.08842372, 0.055294458, 0.040341843, 0.023261603, 8.534193E-4, 0.0, 0.0 ],
  "lightfield_0.0_0.0_0.2_x" : [ 6.637706E-4, 0.021673294, 0.029034035, 0.027504994, 0.029478526, 0.046884723, 0.05839403, 0.075462416, 0.07499422, 0.10252885, 0.10345931, 0.08713767, 0.07105308, 0.080677755, 0.06285077, 0.04869824, 0.03163578, 0.024008345, 0.018579649, 0.005280532 ],
  "lightfield_0.0_0.0_0.4_y" : [ 0.007837279, 0.024661936, 0.027572755, 0.036192577, 0.067411266, 0.07755467, 0.076825485, 0.06429888, 0.05586877, 0.05425626, 0.067612834, 0.082006864, 0.074181445, 0.054297756, 0.051185373, 0.0528216, 0.046205558, 0.06529485, 0.013913837, 0.0 ],
  "lightfield_0.0_0.0_0.4_x" : [ 0.0, 0.0, 0.0, 0.0, 0.0, 0.03388052, 0.06348077, 0.065407485, 0.16629614, 0.20359139, 0.14063232, 0.11508113, 0.0879945, 0.09708266, 0.020565446, 0.0059876335, 0.0, 0.0, 0.0, 0.0 ],
  "lightfield_0.0_0.0_0.0_y" : [ 0.0, 0.0, 0.0, 0.0, 0.0, 0.0, 0.026364153, 0.17132847, 0.23195356, 0.13651024, 0.16519244, 0.17570965, 0.08616519, 0.006776305, 0.0, 0.0, 0.0, 0.0, 0.0, 0.0 ],
  "lightfield_0.0_0.0_0.0_x" : [ 0.018941639, 0.023465104, 0.022605468, 0.035280656, 0.043319736, 0.06839147, 0.06941118, 0.071675874, 0.05991961, 0.049266048, 0.05900069, 0.0793711, 0.07826247, 0.064781, 0.052870594, 0.04889848, 0.05134103, 0.0539318, 0.025629018, 0.023637032 ],
  "d1" : [ 0.0160484, 0.0378983, 0.0711021, 0.0609291, 0.061107, 0.0618585, 0.0726759, 0.1073983, 0.0847881, 0.0863828, 0.0564664, 0.0385611, 0.0350916, 0.0345623, 0.0367076, 0.0401609, 0.017586, 0.0224811, 0.0382106, 0.0199839 ],
  "d2" : [ 0.01571336, 0.050159607, 0.08270762, 0.11513842, 0.12892585, 0.10971007, 0.09425965, 0.077296376, 0.065456495, 0.055841904, 0.049060214, 0.046210915, 0.039056357, 0.028567517, 0.018401932, 0.00939705, 0.0073023825, 0.0032557717, 0.0023377105, 0.0012008109 ],
  "d3" : [ 0.00140365, 0.011047077, 0.02924462, 0.053937994, 0.080651715, 0.10476119, 0.12024984, 0.121704, 0.11425057, 0.10194514, 0.08464965, 0.066197746, 0.048801944, 0.032006238, 0.017494408, 0.007885494, 0.0028825637, 7.410668E-4, 1.2597632E-4, 1.9117813E-5 ],
  "d4" : [ 2.3387065E-6, 1.1286801E-5, 6.1111416E-5, 2.2746462E-4, 8.991818E-4, 0.0031606094, 0.010454933, 0.034815613, 0.124916926, 0.49849987, 0.2390813, 0.062004805, 0.018084811, 0.0055360235, 0.0016416702, 4.516754E-4, 1.19680764E-4, 2.5522406E-5, 4.57573E-6, 6.1009735E-7 ],
  "lightfield_0.0_0.8_0.0_y" : [ 0.0, 0.0, 0.0, 0.0, 0.0, 0.0, 0.028726691, 0.1899343, 0.22118273, 0.1256118, 0.16225182, 0.17812821, 0.08827562, 0.0058888295, 0.0, 0.0, 0.0, 0.0, 0.0, 0.0 ],
  "lightfield_0.0_0.8_0.0_x" : [ 0.0, 0.012999468, 0.030360505, 0.06003907, 0.056671996, 0.059385546, 0.065231755, 0.07298171, 0.09741076, 0.0834026, 0.05977624, 0.07648375, 0.08475937, 0.0826141, 0.07097141, 0.03360682, 0.024464572, 0.027661161, 0.0011791866, 0.0 ],
  "lightfield_0.8_0.0_0.0_x" : [ 0.014994612, 0.017971618, 0.02077816, 0.03756263, 0.045793533, 0.074790426, 0.069433026, 0.07276314, 0.06140303, 0.049872458, 0.055753414, 0.0731832, 0.07569753, 0.06526279, 0.056191746, 0.05496807, 0.051333565, 0.046962418, 0.028187193, 0.02709745 ],
  "lightfield_0.8_0.0_0.0_y" : [ 0.0, 0.0, 0.0, 0.0, 0.0, 0.0, 0.02440049, 0.17588077, 0.22096202, 0.14416257, 0.22356766, 0.17180185, 0.038195778, 0.0010288629, 0.0, 0.0, 0.0, 0.0, 0.0, 0.0 ],
  "lightfield_0.0_0.6_0.0_x" : [ 0.0, 0.0, 0.0, 0.0, 0.0, 0.007113469, 0.08191858, 0.10731918, 0.14329797, 0.16137938, 0.14711997, 0.13784106, 0.13265483, 0.081355564, 0.0, 0.0, 0.0, 0.0, 0.0, 0.0 ],
  "lightfield_0.0_0.6_0.0_y" : [ 0.0, 0.0, 0.0, 0.0, 0.0, 0.0, 0.04292984, 0.19638371, 0.19845171, 0.1590407, 0.13502598, 0.15793633, 0.09602642, 0.0142052835, 0.0, 0.0, 0.0, 0.0, 0.0, 0.0 ],
  "lightfield_0.6_0.0_0.0_y" : [ 0.0, 0.0, 0.0, 0.0, 0.0, 0.0, 0.014734494, 0.1021148, 0.27067742, 0.25532818, 0.23577091, 0.10739386, 0.013980341, 0.0, 0.0, 0.0, 0.0, 0.0, 0.0, 0.0 ],
  "lightfield_0.6_0.0_0.0_x" : [ 0.009670898, 0.015520333, 0.022954123, 0.0416495, 0.05031275, 0.08217095, 0.07994651, 0.07569411, 0.0674618, 0.05605445, 0.050692998, 0.054520797, 0.061022986, 0.070763595, 0.0611434, 0.056491733, 0.052239325, 0.036465496, 0.027441014, 0.027783236 ],
  "lightfield_0.0_0.4_0.0_x" : [ 0.0, 0.0, 0.0, 0.0, 0.0, 0.018188931, 0.07527653, 0.11595715, 0.14043723, 0.13787296, 0.1755547, 0.16464567, 0.1099485, 0.051361453, 0.010756894, 0.0, 0.0, 0.0, 0.0, 0.0 ],
  "lightfield_0.0_0.4_0.0_y" : [ 0.0, 0.0, 0.0, 0.0, 0.0, 0.0, 0.03889867, 0.17483756, 0.21332334, 0.20339222, 0.14387074, 0.14189321, 0.069061436, 0.014722819, 0.0, 0.0, 0.0, 0.0, 0.0, 0.0 ],
  "lightfield_0.0_0.2_0.0_y" : [ 0.0, 0.0, 0.0, 0.0, 0.0, 0.0, 0.02717941, 0.17012419, 0.23214413, 0.15842366, 0.16010728, 0.1644599, 0.07869957, 0.008861858, 0.0, 0.0, 0.0, 0.0, 0.0, 0.0 ],
  "lightfield_0.0_0.2_0.0_x" : [ 0.0, 0.0019642264, 0.02253966, 0.029221945, 0.057001717, 0.074040234, 0.07127336, 0.08093134, 0.07514308, 0.06419953, 0.0668359, 0.09438727, 0.086641304, 0.06502176, 0.06494998, 0.0626921, 0.04101383, 0.03424671, 0.007896059, 0.0 ],
  "a3" : [ 0.13028578, 0.18665656, 0.13590501, 0.09703206, 0.077898145, 0.06813136, 0.04252486, 0.0, 0.0, 0.0, 0.0, 0.0, 0.0, 0.003730791, 0.019523213, 0.032228205, 0.04156112, 0.049086697, 0.055250682, 0.060185492 ],
  "lightfield_0.4_0.0_0.0_y" : [ 0.0, 0.0, 0.0, 0.0, 0.0, 0.0, 0.037891854, 0.10951808, 0.20212552, 0.31693068, 0.25746942, 0.053525835, 0.022211082, 3.275182E-4, 0.0, 0.0, 0.0, 0.0, 0.0, 0.0 ],
  "lightfield_0.4_0.0_0.0_x" : [ 0.01872201, 0.024483658, 0.024844596, 0.032938976, 0.045277722, 0.09729296, 0.08768799, 0.07900541, 0.071566075, 0.060664393, 0.0538333, 0.051580776, 0.060002673, 0.060711183, 0.03823274, 0.032651562, 0.048111755, 0.056834437, 0.027698683, 0.027859101 ],
  "lightfield_0.2_0.0_0.0_x" : [ 0.019236192, 0.025140252, 0.024672247, 0.037296373, 0.04384844, 0.07340474, 0.072144724, 0.071250714, 0.06395464, 0.05110251, 0.054582547, 0.06863469, 0.07230672, 0.06198662, 0.052554525, 0.047454476, 0.057522576, 0.0601026, 0.023430234, 0.019374194 ],