{
  "eccentricity_minmax" : 0.0012857304,
  "compactness" : 6.9182854,
  "eccentricity" : 1.6039329,
  "compactness_standardized" : -0.06504921,
  "convexity_minmax" : 0.14564057,
  "diameter_standardized" : 1.1790171,
  "surface_area_minmax" : 0.08583213,
  "convexity" : 0.27961984,
  "diameter_minmax" : 0.29853302,
  "rectangularity _standardized" : 0.7650304,
  "convexity_standardized" : -0.19642323,
  "diameter" : 1.1583549,
  "surface_area" : 1.7677776,
  "rectangularity " : 0.05633192,
  "compactness_minmax" : 1.6410947E-6,
  "surface_area_standardized" : 0.10693193,
  "rectangularity _minmax" : 0.101513706,
  "eccentricity_standardized" : -0.3372657,
  "lightfield_0.0_0.0_0.6_y" : [ 0.019606946, 0.017336402, 0.021707328, 0.04556329, 0.069254175, 0.07944877, 0.07415591, 0.05937705, 0.053459406, 0.052288577, 0.062478095, 0.07945131, 0.07966973, 0.077503316, 0.07112852, 0.04683063, 0.025128385, 0.019815207, 0.016805591, 0.02899136 ],
  "lightfield_0.0_0.0_0.6_x" : [ 0.01005237, 0.019286936, 0.023083879, 0.052931137, 0.062417142, 0.06716649, 0.05990278, 0.08372065, 0.09796108, 0.0888281, 0.068289064, 0.061190438, 0.061322503, 0.07641884, 0.07892812, 0.06845161, 0.020048864, 0.0, 0.0, 0.0 ],
  "lightfield_0.0_0.0_0.8_y" : [ 0.02397748, 0.024813935, 0.022843217, 0.016014336, 0.02095019, 0.033157755, 0.04983504, 0.055110138, 0.0967412, 0.11554457, 0.10588263, 0.08437825, 0.08023742, 0.05759878, 0.037332255, 0.05212169, 0.060320493, 0.045968708, 0.01670059, 4.7131456E-4 ],
  "lightfield_0.0_0.0_0.8_x" : [ 0.020960549, 0.028739829, 0.03480477, 0.055136032, 0.06468922, 0.056594003, 0.03224879, 0.044974286, 0.07252288, 0.097171076, 0.09776928, 0.09568203, 0.0826924, 0.06820336, 0.05118165, 0.045795202, 0.035674885, 0.015159755, 0.0, 0.0 ],
  "lightfield_0.0_0.0_0.2_y" : [ 0.0, 0.0050752126, 0.029716298, 0.04794374, 0.08286162, 0.085432746, 0.08117246, 0.064028144, 0.055933073, 0.05992774, 0.068487, 0.09276447, 0.100183874, 0.088627964, 0.035851426, 0.028741486, 0.024929918, 0.017737456, 0.015805883, 0.014779494 ],
  "lightfield_0.0_0.0_0.2_x" : [ 0.020935252, 0.022113794, 0.01745378, 0.040818326, 0.06613508, 0.06402556, 0.05850936, 0.05958733, 0.07356222, 0.0959339, 0.101522304, 0.09812851, 0.06616344, 0.041047845, 0.044988357, 0.04272411, 0.025695844, 0.033692915, 0.021048723, 0.0059133447 ],
  "lightfield_0.0_0.0_0.4_y" : [ 0.0, 0.012431365, 0.034657523, 0.046605602, 0.05561094, 0.066438094, 0.080924064, 0.101318285, 0.1069811, 0.07816604, 0.055061866, 0.04564915, 0.034809344, 0.03764834, 0.04861213, 0.05325017, 0.045454316, 0.03287113, 0.035158522, 0.028352015 ],
  "lightfield_0.0_0.0_0.4_x" : [ 0.03235748, 0.028630348, 0.0227474, 0.01617115, 0.024672959, 0.055443943, 0.07844437, 0.089109585, 0.08447914, 0.08951191, 0.094142355, 0.09667771, 0.0826472, 0.06792338, 0.05544141, 0.04222565, 0.02460464, 0.014612485, 1.5687862E-4, 0.0 ],
  "lightfield_0.0_0.0_0.0_y" : [ 0.0, 0.008412086, 0.02480468, 0.037372254, 0.063747875, 0.054080516, 0.07891972, 0.098875925, 0.10870358, 0.101166986, 0.08524543, 0.060354438, 0.040995046, 0.043747287, 0.04780413, 0.06027552, 0.04787318, 0.03160636, 0.0060149743, 0.0 ],
  "lightfield_0.0_0.0_0.0_x" : [ 0.009282642, 0.0402478, 0.05718788, 0.063639365, 0.07791352, 0.085159115, 0.07673963, 0.057210077, 0.055069447, 0.058272995, 0.05881555, 0.06726463, 0.06233477, 0.042622715, 0.04144882, 0.040995046, 0.039456163, 0.023283057, 0.019958667, 0.023098094 ],
  "d1" : [ 0.0179749, 0.0237898, 0.0296328, 0.0638074, 0.0593144, 0.0523748, 0.0570524, 0.0789143, 0.0888155, 0.086216, 0.0797047, 0.0860788, 0.0566795, 0.039206, 0.029692, 0.0339171, 0.0416981, 0.0346504, 0.0292633, 0.0112178 ],
  "d2" : [ 0.0070707416, 0.02209538, 0.040728454, 0.051621463, 0.06357946, 0.07779006, 0.096053965, 0.104651876, 0.10082701, 0.09439058, 0.087208614, 0.07437516, 0.06007975, 0.041784637, 0.03222876, 0.022767298, 0.013487969, 0.0067793904, 0.002085166, 3.9426924E-4 ],
  "d3" : [ 0.001104909, 0.009561623, 0.027024338, 0.05060908, 0.078018285, 0.103761934, 0.1196103, 0.12109978, 0.11265494, 0.10015138, 0.08252868, 0.06470434, 0.047609895, 0.032947037, 0.021895733, 0.0141177, 0.008404492, 0.0032896725, 8.151232E-4, 9.0759306E-5 ],
  "d4" : [ 1.1185118E-6, 1.8811335E-5, 1.0442833E-4, 3.244701E-4, 8.296307E-4, 0.001968174, 0.0049796146, 0.013312934, 0.043079786, 0.21170083, 0.58311355, 0.10125959, 0.025192242, 0.008609796, 0.0033187263, 0.0013494337, 5.575273E-4, 2.2065188E-4, 5.379025E-5, 4.8807788E-6 ],
  "lightfield_0.0_0.8_0.0_y" : [ 0.0, 0.010630464, 0.03222636, 0.047186527, 0.07775742, 0.065740004, 0.081813045, 0.09106487, 0.09201165, 0.08973607, 0.08648602, 0.0808026, 0.048592847, 0.04406383, 0.046148393, 0.04744675, 0.033843078, 0.019165287, 0.00528478, 0.0 ],
  "lightfield_0.0_0.8_0.0_x" : [ 0.01679558, 0.020615902, 0.026130456, 0.063422896, 0.080395654, 0.070238575, 0.061019972, 0.06526662, 0.06759203, 0.057553995, 0.053584184, 0.0562418, 0.07063445, 0.09119499, 0.09602852, 0.07447969, 0.028749315, 5.5367E-5, 0.0, 0.0 ],
  "lightfield_0.8_0.0_0.0_x" : [ 0.0077698072, 0.0396617, 0.0695063, 0.070837304, 0.08696558, 0.09145087, 0.08573356, 0.06557842, 0.061100952, 0.06365095, 0.06207511, 0.06432296, 0.059569392, 0.03814056, 0.026828365, 0.021952376, 0.023981433, 0.020738587, 0.018701715, 0.02143404 ],
  "lightfield_0.8_0.0_0.0_y" : [ 1.875381E-4, 0.017704116, 0.035840612, 0.04411052, 0.030967228, 0.023528216, 0.061517704, 0.09650919, 0.110407844, 0.109769695, 0.08545225, 0.08144884, 0.0753278, 0.052995138, 0.053138398, 0.04351665, 0.03955491, 0.025049359, 0.012973989, 0.0 ],
  "lightfield_0.0_0.6_0.0_x" : [ 0.017384715, 0.018933909, 0.03529094, 0.060835768, 0.078407615, 0.0595596, 0.0699438, 0.07444413, 0.068327114, 0.062808305, 0.06551096, 0.07739527, 0.1036334, 0.1053912, 0.08568729, 0.016445996, 0.0, 0.0, 0.0, 0.0 ],
  "lightfield_0.0_0.6_0.0_y" : [ 0.0, 0.011292242, 0.03400557, 0.047914572, 0.07650563, 0.066296294, 0.06478391, 0.066078484, 0.074257, 0.080128595, 0.085153505, 0.08828564, 0.05678639, 0.046693623, 0.04631936, 0.057222005, 0.055810858, 0.033784695, 0.0086816205, 0.0 ],
  "lightfield_0.6_0.0_0.0_y" : [ 0.0, 0.0, 0.0015240061, 0.028522417, 0.057313778, 0.090682, 0.09649212, 0.08928398, 0.07269921, 0.07127939, 0.083534434, 0.100817, 0.09978, 0.09572648, 0.06387742, 0.033087168, 0.01513103, 2.4955903E-4, 0.0, 0.0 ],
  "lightfield_0.6_0.0_0.0_x" : [ 0.010752845, 0.042599484, 0.07254414, 0.07289547, 0.07364415, 0.06776376, 0.06638997, 0.053604312, 0.04847018, 0.053105194, 0.063872576, 0.072137095, 0.07044591, 0.045262255, 0.034344655, 0.034247737, 0.04908075, 0.040927682, 0.0139098875, 0.014001958 ],
  "lightfield_0.0_0.4_0.0_x" : [ 0.0, 0.0, 0.012559591, 0.03907313, 0.063652225, 0.096602656, 0.10805351, 0.10756536, 0.089687996, 0.078109905, 0.08448188, 0.083549716, 0.064252034, 0.030743346, 0.02897768, 0.028172744, 0.02803253, 0.02977223, 0.02603577, 6.777038E-4 ],
  "lightfield_0.0_0.4_0.0_y" : [ 0.0, 0.007763733, 0.022545986, 0.02997476, 0.043411992, 0.053367227, 0.08382755, 0.09147963, 0.10131282, 0.10500514, 0.09080971, 0.06864802, 0.049301006, 0.043939095, 0.046691455, 0.05486285, 0.054844674, 0.042773236, 0.009441115, 0.0 ],
  "lightfield_0.0_0.2_0.0_y" : [ 0.0, 0.007879506, 0.0196547, 0.025359567, 0.040353954, 0.05429083, 0.0804228, 0.095507905, 0.11079777, 0.11081851, 0.09919365, 0.067520104, 0.032189336, 0.03000692, 0.040035147, 0.06640039, 0.066475555, 0.044208173, 0.00888518, 0.0 ],
  "lightfield_0.0_0.2_0.0_x" : [ 0.005881118, 0.03316909, 0.04957609, 0.058458675, 0.0623103, 0.069453694, 0.076052785, 0.094712175, 0.103553295, 0.09410307, 0.070293486, 0.059770197, 0.046815667, 0.03628979, 0.028581353, 0.022461776, 0.025276626, 0.02357631, 0.019740235, 0.019924263 ],
  "a3" : [ 0.073078044, 0.123729184, 0.14469619, 0.15316992, 0.14002702, 0.10727569, 0.055572063, 0.0, 0.0, 0.0, 0.0, 0.0, 0.0, 0.0015244947, 0.008276403, 0.01638286, 0.025202008, 0.035620008, 0.049357165, 0.066088974 ],