{
  "eccentricity_minmax" : 0.005834484,
  "compactness" : 51.568752,
  "eccentricity" : 3.7379944,
  "compactness_standardized" : -0.06476738,
  "convexity_minmax" : 0.04282419,
  "diameter_standardized" : 1.1055986,
  "surface_area_minmax" : 0.05806514,
  "convexity" : 0.08294339,
  "diameter_minmax" : 0.28650385,
  "rectangularity _standardized" : -0.32271153,
  "convexity_standardized" : -0.89986515,
  "diameter" : 1.1519741,
  "surface_area" : 1.201017,
  "rectangularity " : 0.0040000556,
  "compactness_minmax" : 1.2983856E-5,
  "surface_area_standardized" : -0.2395628,
  "rectangularity _minmax" : 0.0072083063,
  "eccentricity_standardized" : -0.240865,
  "lightfield_0.0_0.0_0.6_y" : [ 0.0135916015, 0.03321898, 0.051789336, 0.057687137, 0.05788357, 0.05772923, 0.057827447, 0.057871882, 0.057897605, 0.057804063, 0.057834465, 0.05785785, 0.057591256, 0.057813417, 0.057846155, 0.057892926, 0.057282567, 0.049976964, 0.031217188, 0.011386357 ],
  "lightfield_0.0_0.0_0.6_x" : [ 0.0, 0.0, 0.0, 0.010605285, 0.03102075, 0.0509194, 0.07023808, 0.09012738, 0.10780909, 0.11230143, 0.11239497, 0.11218216, 0.09918923, 0.07973724, 0.059901733, 0.040325806, 0.020925267, 0.0023221716, 0.0, 0.0 ],
  "lightfield_0.0_0.0_0.8_y" : [ 4.5383995E-6, 0.009283296, 0.021325938, 0.033606846, 0.04520473, 0.057290483, 0.06943978, 0.081198774, 0.09055015, 0.09256066, 0.09271042, 0.09042988, 0.08106262, 0.069085784, 0.056997757, 0.045349956, 0.033216543, 0.020999175, 0.009383141, 2.9953435E-4 ],
  "lightfield_0.0_0.0_0.8_x" : [ 0.009492062, 0.021555128, 0.033724844, 0.045413494, 0.057683058, 0.06606094, 0.06673716, 0.06653974, 0.066566974, 0.066560164, 0.06676439, 0.066510245, 0.06650116, 0.066721275, 0.06540968, 0.057401676, 0.045772027, 0.033645425, 0.021389477, 0.009551061 ],
  "lightfield_0.0_0.0_0.2_y" : [ 0.0, 0.008045372, 0.02062099, 0.032490835, 0.04445692, 0.056700274, 0.0686297, 0.080472045, 0.09006187, 0.091741525, 0.09165674, 0.091361135, 0.08225711, 0.07030247, 0.058398258, 0.04630614, 0.03417507, 0.02208066, 0.010174152, 6.874427E-5 ],
  "lightfield_0.0_0.0_0.2_x" : [ 0.010112282, 0.022147113, 0.034087993, 0.04602887, 0.058095783, 0.06616865, 0.0674473, 0.0676077, 0.067449585, 0.06743584, 0.06716774, 0.06741292, 0.06740605, 0.06729606, 0.06518332, 0.055987626, 0.043703023, 0.031764437, 0.01957837, 0.00791934 ],
  "lightfield_0.0_0.0_0.4_y" : [ 0.013689716, 0.034051847, 0.051937692, 0.05727424, 0.057110995, 0.057067312, 0.057019025, 0.05733862, 0.05706961, 0.057032824, 0.057081107, 0.057320226, 0.05731563, 0.057016727, 0.05707191, 0.056841984, 0.05730873, 0.0525263, 0.034118526, 0.013806978 ],
  "lightfield_0.0_0.0_0.4_x" : [ 0.0, 0.0, 0.0, 0.012057251, 0.032400988, 0.0525217, 0.0720584, 0.09178134, 0.108007126, 0.11117779, 0.11118928, 0.11016382, 0.09909525, 0.07916077, 0.059184916, 0.03944588, 0.019460827, 0.0022946484, 0.0, 0.0 ],
  "lightfield_0.0_0.0_0.0_y" : [ 0.0, 0.0, 0.0, 0.0, 0.010124045, 0.09768133, 0.098274186, 0.09801926, 0.09801926, 0.09825245, 0.09826233, 0.0982564, 0.09815759, 0.09816352, 0.097169496, 0.009620116, 0.0, 0.0, 0.0, 0.0 ],
  "lightfield_0.0_0.0_0.0_x" : [ 0.045847718, 0.05056292, 0.050290205, 0.05051154, 0.05056687, 0.050604418, 0.050361346, 0.05031194, 0.05047004, 0.05056885, 0.05057873, 0.050430514, 0.050347514, 0.050570823, 0.05036925, 0.050481897, 0.050294157, 0.050306015, 0.050472014, 0.046053242 ],
  "d1" : [ 0.0052746, 0.0196829, 0.0281832, 0.0370611, 0.0463075, 0.0556138, 0.0636969, 0.0833461, 0.069717, 0.0621979, 0.0613846, 0.0582394, 0.0589151, 0.056101, 0.0589276, 0.0951854, 0.0710512, 0.0281074, 0.0225318, 0.0184755 ],
  "d2" : [ 0.016033215, 0.03911917, 0.055934023, 0.06869336, 0.07862761, 0.08477019, 0.08856015, 0.091369145, 0.08440312, 0.07070652, 0.06060304, 0.05205854, 0.045834947, 0.0404485, 0.03534791, 0.032015122, 0.028403688, 0.019178668, 0.007264876, 6.282103E-4 ],
  "d3" : [ 0.0028029734, 0.018571144, 0.049089212, 0.077465884, 0.089567155, 0.09547446, 0.09904587, 0.098362155, 0.09389261, 0.08563342, 0.074969396, 0.06244371, 0.049892463, 0.03797301, 0.027491214, 0.01919358, 0.0119906925, 0.004755204, 0.0013026275, 8.32128E-5 ],
  "d4" : [ 5.084145E-7, 3.3555355E-6, 1.5354117E-5, 6.772081E-5, 2.5451227E-4, 0.0010548583, 0.003586864, 0.010641623, 0.031128896, 0.1128977, 0.7505933, 0.06028392, 0.019747732, 0.0068214987, 0.0021123604, 5.777622E-4, 1.4947385E-4, 4.7180863E-5, 1.301541E-5, 2.3387065E-6 ],
  "lightfield_0.0_0.8_0.0_y" : [ 0.0, 0.0, 0.0, 0.0, 0.0, 0.08001612, 0.10429899, 0.099060215, 0.09894616, 0.099151455, 0.09920468, 0.09920468, 0.099105835, 0.09923256, 0.11151466, 0.010264651, 0.0, 0.0, 0.0, 0.0 ],
  "lightfield_0.0_0.8_0.0_x" : [ 0.056929525, 0.06228235, 0.062120143, 0.062272213, 0.062193643, 0.0623153, 0.062201247, 0.06242935, 0.062487643, 0.06211761, 0.062153094, 0.062436953, 0.062474973, 0.062155627, 0.06242935, 0.04555731, 0.0068177558, 0.00687098, 0.006462928, 0.0052919975 ],
  "lightfield_0.8_0.0_0.0_x" : [ 0.05687051, 0.0501815, 0.049067438, 0.049229905, 0.04928329, 0.04928329, 0.049058154, 0.049034946, 0.049269363, 0.049299534, 0.049278647, 0.049111538, 0.04910225, 0.049297214, 0.049055833, 0.049139388, 0.049034946, 0.049088325, 0.049691778, 0.056622166 ],
  "lightfield_0.8_0.0_0.0_y" : [ 0.0, 0.0, 0.0, 0.001963533, 0.0057629463, 0.00553085, 0.005902204, 0.0149353845, 0.11455567, 0.11528213, 0.115402825, 0.11538658, 0.11544924, 0.115108065, 0.1152891, 0.11526821, 0.044163246, 0.0, 0.0, 0.0 ],
  "lightfield_0.0_0.6_0.0_x" : [ 0.08518566, 0.095700555, 0.09598263, 0.0958913, 0.09615725, 0.09586711, 0.09593159, 0.09598263, 0.09594502, 0.047781773, 0.011248301, 0.011216063, 0.009649844, 0.010837269, 0.009875508, 0.010076995, 0.008913748, 0.010461162, 0.008792856, 0.008502716 ],
  "lightfield_0.0_0.6_0.0_y" : [ 0.0, 2.1491856E-5, 0.08368392, 0.09332839, 0.06259503, 0.062404294, 0.062350564, 0.062474143, 0.062533244, 0.062490262, 0.06249832, 0.062503695, 0.062374745, 0.06254937, 0.073644534, 0.10363911, 0.02090889, 0.0, 0.0, 0.0 ],
  "lightfield_0.6_0.0_0.0_y" : [ 0.0, 0.0, 0.0, 0.0, 0.0071358234, 0.011414407, 0.011894655, 0.014014543, 0.015431035, 0.014975041, 0.014819809, 0.04476504, 0.24084252, 0.24151681, 0.24128397, 0.14190635, 0.0, 0.0, 0.0, 0.0 ],
  "lightfield_0.6_0.0_0.0_x" : [ 0.086333275, 0.053923734, 0.044871762, 0.045143418, 0.045080356, 0.045109462, 0.044905722, 0.044900868, 0.045075506, 0.045114312, 0.045143418, 0.044891167, 0.04509006, 0.04509976, 0.044929978, 0.04494453, 0.044871762, 0.044973634, 0.051701974, 0.0878953 ],
  "lightfield_0.0_0.4_0.0_x" : [ 0.0863279, 0.096553825, 0.096700594, 0.096230924, 0.09665523, 0.09642039, 0.09652447, 0.096254945, 0.09622559, 0.035646617, 0.0129184965, 0.013793784, 0.009742911, 0.010692918, 0.009740243, 0.010148532, 0.009772265, 0.010756964, 0.009646843, 0.009246559 ],
  "lightfield_0.0_0.4_0.0_y" : [ 0.0, 0.0015611073, 0.08668816, 0.09754119, 0.061288808, 0.060960576, 0.06091521, 0.06102729, 0.06109934, 0.06100861, 0.061056644, 0.061067317, 0.060960576, 0.061032627, 0.06363981, 0.113555215, 0.026597533, 0.0, 0.0, 0.0 ],
  "lightfield_0.0_0.2_0.0_y" : [ 0.0, 0.0, 0.0, 0.0, 0.0, 0.08532792, 0.10490312, 0.09839484, 0.098319285, 0.09847292, 0.09859634, 0.09855856, 0.09840996, 0.098485515, 0.11059534, 0.009936201, 0.0, 0.0, 0.0, 0.0 ],
  "lightfield_0.0_0.2_0.0_x" : [ 0.057781093, 0.06234746, 0.062254272, 0.062438134, 0.06240791, 0.06210819, 0.062241677, 0.062420502, 0.062453248, 0.06214093, 0.062412947, 0.062171154, 0.062251754, 0.062115744, 0.06231472, 0.04386537, 0.0067173257, 0.006739994, 0.0066820644, 0.0061355103 ],
  "a3" : [ 0.14010872, 0.16281314, 0.13616009, 0.10056825, 0.081412, 0.070558116, 0.045222383, 0.0, 0.0, 0.0, 0.0, 0.0, 0.0, 0.007501126, 0.025621492, 0.032763805, 0.039285798, 0.044847876, 0.051844493, 0.061292715 ],