{
  "eccentricity_minmax" : 0.0014800341,
  "compactness" : 25.516438,
  "eccentricity" : 1.695091,
  "compactness_standardized" : -0.06494129,
  "convexity_minmax" : 0.3723641,
  "diameter_standardized" : 0.006753845,
  "surface_area_minmax" : 0.18933302,
  "convexity" : 0.7133171,
  "diameter_minmax" : 0.10931365,
  "rectangularity _standardized" : 2.0794044,
  "convexity_standardized" : 1.3569511,
  "diameter" : 1.0579847,
  "surface_area" : 3.8803666,
  "rectangularity " : 0.11951649,
  "compactness_minmax" : 6.365668E-6,
  "surface_area_standardized" : 1.3999592,
  "rectangularity _minmax" : 0.21537639,
  "eccentricity_standardized" : -0.3332163,
  "lightfield_0.0_0.0_0.6_y" : [ 2.3255898E-5, 0.019966083, 0.04731323, 0.07722389, 0.07833123, 0.07813445, 0.07817559, 0.078186326, 0.07822747, 0.07817559, 0.078245364, 0.05601988, 0.049463503, 0.04755831, 0.04531859, 0.04424345, 0.036769364, 0.01861724, 0.010007191, 0.0 ],
  "lightfield_0.0_0.0_0.6_x" : [ 0.039012663, 0.04013789, 0.0401522, 0.040132523, 0.04017188, 0.020633347, 0.002085875, 0.033867743, 0.05402703, 0.07290366, 0.0734296, 0.073112965, 0.069875024, 0.06747967, 0.06652439, 0.06625963, 0.06575695, 0.06535801, 0.059821323, 0.009257636 ],
  "lightfield_0.0_0.0_0.8_y" : [ 0.0061229244, 0.017195212, 0.028258627, 0.03600324, 0.041422915, 0.051048774, 0.061999045, 0.0659013, 0.06696616, 0.06872095, 0.072294876, 0.07087507, 0.06649141, 0.065510854, 0.06454361, 0.06367397, 0.062418334, 0.054578327, 0.027156057, 0.008818342 ],
  "lightfield_0.0_0.0_0.8_x" : [ 0.0013599104, 0.011846527, 0.0239149, 0.04320655, 0.067094825, 0.07922088, 0.08059188, 0.07712445, 0.075908735, 0.08064956, 0.084567346, 0.08098455, 0.072270475, 0.06332568, 0.05380631, 0.042580947, 0.031266846, 0.020198995, 0.008714075, 0.0013665657 ],
  "lightfield_0.0_0.0_0.2_y" : [ 0.0028486745, 0.018825127, 0.036361765, 0.05175984, 0.06305574, 0.071208626, 0.072034, 0.072620615, 0.073180474, 0.073692985, 0.07594064, 0.07479005, 0.062617324, 0.045720812, 0.033340193, 0.045321506, 0.045850486, 0.043499917, 0.027677836, 0.009653384 ],
  "lightfield_0.0_0.0_0.2_x" : [ 1.1526429E-4, 0.010067101, 0.025148196, 0.040852956, 0.050133787, 0.06919973, 0.08642557, 0.08792401, 0.08819365, 0.07739997, 0.06313601, 0.0596328, 0.056244854, 0.054437675, 0.05365964, 0.052039765, 0.051424336, 0.04840894, 0.02552898, 2.675778E-5 ],
  "lightfield_0.0_0.0_0.4_y" : [ 0.0, 0.0017530299, 0.011751079, 0.022469124, 0.03420094, 0.04566306, 0.056405183, 0.067956395, 0.07671432, 0.08532536, 0.096580386, 0.10667957, 0.10298328, 0.09284075, 0.0799266, 0.060248364, 0.038643714, 0.017783139, 0.0020757029, 0.0 ],
  "lightfield_0.0_0.0_0.4_x" : [ 0.0069446955, 0.019220721, 0.031337816, 0.043401938, 0.048721228, 0.041133594, 0.04143941, 0.041557405, 0.044276044, 0.05629923, 0.06562063, 0.072924115, 0.08358918, 0.08975369, 0.090071544, 0.07989289, 0.06369181, 0.04315391, 0.027506676, 0.009463471 ],
  "lightfield_0.0_0.0_0.0_y" : [ 0.016369728, 0.040160052, 0.06076612, 0.074221075, 0.08142824, 0.08641483, 0.08702279, 0.08405197, 0.071860366, 0.05841619, 0.050762758, 0.040024232, 0.023389328, 0.019472064, 0.034675453, 0.045235034, 0.04566406, 0.043113634, 0.02735618, 0.009595899 ],
  "lightfield_0.0_0.0_0.0_x" : [ 0.0, 0.007683618, 0.019424634, 0.034121387, 0.046429403, 0.062790506, 0.081708506, 0.09045283, 0.09047654, 0.09039246, 0.08944602, 0.08941153, 0.087356955, 0.07920982, 0.05085977, 0.033580255, 0.023234105, 0.016516328, 0.0069053387, 0.0 ],
  "d1" : [ 6.781E-4, 0.0103386, 0.181763, 0.1737605, 0.1464039, 0.1088869, 0.0830532, 0.0636366, 0.0294118, 0.0210441, 0.0243224, 0.0421269, 0.0332726, 0.0186446, 0.0272317, 0.0177262, 0.0063437, 0.0053311, 0.0030237, 0.0030004 ],
  "d2" : [ 0.063351825, 0.06935118, 0.06508063, 0.059959527, 0.0632262, 0.07965859, 0.093448706, 0.09292772, 0.07600975, 0.065863766, 0.07482844, 0.06310818, 0.050884735, 0.040168352, 0.024675133, 0.012138131, 0.0031221483, 0.0014723586, 6.2500976E-4, 9.961749E-5 ],
  "d3" : [ 0.04687547, 0.14068216, 0.10642324, 0.0731528, 0.06735045, 0.07325604, 0.08121066, 0.08466303, 0.08218255, 0.07291303, 0.059505805, 0.04543922, 0.03199326, 0.018882463, 0.008364244, 0.0039920006, 0.0019530356, 8.367565E-4, 2.934081E-4, 3.0387262E-5 ],
  "d4" : [ 6.2026566E-6, 2.7352698E-5, 5.795925E-5, 1.6675994E-4, 4.8695938E-4, 0.0014004785, 0.0038862184, 0.0113411, 0.03524431, 0.64464176, 0.25460815, 0.032143284, 0.0103867045, 0.003583, 0.0013154716, 4.4587947E-4, 1.6492965E-4, 6.507705E-5, 2.389548E-5, 4.4740473E-6 ],
  "lightfield_0.0_0.8_0.0_y" : [ 0.020372467, 0.056843653, 0.076754786, 0.08563625, 0.09275728, 0.09892449, 0.0994396, 0.09845183, 0.09436488, 0.08119269, 0.056673836, 0.032989923, 0.024315068, 0.012659912, 0.013452395, 0.0151732145, 0.014723198, 0.012883505, 0.008476735, 0.0039142985 ],
  "lightfield_0.0_0.8_0.0_x" : [ 0.0, 0.0, 0.009702253, 0.029845465, 0.03896751, 0.05405015, 0.06998189, 0.073618814, 0.076197214, 0.07436884, 0.07899921, 0.11729027, 0.100133024, 0.09171006, 0.08005208, 0.059923016, 0.03725801, 0.007902185, 0.0, 0.0 ],
  "lightfield_0.8_0.0_0.0_x" : [ 0.0, 0.005934745, 0.018415032, 0.032575004, 0.042824063, 0.052364327, 0.06394209, 0.079309985, 0.088373914, 0.09622309, 0.10168607, 0.101351045, 0.09697975, 0.07866044, 0.05416025, 0.037673324, 0.026198117, 0.01794554, 0.005383206, 0.0 ],
  "lightfield_0.8_0.0_0.0_y" : [ 0.007618991, 0.019828066, 0.031879883, 0.038110908, 0.032771006, 0.028896557, 0.03655657, 0.045447294, 0.04962714, 0.06363898, 0.07272342, 0.08169391, 0.09048891, 0.094714336, 0.09338563, 0.07731806, 0.055568725, 0.040301114, 0.029069768, 0.010360734 ],
  "lightfield_0.0_0.6_0.0_x" : [ 0.0, 8.123165E-5, 0.013177579, 0.022216856, 0.038359392, 0.052836675, 0.0574917, 0.061812773, 0.064335465, 0.08563847, 0.10141546, 0.09450175, 0.08997308, 0.089418, 0.08946087, 0.07892557, 0.04583496, 0.014488568, 3.1590087E-5, 0.0 ],
  "lightfield_0.0_0.6_0.0_y" : [ 0.017004492, 0.06152395, 0.07438111, 0.07418706, 0.07476922, 0.07608698, 0.07960476, 0.082669005, 0.08245915, 0.07649765, 0.061343435, 0.03949889, 0.023970107, 0.017191777, 0.027311888, 0.034363244, 0.034670122, 0.03291687, 0.02137972, 0.008170551 ],
  "lightfield_0.6_0.0_0.0_y" : [ 0.001768463, 0.00546333, 0.00823448, 0.014834508, 0.026632238, 0.041957323, 0.042988725, 0.0486435, 0.064387366, 0.07871216, 0.09385058, 0.1067539, 0.111946814, 0.093604095, 0.07668764, 0.062870175, 0.051543877, 0.040014166, 0.026354644, 0.002752006 ],
  "lightfield_0.6_0.0_0.0_x" : [ 0.0052168462, 0.012142329, 0.022341503, 0.03219847, 0.034885865, 0.037298057, 0.044879235, 0.05931889, 0.07387102, 0.0845847, 0.09297233, 0.08963164, 0.09261338, 0.08643453, 0.06993206, 0.057665292, 0.04486009, 0.0323947, 0.019771367, 0.006987702 ],
  "lightfield_0.0_0.4_0.0_x" : [ 0.0, 0.0, 0.0013296227, 0.01716975, 0.046245284, 0.05559039, 0.0896237, 0.09360628, 0.09408863, 0.09319942, 0.08856461, 0.08505601, 0.08494695, 0.08493437, 0.081935376, 0.060283918, 0.022546962, 8.7872543E-4, 0.0, 0.0 ],
  "lightfield_0.0_0.4_0.0_y" : [ 0.017010363, 0.055093355, 0.059306625, 0.05989384, 0.060361516, 0.061456252, 0.0644888, 0.067577966, 0.067406, 0.0647824, 0.058125902, 0.048875168, 0.028429598, 0.02411986, 0.044158574, 0.05761209, 0.058027335, 0.05527791, 0.035367124, 0.012629318 ],
  "lightfield_0.0_0.2_0.0_y" : [ 0.017512687, 0.03449495, 0.049521297, 0.057866566, 0.06209224, 0.06669805, 0.06709144, 0.06588032, 0.061924275, 0.058604732, 0.057188068, 0.050330184, 0.027488993, 0.025809333, 0.049488146, 0.06548472, 0.06605492, 0.06276631, 0.039849978, 0.013852791 ],
  "lightfield_0.0_0.2_0.0_x" : [ 0.0, 0.0, 0.0048025073, 0.0157181, 0.029179705, 0.056209, 0.08776676, 0.094845645, 0.095663376, 0.09565233, 0.09562581, 0.09466, 0.09337373, 0.080805, 0.06840644, 0.054069646, 0.027049188, 0.0061727576, 0.0, 0.0 ],