{
  "eccentricity_minmax" : 0.0012375138,
  "compactness" : 15.092236,
  "eccentricity" : 1.581312,
  "compactness_standardized" : -0.064994626,
  "convexity_minmax" : 0.21788435,
  "diameter_standardized" : 1.5117669,
  "surface_area_minmax" : 0.10855197,
  "convexity" : 0.41781428,
  "diameter_minmax" : 0.35220808,
  "rectangularity _standardized" : 0.222666,
  "convexity_standardized" : 0.29817536,
  "diameter" : 1.1868265,
  "surface_area" : 2.2315195,
  "rectangularity " : 0.030250212,
  "compactness_minmax" : 3.7175607E-6,
  "surface_area_standardized" : 0.39074057,
  "rectangularity _minmax" : 0.054512784,
  "eccentricity_standardized" : -0.33828852,
  "lightfield_0.0_0.0_0.6_y" : [ 0.003015516, 0.016518883, 0.03085251, 0.045194767, 0.057044517, 0.058216546, 0.058235534, 0.05823381, 0.05825625, 0.058271784, 0.05824589, 0.058270056, 0.058276962, 0.058276962, 0.05750539, 0.056055456, 0.054614153, 0.05315559, 0.05171774, 0.050041687 ],
  "lightfield_0.0_0.0_0.6_x" : [ 0.032278277, 0.045422614, 0.058311485, 0.071257316, 0.08270834, 0.083417766, 0.081978194, 0.080535166, 0.07909559, 0.07765774, 0.07620608, 0.0730283, 0.060206752, 0.04589902, 0.031518787, 0.017091952, 0.00338663, 0.0, 0.0, 0.0 ],
  "lightfield_0.0_0.0_0.8_y" : [ 0.0037409381, 0.013231299, 0.022830619, 0.032417227, 0.04203834, 0.051623132, 0.06124061, 0.07078182, 0.07658209, 0.07980365, 0.082031876, 0.077057876, 0.07071826, 0.06438227, 0.058024496, 0.05169032, 0.045321647, 0.038952973, 0.032586113, 0.02494443 ],
  "lightfield_0.0_0.0_0.8_x" : [ 0.055316854, 0.05982959, 0.063067496, 0.06631085, 0.06955058, 0.0714047, 0.07143739, 0.07143194, 0.07143376, 0.071453735, 0.07139381, 0.06552816, 0.055894338, 0.046291385, 0.036706593, 0.027094562, 0.017480714, 0.007870498, 5.030291E-4, 0.0 ],
  "lightfield_0.0_0.0_0.2_y" : [ 0.0037682168, 0.01236951, 0.020987285, 0.02966935, 0.03829537, 0.046911497, 0.05552103, 0.06356682, 0.069418594, 0.07500334, 0.08047764, 0.08241614, 0.07947871, 0.07386265, 0.066260286, 0.05759141, 0.04904781, 0.040428385, 0.0317661, 0.023159862 ],
  "lightfield_0.0_0.0_0.2_x" : [ 0.023095576, 0.031743024, 0.040393766, 0.048950553, 0.057594705, 0.06481794, 0.06559434, 0.06561741, 0.065607525, 0.06561741, 0.06560093, 0.06369374, 0.060644224, 0.0576013, 0.054538593, 0.050605536, 0.042507, 0.03391395, 0.025236832, 0.016625648 ],
  "lightfield_0.0_0.0_0.4_y" : [ 0.0026380667, 0.016224619, 0.030876217, 0.045527816, 0.05516912, 0.056557577, 0.05687252, 0.056865748, 0.056865748, 0.056853894, 0.056838654, 0.056835268, 0.056843735, 0.05684712, 0.056838654, 0.056845427, 0.056845427, 0.056823414, 0.0568268, 0.054004174 ],
  "lightfield_0.0_0.0_0.4_x" : [ 0.013916734, 0.028620822, 0.043358777, 0.058079798, 0.07135649, 0.07459227, 0.0759367, 0.07727436, 0.07861032, 0.079947986, 0.08128564, 0.08218306, 0.073085286, 0.059725627, 0.046347346, 0.0328844, 0.01857822, 0.0042161657, 0.0, 0.0 ],
  "lightfield_0.0_0.0_0.0_y" : [ 0.0, 0.0, 0.0, 0.03189433, 0.07816665, 0.078183934, 0.07816508, 0.078183934, 0.07816665, 0.07818236, 0.078183934, 0.07816508, 0.078183934, 0.07816508, 0.078183934, 0.07818079, 0.029994342, 0.0, 0.0, 0.0 ],
  "lightfield_0.0_0.0_0.0_x" : [ 0.048100013, 0.05028916, 0.050223157, 0.05027816, 0.05028916, 0.050218444, 0.05028916, 0.050259303, 0.050243586, 0.05028916, 0.050218444, 0.05028916, 0.050242018, 0.05027502, 0.050260875, 0.05024516, 0.05028916, 0.050229445, 0.05028916, 0.047182236 ],
  "d1" : [ 0.0216431, 0.0259499, 0.0317821, 0.0360466, 0.056425, 0.0725235, 0.0763101, 0.0837754, 0.1030736, 0.1109246, 0.0951624, 0.070525, 0.0567103, 0.0394291, 0.0324556, 0.0196226, 0.0214423, 0.0234433, 0.0162444, 0.0065111 ],
  "d2" : [ 0.0073433896, 0.023962608, 0.04811765, 0.06441271, 0.075563066, 0.08439642, 0.090049915, 0.09404582, 0.09555968, 0.09238613, 0.09003341, 0.071288615, 0.053843156, 0.0449855, 0.03030342, 0.01924268, 0.010054866, 0.0034167, 9.1886136E-4, 7.541324E-5 ],
  "d3" : [ 0.0016794496, 0.010047317, 0.026678205, 0.050061807, 0.076360166, 0.098194726, 0.108705595, 0.10890603, 0.10501204, 0.09771124, 0.08691169, 0.07329548, 0.058224205, 0.042908624, 0.02892173, 0.016548581, 0.0073073315, 0.0021491442, 3.5166714E-4, 2.4953777E-5 ],
  "d4" : [ 7.1178024E-6, 5.206164E-5, 2.419036E-4, 8.0746383E-4, 0.0022188225, 0.00540831, 0.01253262, 0.028792934, 0.07193332, 0.2787481, 0.4458015, 0.09291681, 0.034913737, 0.015076421, 0.006452186, 0.002678734, 0.0010070674, 3.3077446E-4, 7.026288E-5, 9.863241E-6 ],
  "lightfield_0.0_0.8_0.0_y" : [ 0.0, 0.0, 0.0, 0.031726785, 0.077867895, 0.07787529, 0.077892534, 0.077998504, 0.077998504, 0.0780404, 0.07812173, 0.07812173, 0.07818826, 0.07824495, 0.07824495, 0.07828684, 0.031391628, 0.0, 0.0, 0.0 ],
  "lightfield_0.0_0.8_0.0_x" : [ 0.07886105, 0.07886105, 0.078880765, 0.07886105, 0.07887337, 0.07886844, 0.07886105, 0.07889062, 0.07886105, 0.07889309, 0.07913213, 0.07910749, 0.05304884, 0.0, 0.0, 0.0, 0.0, 0.0, 0.0, 0.0 ],
  "lightfield_0.8_0.0_0.0_x" : [ 0.04356917, 0.04998088, 0.051248983, 0.052036997, 0.05291772, 0.05376036, 0.054607973, 0.053031947, 0.051654577, 0.051296994, 0.050902985, 0.050482493, 0.05007524, 0.04964647, 0.049227633, 0.048833624, 0.04844624, 0.048014157, 0.04759863, 0.042666927 ],
  "lightfield_0.8_0.0_0.0_y" : [ 0.0, 0.007188135, 0.02250141, 0.037561398, 0.05267105, 0.06786513, 0.078387424, 0.08207254, 0.08241026, 0.08239205, 0.08241522, 0.08238708, 0.08242019, 0.08216193, 0.06943288, 0.04933027, 0.028588645, 0.009775665, 4.3870468E-4, 0.0 ],
  "lightfield_0.0_0.6_0.0_x" : [ 0.0, 0.0551235, 0.075276405, 0.07534462, 0.07529052, 0.07584098, 0.07589979, 0.0758645, 0.07578217, 0.075629264, 0.07559633, 0.07551164, 0.07538462, 0.075276405, 0.038179252, 0.0, 0.0, 0.0, 0.0, 0.0 ],
  "lightfield_0.0_0.6_0.0_y" : [ 0.0, 0.0, 0.0, 0.033410963, 0.07785697, 0.07786403, 0.07786403, 0.07786403, 0.07786403, 0.07786403, 0.077854626, 0.07786403, 0.07786403, 0.07786403, 0.07786403, 0.07786403, 0.03223712, 0.0, 0.0, 0.0 ],
  "lightfield_0.6_0.0_0.0_y" : [ 0.0, 1.1426897E-4, 0.010389687, 0.027280984, 0.043685906, 0.05995312, 0.076366834, 0.092847936, 0.109311454, 0.12539408, 0.1232259, 0.107040726, 0.0882303, 0.06663053, 0.042683855, 0.020041019, 0.006803399, 0.0, 0.0, 0.0 ],
  "lightfield_0.6_0.0_0.0_x" : [ 0.035092294, 0.049381774, 0.053076472, 0.055411663, 0.05779373, 0.0603809, 0.062701434, 0.058133606, 0.054227952, 0.053258132, 0.052089073, 0.050914153, 0.04969821, 0.04852915, 0.047386464, 0.046202753, 0.045042485, 0.043876354, 0.042675067, 0.034128334 ],
  "lightfield_0.0_0.4_0.0_x" : [ 0.0, 0.068493955, 0.07815877, 0.078170985, 0.078280896, 0.07817343, 0.07815877, 0.07817832, 0.078867085, 0.078891516, 0.07867902, 0.078498274, 0.078349285, 0.06909969, 0.0, 0.0, 0.0, 0.0, 0.0, 0.0 ],
  "lightfield_0.0_0.4_0.0_y" : [ 0.0, 0.0, 0.0, 0.03586755, 0.07791453, 0.07791453, 0.07791453, 0.07791453, 0.07791453, 0.07791453, 0.07791453, 0.07791453, 0.07791453, 0.07791453, 0.07791453, 0.07791453, 0.029158108, 0.0, 0.0, 0.0 ],
  "lightfield_0.0_0.2_0.0_y" : [ 0.0, 0.0, 0.0, 0.03384393, 0.07824248, 0.078240566, 0.07814694, 0.07814694, 0.07814694, 0.07806861, 0.07805141, 0.07805141, 0.07799026, 0.07795587, 0.07795587, 0.07791384, 0.029244917, 0.0, 0.0, 0.0 ],
  "lightfield_0.0_0.2_0.0_x" : [ 0.061141863, 0.061141863, 0.061145686, 0.061141863, 0.061141863, 0.061141863, 0.061172433, 0.061183896, 0.061141863, 0.061183896, 0.061258413, 0.06127561, 0.061258413, 0.061250772, 0.0612202, 0.06116097, 0.021038532, 0.0, 0.0, 0.0 ],
  "a3" : [ 0.07799263, 0.14188848, 0.15448229, 0.14345182, 0.12080677, 0.09841297, 0.05604518, 0.0, 0.0, 0.0, 0.0, 0.0, 0.0, 0.0023311658, 0.00948163, 0.017074522, 0.025208648, 0.035276793, 0.049431823, 0.06811526 ],
  "lightfield_0.4_0.0_0.0_y" : [ 0.0, 1.17850526E-4, 0.010568245, 0.027323645, 0.043601748, 0.060083143, 0.07654097, 0.09304299, 0.109415375, 0.12549312, 0.12370475, 0.10702006, 0.08801961, 0.06637636, 0.04274733, 0.01988433, 0.0060604634, 0.0, 0.0, 0.0 ],