{
  "eccentricity_minmax" : 0.0014798653,
  "compactness" : 71.087585,
  "eccentricity" : 1.6950119,
  "compactness_standardized" : -0.06462074,
  "convexity_minmax" : 0.22287025,
  "diameter_standardized" : 0.006265261,
  "surface_area_minmax" : 0.18932226,
  "convexity" : 0.42735177,
  "diameter_minmax" : 0.10935928,
  "rectangularity _standardized" : 1.0824769,
  "convexity_standardized" : 0.33231008,
  "diameter" : 1.0580089,
  "surface_area" : 3.880147,
  "rectangularity " : 0.071597576,
  "compactness_minmax" : 1.7942313E-5,
  "surface_area_standardized" : 1.3996955,
  "rectangularity _minmax" : 0.1290234,
  "eccentricity_standardized" : -0.33314744,
  "lightfield_0.0_0.0_0.6_y" : [ 0.0, 0.0, 0.0, 0.0, 0.0, 0.024813978, 0.040446177, 0.07786854, 0.07917629, 0.078963846, 0.07904386, 0.07914318, 0.07910456, 0.079181805, 0.07660495, 0.07012142, 0.06685207, 0.06351374, 0.06199356, 0.043172017 ],
  "lightfield_0.0_0.0_0.6_x" : [ 0.030395329, 0.0028996542, 0.05541623, 0.08324022, 0.09357248, 0.09405805, 0.09449397, 0.09483608, 0.09350626, 0.09304828, 0.092474416, 0.0916826, 0.07725606, 0.0031203702, 0.0, 0.0, 0.0, 0.0, 0.0, 0.0 ],
  "lightfield_0.0_0.0_0.8_y" : [ 5.035599E-5, 0.0053769005, 0.014169616, 0.02109916, 0.02529829, 0.02619071, 0.036734693, 0.048811737, 0.064077996, 0.077981845, 0.09071072, 0.088335596, 0.084463775, 0.07868963, 0.07366801, 0.068640806, 0.0636192, 0.058105215, 0.048828524, 0.025147222 ],
  "lightfield_0.0_0.0_0.8_x" : [ 0.10305913, 0.09855786, 0.096949264, 0.102617115, 0.105381094, 0.102085575, 0.09360898, 0.08249989, 0.07055434, 0.056650486, 0.042651523, 0.028196556, 0.014757102, 0.0024310753, 0.0, 0.0, 0.0, 0.0, 0.0, 0.0 ],
  "lightfield_0.0_0.0_0.2_y" : [ 0.0, 0.0021944423, 0.015586612, 0.034952782, 0.051478323, 0.064146236, 0.07310832, 0.07405809, 0.074821375, 0.0753418, 0.07586222, 0.07815424, 0.0765843, 0.06324635, 0.043619964, 0.036050003, 0.047108952, 0.04724773, 0.04241215, 0.024026107 ],
  "lightfield_0.0_0.0_0.2_x" : [ 0.004592716, 0.02056097, 0.04017651, 0.042852342, 0.06652933, 0.08525365, 0.08861687, 0.08778203, 0.08220268, 0.06704542, 0.06165906, 0.05847148, 0.05613826, 0.05535329, 0.053638067, 0.05303091, 0.049934406, 0.02615333, 8.673685E-6, 0.0 ],
  "lightfield_0.0_0.0_0.4_y" : [ 0.0, 0.0, 0.002309886, 0.012614069, 0.023122624, 0.034912072, 0.046304658, 0.056798954, 0.06809648, 0.07814164, 0.08245722, 0.08495485, 0.0866326, 0.089489065, 0.085057035, 0.07946531, 0.06781369, 0.052129276, 0.034952473, 0.014748099 ],
  "lightfield_0.0_0.0_0.4_x" : [ 0.051067017, 0.045216255, 0.042309888, 0.04328422, 0.044020914, 0.05239306, 0.06406607, 0.0710789, 0.07980038, 0.090482414, 0.09367395, 0.091962926, 0.08143061, 0.06444629, 0.04444154, 0.028937738, 0.011197719, 1.9011406E-4, 0.0, 0.0 ],
  "lightfield_0.0_0.0_0.0_y" : [ 0.01636948, 0.04015945, 0.060758736, 0.07420055, 0.08143779, 0.08641999, 0.087038726, 0.08404207, 0.071859285, 0.0584304, 0.05071456, 0.04002363, 0.023417002, 0.019510577, 0.03468571, 0.045230042, 0.045641813, 0.043108672, 0.027355768, 0.009595754 ],
  "lightfield_0.0_0.0_0.0_x" : [ 0.0, 0.0076748785, 0.01943512, 0.034086376, 0.046426546, 0.06280034, 0.08170727, 0.09045146, 0.09047517, 0.09039109, 0.08944467, 0.0894382, 0.087392285, 0.079212934, 0.050828822, 0.033579748, 0.023233755, 0.01651608, 0.006905235, 0.0 ],
  "d1" : [ 6.633E-4, 0.0103508, 0.1817943, 0.1736716, 0.146474, 0.1090297, 0.0829894, 0.0636868, 0.0294064, 0.0209749, 0.0242298, 0.0419475, 0.0333915, 0.0187083, 0.0273697, 0.0176984, 0.0063334, 0.0053213, 0.0029974, 0.0029615 ],
  "d2" : [ 0.0603762, 0.06613462, 0.06292355, 0.05824493, 0.06331742, 0.08101293, 0.0939648, 0.09332519, 0.077583425, 0.06742964, 0.07534503, 0.06546039, 0.05324535, 0.039453227, 0.02397781, 0.011768566, 0.0033051805, 0.0018168191, 0.0011178963, 1.970346E-4 ],
  "d3" : [ 0.043594953, 0.13540412, 0.09885278, 0.071195945, 0.06883288, 0.07620833, 0.08587802, 0.089411296, 0.08671438, 0.075062476, 0.06029054, 0.04499498, 0.029538933, 0.016067315, 0.008197517, 0.004882086, 0.0028753192, 0.0015017545, 4.8066207E-4, 1.569673E-5 ],
  "d4" : [ 7.117803E-7, 8.948095E-6, 3.6097426E-5, 8.8057386E-5, 3.340283E-4, 0.0010561802, 0.0029114862, 0.008271801, 0.026339428, 0.12744659, 0.7755272, 0.039822478, 0.011975499, 0.0040029506, 0.0014643354, 5.1736255E-4, 1.3391637E-4, 4.5553938E-5, 1.5150751E-5, 2.2370236E-6 ],
  "lightfield_0.0_0.8_0.0_y" : [ 0.022725949, 0.062739514, 0.08274629, 0.08946545, 0.091099, 0.08951339, 0.08644149, 0.08321204, 0.080064796, 0.077325076, 0.067123055, 0.039876577, 0.029410858, 0.015301318, 0.016236246, 0.018352676, 0.017784186, 0.015588988, 0.010256814, 0.004736285 ],
  "lightfield_0.0_0.8_0.0_x" : [ 0.08897572, 0.09076681, 0.09220859, 0.08795176, 0.12586601, 0.13445503, 0.11252701, 0.10465375, 0.08244492, 0.056071725, 0.024078684, 0.0, 0.0, 0.0, 0.0, 0.0, 0.0, 0.0, 0.0, 0.0 ],
  "lightfield_0.8_0.0_0.0_x" : [ 0.0, 0.007966358, 0.021164976, 0.035247203, 0.045147322, 0.05507751, 0.06681655, 0.08258967, 0.09004252, 0.095774405, 0.09876989, 0.09602885, 0.08931157, 0.069136605, 0.052706573, 0.039813284, 0.027863748, 0.019277476, 0.0072654854, 0.0 ],
  "lightfield_0.8_0.0_0.0_y" : [ 0.03815941, 0.03748861, 0.028587753, 0.035011265, 0.042323012, 0.04923459, 0.058142386, 0.070420384, 0.07941608, 0.08857138, 0.0962324, 0.098175414, 0.09112042, 0.07093852, 0.04976198, 0.037777748, 0.023831993, 0.004806647, 0.0, 0.0 ],
  "lightfield_0.0_0.6_0.0_x" : [ 0.04510374, 0.056523513, 0.061192345, 0.06558529, 0.06858702, 0.09698672, 0.104886, 0.097590365, 0.093447365, 0.09343793, 0.0934002, 0.07432402, 0.04011422, 0.008821261, 0.0, 0.0, 0.0, 0.0, 0.0, 0.0 ],
  "lightfield_0.0_0.6_0.0_y" : [ 0.017765138, 0.064253025, 0.07778084, 0.07751439, 0.07755212, 0.07645094, 0.07532617, 0.07420377, 0.07308136, 0.072036766, 0.06405495, 0.041271996, 0.025048988, 0.017946705, 0.028552968, 0.03589577, 0.036171652, 0.034297045, 0.022287775, 0.0085076485 ],
  "lightfield_0.6_0.0_0.0_y" : [ 0.009061631, 0.0158868, 0.031386636, 0.04915036, 0.048007753, 0.06401948, 0.0811342, 0.10161884, 0.11883716, 0.12626258, 0.104534775, 0.08329753, 0.06697197, 0.05244716, 0.037611555, 0.009771571, 0.0, 0.0, 0.0, 0.0 ],
  "lightfield_0.6_0.0_0.0_x" : [ 0.0, 0.00522552, 0.014357231, 0.02802585, 0.03779742, 0.0407682, 0.044979084, 0.06294086, 0.08032371, 0.09497649, 0.105214246, 0.10061335, 0.10511065, 0.0859819, 0.06916273, 0.055137616, 0.03926605, 0.023232996, 0.006886108, 0.0 ],
  "lightfield_0.0_0.4_0.0_x" : [ 0.0, 6.500233E-5, 0.014606652, 0.04191392, 0.053226423, 0.084737875, 0.09339367, 0.09408143, 0.09361174, 0.0893782, 0.085280955, 0.084922396, 0.08494546, 0.08274377, 0.06874101, 0.02537607, 0.0029754292, 0.0, 0.0, 0.0 ],
  "lightfield_0.0_0.4_0.0_y" : [ 0.016971897, 0.05504439, 0.05930309, 0.05990489, 0.060385067, 0.06147962, 0.06447602, 0.067625485, 0.0674158, 0.06484926, 0.05819176, 0.04884191, 0.028468922, 0.02413893, 0.044126097, 0.05761303, 0.0580324, 0.055220526, 0.035300456, 0.012610451 ],
  "lightfield_0.0_0.2_0.0_y" : [ 0.017538048, 0.0345085, 0.04955531, 0.05788152, 0.0621153, 0.06667373, 0.067071274, 0.06583228, 0.061969534, 0.058570586, 0.05721454, 0.05039235, 0.027511831, 0.025806837, 0.04944709, 0.06541928, 0.06602442, 0.06268952, 0.03984434, 0.013933704 ],
  "lightfield_0.0_0.2_0.0_x" : [ 0.0, 0.0, 0.005971903, 0.016506657, 0.030904155, 0.059785284, 0.089320146, 0.094863586, 0.095594615, 0.09560345, 0.09549081, 0.094611816, 0.09278314, 0.079463415, 0.06771837, 0.051622506, 0.025038263, 0.004721867, 0.0, 0.0 ],
  "a3" : [ 0.19051817, 0.11792863, 0.109418795, 0.10488767, 0.102152415, 0.08105752, 0.048144992, 0.0, 0.0, 0.0, 0.0, 0.0, 0.0, 0.010865458, 0.035780497, 0.028779855, 0.025701083, 0.033497326, 0.04720641, 0.06406118 ],