{
  "eccentricity_minmax" : 0.003935586,
  "compactness" : 82.33769,
  "eccentricity" : 2.8471208,
  "compactness_standardized" : -0.06456198,
  "convexity_minmax" : 0.1606226,
  "diameter_standardized" : 0.9733272,
  "surface_area_minmax" : 0.10356537,
  "convexity" : 0.30827883,
  "diameter_minmax" : 0.2651749,
  "rectangularity _standardized" : -0.28184134,
  "convexity_standardized" : -0.093136236,
  "diameter" : 1.1406603,
  "surface_area" : 2.1297364,
  "rectangularity " : 0.005965481,
  "compactness_minmax" : 2.080023E-5,
  "surface_area_standardized" : 0.32873031,
  "rectangularity _minmax" : 0.01075013,
  "eccentricity_standardized" : -0.28113776,
  "lightfield_0.0_0.0_0.6_y" : [ 0.009839694, 0.029352501, 0.04889954, 0.058880713, 0.05888984, 0.058871586, 0.058919504, 0.058894403, 0.058894403, 0.05893548, 0.058894403, 0.05885561, 0.058869302, 0.058887556, 0.05888984, 0.058885276, 0.058848765, 0.048637114, 0.029169947, 0.009684523 ],
  "lightfield_0.0_0.0_0.6_x" : [ 0.0, 0.0, 1.3007017E-4, 0.011977865, 0.031470135, 0.05103999, 0.07039991, 0.089901306, 0.105578184, 0.107011236, 0.10699526, 0.10700668, 0.10128359, 0.08223401, 0.06272121, 0.043279137, 0.023821097, 0.0051503223, 0.0, 0.0 ],
  "lightfield_0.0_0.0_0.8_y" : [ 0.0, 0.006363317, 0.01857772, 0.030848, 0.043146223, 0.055286117, 0.067563385, 0.07979641, 0.09190371, 0.09613661, 0.09610401, 0.0938013, 0.0824507, 0.070173435, 0.05791014, 0.045758605, 0.03353256, 0.021243652, 0.0090362355, 3.6787562E-4 ],
  "lightfield_0.0_0.0_0.8_x" : [ 0.0062469, 0.018440347, 0.03066639, 0.042997207, 0.055139434, 0.06691145, 0.07003607, 0.07001977, 0.07002908, 0.07003374, 0.07000813, 0.069984846, 0.06997553, 0.07000347, 0.066750795, 0.05498809, 0.042808615, 0.030529018, 0.018300647, 0.006130484 ],
  "lightfield_0.0_0.0_0.2_y" : [ 0.0, 0.0061545847, 0.018461423, 0.030707672, 0.042921297, 0.05526309, 0.06742311, 0.07973695, 0.09190396, 0.09645756, 0.096494846, 0.09398967, 0.08255207, 0.07021027, 0.05805025, 0.045731757, 0.03349483, 0.021201974, 0.008918438, 3.2625592E-4 ],
  "lightfield_0.0_0.0_0.2_x" : [ 0.0062244968, 0.018459093, 0.030786905, 0.042995866, 0.055305038, 0.066940725, 0.06991664, 0.06996558, 0.06995859, 0.06990732, 0.06992363, 0.069928296, 0.069898, 0.06987003, 0.06685217, 0.05513026, 0.042867698, 0.03063543, 0.01833092, 0.006103316 ],
  "lightfield_0.0_0.0_0.4_y" : [ 0.009781275, 0.02916104, 0.04853852, 0.05893441, 0.05897782, 0.05897782, 0.058957256, 0.058975536, 0.05898239, 0.05896411, 0.058984675, 0.058961827, 0.05900981, 0.059005238, 0.058984675, 0.059016664, 0.0589504, 0.048328318, 0.028932558, 0.009575642 ],
  "lightfield_0.0_0.0_0.4_x" : [ 0.0, 0.0, 1.4622789E-4, 0.012203175, 0.03160807, 0.050939858, 0.07036304, 0.08963541, 0.1055971, 0.107157625, 0.107157625, 0.10713478, 0.100997776, 0.08201557, 0.06259696, 0.043242328, 0.023947103, 0.0052573495, 0.0, 0.0 ],
  "lightfield_0.0_0.0_0.0_y" : [ 0.0, 0.0, 0.0, 0.0, 0.04576621, 0.090989575, 0.090989575, 0.090989575, 0.090989575, 0.090989575, 0.090989575, 0.090989575, 0.090989575, 0.090989575, 0.090989575, 0.044338062, 0.0, 0.0, 0.0, 0.0 ],
  "lightfield_0.0_0.0_0.0_x" : [ 0.05009436, 0.05009436, 0.05009436, 0.05009436, 0.05009436, 0.05009436, 0.05009436, 0.0500051, 0.05000328, 0.05000328, 0.05000328, 0.05000328, 0.05000328, 0.05000328, 0.05000328, 0.05000328, 0.05000328, 0.05009436, 0.05009436, 0.049116153 ],
  "d1" : [ 0.0169992, 0.028294, 0.0433491, 0.0630317, 0.06559, 0.0722076, 0.0770453, 0.0810328, 0.0919442, 0.0698052, 0.061402, 0.0523511, 0.0505173, 0.0475517, 0.0434657, 0.0449084, 0.0383426, 0.0311932, 0.0149672, 0.0060017 ],
  "d2" : [ 0.010211193, 0.04219751, 0.062280737, 0.07804321, 0.08900523, 0.0956731, 0.0985023, 0.09552667, 0.089590035, 0.080835596, 0.06750255, 0.056395702, 0.045458384, 0.034411043, 0.023921201, 0.015840381, 0.009582182, 0.0040298076, 8.929568E-4, 1.002176E-4 ],
  "d3" : [ 0.0018886387, 0.012707108, 0.034759708, 0.0646981, 0.089057416, 0.10010651, 0.10819536, 0.11080896, 0.10704557, 0.097286224, 0.08316088, 0.066788584, 0.04981448, 0.034071565, 0.02078217, 0.011165608, 0.005212522, 0.0019189253, 4.903216E-4, 4.1354848E-5 ],
  "d4" : [ 8.1346315E-7, 1.6269263E-5, 1.01174475E-4, 4.5309897E-4, 0.0014656573, 0.004267021, 0.011365097, 0.02948326, 0.07848048, 0.28934702, 0.43489438, 0.09441714, 0.03480158, 0.013353506, 0.0050322865, 0.0017870768, 5.7216967E-4, 1.3981397E-4, 2.0234897E-5, 1.931975E-6 ],
  "lightfield_0.0_0.8_0.0_y" : [ 0.0, 0.0, 0.015612176, 0.075500414, 0.0754989, 0.0754989, 0.0754989, 0.0754989, 0.0754989, 0.0754989, 0.0754989, 0.0754989, 0.0754989, 0.0754989, 0.0754989, 0.075495884, 0.0029035716, 0.0, 0.0, 0.0 ],
  "lightfield_0.0_0.8_0.0_x" : [ 0.049998563, 0.050030306, 0.050030306, 0.050037865, 0.05010588, 0.05010588, 0.050090764, 0.050030306, 0.050030306, 0.050030306, 0.050030306, 0.050030306, 0.050030306, 0.050030306, 0.050030306, 0.050030306, 0.050030306, 0.050063558, 0.05010588, 0.049127948 ],
  "lightfield_0.8_0.0_0.0_x" : [ 0.049176224, 0.05016121, 0.05011947, 0.050134078, 0.05012782, 0.050136168, 0.050150774, 0.050142426, 0.050121557, 0.049741756, 0.048961278, 0.050334416, 0.0503845, 0.050336502, 0.050353196, 0.05034485, 0.05034276, 0.05034276, 0.050359458, 0.0482288 ],
  "lightfield_0.8_0.0_0.0_y" : [ 0.0, 0.0, 0.0, 0.0034912718, 0.033326726, 0.06413256, 0.09395757, 0.10425818, 0.10423732, 0.10423732, 0.10423732, 0.10423732, 0.10423732, 0.09023675, 0.059487265, 0.028074166, 0.0018489341, 0.0, 0.0, 0.0 ],
  "lightfield_0.0_0.6_0.0_x" : [ 0.010447634, 0.05876279, 0.058772217, 0.058821727, 0.058821727, 0.058821727, 0.058821727, 0.058821727, 0.058821727, 0.058821727, 0.058821727, 0.05880758, 0.058804046, 0.058850016, 0.058842946, 0.058821727, 0.058821727, 0.04849551, 0.0, 0.0 ],
  "lightfield_0.0_0.6_0.0_y" : [ 0.04974031, 0.050098665, 0.050098665, 0.05012342, 0.05013403, 0.050098665, 0.050098665, 0.050098665, 0.050098665, 0.050098665, 0.050098665, 0.050098665, 0.050098665, 0.050098665, 0.050098665, 0.050098665, 0.050098665, 0.050098665, 0.050124597, 0.048397668 ],
  "lightfield_0.6_0.0_0.0_y" : [ 0.0, 0.0, 0.0, 0.0, 0.0, 0.020392839, 0.06615195, 0.106575444, 0.1468355, 0.18102676, 0.17472383, 0.13796195, 0.09761355, 0.05635526, 0.01236291, 0.0, 0.0, 0.0, 0.0, 0.0 ],
  "lightfield_0.6_0.0_0.0_x" : [ 0.047101848, 0.05038361, 0.050339438, 0.050405692, 0.05041011, 0.05042336, 0.050418943, 0.05035269, 0.050370358, 0.049089454, 0.04631564, 0.051037308, 0.051019643, 0.05099314, 0.05108148, 0.051054977, 0.05099756, 0.051019643, 0.051059395, 0.046125714 ],
  "lightfield_0.0_0.4_0.0_x" : [ 0.0012172386, 0.060871698, 0.060904663, 0.060915653, 0.060922977, 0.060922977, 0.060922977, 0.060922977, 0.060922977, 0.060922977, 0.06094129, 0.060984023, 0.060984023, 0.060984023, 0.060984023, 0.060963266, 0.060922977, 0.023789262, 0.0, 0.0 ],
  "lightfield_0.0_0.4_0.0_y" : [ 0.04928779, 0.050118, 0.050118, 0.050118, 0.050118, 0.050118, 0.050118, 0.050118, 0.050118, 0.050118, 0.050086256, 0.050056957, 0.050056957, 0.050056957, 0.050056957, 0.050056957, 0.050056957, 0.050056957, 0.050056957, 0.049108315 ],
  "lightfield_0.0_0.2_0.0_y" : [ 0.0, 0.0, 0.035999376, 0.07282689, 0.07282689, 0.07282689, 0.07282689, 0.07282689, 0.07282689, 0.07282689, 0.07282689, 0.07282689, 0.07282689, 0.07282689, 0.07282689, 0.072834186, 0.017243717, 0.0, 0.0, 0.0 ],
  "lightfield_0.0_0.2_0.0_x" : [ 0.050009258, 0.050009258, 0.050009258, 0.050009258, 0.050009258, 0.050009258, 0.050009258, 0.050012175, 0.05008216, 0.05008216, 0.05008216, 0.05008216, 0.05008216, 0.05008216, 0.05008216, 0.05008216, 0.050048623, 0.05003113, 0.05008216, 0.04910384 ],
  "a3" : [ 0.10408734, 0.16845249, 0.15781131, 0.11757244, 0.09027381, 0.074322514, 0.044176135, 0.0, 0.0, 0.0, 0.0, 0.0, 0.0, 0.0026100846, 0.011881218, 0.023499615, 0.038108945, 0.051230006, 0.055718064, 0.060256027 ],