{
  "eccentricity_minmax" : 5.6762254E-4,
  "compactness" : 24.545204,
  "eccentricity" : 1.2670304,
  "compactness_standardized" : -0.06494777,
  "convexity_minmax" : 0.23557937,
  "diameter_standardized" : -0.12094623,
  "surface_area_minmax" : 0.11625022,
  "convexity" : 0.45166293,
  "diameter_minmax" : 0.08872185,
  "rectangularity _standardized" : 0.36801207,
  "convexity_standardized" : 0.42019665,
  "diameter" : 1.0470619,
  "surface_area" : 2.3886507,
  "rectangularity " : 0.037216574,
  "compactness_minmax" : 6.118941E-6,
  "surface_area_standardized" : 0.48716262,
  "rectangularity _minmax" : 0.06706662,
  "eccentricity_standardized" : -0.3525672,
  "lightfield_0.0_0.0_0.6_y" : [ 0.010229613, 0.025400987, 0.03477955, 0.033494465, 0.033287376, 0.037772406, 0.045919787, 0.05942594, 0.07350797, 0.07494057, 0.0746427, 0.073332086, 0.06734353, 0.06683858, 0.06965555, 0.06987683, 0.06507407, 0.04491271, 0.028669016, 0.010896268 ],
  "lightfield_0.0_0.0_0.6_x" : [ 0.0, 0.0, 0.005256648, 0.028362637, 0.06346559, 0.09563809, 0.110378265, 0.10817972, 0.09536859, 0.08987649, 0.09518136, 0.09007222, 0.07850646, 0.054441627, 0.033727087, 0.028507316, 0.01834295, 0.0046949554, 0.0, 0.0 ],
  "lightfield_0.0_0.0_0.8_y" : [ 0.006737051, 0.021225002, 0.021648537, 0.021657314, 0.022192767, 0.007608259, 0.0148193175, 0.021203058, 0.04107626, 0.06527478, 0.07280623, 0.077399276, 0.09172923, 0.10009458, 0.1031888, 0.103245854, 0.08761019, 0.06625132, 0.04746, 0.0067721624 ],
  "lightfield_0.0_0.0_0.8_x" : [ 0.012133275, 0.031765085, 0.037422452, 0.039461125, 0.042035248, 0.049200222, 0.051170863, 0.054493304, 0.057741135, 0.061168913, 0.061822865, 0.06401515, 0.078979306, 0.07444771, 0.07069734, 0.060536902, 0.057710413, 0.053121757, 0.031670723, 0.01040622 ],
  "lightfield_0.0_0.0_0.2_y" : [ 1.2334638E-4, 0.008649666, 0.022266593, 0.035559736, 0.040018193, 0.052214067, 0.064574406, 0.07345791, 0.08898414, 0.10173764, 0.099198766, 0.084972814, 0.067174956, 0.060311243, 0.060313813, 0.056418125, 0.04266243, 0.029801002, 0.011496911, 6.424291E-5 ],
  "lightfield_0.0_0.0_0.2_x" : [ 0.010284005, 0.023972884, 0.027079672, 0.025034178, 0.017615406, 0.02102799, 0.027845448, 0.03488904, 0.051389188, 0.0658387, 0.08081758, 0.09030241, 0.089302786, 0.08703887, 0.078746386, 0.07788553, 0.07463741, 0.06498813, 0.039046843, 0.012257547 ],
  "lightfield_0.0_0.0_0.4_y" : [ 0.050327744, 0.08035972, 0.08033568, 0.07922583, 0.034829956, 0.047523078, 0.048260305, 0.04962057, 0.05208066, 0.05343291, 0.055149768, 0.056379817, 0.055664625, 0.05190437, 0.040004566, 0.037163842, 0.03664698, 0.035038304, 0.032922782, 0.023128485 ],
  "lightfield_0.0_0.0_0.4_x" : [ 2.2237003E-4, 0.017635345, 0.01993317, 0.019935172, 0.021750193, 0.02022766, 0.003622027, 0.02323266, 0.06669298, 0.08908624, 0.09541877, 0.095464855, 0.09547888, 0.09551694, 0.09550692, 0.09106954, 0.07304355, 0.054256283, 0.021906452, 0.0 ],
  "lightfield_0.0_0.0_0.0_y" : [ 0.0, 0.0, 0.0070152283, 0.021791378, 0.031664662, 0.06857256, 0.07685572, 0.08357216, 0.09506414, 0.10876462, 0.11529917, 0.1090816, 0.085985914, 0.08429706, 0.0549864, 0.02655134, 0.022466918, 0.008031137, 0.0, 0.0 ],
  "lightfield_0.0_0.0_0.0_x" : [ 0.012707956, 0.033997875, 0.054471947, 0.06540531, 0.06326177, 0.05559958, 0.05664407, 0.054555092, 0.057522275, 0.05796657, 0.06067393, 0.06469599, 0.0661562, 0.059442367, 0.0577795, 0.0516009, 0.04339828, 0.03965163, 0.03318203, 0.0112867225 ],
  "d1" : [ 0.0035732, 0.0135111, 0.0346846, 0.0564684, 0.1035938, 0.1259916, 0.1439413, 0.1360448, 0.0963858, 0.0935898, 0.0446195, 0.0427265, 0.0208255, 0.0179265, 0.0375398, 0.0140786, 0.0057843, 0.0045837, 0.0029529, 0.0011783 ],
  "d2" : [ 0.026640778, 0.0592205, 0.06927046, 0.07580891, 0.08519806, 0.09343871, 0.095585585, 0.09400231, 0.09149477, 0.0865384, 0.080163576, 0.067671284, 0.038805913, 0.020951878, 0.010144581, 0.0035457227, 0.0010960925, 3.491613E-4, 5.170908E-5, 2.1603793E-5 ],
  "d3" : [ 0.011399952, 0.054049782, 0.08643334, 0.09957382, 0.10192924, 0.10294751, 0.10292528, 0.0994726, 0.090318486, 0.077742085, 0.06146035, 0.045520622, 0.03148714, 0.019804243, 0.00990021, 0.0035314627, 0.0011189958, 3.0668997E-4, 6.3591884E-5, 1.458991E-5 ],
  "d4" : [ 3.4572183E-6, 1.5354117E-5, 7.7482364E-5, 2.894912E-4, 8.4315456E-4, 0.0023287416, 0.005622759, 0.014190559, 0.042402275, 0.665643, 0.21654734, 0.03272491, 0.0118110785, 0.004618132, 0.0018964877, 6.8452925E-4, 2.3437907E-4, 5.379025E-5, 1.1185118E-5, 1.931975E-6 ],
  "lightfield_0.0_0.8_0.0_y" : [ 0.0044117095, 0.016735295, 0.02068926, 0.0317501, 0.046760965, 0.05986982, 0.07385865, 0.080373615, 0.08065379, 0.08394086, 0.088938564, 0.08629272, 0.07231968, 0.072516985, 0.06439991, 0.042120382, 0.027054276, 0.024481436, 0.018359104, 0.0044728736 ],
  "lightfield_0.0_0.8_0.0_x" : [ 0.009679717, 0.03631571, 0.04636241, 0.04893328, 0.052999705, 0.053305525, 0.053824436, 0.054264423, 0.05469849, 0.054274287, 0.0546906, 0.06589153, 0.06849791, 0.06919044, 0.068989195, 0.06805003, 0.0595127, 0.04462022, 0.026249276, 0.009650121 ],
  "lightfield_0.8_0.0_0.0_x" : [ 0.0095817335, 0.025880262, 0.041541606, 0.0507233, 0.050045393, 0.04619593, 0.049216572, 0.05022984, 0.06193872, 0.069946654, 0.076759264, 0.07668261, 0.07299364, 0.06877529, 0.0652516, 0.052713905, 0.04667502, 0.04231533, 0.031313106, 0.01122021 ],
  "lightfield_0.8_0.0_0.0_y" : [ 0.0, 0.0, 8.0726104E-4, 0.014686402, 0.05114969, 0.07936789, 0.087636925, 0.09187924, 0.088789135, 0.105758384, 0.099511094, 0.090985745, 0.07546094, 0.071666576, 0.07040418, 0.054872192, 0.01666024, 3.6410586E-4, 0.0, 0.0 ],
  "lightfield_0.0_0.6_0.0_x" : [ 4.508618E-4, 0.014003462, 0.03672422, 0.052584622, 0.055872474, 0.057324402, 0.05933609, 0.061924722, 0.065075025, 0.073813334, 0.080971725, 0.08284777, 0.07733617, 0.071543746, 0.05483511, 0.053224616, 0.050273, 0.037010785, 0.014847873, 0.0 ],
  "lightfield_0.0_0.6_0.0_y" : [ 0.0056663393, 0.011061397, 0.013183887, 0.03813221, 0.056743633, 0.06607418, 0.07565499, 0.079781525, 0.079657346, 0.07963442, 0.07938798, 0.07911478, 0.0787155, 0.07817103, 0.06685172, 0.050030377, 0.022640523, 0.01789119, 0.014975871, 0.006631107 ],
  "lightfield_0.6_0.0_0.0_y" : [ 0.0, 0.0, 0.0013025112, 0.014152749, 0.02625525, 0.040127598, 0.063141644, 0.075832084, 0.08915569, 0.10976672, 0.11485918, 0.12614761, 0.112115465, 0.08173861, 0.06971752, 0.05037583, 0.023831131, 0.0014804006, 0.0, 0.0 ],
  "lightfield_0.6_0.0_0.0_x" : [ 0.0049808994, 0.013398982, 0.0200442, 0.02377686, 0.027979871, 0.027774846, 0.031489417, 0.035234135, 0.062107474, 0.08154866, 0.097854175, 0.09940995, 0.09552955, 0.09080795, 0.07970947, 0.06095572, 0.053614017, 0.047228094, 0.03394067, 0.012615062 ],
  "lightfield_0.0_0.4_0.0_x" : [ 0.0, 0.0, 0.05544245, 0.09213158, 0.08451424, 0.054349456, 0.04469171, 0.06887639, 0.07080256, 0.07080928, 0.07079585, 0.070816, 0.07080256, 0.070818245, 0.065243535, 0.06273279, 0.04717334, 0.0, 0.0, 0.0 ],
  "lightfield_0.0_0.4_0.0_y" : [ 0.0035208666, 0.0060965642, 0.006806561, 0.050447837, 0.07179925, 0.074858725, 0.079353884, 0.08215355, 0.082198344, 0.082144596, 0.08208636, 0.08207068, 0.08192286, 0.07699992, 0.06654259, 0.052226186, 0.009400176, 0.004154712, 0.003294653, 0.0019216943 ],
  "lightfield_0.0_0.2_0.0_y" : [ 0.0010952067, 0.009725827, 0.015420902, 0.02965859, 0.07159718, 0.07626355, 0.07757193, 0.07946116, 0.08563343, 0.09006706, 0.09176268, 0.08932193, 0.0785889, 0.074610956, 0.064716935, 0.03313978, 0.013602076, 0.011626793, 0.005978655, 1.564581E-4 ],
  "lightfield_0.0_0.2_0.0_x" : [ 0.015004332, 0.03940397, 0.05106206, 0.0580792, 0.059534263, 0.059080534, 0.055613033, 0.057296913, 0.055546537, 0.057717394, 0.051777855, 0.05106597, 0.054210775, 0.05637381, 0.056365985, 0.056352295, 0.05633861, 0.055327497, 0.036515366, 0.017333603 ],