{
  "eccentricity_minmax" : 0.001576732,
  "compactness" : 12.214486,
  "eccentricity" : 1.7404572,
  "compactness_standardized" : -0.06503008,
  "convexity_minmax" : 0.24406214,
  "diameter_standardized" : 0.19271873,
  "surface_area_minmax" : 0.11513132,
  "convexity" : 0.46788955,
  "diameter_minmax" : 0.13930073,
  "rectangularity _standardized" : 0.9464959,
  "convexity_standardized" : 0.47828996,
  "diameter" : 1.0738912,
  "surface_area" : 2.3658125,
  "rectangularity " : 0.065035544,
  "compactness_minmax" : 2.9865128E-6,
  "surface_area_standardized" : 0.47318774,
  "rectangularity _minmax" : 0.1171982,
  "eccentricity_standardized" : -0.33116552,
  "lightfield_0.0_0.0_0.6_y" : [ 0.024245357, 0.030971155, 0.04007007, 0.050225757, 0.05389011, 0.054168116, 0.053360887, 0.06336417, 0.06258374, 0.05955914, 0.05599192, 0.05158063, 0.046037205, 0.045899875, 0.04393037, 0.041098367, 0.062875144, 0.063360825, 0.057023566, 0.039763592 ],
  "lightfield_0.0_0.0_0.6_x" : [ 0.004072992, 0.011964415, 0.0134666655, 0.016357284, 0.036767464, 0.049428575, 0.060446758, 0.073410995, 0.07793282, 0.08154359, 0.08217329, 0.082206786, 0.08220511, 0.08216994, 0.08154861, 0.06629164, 0.043012608, 0.027703717, 0.019122297, 0.008174456 ],
  "lightfield_0.0_0.0_0.8_y" : [ 0.0, 0.0049291383, 0.036916375, 0.049899917, 0.058336828, 0.06090137, 0.060847037, 0.060831826, 0.060494956, 0.069403484, 0.0856014, 0.09218445, 0.09018497, 0.08620341, 0.069581695, 0.052194968, 0.035290718, 0.02096405, 0.005233406, 0.0 ],
  "lightfield_0.0_0.0_0.8_x" : [ 0.0037990008, 0.010918867, 0.020575022, 0.025684549, 0.025747575, 0.02513252, 0.02824909, 0.039517865, 0.06303559, 0.08522106, 0.08835936, 0.08650985, 0.07938347, 0.076525524, 0.07452387, 0.07241573, 0.068905786, 0.06170116, 0.046931133, 0.016862955 ],
  "lightfield_0.0_0.0_0.2_y" : [ 0.01075439, 0.019583499, 0.055689115, 0.06483065, 0.07186635, 0.077976935, 0.08537983, 0.08966455, 0.08789345, 0.08366757, 0.08242192, 0.08196342, 0.07173042, 0.025215302, 0.02068308, 0.020995507, 0.019356279, 0.015590924, 0.010886258, 0.0038505625 ],
  "lightfield_0.0_0.0_0.2_x" : [ 0.0018137001, 0.024921132, 0.05328099, 0.05674609, 0.05678261, 0.056695372, 0.056790724, 0.05550247, 0.05496485, 0.06437215, 0.061775357, 0.06375947, 0.075189434, 0.08230831, 0.07322561, 0.05824331, 0.052244302, 0.03447856, 0.015787711, 0.0011178398 ],
  "lightfield_0.0_0.0_0.4_y" : [ 0.009228253, 0.02643568, 0.045383893, 0.06370757, 0.069715254, 0.071938425, 0.07909032, 0.08232487, 0.082292244, 0.077223696, 0.06738955, 0.05990674, 0.049462035, 0.047656, 0.037581824, 0.037043512, 0.03722528, 0.03303528, 0.01836562, 0.004993976 ],
  "lightfield_0.0_0.0_0.4_x" : [ 0.0, 0.0, 0.0068815732, 0.019852394, 0.041119322, 0.051981162, 0.061780352, 0.08631912, 0.0886588, 0.09445909, 0.096850045, 0.091546126, 0.080323085, 0.077552274, 0.07715378, 0.07024191, 0.043032553, 0.012248408, 0.0, 0.0 ],
  "lightfield_0.0_0.0_0.0_y" : [ 0.0, 0.0, 0.0077663255, 0.04784278, 0.06253666, 0.06269047, 0.07382213, 0.08198631, 0.08995156, 0.09486114, 0.09495753, 0.09464786, 0.08386893, 0.071123295, 0.057938796, 0.04343564, 0.026578182, 0.005992396, 0.0, 0.0 ],
  "lightfield_0.0_0.0_0.0_x" : [ 0.011074242, 0.029020667, 0.036953107, 0.04372685, 0.0522048, 0.07421793, 0.07687575, 0.07540124, 0.07057369, 0.06581381, 0.060961656, 0.0561177, 0.04858106, 0.04223388, 0.040913172, 0.041107997, 0.05852122, 0.05820745, 0.041883197, 0.01561058 ],
  "d1" : [ 0.0052433, 0.0094444, 0.0283334, 0.0367151, 0.0430214, 0.0558742, 0.075708, 0.0929726, 0.09693, 0.0934879, 0.0717944, 0.0834816, 0.0924133, 0.0927777, 0.0632879, 0.0283423, 0.0147167, 0.0094977, 0.0038618, 0.0020963 ],
  "d2" : [ 0.005461159, 0.020628922, 0.040980197, 0.05824833, 0.07237981, 0.08577866, 0.09749792, 0.10569406, 0.11400812, 0.10528689, 0.08489451, 0.06996479, 0.053091023, 0.03724694, 0.023775475, 0.013942149, 0.007681549, 0.0028733045, 5.192912E-4, 4.6908237E-5 ],
  "d3" : [ 8.3454285E-4, 0.007917089, 0.024508132, 0.047417913, 0.07266037, 0.09480645, 0.11222247, 0.121512115, 0.12252908, 0.113692634, 0.09576374, 0.07232128, 0.049701083, 0.03149871, 0.018556757, 0.00937608, 0.0036167884, 9.2208234E-4, 1.3221477E-4, 1.0464488E-5 ],
  "d4" : [ 1.1185118E-6, 1.1286801E-5, 5.023135E-5, 1.7794507E-4, 6.2494306E-4, 0.0020238962, 0.006422088, 0.02006956, 0.0676358, 0.29798222, 0.47518817, 0.09180257, 0.026186498, 0.008206521, 0.002546038, 7.6811254E-4, 2.2614276E-4, 5.8264297E-5, 1.6472628E-5, 2.1353408E-6 ],
  "lightfield_0.0_0.8_0.0_y" : [ 0.0, 1.5791218E-5, 0.014367377, 0.030063849, 0.03642508, 0.05339011, 0.070231445, 0.085343644, 0.100124225, 0.10481422, 0.104627356, 0.102958746, 0.086312175, 0.072373785, 0.058661748, 0.045428704, 0.027263539, 0.0075982083, 0.0, 0.0 ],
  "lightfield_0.0_0.8_0.0_x" : [ 0.0051031956, 0.011677606, 0.012314519, 0.019694282, 0.028555788, 0.04173356, 0.050634544, 0.06472821, 0.07583996, 0.08295654, 0.086875394, 0.082082756, 0.07940088, 0.07970618, 0.07920086, 0.07160528, 0.056040406, 0.039859667, 0.024021076, 0.007969302 ],
  "lightfield_0.8_0.0_0.0_x" : [ 0.011430413, 0.029734813, 0.04503375, 0.06160442, 0.07246623, 0.092550054, 0.104564294, 0.10297526, 0.091349386, 0.07956106, 0.067673735, 0.053765845, 0.034443546, 0.029082445, 0.024754474, 0.020875799, 0.025186, 0.025284998, 0.019106533, 0.008556945 ],
  "lightfield_0.8_0.0_0.0_y" : [ 0.0, 0.0053611, 0.019555831, 0.029336285, 0.038723286, 0.04850374, 0.06585624, 0.08255129, 0.08962327, 0.10472168, 0.11178858, 0.10463029, 0.08887445, 0.07120719, 0.05084922, 0.034616157, 0.02843769, 0.020106664, 0.005257026, 0.0 ],
  "lightfield_0.0_0.6_0.0_x" : [ 0.0061163264, 0.018422302, 0.03699736, 0.056822974, 0.06389453, 0.063053355, 0.06160727, 0.06342201, 0.065352835, 0.067069806, 0.06855459, 0.07294783, 0.071864285, 0.067025, 0.06471941, 0.05480049, 0.042614684, 0.030437022, 0.01820437, 0.006073555 ],
  "lightfield_0.0_0.6_0.0_y" : [ 0.0, 0.0056438027, 0.029147767, 0.043578062, 0.047883727, 0.058788426, 0.069684975, 0.080610044, 0.09150456, 0.09710763, 0.09641921, 0.086207, 0.06829185, 0.067625836, 0.057882078, 0.047066994, 0.035911776, 0.015033169, 0.001613097, 0.0 ],
  "lightfield_0.6_0.0_0.0_y" : [ 0.0, 9.239266E-5, 0.011493646, 0.029021852, 0.03546558, 0.041946266, 0.060680855, 0.09130242, 0.10660792, 0.112608165, 0.10752921, 0.105179794, 0.08609411, 0.07242792, 0.05684524, 0.042183846, 0.029116884, 0.011335258, 6.8634545E-5, 0.0 ],
  "lightfield_0.6_0.0_0.0_x" : [ 0.013742747, 0.031091448, 0.05155246, 0.07523929, 0.0848059, 0.09193597, 0.093527764, 0.0921234, 0.085985884, 0.072884604, 0.0591049, 0.045317277, 0.03255917, 0.02579075, 0.023470374, 0.021440376, 0.033432942, 0.032881226, 0.0239033, 0.009210228 ],
  "lightfield_0.0_0.4_0.0_x" : [ 0.008190725, 0.021671869, 0.03352386, 0.04536375, 0.05275892, 0.05713273, 0.058803387, 0.060090106, 0.06609825, 0.06878583, 0.068771996, 0.07124858, 0.07218595, 0.07159275, 0.06506749, 0.06184378, 0.05145491, 0.03955968, 0.019532526, 0.0063229077 ],
  "lightfield_0.0_0.4_0.0_y" : [ 6.1914686E-4, 0.02497514, 0.06251827, 0.07004834, 0.072779156, 0.07292962, 0.07297286, 0.072945185, 0.07449824, 0.076826096, 0.076632395, 0.07127453, 0.056530874, 0.051368434, 0.044746332, 0.033783283, 0.031280752, 0.023389224, 0.009882137, 0.0 ],
  "lightfield_0.0_0.2_0.0_y" : [ 0.0, 0.011257024, 0.051047996, 0.06608138, 0.06604863, 0.06783527, 0.07118258, 0.072168425, 0.07304783, 0.07346542, 0.07345723, 0.073439226, 0.07209146, 0.0663696, 0.057906363, 0.045930423, 0.03773903, 0.017601177, 0.003330926, 0.0 ],
  "lightfield_0.0_0.2_0.0_x" : [ 0.02300861, 0.03585904, 0.049801767, 0.05677804, 0.057842497, 0.059476845, 0.0636708, 0.06701646, 0.06709179, 0.06710981, 0.059653707, 0.045245897, 0.041011002, 0.02085022, 0.034973085, 0.060218688, 0.060462695, 0.05469171, 0.043364268, 0.031873066 ],