{
  "eccentricity_minmax" : 7.497477E-4,
  "compactness" : 37.032322,
  "eccentricity" : 1.3524749,
  "compactness_standardized" : -0.06486441,
  "convexity_minmax" : 0.24356894,
  "diameter_standardized" : 3.698561,
  "surface_area_minmax" : 0.27494395,
  "convexity" : 0.4669461,
  "diameter_minmax" : 0.7046225,
  "rectangularity _standardized" : 3.3018632,
  "convexity_standardized" : 0.4749123,
  "diameter" : 1.3737624,
  "surface_area" : 5.6277976,
  "rectangularity " : 0.17830387,
  "compactness_minmax" : 9.2911005E-6,
  "surface_area_standardized" : 2.4692304,
  "rectangularity _minmax" : 0.32131502,
  "eccentricity_standardized" : -0.34870458,
  "lightfield_0.0_0.0_0.6_y" : [ 0.0, 0.0013672166, 0.08578117, 0.07263588, 0.065346286, 0.04086755, 0.03790858, 0.054268494, 0.0746478, 0.07491902, 0.07491902, 0.07491902, 0.07491902, 0.07492792, 0.07503018, 0.06885881, 0.030412233, 0.015339503, 0.0029322905, 0.0 ],
  "lightfield_0.0_0.0_0.6_x" : [ 0.043473043, 0.057785466, 0.06304536, 0.0652996, 0.07226462, 0.07566155, 0.07614174, 0.079956606, 0.083257936, 0.085365444, 0.08394043, 0.07927855, 0.07260476, 0.026297243, 0.005557791, 0.005557791, 0.006918338, 0.007560819, 0.005809003, 0.0042239213 ],
  "lightfield_0.0_0.0_0.8_y" : [ 0.0, 0.0, 6.5058E-5, 0.013102681, 0.02993969, 0.037502684, 0.047007658, 0.085375614, 0.10750509, 0.11141833, 0.10820446, 0.11376692, 0.091364205, 0.07479068, 0.05774548, 0.049629495, 0.03990983, 0.030421121, 0.0022510067, 0.0 ],
  "lightfield_0.0_0.0_0.8_x" : [ 0.008678737, 0.025795497, 0.04305213, 0.059654932, 0.069612056, 0.08507635, 0.09846528, 0.114251606, 0.11551698, 0.1053777, 0.08792589, 0.06321035, 0.043660425, 0.023736412, 0.014215173, 0.008187549, 0.008350194, 0.009501721, 0.010659753, 0.005071271 ],
  "lightfield_0.0_0.0_0.2_y" : [ 0.00456914, 0.007933034, 0.009060328, 0.0069466513, 0.0068507115, 0.0066198558, 0.016030965, 0.046312008, 0.074476376, 0.09093308, 0.10088385, 0.107611634, 0.10899077, 0.099052, 0.08304801, 0.07135533, 0.055093512, 0.05317771, 0.03835499, 0.01270005 ],
  "lightfield_0.0_0.0_0.2_x" : [ 0.0, 0.0, 0.0020147387, 0.026302535, 0.051480774, 0.067451775, 0.07852984, 0.08989872, 0.07128338, 0.08750022, 0.09022852, 0.09150872, 0.091505714, 0.08677468, 0.0634163, 0.04274724, 0.036334254, 0.021520529, 0.0015020597, 0.0 ],
  "lightfield_0.0_0.0_0.4_y" : [ 0.0067240954, 0.013312555, 0.010946135, 0.010625803, 0.014426504, 0.02698296, 0.034896035, 0.050866485, 0.07596208, 0.09141307, 0.092469305, 0.08162995, 0.07967043, 0.08927464, 0.09425855, 0.0887494, 0.06926396, 0.03816862, 0.022792663, 0.007566772 ],
  "lightfield_0.0_0.0_0.4_x" : [ 0.0, 0.0, 0.0025222574, 0.017719291, 0.026091222, 0.04245415, 0.061171956, 0.090483814, 0.104523614, 0.106211856, 0.10110962, 0.09256742, 0.08097485, 0.076686434, 0.072080575, 0.057215415, 0.04336609, 0.023981646, 8.397905E-4, 0.0 ],
  "lightfield_0.0_0.0_0.0_y" : [ 0.0013080405, 0.0048383214, 0.0064891865, 0.024507903, 0.046944574, 0.06267167, 0.06771609, 0.073776744, 0.07497051, 0.07181979, 0.07531538, 0.07665403, 0.076680556, 0.07666423, 0.07469299, 0.06588565, 0.058357786, 0.04027377, 0.018743139, 0.0016896373 ],
  "lightfield_0.0_0.0_0.0_x" : [ 0.011490758, 0.016892292, 0.01724736, 0.022563187, 0.03926774, 0.050882977, 0.051403336, 0.062504336, 0.062702276, 0.052627712, 0.055288687, 0.06549181, 0.0749195, 0.07555209, 0.07557862, 0.07420324, 0.07254829, 0.0645572, 0.043710183, 0.010568395 ],
  "d1" : [ 0.0037607, 0.0071992, 0.0175119, 0.0323673, 0.0517018, 0.0915457, 0.0986995, 0.0845496, 0.0916371, 0.1056288, 0.1032352, 0.1080513, 0.0905954, 0.0485082, 0.0273533, 0.012995, 0.0103754, 0.0084601, 0.0042473, 0.0015772 ],
  "d2" : [ 0.0045282952, 0.01942601, 0.042612683, 0.07352271, 0.09495907, 0.11156859, 0.12258103, 0.1195915, 0.116298825, 0.101007834, 0.07601145, 0.051900715, 0.03296429, 0.017978957, 0.008069617, 0.0039836997, 0.0020498598, 7.735358E-4, 1.5582737E-4, 1.5502723E-5 ],
  "d3" : [ 6.4799323E-4, 0.006604903, 0.023225427, 0.049167797, 0.08106265, 0.11175781, 0.13262168, 0.1383201, 0.13001764, 0.11047742, 0.08477271, 0.0584988, 0.03591231, 0.020041607, 0.010175507, 0.004527199, 0.0016609355, 4.3135823E-4, 6.942785E-5, 6.741545E-6 ],
  "d4" : [ 3.0504867E-7, 4.0673157E-7, 5.1858274E-6, 1.9624798E-5, 8.215978E-5, 3.8497144E-4, 0.0015243283, 0.005835581, 0.022209374, 0.09538659, 0.5214779, 0.27986446, 0.05461368, 0.0137011595, 0.0036517377, 9.616151E-4, 2.2004178E-4, 4.7587593E-5, 1.0676704E-5, 2.6437551E-6 ],
  "lightfield_0.0_0.8_0.0_y" : [ 0.0, 0.0, 0.00451972, 0.02661634, 0.04686216, 0.070625655, 0.08104649, 0.08539186, 0.07662257, 0.074825406, 0.07833159, 0.07830094, 0.078247294, 0.07833351, 0.07703258, 0.065498576, 0.05126117, 0.025049096, 0.0014350446, 0.0 ],
  "lightfield_0.0_0.8_0.0_x" : [ 0.008711813, 0.036391504, 0.052307278, 0.054627493, 0.05641699, 0.057081822, 0.057099063, 0.057085652, 0.056886394, 0.056100857, 0.057173785, 0.059118472, 0.059101228, 0.07262015, 0.07479667, 0.06678418, 0.051531322, 0.035621293, 0.02270206, 0.007841973 ],
  "lightfield_0.8_0.0_0.0_x" : [ 0.0, 0.006359156, 0.04175067, 0.036650598, 0.041982405, 0.05385489, 0.05718799, 0.0656424, 0.073845774, 0.058120716, 0.05415035, 0.065383635, 0.073963575, 0.074264824, 0.074313104, 0.074262895, 0.06920531, 0.05816127, 0.02090044, 0.0 ],
  "lightfield_0.8_0.0_0.0_y" : [ 0.008431241, 0.017520992, 0.038330667, 0.054503743, 0.058219206, 0.065856755, 0.0691242, 0.07092593, 0.0725751, 0.0740273, 0.07487699, 0.075863786, 0.074187584, 0.072264194, 0.06669486, 0.052022263, 0.032189727, 0.011528746, 0.006936559, 0.0039201602 ],
  "lightfield_0.0_0.6_0.0_x" : [ 0.01683882, 0.043452352, 0.050284717, 0.054200947, 0.05185176, 0.051679328, 0.05261183, 0.061073314, 0.06177959, 0.061717514, 0.06172303, 0.061763033, 0.061785106, 0.061805796, 0.06179476, 0.061738204, 0.05429613, 0.038662937, 0.022763515, 0.008177319 ],
  "lightfield_0.0_0.6_0.0_y" : [ 0.0036417209, 0.02873235, 0.049152195, 0.06325283, 0.065084726, 0.065086104, 0.06493989, 0.061912015, 0.058012336, 0.058611013, 0.05882207, 0.05877793, 0.058780685, 0.0587931, 0.058802757, 0.056686696, 0.05229732, 0.04709269, 0.028084014, 0.0034375638 ],
  "lightfield_0.6_0.0_0.0_y" : [ 0.011353998, 0.021715257, 0.059156187, 0.071353786, 0.07134625, 0.07137337, 0.071323656, 0.07132968, 0.07136885, 0.071334206, 0.07135981, 0.0713794, 0.071364336, 0.0693668, 0.06455826, 0.044096358, 0.008672545, 0.0, 0.0032071995, 0.0043400386 ],
  "lightfield_0.6_0.0_0.0_x" : [ 0.026703062, 0.05365318, 0.048847653, 0.050299857, 0.052859288, 0.053740554, 0.05509032, 0.057841066, 0.05741776, 0.052673995, 0.05267249, 0.05268454, 0.05377972, 0.053874627, 0.053937897, 0.053937897, 0.053856548, 0.05190421, 0.041750837, 0.0224745 ],
  "lightfield_0.0_0.4_0.0_x" : [ 0.008713218, 0.004754045, 0.0, 0.0062189056, 0.065344915, 0.069023944, 0.06900538, 0.068975, 0.06899357, 0.06899357, 0.069039136, 0.06902225, 0.06901213, 0.06898682, 0.0689615, 0.06892606, 0.061146103, 0.05128867, 0.027260238, 0.016334541 ],
  "lightfield_0.0_0.4_0.0_y" : [ 0.0, 0.011703693, 0.045793757, 0.058182627, 0.06327589, 0.0677616, 0.06708992, 0.066485755, 0.06663595, 0.063631974, 0.06079845, 0.060573995, 0.060602684, 0.060594246, 0.060589183, 0.060582433, 0.058496527, 0.050326724, 0.016874582, 0.0 ],
  "lightfield_0.0_0.2_0.0_y" : [ 0.0, 0.0, 0.001568543, 0.022605473, 0.042043105, 0.072218336, 0.082206264, 0.081610374, 0.0804974, 0.07725843, 0.07410597, 0.0740829, 0.074102126, 0.074092515, 0.07409828, 0.07306796, 0.06276863, 0.032543425, 0.0011302737, 0.0 ],
  "lightfield_0.0_0.2_0.0_x" : [ 0.008855732, 0.0016588881, 0.016713826, 0.042160362, 0.064519785, 0.06668999, 0.066693835, 0.066693835, 0.06668807, 0.062874354, 0.061271213, 0.063710526, 0.062933944, 0.060502317, 0.060190916, 0.057938058, 0.055116218, 0.052146368, 0.04599714, 0.016644625 ],