{
  "eccentricity_minmax" : 0.007945173,
  "compactness" : 32.890438,
  "eccentricity" : 4.728231,
  "compactness_standardized" : -0.06487579,
  "convexity_minmax" : 0.09022899,
  "diameter_standardized" : -0.6200755,
  "surface_area_minmax" : 0.051386178,
  "convexity" : 0.17362356,
  "diameter_minmax" : 0.008325763,
  "rectangularity _standardized" : -0.2962182,
  "convexity_standardized" : -0.57578444,
  "diameter" : 1.0044163,
  "surface_area" : 1.0646907,
  "rectangularity " : 0.005297641,
  "compactness_minmax" : 8.238919E-6,
  "surface_area_standardized" : -0.32335508,
  "rectangularity _minmax" : 0.0095466385,
  "eccentricity_standardized" : -0.1959969,
  "lightfield_0.0_0.0_0.6_y" : [ 0.0, 0.0025747411, 0.0027274354, 0.0027432314, 0.007545203, 0.011815377, 0.051758092, 0.06982867, 0.07709481, 0.07782142, 0.0700656, 0.053127073, 0.043249335, 0.052874338, 0.07891134, 0.106033005, 0.104706146, 0.08772549, 0.06931266, 0.030086035 ],
  "lightfield_0.0_0.0_0.6_x" : [ 0.0, 0.0, 0.0038015607, 0.068296455, 0.10229989, 0.12902665, 0.15381578, 0.15967607, 0.12269774, 0.08842578, 0.08810459, 0.07583113, 0.0033329471, 0.001105717, 0.0012004928, 0.0023851898, 0.0, 0.0, 0.0, 0.0 ],
  "lightfield_0.0_0.0_0.8_y" : [ 0.0, 0.0, 0.0, 0.011691504, 0.05826275, 0.07546047, 0.08221954, 0.077634536, 0.07012797, 0.05024557, 0.025725521, 0.041633546, 0.09036833, 0.11356183, 0.09924882, 0.084440984, 0.069822654, 0.047176614, 0.0023793606, 0.0 ],
  "lightfield_0.0_0.0_0.8_x" : [ 0.010833461, 0.056157123, 0.08189317, 0.09648518, 0.14578848, 0.1795891, 0.16010149, 0.12787484, 0.097537994, 0.027915375, 0.0023951528, 0.0045744786, 0.0011212474, 0.0010317581, 9.5279707E-4, 0.0010738707, 0.0010264941, 0.0010422863, 0.0025320188, 7.369701E-5 ],
  "lightfield_0.0_0.0_0.2_y" : [ 9.844385E-4, 0.0018899114, 0.0010686686, 0.0010739329, 9.475879E-4, 0.0010686686, 0.0010634041, 0.008049233, 0.04149382, 0.083887845, 0.14465456, 0.17401925, 0.18241066, 0.16361158, 0.12598707, 0.05168039, 0.015640464, 4.6852956E-4, 0.0, 0.0 ],
  "lightfield_0.0_0.0_0.2_x" : [ 0.0, 0.0, 0.0, 0.0, 0.028717177, 0.053180736, 0.066067934, 0.07580703, 0.07773379, 0.07071637, 0.049906295, 0.025732275, 0.011655331, 0.10008634, 0.11377898, 0.09978627, 0.08589358, 0.072032474, 0.058281917, 0.010623513 ],
  "lightfield_0.0_0.0_0.4_y" : [ 0.0013390833, 0.0012336436, 0.0010649402, 0.0012810915, 0.0012178278, 0.003410972, 0.0039012663, 0.0013759872, 0.04317753, 0.0723105, 0.09832246, 0.11335815, 0.12738688, 0.12905811, 0.08203731, 0.0915585, 0.09346696, 0.09289231, 0.04160648, 0.0 ],
  "lightfield_0.0_0.0_0.4_x" : [ 0.0, 0.0, 0.0022300482, 0.035079766, 0.070222795, 0.08306007, 0.08316024, 0.075652935, 0.07398172, 0.06996447, 0.06010586, 0.07901646, 0.10065267, 0.1094727, 0.08936009, 0.055108022, 0.012932171, 0.0, 0.0, 0.0 ],
  "lightfield_0.0_0.0_0.0_y" : [ 0.0, 0.0, 0.0, 0.0, 0.02943606, 0.09397968, 0.10639597, 0.096036784, 0.079679914, 0.08899213, 0.11983817, 0.11124147, 0.094463706, 0.084220275, 0.06619562, 0.029520238, 0.0, 0.0, 0.0, 0.0 ],
  "lightfield_0.0_0.0_0.0_x" : [ 0.0030619814, 0.0016888249, 0.0015204685, 0.0016309523, 0.0024990398, 0.005745161, 0.004556144, 0.03911129, 0.07188817, 0.08089524, 0.07954312, 0.082110554, 0.09333256, 0.072466895, 0.066022, 0.08345215, 0.10097173, 0.11142561, 0.07340337, 0.02467473 ],
  "d1" : [ 0.0016392, 0.0032858, 0.004636, 0.0074167, 0.0135824, 0.0133179, 0.0241123, 0.1690446, 0.1506005, 0.1292613, 0.0457144, 0.0402957, 0.0372981, 0.0214482, 0.0177353, 0.0244795, 0.0661486, 0.1479934, 0.0432515, 0.0387386 ],
  "d2" : [ 0.07328047, 0.043030255, 0.030480452, 0.044038333, 0.07029654, 0.0689026, 0.061808154, 0.09120072, 0.06440521, 0.08547131, 0.061807554, 0.050041586, 0.03411609, 0.035336405, 0.091300935, 0.03547233, 0.011031437, 0.020137437, 0.019378804, 0.008463386 ],
  "d3" : [ 0.027961312, 0.06265903, 0.07260855, 0.06927471, 0.0723243, 0.07923398, 0.080210395, 0.07601947, 0.07732341, 0.08497496, 0.06829004, 0.07257374, 0.051787943, 0.03608135, 0.03339228, 0.015490863, 0.009416227, 0.006571899, 0.0030804835, 7.250682E-4 ],
  "d4" : [ 9.863241E-6, 6.9347734E-5, 2.3488748E-4, 5.513246E-4, 0.0013686517, 0.0034664716, 0.008424427, 0.022457683, 0.06556269, 0.26611602, 0.51625764, 0.07493439, 0.025152687, 0.009209217, 0.0037520987, 0.0015134482, 5.968786E-4, 2.412935E-4, 7.514366E-5, 5.795925E-6 ],
  "lightfield_0.0_0.8_0.0_y" : [ 0.0, 0.0, 0.0, 0.0, 0.030214973, 0.087103486, 0.104133666, 0.10010408, 0.09227517, 0.09210478, 0.110295475, 0.118557274, 0.10213499, 0.0723437, 0.061728623, 0.029003795, 0.0, 0.0, 0.0, 0.0 ],
  "lightfield_0.0_0.8_0.0_x" : [ 0.028676823, 0.08603507, 0.10268762, 0.09868567, 0.090290315, 0.093629114, 0.110604025, 0.11395203, 0.10244354, 0.071768045, 0.059421398, 0.025153816, 0.008119036, 0.0017039384, 0.0012249935, 0.0011098626, 0.0022059095, 0.0022888037, 0.0, 0.0 ],
  "lightfield_0.8_0.0_0.0_x" : [ 0.0039073685, 0.0011177106, 0.0012608884, 0.0014317781, 0.0023601246, 0.005690163, 0.007103467, 0.04103199, 0.062347006, 0.068397425, 0.06880386, 0.09020664, 0.09963328, 0.07821203, 0.08349576, 0.09392002, 0.10037688, 0.09549036, 0.067219675, 0.027993571 ],
  "lightfield_0.8_0.0_0.0_y" : [ 0.0, 0.0, 0.0, 0.019430615, 0.062051415, 0.09901438, 0.11906851, 0.13178362, 0.12571011, 0.10190103, 0.09689443, 0.106219456, 0.09571206, 0.04221436, 0.0, 0.0, 0.0, 0.0, 0.0, 0.0 ],
  "lightfield_0.0_0.6_0.0_x" : [ 0.0, 0.0, 0.0, 0.036995176, 0.086347416, 0.10642892, 0.12132532, 0.13511679, 0.13869517, 0.13490391, 0.12425999, 0.09198362, 0.022281243, 0.0016624767, 0.0, 0.0, 0.0, 0.0, 0.0, 0.0 ],
  "lightfield_0.0_0.6_0.0_y" : [ 0.0, 0.0, 0.0, 0.0, 0.0325146, 0.07416268, 0.085962206, 0.108390436, 0.11495418, 0.11685995, 0.1107473, 0.10412781, 0.09226239, 0.07122293, 0.05885573, 0.029939786, 0.0, 0.0, 0.0, 0.0 ],
  "lightfield_0.6_0.0_0.0_y" : [ 0.0, 0.0, 0.0, 0.0, 0.01932376, 0.07417051, 0.12477217, 0.13886513, 0.1520514, 0.15219554, 0.13594982, 0.10247731, 0.07273843, 0.027455922, 0.0, 0.0, 0.0, 0.0, 0.0, 0.0 ],
  "lightfield_0.6_0.0_0.0_x" : [ 0.005612074, 0.0010694093, 9.950156E-4, 0.0013251377, 0.0022783068, 0.0053609954, 0.008620369, 0.040028457, 0.05625558, 0.065908164, 0.06869327, 0.07874572, 0.09019305, 0.10309571, 0.10715482, 0.104206964, 0.09479151, 0.076671995, 0.057236645, 0.031756807 ],
  "lightfield_0.0_0.4_0.0_x" : [ 0.0, 0.0, 0.0, 0.0, 0.0, 0.0038246722, 0.04508661, 0.1175429, 0.12809616, 0.13565445, 0.13575056, 0.12540978, 0.108057104, 0.100407764, 0.07155577, 0.028614214, 0.0, 0.0, 0.0, 0.0 ],
  "lightfield_0.0_0.4_0.0_y" : [ 0.0, 0.0, 0.0, 0.0, 0.03202404, 0.06765521, 0.07635179, 0.10870973, 0.118519306, 0.12133216, 0.1139813, 0.10765238, 0.09426097, 0.07061984, 0.058685444, 0.030207828, 0.0, 0.0, 0.0, 0.0 ],
  "lightfield_0.0_0.2_0.0_y" : [ 0.0, 0.0, 0.0, 0.0, 0.03011408, 0.08380261, 0.101359695, 0.09963396, 0.09357572, 0.093998075, 0.111582406, 0.12151447, 0.104951955, 0.07037367, 0.060296282, 0.028797071, 0.0, 0.0, 0.0, 0.0 ],
  "lightfield_0.0_0.2_0.0_x" : [ 0.0, 5.1317917E-4, 0.0061626914, 0.0012488874, 0.0011943905, 0.0045096185, 0.007852095, 0.04570928, 0.06619103, 0.082549185, 0.11015641, 0.110724084, 0.10359861, 0.08583262, 0.09363931, 0.10029701, 0.09940235, 0.07185417, 0.008565096, 0.0 ],
  "a3" : [ 0.15596001, 0.15086702, 0.12774594, 0.098904096, 0.07409753, 0.0706043, 0.047830153, 0.0, 0.0, 0.0, 0.0, 0.0, 0.0, 0.0038082683, 0.016628271, 0.025279485, 0.038107336, 0.05244318, 0.071291834, 0.06643259 ],
  "lightfield_0.4_0.0_0.0_y" : [ 0.0, 0.0, 0.0, 0.0, 0.020349618, 0.059436087, 0.08922596, 0.12060544, 0.1415668, 0.14922744, 0.1498531, 0.12952664, 0.10501534, 0.035193577, 0.0, 0.0, 0.0, 0.0, 0.0, 0.0 ],
  "lightfield_0.4_0.0_0.0_x" : [ 0.005862507, 0.001404221, 0.0010149321, 9.778569E-4, 0.0016591126, 0.0036426326, 0.008267757, 0.039967004, 0.056326408, 0.06558129, 0.06852413, 0.07943349, 0.09283616, 0.10628053, 0.11015025, 0.10464459, 0.09247931, 0.07365904, 0.055269767, 0.03201902 ],