{
  "eccentricity_minmax" : 0.028051985,
  "compactness" : 549.379,
  "eccentricity" : 14.161404,
  "compactness_standardized" : -0.061444305,
  "convexity_minmax" : 0.03069076,
  "diameter_standardized" : -0.37996164,
  "surface_area_minmax" : 0.08911299,
  "convexity" : 0.059733458,
  "diameter_minmax" : 0.046955265,
  "rectangularity _standardized" : -0.31656137,
  "convexity_standardized" : -0.98295957,
  "diameter" : 1.0249071,
  "surface_area" : 1.8347443,
  "rectangularity " : 0.004295813,
  "compactness_minmax" : 1.3944485E-4,
  "surface_area_standardized" : 0.14822157,
  "rectangularity _minmax" : 0.0077412804,
  "eccentricity_standardized" : 0.23033476,
  "lightfield_0.0_0.0_0.6_y" : [ 0.016322652, 0.038468126, 0.030700289, 0.018108644, 0.01978454, 0.031499498, 0.037840173, 0.04079236, 0.041819915, 0.03628253, 0.03270647, 0.0558795, 0.068887055, 0.08505069, 0.10868856, 0.10131625, 0.08651862, 0.071737304, 0.05612008, 0.021476746 ],
  "lightfield_0.0_0.0_0.6_x" : [ 0.0, 0.0, 0.0, 1.9980264E-4, 0.02407418, 0.06311317, 0.077755846, 0.077841476, 0.07809021, 0.11303121, 0.13864265, 0.13754576, 0.14190881, 0.09042089, 0.03918986, 0.017337976, 8.4814185E-4, 0.0, 0.0, 0.0 ],
  "lightfield_0.0_0.0_0.8_y" : [ 0.0, 5.95632E-4, 0.009084259, 0.016329374, 0.027824027, 0.04507994, 0.05371138, 0.062914066, 0.07403602, 0.08158766, 0.09183531, 0.08257341, 0.06934759, 0.07287262, 0.081946425, 0.08366018, 0.08366018, 0.06289317, 4.8765196E-5, 0.0 ],
  "lightfield_0.0_0.0_0.8_x" : [ 0.016764777, 0.050029606, 0.081169665, 0.09906301, 0.091051586, 0.078424886, 0.06570762, 0.06481591, 0.06547772, 0.0656275, 0.053164512, 0.04652896, 0.042021666, 0.037336722, 0.029231252, 0.021616915, 0.03341461, 0.03138737, 0.019088091, 0.008077607 ],
  "lightfield_0.0_0.0_0.2_y" : [ 0.0, 9.837577E-4, 0.009647059, 0.016976746, 0.02856361, 0.045661595, 0.0496659, 0.06191784, 0.07492146, 0.08351548, 0.09303437, 0.08030787, 0.0680213, 0.07274264, 0.0821403, 0.08453041, 0.084596224, 0.06212568, 6.4775586E-4, 0.0 ],
  "lightfield_0.0_0.0_0.2_x" : [ 0.007946268, 0.018656755, 0.03066622, 0.03422368, 0.022183042, 0.029689388, 0.037635658, 0.04257523, 0.04605302, 0.051910535, 0.065024994, 0.06616809, 0.06560694, 0.06495571, 0.07729772, 0.08957736, 0.09926253, 0.082843475, 0.050715476, 0.017007923 ],
  "lightfield_0.0_0.0_0.4_y" : [ 0.017223127, 0.03941368, 0.029596906, 0.017687296, 0.019723127, 0.031437296, 0.037654724, 0.040476386, 0.042190555, 0.03818404, 0.030667752, 0.054381106, 0.06864007, 0.08733306, 0.10993893, 0.10016694, 0.085651465, 0.07113599, 0.056180783, 0.022316774 ],
  "lightfield_0.0_0.0_0.4_x" : [ 0.0, 0.0, 0.0, 1.5879479E-4, 0.01588355, 0.03744707, 0.08787459, 0.14168566, 0.13691776, 0.13881108, 0.117557004, 0.07857492, 0.07728827, 0.07728827, 0.06272801, 0.026775245, 0.001009772, 0.0, 0.0, 0.0 ],
  "lightfield_0.0_0.0_0.0_y" : [ 0.0, 0.0, 0.0, 0.0026777077, 0.016923428, 0.032466717, 0.04788811, 0.06786279, 0.13832071, 0.1917805, 0.19175297, 0.13798256, 0.06997428, 0.049201407, 0.0333121, 0.017249785, 0.0026069314, 0.0, 0.0, 0.0 ],
  "lightfield_0.0_0.0_0.0_x" : [ 0.046901174, 0.02932896, 0.020788606, 0.013789605, 0.023415199, 0.032462783, 0.03667398, 0.038553488, 0.039481446, 0.035793208, 0.024268446, 0.026242323, 0.06130024, 0.118637, 0.10632977, 0.09401861, 0.08170351, 0.069400206, 0.057092976, 0.043818466 ],
  "d1" : [ 0.0460073, 0.0387203, 0.292804, 0.043991, 0.0737934, 0.0907052, 0.1423065, 0.1034002, 0.1174466, 0.0047891, 0.0, 0.003327, 0.0122341, 0.0, 0.0, 0.0, 0.0, 0.0, 0.0, 0.0304753 ],
  "d2" : [ 0.033014998, 0.08111844, 0.12839764, 0.14933543, 0.07046627, 0.04887818, 0.05454458, 0.07722936, 0.10985759, 0.08435071, 0.060566436, 0.055248603, 0.014283208, 0.0035343207, 0.0027292792, 0.0035920308, 0.0031823588, 0.005119399, 0.010188789, 0.004362366 ],
  "d3" : [ 0.009789931, 0.032320675, 0.07041805, 0.10911884, 0.13612688, 0.14917327, 0.1577608, 0.1432538, 0.09646859, 0.043645564, 0.020681048, 0.013153961, 0.008640748, 0.005922296, 0.002143107, 3.839662E-4, 3.7692278E-4, 3.3254933E-4, 1.9208371E-4, 9.689713E-5 ],
  "d4" : [ 5.084145E-7, 1.0168289E-7, 9.15146E-7, 5.490876E-6, 1.2710361E-5, 6.8330904E-5, 2.473945E-4, 0.0014885359, 0.02056567, 0.85426176, 0.11862143, 0.004090194, 4.8665432E-4, 1.0910574E-4, 3.2233478E-5, 4.9824616E-6, 2.2370236E-6, 6.1009735E-7, 8.1346315E-7, 3.0504867E-7 ],
  "lightfield_0.0_0.8_0.0_y" : [ 0.0, 0.0, 0.0013591279, 0.023537751, 0.038370945, 0.05028215, 0.06096261, 0.08662138, 0.124283455, 0.13899106, 0.13634259, 0.11375929, 0.07365245, 0.057772703, 0.046497803, 0.033553995, 0.0140126925, 0.0, 0.0, 0.0 ],
  "lightfield_0.0_0.8_0.0_x" : [ 0.021840934, 0.036255505, 0.048295088, 0.060329095, 0.07236589, 0.084399894, 0.09388309, 0.097120434, 0.09433241, 0.08498317, 0.066047475, 0.03462846, 0.028538896, 0.02616391, 0.019825965, 0.012198661, 0.021120904, 0.035206158, 0.037081588, 0.025382482 ],
  "lightfield_0.8_0.0_0.0_x" : [ 0.04717289, 0.029273694, 0.020712703, 0.013756655, 0.023460148, 0.032518554, 0.03671939, 0.03854195, 0.039404657, 0.03566238, 0.024144094, 0.026227023, 0.063902386, 0.11796915, 0.105755255, 0.0935336, 0.08131193, 0.06909805, 0.05688027, 0.043955233 ],
  "lightfield_0.8_0.0_0.0_y" : [ 0.0, 0.0, 0.0, 0.0030661018, 0.017871993, 0.033497844, 0.049092606, 0.0691097, 0.13627638, 0.18942603, 0.19039366, 0.14101349, 0.069047526, 0.048245445, 0.03275949, 0.017269654, 0.0029300898, 0.0, 0.0, 0.0 ],
  "lightfield_0.0_0.6_0.0_x" : [ 0.011499688, 0.03210001, 0.04264462, 0.049741596, 0.055489436, 0.05937387, 0.062752046, 0.06471563, 0.06638535, 0.066788755, 0.06674601, 0.065812305, 0.06408648, 0.06174487, 0.058100875, 0.05369549, 0.047560275, 0.039282475, 0.026951935, 0.0045282776 ],
  "lightfield_0.0_0.6_0.0_y" : [ 0.019217797, 0.033465173, 0.04190193, 0.048432536, 0.05294612, 0.0568546, 0.059365854, 0.06163667, 0.062701285, 0.063700445, 0.06367907, 0.06270262, 0.0616153, 0.05934181, 0.056826547, 0.052912723, 0.048385784, 0.04183247, 0.033373006, 0.019108264 ],
  "lightfield_0.6_0.0_0.0_y" : [ 0.0, 0.0, 0.0, 0.0028974572, 0.017485863, 0.033062126, 0.048692837, 0.068259425, 0.13439535, 0.18937314, 0.19090937, 0.14267546, 0.07052294, 0.048650056, 0.032980453, 0.017338073, 0.002757446, 0.0, 0.0, 0.0 ],
  "lightfield_0.6_0.0_0.0_x" : [ 0.047191605, 0.029270152, 0.020698346, 0.013791119, 0.023440234, 0.032482635, 0.036667418, 0.03850701, 0.039428752, 0.035699006, 0.024179183, 0.02625602, 0.064654134, 0.11770677, 0.10554523, 0.093379796, 0.0812027, 0.0690256, 0.0568485, 0.044025794 ],
  "lightfield_0.0_0.4_0.0_x" : [ 0.010518682, 0.030724399, 0.041529167, 0.048867628, 0.054747712, 0.05873962, 0.062213913, 0.06426309, 0.06598095, 0.06653183, 0.06650122, 0.065774694, 0.06407015, 0.061946455, 0.058388334, 0.05424207, 0.048247553, 0.04054849, 0.029150255, 0.007013785 ],
  "lightfield_0.0_0.4_0.0_y" : [ 0.01925165, 0.033416275, 0.04180727, 0.04832473, 0.05288349, 0.056828827, 0.059333086, 0.061596498, 0.062819354, 0.06394507, 0.06392511, 0.0627129, 0.061575208, 0.059310462, 0.056802213, 0.052879497, 0.048339367, 0.041804608, 0.033360388, 0.01908399 ],
  "lightfield_0.0_0.2_0.0_y" : [ 0.0, 0.0, 0.0011371193, 0.023345869, 0.038301643, 0.050220437, 0.06087639, 0.08634842, 0.12426171, 0.13905823, 0.13653255, 0.11408631, 0.073898785, 0.05793441, 0.0465716, 0.03368052, 0.013746012, 0.0, 0.0, 0.0 ],
  "lightfield_0.0_0.2_0.0_x" : [ 0.02522896, 0.037072323, 0.03521717, 0.021295143, 0.012287593, 0.020079793, 0.026299026, 0.02862076, 0.03472265, 0.06580484, 0.08477266, 0.09409592, 0.09693732, 0.093992546, 0.0847559, 0.072588444, 0.060418192, 0.04823956, 0.03606931, 0.021501891 ],
  "a3" : [ 0.15593365, 0.17575711, 0.10809966, 0.082515806, 0.080487706, 0.08524522, 0.05112566, 0.0, 0.0, 0.0, 0.0, 0.0, 0.0, 0.0031006075, 0.016874991, 0.032834947, 0.0463128, 0.05000737, 0.051332638, 0.060371842 ],