{
  "eccentricity_minmax" : 0.027059702,
  "compactness" : 15.547663,
  "eccentricity" : 13.695871,
  "compactness_standardized" : -0.06500783,
  "convexity_minmax" : 0.08570355,
  "diameter_standardized" : -0.6073862,
  "surface_area_minmax" : 0.028218815,
  "convexity" : 0.1649669,
  "diameter_minmax" : 0.010282758,
  "rectangularity _standardized" : -0.3700372,
  "convexity_standardized" : -0.60621077,
  "diameter" : 1.0054544,
  "surface_area" : 0.59181446,
  "rectangularity " : 0.0017241896,
  "compactness_minmax" : 3.833255E-6,
  "surface_area_standardized" : -0.6123402,
  "rectangularity _minmax" : 0.0031070488,
  "eccentricity_standardized" : 0.20928995,
  "lightfield_0.0_0.0_0.6_y" : [ 0.040292017, 0.09666467, 0.10245238, 0.10158093, 0.11070645, 0.061001174, 0.021194208, 0.019180018, 0.020207668, 0.021259978, 0.022295848, 0.023307053, 0.02606115, 0.028346637, 0.030566357, 0.037019987, 0.0453316, 0.07319319, 0.08347789, 0.0358608 ],
  "lightfield_0.0_0.0_0.6_x" : [ 0.0, 0.0, 0.0, 0.0, 0.0025896726, 0.036033444, 0.05748251, 0.115754254, 0.21231204, 0.13252546, 0.08683213, 0.087974876, 0.12024302, 0.102419496, 0.044312175, 0.0015209188, 0.0, 0.0, 0.0, 0.0 ],
  "lightfield_0.0_0.0_0.8_y" : [ 0.0, 0.028364634, 0.05482423, 0.09094085, 0.06431646, 0.068878, 0.08374917, 0.099174045, 0.06842317, 0.029900528, 0.032266997, 0.036024336, 0.040658392, 0.053083986, 0.09069036, 0.068482496, 0.05285327, 0.0317792, 0.00558987, 0.0 ],
  "lightfield_0.0_0.0_0.8_x" : [ 0.018173669, 0.04721726, 0.07213437, 0.06844295, 0.048997052, 0.035332195, 0.030988181, 0.02856898, 0.025675168, 0.023869008, 0.02261656, 0.021383889, 0.030236712, 0.070816, 0.090340994, 0.07810656, 0.05829153, 0.091771424, 0.09457295, 0.042464554 ],
  "lightfield_0.0_0.0_0.2_y" : [ 0.0, 0.003497497, 0.07042349, 0.10123799, 0.102408335, 0.047266945, 0.062061965, 0.09031254, 0.08785009, 0.045555405, 0.035374105, 0.03934515, 0.047808144, 0.084724665, 0.07741172, 0.056054663, 0.037383303, 0.011283994, 0.0, 0.0 ],
  "lightfield_0.0_0.0_0.2_x" : [ 0.05759708, 0.09868083, 0.08394669, 0.06687864, 0.090907864, 0.08709241, 0.047875796, 0.020389663, 0.02162089, 0.022845352, 0.024096875, 0.025632527, 0.029028548, 0.03101069, 0.035759706, 0.048504937, 0.06857665, 0.073041536, 0.04792315, 0.018590176 ],
  "lightfield_0.0_0.0_0.4_y" : [ 0.039657075, 0.07684586, 0.08878412, 0.107773446, 0.11385365, 0.07691169, 0.03038456, 0.0189235, 0.020100048, 0.021268368, 0.02242846, 0.02360501, 0.026402395, 0.028228926, 0.030294055, 0.036925506, 0.04544931, 0.07314344, 0.083559595, 0.035460994 ],
  "lightfield_0.0_0.0_0.4_x" : [ 0.0, 0.0, 0.0, 0.0, 0.03410344, 0.059592567, 0.05717365, 0.06416712, 0.10231854, 0.1292722, 0.1420908, 0.13653716, 0.13183098, 0.077043325, 0.048970725, 0.016899507, 0.0, 0.0, 0.0, 0.0 ],
  "lightfield_0.0_0.0_0.0_y" : [ 0.0, 0.0, 0.0, 0.0, 0.0, 0.0, 0.033218525, 0.10374141, 0.23366088, 0.37555084, 0.09806851, 0.05320873, 0.06986442, 0.03268669, 0.0, 0.0, 0.0, 0.0, 0.0, 0.0 ],
  "lightfield_0.0_0.0_0.0_x" : [ 0.040208343, 0.05507437, 0.11257999, 0.1289149, 0.10470378, 0.06799034, 0.020986341, 0.018242752, 0.019331746, 0.020344764, 0.021433758, 0.022438332, 0.023527326, 0.027351467, 0.027908625, 0.03250097, 0.035227675, 0.053732123, 0.07945432, 0.088048086 ],
  "d1" : [ 0.0279568, 0.0303888, 0.1762591, 0.1345894, 0.0864094, 0.1236156, 0.0591516, 0.0485892, 0.0931759, 0.0277507, 0.0110584, 0.0, 0.0351636, 0.0324688, 0.0108105, 0.0162575, 0.0324694, 0.0161458, 0.0323131, 0.0054264 ],
  "d2" : [ 0.0484181, 0.11267359, 0.13655798, 0.1492383, 0.10718072, 0.06895491, 0.026385034, 0.012715032, 0.031971116, 0.015955102, 0.045062512, 0.049195237, 0.044720054, 0.059932724, 0.04238044, 0.024275962, 0.014311113, 0.0069044125, 0.002693073, 4.7458333E-4 ],
  "d3" : [ 0.010837184, 0.05839637, 0.09424609, 0.11183287, 0.12120764, 0.112995334, 0.09797709, 0.082707785, 0.066034436, 0.05708066, 0.05042957, 0.047029316, 0.03721222, 0.024057353, 0.014569585, 0.007986014, 0.0037976028, 0.0013016212, 2.793213E-4, 2.1935175E-5 ],
  "d4" : [ 6.1009735E-7, 4.57573E-6, 2.176014E-5, 8.02278E-5, 2.5481734E-4, 6.793434E-4, 0.0015971332, 0.004728153, 0.016870413, 0.09262773, 0.78432304, 0.07712078, 0.015023444, 0.0042177048, 0.0014954503, 6.3206087E-4, 2.287865E-4, 7.412683E-5, 1.6370946E-5, 3.4572183E-6 ],
  "lightfield_0.0_0.8_0.0_y" : [ 0.0, 0.0, 0.0, 0.0, 0.0, 0.04297265, 0.13551857, 0.17405546, 0.30482632, 0.15949416, 0.06306773, 0.050328158, 0.049960073, 0.019776901, 0.0, 0.0, 0.0, 0.0, 0.0, 0.0 ],
  "lightfield_0.0_0.8_0.0_x" : [ 0.051925283, 0.07349271, 0.07656219, 0.0634171, 0.037257936, 0.029914903, 0.023239419, 0.023158316, 0.019284038, 0.018317029, 0.017368736, 0.016401727, 0.017368736, 0.04286659, 0.09075539, 0.10870433, 0.08186514, 0.08639449, 0.07027351, 0.051432423 ],
  "lightfield_0.8_0.0_0.0_x" : [ 0.038729616, 0.053060062, 0.118897155, 0.14301167, 0.10715302, 0.06718718, 0.019999187, 0.017575536, 0.0186247, 0.019600667, 0.020649832, 0.021617666, 0.022666829, 0.026326705, 0.026896019, 0.031328537, 0.033939246, 0.051766906, 0.076564595, 0.08440486 ],
  "lightfield_0.8_0.0_0.0_y" : [ 0.0, 0.0, 0.0, 0.0, 0.0, 8.3770487E-4, 0.042934407, 0.0803058, 0.13770892, 0.37470618, 0.19173682, 0.06103046, 0.067593835, 0.042470824, 6.7504373E-4, 0.0, 0.0, 0.0, 0.0, 0.0 ],
  "lightfield_0.0_0.6_0.0_x" : [ 0.027529899, 0.047007598, 0.05599058, 0.060750686, 0.061134867, 0.057655368, 0.06158464, 0.05654655, 0.05097123, 0.04771037, 0.055397127, 0.06888409, 0.069077745, 0.06800641, 0.046083063, 0.038855452, 0.03440769, 0.037162554, 0.034157813, 0.021086266 ],
  "lightfield_0.0_0.6_0.0_y" : [ 0.0, 0.0026330503, 0.0318496, 0.07515906, 0.10804876, 0.13310178, 0.14730714, 0.13138077, 0.105487555, 0.075480774, 0.04617677, 0.033448797, 0.036016256, 0.036634695, 0.029788138, 0.0074868584, 0.0, 0.0, 0.0, 0.0 ],
  "lightfield_0.6_0.0_0.0_y" : [ 0.0, 0.0, 0.0, 0.0, 0.0, 5.0770567E-4, 0.042393424, 0.08399253, 0.14828281, 0.38735485, 0.16836993, 0.05867276, 0.06824547, 0.041812018, 3.6849605E-4, 0.0, 0.0, 0.0, 0.0, 0.0 ],
  "lightfield_0.6_0.0_0.0_x" : [ 0.039158847, 0.053423736, 0.11827904, 0.13989748, 0.10698669, 0.067180924, 0.020054374, 0.017695999, 0.018752355, 0.01973501, 0.020791365, 0.021765834, 0.022822188, 0.02656447, 0.027080365, 0.03155964, 0.034171868, 0.052211795, 0.07724496, 0.08462307 ],
  "lightfield_0.0_0.4_0.0_x" : [ 0.02132, 0.03439347, 0.03757851, 0.043186273, 0.06868509, 0.071354724, 0.073888555, 0.07319414, 0.04337145, 0.022403283, 0.04025122, 0.044997916, 0.05347283, 0.05909603, 0.05892011, 0.06202182, 0.061287288, 0.056191843, 0.047062635, 0.027322808 ],
  "lightfield_0.0_0.4_0.0_y" : [ 0.0, 0.004879404, 0.03618351, 0.07957965, 0.107368484, 0.12817617, 0.13080876, 0.12759903, 0.10688085, 0.07764456, 0.048019383, 0.035220593, 0.03578538, 0.037396416, 0.03207876, 0.012379057, 0.0, 0.0, 0.0, 0.0 ],
  "lightfield_0.0_0.2_0.0_y" : [ 0.0, 0.0, 0.0, 0.0, 1.7326947E-4, 0.04567507, 0.13880122, 0.1737831, 0.30471912, 0.15487815, 0.06233988, 0.050254334, 0.04979022, 0.01958564, 0.0, 0.0, 0.0, 0.0, 0.0, 0.0 ],
  "lightfield_0.0_0.2_0.0_x" : [ 0.057222243, 0.08519907, 0.105935715, 0.07813215, 0.09409151, 0.06938205, 0.04266761, 0.018403694, 0.016336836, 0.017277442, 0.018230423, 0.019177217, 0.02307578, 0.023026275, 0.030204581, 0.037593286, 0.06349088, 0.07634995, 0.07307021, 0.05113306 ],
  "a3" : [ 0.17106397, 0.14470525, 0.101226, 0.09296198, 0.09122014, 0.09348711, 0.05743816, 0.0, 0.0, 0.0, 0.0, 0.0, 0.0, 0.0036177947, 0.01774264, 0.029079402, 0.036006693, 0.042501014, 0.05060334, 0.068346485 ],
  "lightfield_0.4_0.0_0.0_y" : [ 0.0, 0.0, 0.0, 0.0, 0.0, 0.0, 0.035023484, 0.06992913, 0.053322222, 0.10688854, 0.3877161, 0.21323839, 0.09953201, 0.034350116, 0.0, 0.0, 0.0, 0.0, 0.0, 0.0 ],