{
  "eccentricity_minmax" : 0.28703135,
  "compactness" : 331.10703,
  "eccentricity" : 135.66237,
  "compactness_standardized" : -0.06290135,
  "convexity_minmax" : 0.015932336,
  "diameter_standardized" : -0.5562933,
  "surface_area_minmax" : 0.005110678,
  "convexity" : 0.03150221,
  "diameter_minmax" : 0.01852155,
  "rectangularity _standardized" : -0.40583724,
  "convexity_standardized" : -1.0840309,
  "diameter" : 1.0098246,
  "surface_area" : 0.12014707,
  "rectangularity " : 2.585507E-6,
  "compactness_minmax" : 8.399623E-5,
  "surface_area_standardized" : -0.90095836,
  "rectangularity _minmax" : 4.607063E-6,
  "eccentricity_standardized" : 5.722897,
  "lightfield_0.0_0.0_0.6_y" : [ 0.07732042, 0.05723971, 0.05581921, 0.0540113, 0.052235674, 0.050879743, 0.04897498, 0.04716707, 0.04574657, 0.04410008, 0.042227603, 0.04077482, 0.039063763, 0.03699758, 0.03580307, 0.03383374, 0.03212268, 0.030443907, 0.047360774, 0.12787732 ],
  "lightfield_0.0_0.0_0.6_x" : [ 0.0, 0.0, 0.0, 0.0, 0.0, 0.027376916, 0.04803874, 0.040839385, 0.08865214, 0.12687652, 0.14995964, 0.17259079, 0.20451978, 0.13110574, 0.010040355, 0.0, 0.0, 0.0, 0.0, 0.0 ],
  "lightfield_0.0_0.0_0.8_y" : [ 0.0, 0.0, 0.02059353, 0.089847796, 0.07934646, 0.07599149, 0.07247286, 0.069145165, 0.06581747, 0.062380668, 0.05905297, 0.05583438, 0.052779444, 0.04915171, 0.083901584, 0.091429815, 0.07176368, 4.9097155E-4, 0.0, 0.0 ],
  "lightfield_0.0_0.0_0.8_x" : [ 0.05016093, 0.062953465, 0.036195517, 0.032704163, 0.035322677, 0.037695706, 0.039550487, 0.042087175, 0.04407834, 0.046096776, 0.04838798, 0.050324585, 0.05280672, 0.054770608, 0.056789044, 0.05927118, 0.06150783, 0.06322623, 0.07740985, 0.04866074 ],
  "lightfield_0.0_0.0_0.2_y" : [ 0.0, 0.011624987, 0.074570656, 0.09460681, 0.08358441, 0.07946671, 0.07554986, 0.07193432, 0.06723913, 0.06354826, 0.059581198, 0.05463493, 0.051396, 0.047654916, 0.04147836, 0.041679222, 0.04850859, 0.03294165, 0.0, 0.0 ],
  "lightfield_0.0_0.0_0.2_x" : [ 0.05177262, 0.06761575, 0.05696997, 0.055438384, 0.053705934, 0.05167219, 0.049989957, 0.048157077, 0.047052324, 0.045093905, 0.042984836, 0.041352816, 0.03984634, 0.038038567, 0.036055036, 0.034322586, 0.03294165, 0.041955408, 0.09874962, 0.06628503 ],
  "lightfield_0.0_0.0_0.4_y" : [ 0.07635091, 0.06065958, 0.058893453, 0.057161294, 0.054919675, 0.05322148, 0.05125157, 0.049383555, 0.047651395, 0.045681488, 0.043847434, 0.04201338, 0.039941583, 0.038345277, 0.03620555, 0.03430357, 0.032537445, 0.030805284, 0.049825087, 0.09700099 ],
  "lightfield_0.0_0.0_0.4_x" : [ 0.0, 0.0, 0.0, 0.0, 0.0, 0.0, 0.057161294, 0.17066875, 0.14309004, 0.12987807, 0.11765105, 0.15256597, 0.13599157, 0.092993245, 0.0, 0.0, 0.0, 0.0, 0.0, 0.0 ],
  "lightfield_0.0_0.0_0.0_y" : [ 0.0, 0.0, 0.0, 0.0, 0.0, 0.0, 0.0, 0.0, 0.29117268, 0.6256997, 0.06021625, 0.02291138, 0.0, 0.0, 0.0, 0.0, 0.0, 0.0, 0.0, 0.0 ],
  "lightfield_0.0_0.0_0.0_x" : [ 0.08702152, 0.056843862, 0.05531412, 0.05371484, 0.05204603, 0.050307687, 0.04881271, 0.046970066, 0.045336023, 0.043806277, 0.04203317, 0.040294822, 0.038730312, 0.036818136, 0.035323158, 0.033550046, 0.031916004, 0.030316727, 0.028578382, 0.14226611 ],
  "d1" : [ 0.0341269, 0.049644, 0.043505, 0.0412553, 0.0405221, 0.0434706, 0.0406415, 0.0427976, 0.0415806, 0.0405941, 0.0423728, 0.0395153, 0.0399468, 0.0423202, 0.0424546, 0.0405258, 0.1074512, 0.0678891, 0.0737499, 0.0856366 ],
  "d2" : [ 0.07837807, 0.09321787, 0.07556077, 0.06906813, 0.0649321, 0.061073523, 0.057154138, 0.053797346, 0.051434632, 0.049301457, 0.04516623, 0.041266445, 0.039536543, 0.035830393, 0.034534063, 0.031353407, 0.026896322, 0.026376631, 0.027762875, 0.03735906 ],
  "d3" : [ 0.006673928, 0.03914795, 0.08593105, 0.12504247, 0.14624162, 0.1425735, 0.11399731, 0.082832955, 0.061813023, 0.048002515, 0.03877374, 0.031079628, 0.024502598, 0.018558668, 0.013618021, 0.00917494, 0.0060554165, 0.0038248708, 0.0018325933, 3.2319166E-4 ],
  "d4" : [ 8.1346315E-7, 3.4572183E-6, 1.1896898E-5, 4.321523E-5, 1.159185E-4, 3.9473298E-4, 0.0012736799, 0.0045760353, 0.019085167, 0.12059611, 0.7804832, 0.05761363, 0.011637404, 0.0029411777, 8.416293E-4, 2.633587E-4, 7.849919E-5, 2.8572893E-5, 9.253144E-6, 2.2370236E-6 ],
  "lightfield_0.0_0.8_0.0_y" : [ 0.0, 0.0, 0.0, 0.0, 0.0, 0.0, 0.0026645614, 0.57389224, 0.30432746, 0.08800454, 0.03111122, 0.0, 0.0, 0.0, 0.0, 0.0, 0.0, 0.0, 0.0, 0.0 ],
  "lightfield_0.0_0.8_0.0_x" : [ 0.17630515, 0.048628245, 0.025387349, 0.026917003, 0.028249284, 0.029803611, 0.03140728, 0.03283825, 0.034343235, 0.035576828, 0.037402548, 0.038858186, 0.040165793, 0.041744795, 0.04327445, 0.044631403, 0.046235073, 0.047838744, 0.081022404, 0.10937037 ],
  "lightfield_0.8_0.0_0.0_x" : [ 0.101348266, 0.056821987, 0.055330675, 0.05393067, 0.052408922, 0.05061326, 0.049243692, 0.04744803, 0.046078462, 0.0442828, 0.043004535, 0.041269746, 0.039778434, 0.03810451, 0.036795814, 0.03484798, 0.033569712, 0.031987097, 0.030434916, 0.11270049 ],
  "lightfield_0.8_0.0_0.0_y" : [ 0.0, 0.0, 0.0, 0.0, 0.0, 0.0, 0.0, 0.0, 0.013756582, 0.07587424, 0.82411665, 0.08625255, 0.0, 0.0, 0.0, 0.0, 0.0, 0.0, 0.0, 0.0 ],
  "lightfield_0.0_0.6_0.0_x" : [ 0.061856363, 0.13990201, 0.12200505, 0.028098224, 0.020029679, 0.02160312, 0.022773879, 0.02401921, 0.025197426, 0.026412928, 0.027606059, 0.028776817, 0.030037062, 0.031349506, 0.03260229, 0.04780725, 0.078299195, 0.078299195, 0.078299195, 0.07502554 ],
  "lightfield_0.0_0.6_0.0_y" : [ 0.0, 0.0, 0.05298991, 0.24086323, 0.22887972, 0.14847018, 0.1296038, 0.08447364, 0.05668116, 0.047710307, 0.010328037, 0.0, 0.0, 0.0, 0.0, 0.0, 0.0, 0.0, 0.0, 0.0 ],
  "lightfield_0.6_0.0_0.0_y" : [ 0.0, 0.0, 0.0, 0.0, 0.0, 0.0, 0.0, 0.0, 0.0, 0.31146285, 0.6885372, 0.0, 0.0, 0.0, 0.0, 0.0, 0.0, 0.0, 0.0, 0.0 ],
  "lightfield_0.6_0.0_0.0_x" : [ 0.104231924, 0.05898034, 0.05871376, 0.05641453, 0.054248583, 0.052649118, 0.052015994, 0.049516827, 0.047650784, 0.046517827, 0.045084972, 0.042852383, 0.040986337, 0.040019993, 0.03842053, 0.03622126, 0.034088638, 0.033855382, 0.03175608, 0.075774744 ],
  "lightfield_0.0_0.4_0.0_x" : [ 0.07622019, 0.07800312, 0.07800312, 0.07800312, 0.04693559, 0.032486442, 0.031245822, 0.030064631, 0.028786866, 0.027553674, 0.026253622, 0.025117004, 0.023913529, 0.022620905, 0.02140257, 0.020199094, 0.028987445, 0.12273977, 0.139217, 0.06224649 ],
  "lightfield_0.0_0.4_0.0_y" : [ 0.0, 0.0, 0.05356957, 0.24048734, 0.22832628, 0.14875567, 0.12976748, 0.08442909, 0.05660798, 0.047552187, 0.01050442, 0.0, 0.0, 0.0, 0.0, 0.0, 0.0, 0.0, 0.0, 0.0 ],
  "lightfield_0.0_0.2_0.0_y" : [ 0.0, 0.0, 0.0, 0.0, 0.0, 0.0, 0.0030078155, 0.5746407, 0.3032223, 0.088188164, 0.030941052, 0.0, 0.0, 0.0, 0.0, 0.0, 0.0, 0.0, 0.0, 0.0 ],
  "lightfield_0.0_0.2_0.0_x" : [ 0.11106728, 0.07970711, 0.047705926, 0.04617736, 0.044574838, 0.043095585, 0.04186287, 0.04033431, 0.038485244, 0.03722788, 0.035526738, 0.034392644, 0.032864083, 0.031212248, 0.029486453, 0.028524937, 0.026873104, 0.025517123, 0.050984938, 0.17437933 ],
  "a3" : [ 0.5059252, 0.07039592, 0.028425572, 0.019809375, 0.01799107, 0.021059379, 0.021433283, 0.0, 0.0, 0.0, 0.0, 0.0, 0.0, 0.08890337, 0.10219316, 0.03835637, 0.02372722, 0.019760475, 0.017831184, 0.02418846 ],
  "lightfield_0.4_0.0_0.0_y" : [ 0.0, 0.0, 0.0, 0.0, 0.0, 0.0, 0.0, 0.0, 0.0, 0.7125083, 0.28749168, 0.0, 0.0, 0.0, 0.0, 0.0, 0.0, 0.0, 0.0, 0.0 ],
  "lightfield_0.4_0.0_0.0_x" : [ 0.10405855, 0.05904857, 0.058682635, 0.05645376, 0.054224882, 0.052428477, 0.05196274, 0.049667332, 0.047571525, 0.04624085, 0.045342647, 0.04314704, 0.04105123, 0.03992016, 0.038522955, 0.036427144, 0.03419827, 0.033666, 0.031969395, 0.075415835 ],
  "lightfield_0.2_0.0_0.0_x" : [ 0.101062216, 0.0568437, 0.0554173, 0.0538695, 0.052139606, 0.050652504, 0.049104705, 0.04740516, 0.045948405, 0.04461305, 0.042943854, 0.041062217, 0.03996965, 0.03781487, 0.03699545, 0.035113808, 0.033717755, 0.032139607, 0.030349014, 0.112837635 ],