{
  "eccentricity_minmax" : 8.824908E-4,
  "compactness" : 16.758936,
  "eccentricity" : 1.4147518,
  "compactness_standardized" : -0.0649835,
  "convexity_minmax" : 0.26802734,
  "diameter_standardized" : -0.6692642,
  "surface_area_minmax" : 0.09223587,
  "convexity" : 0.5137323,
  "diameter_minmax" : 3.9126392E-4,
  "rectangularity _standardized" : 0.010684328,
  "convexity_standardized" : 0.6414665,
  "diameter" : 1.0002075,
  "surface_area" : 1.8984865,
  "rectangularity " : 0.020056246,
  "compactness_minmax" : 4.1409603E-6,
  "surface_area_standardized" : 0.1869254,
  "rectangularity _minmax" : 0.036142595,
  "eccentricity_standardized" : -0.34581974,
  "lightfield_0.0_0.0_0.6_y" : [ 0.0016426293, 0.01025838, 0.018262172, 0.03321378, 0.051609386, 0.07148888, 0.07641216, 0.07680327, 0.07154179, 0.08028408, 0.080350794, 0.076727346, 0.07300958, 0.0662136, 0.0593164, 0.05411014, 0.040253617, 0.032744456, 0.021381788, 0.004375743 ],
  "lightfield_0.0_0.0_0.6_x" : [ 0.0, 0.0, 5.3373945E-4, 0.03310105, 0.057772696, 0.058173, 0.05916686, 0.07253105, 0.08664984, 0.08912989, 0.083251856, 0.07650189, 0.0765157, 0.08615061, 0.08402255, 0.07188458, 0.051570274, 0.0130444085, 0.0, 0.0 ],
  "lightfield_0.0_0.0_0.8_y" : [ 0.0, 0.0032297794, 0.010941654, 0.01959737, 0.038046017, 0.061876863, 0.08469941, 0.08631315, 0.086356886, 0.08910324, 0.08954753, 0.0859172, 0.05784827, 0.06774479, 0.07362424, 0.06956802, 0.05741088, 0.018174702, 0.0, 0.0 ],
  "lightfield_0.0_0.0_0.8_x" : [ 0.0, 1.404252E-4, 0.016632328, 0.047914915, 0.06357808, 0.06396022, 0.075670764, 0.08718793, 0.08528413, 0.07853451, 0.068925746, 0.06817298, 0.07248011, 0.06663521, 0.045175474, 0.051365692, 0.048062246, 0.039611414, 0.020667825, 0.0 ],
  "lightfield_0.0_0.0_0.2_y" : [ 0.0, 0.0036927876, 0.047898103, 0.06443397, 0.067553855, 0.06268996, 0.060561717, 0.07063923, 0.080277294, 0.07897504, 0.07324834, 0.079161406, 0.079906866, 0.08449236, 0.078305505, 0.039698042, 0.028465526, 0.0, 0.0, 0.0 ],
  "lightfield_0.0_0.0_0.2_x" : [ 0.0, 0.0, 0.0018176339, 0.024075596, 0.052352455, 0.06964759, 0.06958777, 0.071345575, 0.08354903, 0.08486509, 0.08385734, 0.08099054, 0.07558136, 0.06621709, 0.060237303, 0.05666186, 0.051952116, 0.04379117, 0.023470484, 0.0 ],
  "lightfield_0.0_0.0_0.4_y" : [ 0.01262065, 0.025123846, 0.033322662, 0.03880159, 0.04302306, 0.0582139, 0.063451014, 0.06570569, 0.07620754, 0.08748552, 0.084811695, 0.074924745, 0.06893224, 0.06918558, 0.06529344, 0.057110745, 0.04306682, 0.024677057, 0.00804221, 0.0 ],
  "lightfield_0.0_0.0_0.4_x" : [ 0.0, 0.0030929805, 0.012459437, 0.016109753, 0.026618518, 0.04772356, 0.06489732, 0.07345541, 0.09706846, 0.0976258, 0.082193136, 0.08453763, 0.085647695, 0.08494987, 0.0848163, 0.07265165, 0.052412547, 0.013739927, 0.0, 0.0 ],
  "lightfield_0.0_0.0_0.0_y" : [ 0.0, 0.0, 0.020040186, 0.05415016, 0.07300041, 0.08289507, 0.08901507, 0.100405775, 0.10573172, 0.09220051, 0.07002212, 0.07016022, 0.07744023, 0.056412652, 0.048660804, 0.033198535, 0.019271446, 0.007395098, 0.0, 0.0 ],
  "lightfield_0.0_0.0_0.0_x" : [ 0.005912856, 0.015581952, 0.023623805, 0.029619519, 0.04489536, 0.050370906, 0.060518738, 0.083049275, 0.08554423, 0.08003416, 0.06996228, 0.07319375, 0.075725526, 0.0709911, 0.06308274, 0.05680853, 0.048400722, 0.031962566, 0.020663925, 0.01005807 ],
  "d1" : [ 0.0185516, 0.0560888, 0.0553723, 0.0604072, 0.0671051, 0.0615398, 0.0647861, 0.0791489, 0.0836454, 0.0838449, 0.0769441, 0.0677303, 0.0590089, 0.0501759, 0.048515, 0.0254722, 0.019568, 0.0103403, 0.0065441, 0.0052111 ],
  "d2" : [ 0.010050265, 0.027823085, 0.04390431, 0.058612794, 0.070594296, 0.081178255, 0.090859756, 0.10523428, 0.12807278, 0.11579744, 0.09418074, 0.06886749, 0.04686603, 0.029371258, 0.016694132, 0.0077422597, 0.0026667684, 0.0010547852, 3.5096164E-4, 7.831375E-5 ],
  "d3" : [ 0.0013991221, 0.012012226, 0.031299584, 0.051500674, 0.071624085, 0.08873402, 0.10032133, 0.106579095, 0.108547024, 0.10655998, 0.1000075, 0.08640155, 0.06264958, 0.039674394, 0.020516433, 0.007989334, 0.0028448312, 0.0010234067, 2.782145E-4, 3.7631908E-5 ],
  "d4" : [ 5.795925E-6, 5.4908764E-5, 2.2685454E-4, 8.0126117E-4, 0.002437339, 0.006739339, 0.016328951, 0.0371835, 0.090858646, 0.42738804, 0.28531662, 0.07723802, 0.032464296, 0.014264076, 0.0058018225, 0.0020404707, 6.3378946E-4, 1.7967368E-4, 3.335199E-5, 3.2538526E-6 ],
  "lightfield_0.0_0.8_0.0_y" : [ 0.0, 0.0, 0.017541265, 0.047079127, 0.0632595, 0.07322708, 0.08151572, 0.092659295, 0.097890854, 0.08579811, 0.06997276, 0.06872034, 0.07563083, 0.0711093, 0.06561395, 0.04859041, 0.030787816, 0.010603651, 0.0, 0.0 ],
  "lightfield_0.0_0.8_0.0_x" : [ 0.0, 9.12195E-5, 0.013315583, 0.03556821, 0.06108502, 0.07489122, 0.077502064, 0.08081555, 0.08917077, 0.09066233, 0.08916337, 0.07640743, 0.07788666, 0.08707025, 0.074065305, 0.041573904, 0.02137988, 0.009195913, 1.5531969E-4, 0.0 ],
  "lightfield_0.8_0.0_0.0_x" : [ 0.0050057857, 0.012733163, 0.01921083, 0.024795186, 0.04737561, 0.054205045, 0.0597084, 0.07793335, 0.0831127, 0.080247626, 0.07249016, 0.07344596, 0.07691506, 0.07378847, 0.06844018, 0.06112937, 0.051856052, 0.032395277, 0.016873408, 0.008338348 ],
  "lightfield_0.8_0.0_0.0_y" : [ 0.0, 0.012922934, 0.027979635, 0.046806294, 0.05133071, 0.06676232, 0.07851423, 0.07950012, 0.07530433, 0.08845406, 0.11238139, 0.10757926, 0.09507521, 0.080053225, 0.05862763, 0.018708631, 0.0, 0.0, 0.0, 0.0 ],
  "lightfield_0.0_0.6_0.0_x" : [ 0.0, 0.0, 0.0, 0.0, 5.41932E-4, 0.03822427, 0.08451881, 0.12015987, 0.12417017, 0.12778305, 0.13443978, 0.13224496, 0.1127354, 0.077554986, 0.047608726, 1.80644E-5, 0.0, 0.0, 0.0, 0.0 ],
  "lightfield_0.0_0.6_0.0_y" : [ 0.0, 0.0, 0.012703789, 0.033224948, 0.04447907, 0.052224178, 0.059142843, 0.06500926, 0.0742492, 0.08477623, 0.0928465, 0.10051484, 0.10550964, 0.106990926, 0.08083367, 0.04775324, 0.028410785, 0.011330894, 0.0, 0.0 ],
  "lightfield_0.6_0.0_0.0_y" : [ 0.0, 0.0, 0.0, 0.008511991, 0.06722522, 0.093379, 0.11280195, 0.121274196, 0.12560968, 0.14161482, 0.16249739, 0.10378415, 0.059060067, 0.004241544, 0.0, 0.0, 0.0, 0.0, 0.0, 0.0 ],
  "lightfield_0.6_0.0_0.0_x" : [ 0.0034430933, 0.008222959, 0.011976762, 0.016095467, 0.043044083, 0.057997875, 0.06964587, 0.0795705, 0.08465023, 0.08687578, 0.08262701, 0.08009437, 0.07772792, 0.073681474, 0.06883658, 0.059721228, 0.04857905, 0.03162371, 0.010246183, 0.0053398656 ],
  "lightfield_0.0_0.4_0.0_x" : [ 0.0, 0.0, 0.0, 0.0, 0.0, 0.037858415, 0.077620305, 0.11155955, 0.12859201, 0.13198145, 0.12776598, 0.1268771, 0.12433165, 0.09010959, 0.042311817, 9.921392E-4, 0.0, 0.0, 0.0, 0.0 ],
  "lightfield_0.0_0.4_0.0_y" : [ 0.0, 0.0, 0.012825981, 0.03408739, 0.04557555, 0.053463284, 0.06027807, 0.06657658, 0.073719084, 0.08439917, 0.09261911, 0.10041257, 0.10290414, 0.104327254, 0.078769565, 0.046881944, 0.029063843, 0.0140964575, 0.0, 0.0 ],
  "lightfield_0.0_0.2_0.0_y" : [ 0.0, 0.0, 0.017505202, 0.047145415, 0.063395694, 0.07328802, 0.08140581, 0.092719726, 0.098009035, 0.085805394, 0.06922422, 0.06851588, 0.07513119, 0.07093504, 0.06366776, 0.05025086, 0.03161819, 0.011382548, 0.0, 0.0 ],
  "lightfield_0.0_0.2_0.0_x" : [ 0.0, 3.1127984E-4, 0.009620263, 0.021306738, 0.039517835, 0.06942766, 0.08559216, 0.078243986, 0.07416058, 0.08849662, 0.090744205, 0.08963634, 0.08240828, 0.07834203, 0.07613611, 0.063008435, 0.03838056, 0.01431152, 3.5539825E-4, 0.0 ],
  "a3" : [ 0.075460926, 0.12400307, 0.14084847, 0.1502819, 0.14156027, 0.11536574, 0.058532104, 0.0, 0.0, 0.0, 0.0, 0.0, 0.0, 0.0019781906, 0.008313331, 0.017191542, 0.025954947, 0.032734126, 0.04405509, 0.06372028 ],
  "lightfield_0.4_0.0_0.0_y" : [ 0.0, 0.0, 0.0, 0.0, 0.0, 0.0, 0.040787105, 0.08537918, 0.14372686, 0.16533764, 0.12601121, 0.12235771, 0.11473695, 0.10167743, 0.07684956, 0.023136377, 0.0, 0.0, 0.0, 0.0 ],