{
  "eccentricity_minmax" : 8.824908E-4,
  "compactness" : 16.758936,
  "eccentricity" : 1.4147518,
  "compactness_standardized" : -0.064999744,
  "convexity_minmax" : 0.26802734,
  "diameter_standardized" : -0.66872823,
  "surface_area_minmax" : 0.09223587,
  "convexity" : 0.5137323,
  "diameter_minmax" : 3.9126392E-4,
  "rectangularity _standardized" : 0.011170227,
  "convexity_standardized" : 0.6424128,
  "diameter" : 1.0002075,
  "surface_area" : 1.8984865,
  "rectangularity " : 0.020056246,
  "compactness_minmax" : 4.1409603E-6,
  "surface_area_standardized" : 0.18722606,
  "rectangularity _minmax" : 0.036142595,
  "eccentricity_standardized" : -0.3458893,
  "lightfield_0.0_0.0_0.6_y" : [ 0.005212358, 0.013320931, 0.021566235, 0.036830407, 0.0551731, 0.069788836, 0.07306209, 0.07164921, 0.06855204, 0.07645551, 0.07630428, 0.07297923, 0.069819905, 0.06447289, 0.057087336, 0.053658698, 0.041835595, 0.034213867, 0.025492078, 0.012525404 ],
  "lightfield_0.0_0.0_0.6_x" : [ 0.0, 0.0, 0.017667325, 0.049707998, 0.05597484, 0.05608257, 0.06069414, 0.07413523, 0.08498878, 0.08307869, 0.077207536, 0.07230593, 0.07302066, 0.08260842, 0.07931444, 0.06800304, 0.049770147, 0.015440264, 0.0, 0.0 ],
  "lightfield_0.0_0.0_0.8_y" : [ 0.00308216, 0.009119793, 0.013132101, 0.027094334, 0.040269777, 0.06150984, 0.07261662, 0.07341675, 0.07341341, 0.07501867, 0.07637389, 0.07606717, 0.06617726, 0.05003967, 0.056680735, 0.06300675, 0.060741384, 0.055382196, 0.040411465, 0.0064460314 ],
  "lightfield_0.0_0.0_0.8_x" : [ 0.0091331275, 0.03317531, 0.050691444, 0.05448372, 0.054562062, 0.06595222, 0.073856816, 0.07499033, 0.06740412, 0.063605174, 0.057402518, 0.05842768, 0.062034927, 0.05834267, 0.038551167, 0.04386202, 0.04336194, 0.039247945, 0.032403518, 0.018511295 ],
  "lightfield_0.0_0.0_0.2_y" : [ 0.006742643, 0.039716482, 0.051575437, 0.054773327, 0.05377988, 0.0489724, 0.050192527, 0.056241434, 0.06360175, 0.06602222, 0.06273914, 0.058949444, 0.06440198, 0.06534978, 0.06598723, 0.069996, 0.05868473, 0.030895667, 0.030378407, 9.995298E-4 ],
  "lightfield_0.0_0.0_0.2_x" : [ 0.009173768, 0.02705729, 0.047090486, 0.05648181, 0.059151784, 0.052605394, 0.063874066, 0.068868674, 0.0690558, 0.06828904, 0.06742339, 0.06321532, 0.060376473, 0.052234184, 0.049077373, 0.04698247, 0.04435661, 0.04033263, 0.034006838, 0.020346595 ],
  "lightfield_0.0_0.0_0.4_y" : [ 0.007820427, 0.020638587, 0.02924591, 0.034988344, 0.03806209, 0.0493592, 0.05905931, 0.060947437, 0.06624263, 0.07698069, 0.08388131, 0.07939622, 0.069470376, 0.065871336, 0.06605698, 0.061955847, 0.05435693, 0.04159362, 0.024718627, 0.009354134 ],
  "lightfield_0.0_0.0_0.4_x" : [ 0.0, 0.0027425291, 0.011700052, 0.014617681, 0.02365537, 0.040405896, 0.060709048, 0.06513718, 0.08957733, 0.09495058, 0.08503106, 0.07750177, 0.083457276, 0.078554474, 0.083043784, 0.07865152, 0.063584484, 0.042378407, 0.0043015517, 0.0 ],
  "lightfield_0.0_0.0_0.0_y" : [ 0.0, 0.0, 0.020040186, 0.05415016, 0.07300041, 0.08289507, 0.08901507, 0.100405775, 0.10573172, 0.09220051, 0.07002212, 0.07016022, 0.07744023, 0.056412652, 0.048660804, 0.033198535, 0.019271446, 0.007395098, 0.0, 0.0 ],
  "lightfield_0.0_0.0_0.0_x" : [ 0.005912856, 0.015581952, 0.023623805, 0.029619519, 0.04489536, 0.050370906, 0.060518738, 0.083049275, 0.08554423, 0.08003416, 0.06996228, 0.07319375, 0.075725526, 0.0709911, 0.06308274, 0.05680853, 0.048400722, 0.031962566, 0.020663925, 0.01005807 ],
  "d1" : [ 0.0185696, 0.0559895, 0.0552362, 0.0605826, 0.0671445, 0.0615469, 0.0647961, 0.0791143, 0.083658, 0.0837925, 0.076851, 0.0677541, 0.059001, 0.0502901, 0.0485667, 0.0254005, 0.0195463, 0.0104161, 0.0065236, 0.0052204 ],
  "d2" : [ 0.010325613, 0.028314171, 0.044329185, 0.058496874, 0.070533186, 0.0802854, 0.08987498, 0.10503114, 0.12953965, 0.11596867, 0.09372746, 0.06922556, 0.046830725, 0.028954884, 0.01685846, 0.0076234387, 0.0026379633, 0.00102468, 3.4125993E-4, 7.671347E-5 ],
  "d3" : [ 0.0013005144, 0.011647075, 0.029999673, 0.04927506, 0.06838995, 0.08503906, 0.097419344, 0.10523139, 0.10820411, 0.10741685, 0.101068236, 0.088543855, 0.06593442, 0.042779125, 0.0230589, 0.009509603, 0.0035710062, 0.0012601658, 3.1755696E-4, 3.4110206E-5 ],
  "d4" : [ 1.2812045E-5, 8.683719E-5, 3.750065E-4, 0.0011684381, 0.0033061176, 0.007814127, 0.017465562, 0.0386275, 0.09649462, 0.42611742, 0.2714732, 0.07841815, 0.032865334, 0.015059033, 0.0067045633, 0.0026993759, 9.403634E-4, 2.9203328E-4, 7.138139E-5, 8.134632E-6 ],
  "lightfield_0.0_0.8_0.0_y" : [ 0.010429754, 0.032955248, 0.04526871, 0.054387286, 0.059893265, 0.06507186, 0.07333405, 0.07813526, 0.07780464, 0.06663947, 0.056533877, 0.054437283, 0.059688445, 0.05983682, 0.0578886, 0.05291483, 0.042191554, 0.029041067, 0.020395031, 0.0031529563 ],
  "lightfield_0.0_0.8_0.0_x" : [ 0.008781508, 0.0208208, 0.039503075, 0.053892165, 0.06124799, 0.06273496, 0.0630688, 0.06983597, 0.07305182, 0.07326148, 0.07326148, 0.06326879, 0.060148083, 0.066903956, 0.07080201, 0.06038516, 0.038767654, 0.021688469, 0.013579484, 0.0049963472 ],
  "lightfield_0.8_0.0_0.0_x" : [ 0.0050059017, 0.012751973, 0.019232104, 0.024809645, 0.047469277, 0.054176215, 0.05969821, 0.07790275, 0.08307297, 0.08020088, 0.072496474, 0.07344766, 0.07696776, 0.07380638, 0.06841399, 0.06115624, 0.051847994, 0.032291885, 0.0168738, 0.0083778845 ],
  "lightfield_0.8_0.0_0.0_y" : [ 0.0, 0.0, 0.002150015, 0.021118285, 0.03375917, 0.050681572, 0.053852208, 0.074833944, 0.07976579, 0.07774075, 0.07644935, 0.1006457, 0.11301349, 0.10286283, 0.08955542, 0.07258905, 0.046740264, 0.004242172, 0.0, 0.0 ],
  "lightfield_0.0_0.6_0.0_x" : [ 0.0, 0.0, 0.0037694233, 0.03209942, 0.060146302, 0.084871344, 0.096422285, 0.09577787, 0.0985955, 0.1022355, 0.104753844, 0.10008386, 0.08695019, 0.06348432, 0.054950535, 0.01585962, 0.0, 0.0, 0.0, 0.0 ],
  "lightfield_0.0_0.6_0.0_y" : [ 0.013783471, 0.025142971, 0.03210481, 0.03758099, 0.041649703, 0.04580739, 0.04942313, 0.05377495, 0.060305383, 0.06628577, 0.07112563, 0.07511614, 0.08019327, 0.081989005, 0.08338299, 0.070187315, 0.04735237, 0.031635653, 0.0206078, 0.012551263 ],
  "lightfield_0.6_0.0_0.0_y" : [ 0.0, 0.0, 0.0, 0.0, 0.0, 0.030393127, 0.077884875, 0.10326005, 0.116709895, 0.12353779, 0.12589322, 0.16117065, 0.14113495, 0.08405887, 0.03595659, 0.0, 0.0, 0.0, 0.0, 0.0 ],
  "lightfield_0.6_0.0_0.0_x" : [ 0.0034247811, 0.008103148, 0.011957834, 0.016166557, 0.043073487, 0.05816348, 0.06963722, 0.07959365, 0.084669404, 0.086696096, 0.082733035, 0.08007052, 0.07776566, 0.07364363, 0.068882175, 0.05960492, 0.048582762, 0.031682838, 0.010209316, 0.0053394795 ],
  "lightfield_0.0_0.4_0.0_x" : [ 0.0, 0.0, 0.0010045298, 0.041362517, 0.057938598, 0.078717634, 0.09431597, 0.10112266, 0.10215666, 0.098741256, 0.098583214, 0.098741256, 0.09468831, 0.072805636, 0.045723516, 0.01409824, 0.0, 0.0, 0.0, 0.0 ],
  "lightfield_0.0_0.4_0.0_y" : [ 0.014151815, 0.025686495, 0.03287625, 0.038488224, 0.042691175, 0.04663697, 0.05058812, 0.05387762, 0.059859257, 0.06598823, 0.07097873, 0.07516293, 0.07924266, 0.079799846, 0.08138031, 0.06752047, 0.04745934, 0.030567171, 0.021545155, 0.015499225 ],
  "lightfield_0.0_0.2_0.0_y" : [ 0.009269022, 0.032546375, 0.045240305, 0.05463118, 0.06026408, 0.06527634, 0.073819116, 0.07855354, 0.07846419, 0.06690593, 0.056187663, 0.05475141, 0.05996026, 0.05965156, 0.058005724, 0.05115753, 0.04258714, 0.030281516, 0.01955512, 0.0028920001 ],
  "lightfield_0.0_0.2_0.0_x" : [ 0.005109742, 0.013421805, 0.020879265, 0.036588676, 0.05629977, 0.06984343, 0.067281246, 0.05983353, 0.062233243, 0.07319684, 0.07388735, 0.073674515, 0.07092711, 0.06469306, 0.06384009, 0.06230148, 0.055077977, 0.040330403, 0.021828102, 0.008752362 ],
  "a3" : [ 0.07951461, 0.12739588, 0.14400554, 0.15411222, 0.14019737, 0.11168224, 0.056593154, 0.0, 0.0, 0.0, 0.0, 0.0, 0.0, 0.0021312337, 0.008428943, 0.016982958, 0.02462163, 0.03122925, 0.041951023, 0.06115396 ],