{
  "eccentricity_minmax" : 0.00232067,
  "compactness" : 25.571312,
  "eccentricity" : 2.089478,
  "compactness_standardized" : -0.06492466,
  "convexity_minmax" : 0.023545757,
  "diameter_standardized" : 0.4176576,
  "surface_area_minmax" : 0.015746927,
  "convexity" : 0.046065852,
  "diameter_minmax" : 0.17571998,
  "rectangularity _standardized" : -0.39320278,
  "convexity_standardized" : -1.0323141,
  "diameter" : 1.0932095,
  "surface_area" : 0.33724687,
  "rectangularity " : 6.3375663E-4,
  "compactness_minmax" : 6.379608E-6,
  "surface_area_standardized" : -0.7685485,
  "rectangularity _minmax" : 0.0011420181,
  "eccentricity_standardized" : -0.31531122,
  "lightfield_0.0_0.0_0.6_y" : [ 0.061019033, 0.057328757, 0.059076782, 0.060598213, 0.09322802, 0.065842286, 0.08973197, 0.058688335, 0.05901204, 0.057490613, 0.0648388, 0.09976693, 0.0876926, 0.081412666, 0.004272951, 0.0, 0.0, 0.0, 0.0, 0.0 ],
  "lightfield_0.0_0.0_0.6_x" : [ 0.03201476, 0.034410205, 0.03547844, 0.036643792, 0.034572057, 0.036384825, 0.043409295, 0.18030559, 0.3178169, 0.23475334, 0.014210799, 0.0, 0.0, 0.0, 0.0, 0.0, 0.0, 0.0, 0.0, 0.0 ],
  "lightfield_0.0_0.0_0.8_y" : [ 0.045799326, 0.04592735, 0.047911666, 0.07614018, 0.08474956, 0.11659466, 0.11617859, 0.09899184, 0.08510162, 0.15592895, 0.12667626, 0.0, 0.0, 0.0, 0.0, 0.0, 0.0, 0.0, 0.0, 0.0 ],
  "lightfield_0.0_0.0_0.8_x" : [ 0.033093296, 0.033509362, 0.035781726, 0.049415905, 0.07111538, 0.07393183, 0.08359738, 0.10667307, 0.105424866, 0.08449352, 0.12398784, 0.12840454, 0.07057129, 0.0, 0.0, 0.0, 0.0, 0.0, 0.0, 0.0 ],
  "lightfield_0.0_0.0_0.2_y" : [ 0.045432854, 0.12326393, 0.118090264, 0.14739935, 0.12791018, 0.0844363, 0.05540347, 0.029861616, 0.025943693, 0.025290705, 0.025566969, 0.026019037, 0.02526559, 0.02423588, 0.02137278, 0.023959614, 0.022578295, 0.020317955, 0.022126228, 0.005525278 ],
  "lightfield_0.0_0.0_0.2_x" : [ 0.053067785, 0.052540373, 0.047818772, 0.04997865, 0.051334858, 0.06150639, 0.074340105, 0.070397064, 0.05836703, 0.051410202, 0.05103348, 0.06700656, 0.29959565, 0.011603084, 0.0, 0.0, 0.0, 0.0, 0.0, 0.0 ],
  "lightfield_0.0_0.0_0.4_y" : [ 0.12493251, 0.09356441, 0.052991036, 0.07744844, 0.060711585, 0.079662025, 0.05142533, 0.05169528, 0.050723463, 0.05123637, 0.037172012, 0.031746034, 0.03228593, 0.033311736, 0.032258935, 0.030288305, 0.027453838, 0.029424468, 0.0271299, 0.024538387 ],
  "lightfield_0.0_0.0_0.4_x" : [ 0.031934995, 0.031692043, 0.031773027, 0.023053667, 0.041572183, 0.046458267, 0.10943743, 0.2143397, 0.19193392, 0.17689775, 0.10090703, 0.0, 0.0, 0.0, 0.0, 0.0, 0.0, 0.0, 0.0, 0.0 ],
  "lightfield_0.0_0.0_0.0_y" : [ 0.0, 0.0, 0.052173734, 0.38275748, 0.10551416, 0.049123958, 0.050638612, 0.04891927, 0.04711806, 0.046135582, 0.046319798, 0.044047814, 0.043270018, 0.021901097, 0.021716882, 0.0153103, 0.018196331, 0.0068568857, 0.0, 0.0 ],
  "lightfield_0.0_0.0_0.0_x" : [ 0.22771001, 0.118879974, 0.035921894, 0.03618798, 0.047895856, 0.049246766, 0.050392993, 0.045460127, 0.036024235, 0.035553463, 0.03532831, 0.042860653, 0.035041757, 0.032524154, 0.032728836, 0.03195104, 0.027836908, 0.02914688, 0.026424594, 0.022883575 ],
  "d1" : [ 0.0327148, 0.0974493, 0.1176517, 0.119239, 0.1175446, 0.1062349, 0.1003519, 0.0826593, 0.027972, 0.0236974, 0.0223776, 0.0207022, 0.0194609, 0.0174973, 0.016872, 0.0190049, 0.0220449, 0.0089097, 0.0106077, 0.0170079 ],
  "d2" : [ 0.03554984, 0.080999725, 0.098642625, 0.096502446, 0.07992834, 0.073140346, 0.071235806, 0.06794073, 0.062511876, 0.055707283, 0.04935907, 0.0484056, 0.048163157, 0.036999397, 0.03034613, 0.024740145, 0.017236628, 0.013512073, 0.0069565214, 0.0021222727 ],
  "d3" : [ 0.00949944, 0.061290804, 0.11063821, 0.12261904, 0.11838495, 0.109935075, 0.09658893, 0.08080265, 0.06639908, 0.05407413, 0.043536495, 0.03495179, 0.026266366, 0.019111777, 0.014400745, 0.011449055, 0.009100683, 0.006573811, 0.0035704025, 8.065705E-4 ],
  "d4" : [ 7.524534E-6, 4.789264E-5, 1.8913018E-4, 5.766437E-4, 0.001453862, 0.0034591504, 0.0080505395, 0.020741887, 0.06048017, 0.50436354, 0.31199372, 0.055928946, 0.019531962, 0.0076307924, 0.0033135405, 0.001432712, 5.5813737E-4, 1.8719821E-4, 4.57573E-5, 6.9144367E-6 ],
  "lightfield_0.0_0.8_0.0_y" : [ 0.0, 0.0, 0.07417122, 0.44675112, 0.14566939, 0.05333633, 0.028654225, 0.024182467, 0.02408254, 0.024257414, 0.024232432, 0.024407305, 0.024557196, 0.02448225, 0.023133228, 0.018436633, 0.027604986, 0.01204127, 0.0, 0.0 ],
  "lightfield_0.0_0.8_0.0_x" : [ 0.051037997, 0.05718354, 0.04761548, 0.050738215, 0.053261384, 0.05248695, 0.06902496, 0.05928202, 0.06680157, 0.051762473, 0.26915488, 0.15631168, 0.015338879, 0.0, 0.0, 0.0, 0.0, 0.0, 0.0, 0.0 ],
  "lightfield_0.8_0.0_0.0_x" : [ 0.11943403, 0.07910076, 0.08184374, 0.07918076, 0.068837434, 0.050653744, 0.05096233, 0.06876886, 0.079580784, 0.08114657, 0.073694795, 0.046847858, 0.01853799, 0.017246503, 0.017372223, 0.017257933, 0.014492091, 0.015417848, 0.016137881, 0.0034858736 ],
  "lightfield_0.8_0.0_0.0_y" : [ 0.023738228, 0.026629789, 0.027212672, 0.027955564, 0.02952135, 0.100496024, 0.32001463, 0.3391812, 0.10525052, 0.0, 0.0, 0.0, 0.0, 0.0, 0.0, 0.0, 0.0, 0.0, 0.0, 0.0 ],
  "lightfield_0.0_0.6_0.0_x" : [ 0.0, 0.0, 0.09780613, 0.18106492, 0.07080646, 0.07028859, 0.08490655, 0.29918554, 0.09928911, 0.07815075, 0.018501954, 0.0, 0.0, 0.0, 0.0, 0.0, 0.0, 0.0, 0.0, 0.0 ],
  "lightfield_0.0_0.6_0.0_y" : [ 0.0, 0.0, 0.072148204, 0.3191234, 0.12151029, 0.049315006, 0.050374277, 0.049315006, 0.047667246, 0.04194718, 0.04528977, 0.04262982, 0.057012383, 0.019231675, 0.01824302, 0.016548185, 0.033308223, 0.016336331, 0.0, 0.0 ],
  "lightfield_0.6_0.0_0.0_y" : [ 0.009019669, 0.012817861, 0.014994166, 0.040199593, 0.1910846, 0.2541809, 0.2681407, 0.19384842, 0.015714085, 0.0, 0.0, 0.0, 0.0, 0.0, 0.0, 0.0, 0.0, 0.0, 0.0, 0.0 ],
  "lightfield_0.6_0.0_0.0_x" : [ 0.05833823, 0.111471534, 0.091893055, 0.08916233, 0.073150344, 0.04703468, 0.04911996, 0.07509495, 0.08974157, 0.09123933, 0.08232724, 0.049293734, 0.011849694, 0.010972552, 0.011353198, 0.010931177, 0.009160344, 0.009723038, 0.010451232, 0.017691793 ],
  "lightfield_0.0_0.4_0.0_x" : [ 0.0, 0.0, 0.0, 0.12481707, 0.19687958, 0.09875844, 0.11993108, 0.14443186, 0.14820847, 0.10402209, 0.024666006, 0.024713213, 0.013572204, 0.0, 0.0, 0.0, 0.0, 0.0, 0.0, 0.0 ],
  "lightfield_0.0_0.4_0.0_y" : [ 0.0, 0.0, 0.07007978, 0.2923807, 0.12979747, 0.05129113, 0.05098428, 0.050394185, 0.048081007, 0.042888165, 0.046806403, 0.045295756, 0.06601992, 0.019071897, 0.018505406, 0.016758721, 0.0344852, 0.017159987, 0.0, 0.0 ],
  "lightfield_0.0_0.2_0.0_y" : [ 0.0, 0.0, 0.05124608, 0.3560406, 0.1228338, 0.047883313, 0.04953375, 0.04765638, 0.046212245, 0.04383974, 0.04594405, 0.04338587, 0.055516586, 0.019990923, 0.0194339, 0.015225285, 0.02428206, 0.010975408, 0.0, 0.0 ],
  "lightfield_0.0_0.2_0.0_x" : [ 0.044561807, 0.20783132, 0.08283132, 0.058549266, 0.04010563, 0.055083346, 0.05332976, 0.06218023, 0.041425977, 0.040807065, 0.07041179, 0.049286187, 0.038661495, 0.038186993, 0.032575507, 0.032348573, 0.02032101, 0.021125598, 0.010377125, 0.0 ],
  "a3" : [ 0.16205648, 0.17272723, 0.12989368, 0.0944742, 0.06357106, 0.05362426, 0.038470875, 0.0, 0.0, 0.0, 0.0, 0.0, 0.0, 0.004374357, 0.019335756, 0.0333955, 0.05264633, 0.05992237, 0.053566605, 0.061941314 ],
  "lightfield_0.4_0.0_0.0_y" : [ 0.0, 0.0, 0.061250534, 0.1895399, 0.23559101, 0.25125152, 0.20125647, 0.050447915, 0.010662649, 0.0, 0.0, 0.0, 0.0, 0.0, 0.0, 0.0, 0.0, 0.0, 0.0, 0.0 ],
  "lightfield_0.4_0.0_0.0_x" : [ 0.0729424, 0.10195798, 0.092999704, 0.08967329, 0.072333105, 0.044182062, 0.048076607, 0.07601357, 0.090858944, 0.09239864, 0.082617, 0.050629053, 0.011658927, 0.010802622, 0.011164905, 0.010802622, 0.008801831, 0.009197049, 0.008439548, 0.014450153 ],