{
  "eccentricity_minmax" : 0.09504091,
  "compactness" : 14.914795,
  "eccentricity" : 45.589462,
  "compactness_standardized" : -0.06499581,
  "convexity_minmax" : 0.17783327,
  "diameter_standardized" : -0.6715658,
  "surface_area_minmax" : 0.007037507,
  "convexity" : 0.34120098,
  "diameter_minmax" : 2.000143E-5,
  "rectangularity _standardized" : -0.40609634,
  "convexity_standardized" : 0.023975953,
  "diameter" : 1.0000106,
  "surface_area" : 0.15947618,
  "rectangularity " : 1.3719847E-5,
  "compactness_minmax" : 3.6724846E-6,
  "surface_area_standardized" : -0.87734365,
  "rectangularity _minmax" : 2.4671863E-5,
  "eccentricity_standardized" : 1.6515919,
  "lightfield_0.0_0.0_0.6_y" : [ 0.025834491, 0.030600704, 0.02226387, 0.022102304, 0.021698387, 0.021811483, 0.050602645, 0.1065693, 0.11623097, 0.09429024, 0.10356416, 0.11778201, 0.09593822, 0.029243546, 0.021892268, 0.02129447, 0.021569135, 0.021617604, 0.042766664, 0.012327528 ],
  "lightfield_0.0_0.0_0.6_x" : [ 0.0, 0.0, 0.0, 0.0, 0.0, 1.2925324E-4, 0.025382105, 0.059585743, 0.1925227, 0.27763596, 0.20617507, 0.11385595, 0.10820112, 0.016512102, 0.0, 0.0, 0.0, 0.0, 0.0, 0.0 ],
  "lightfield_0.0_0.0_0.8_y" : [ 0.0, 0.0, 0.0, 0.016155377, 0.030968513, 0.033507448, 0.03528632, 0.10194544, 0.14400764, 0.1806847, 0.1644808, 0.111745395, 0.049808368, 0.034655627, 0.04000841, 0.05674596, 0.0, 0.0, 0.0, 0.0 ],
  "lightfield_0.0_0.0_0.8_x" : [ 0.0, 0.017109498, 0.027572488, 0.02559956, 0.025356987, 0.024823327, 0.039038118, 0.11497971, 0.12348594, 0.12306548, 0.12479583, 0.12342125, 0.069440626, 0.026763912, 0.02579362, 0.025680417, 0.029302845, 0.053770397, 0.0, 0.0 ],
  "lightfield_0.0_0.0_0.2_y" : [ 0.0, 0.0, 0.0, 0.0, 0.07236012, 0.036989093, 0.03529012, 0.061761755, 0.121598005, 0.17363515, 0.16703343, 0.14716353, 0.07881622, 0.035241578, 0.03250704, 0.028041163, 0.009562797, 0.0, 0.0, 0.0 ],
  "lightfield_0.0_0.0_0.2_x" : [ 0.0, 0.013397625, 0.032005437, 0.026180383, 0.025953854, 0.02587295, 0.031503834, 0.11222938, 0.123442605, 0.12234232, 0.12577263, 0.12625805, 0.07611404, 0.02705414, 0.025338985, 0.025306625, 0.026018575, 0.055208568, 0.0, 0.0 ],
  "lightfield_0.0_0.0_0.4_y" : [ 0.018490657, 0.044422876, 0.022179082, 0.021564346, 0.022033487, 0.021984955, 0.03618863, 0.1034215, 0.116719246, 0.10083313, 0.09696676, 0.116606005, 0.104036234, 0.03947262, 0.021564346, 0.021256976, 0.021451104, 0.02201731, 0.027938202, 0.020852543 ],
  "lightfield_0.0_0.0_0.4_x" : [ 0.0, 0.0, 0.0, 0.0, 0.0, 0.0, 0.02759848, 0.053741, 0.18841705, 0.28248808, 0.21234328, 0.11506916, 0.099716894, 0.020626063, 0.0, 0.0, 0.0, 0.0, 0.0, 0.0 ],
  "lightfield_0.0_0.0_0.0_y" : [ 0.0, 0.0, 0.0, 0.0, 0.0, 0.0, 0.0, 0.0, 0.06347997, 0.5504516, 0.3107681, 0.07530037, 0.0, 0.0, 0.0, 0.0, 0.0, 0.0, 0.0, 0.0 ],
  "lightfield_0.0_0.0_0.0_x" : [ 0.04040666, 0.026413504, 0.020657338, 0.020462763, 0.02062491, 0.020608693, 0.042238906, 0.10547566, 0.11363158, 0.09195272, 0.09102849, 0.11415044, 0.10567023, 0.042984776, 0.020316832, 0.019992542, 0.02041412, 0.020268189, 0.02341381, 0.039287858 ],
  "d1" : [ 0.0655812, 0.109563, 0.1130621, 0.1064484, 0.1017704, 0.0952249, 0.045553, 0.0236657, 0.0241597, 0.0241472, 0.0261599, 0.0252726, 0.0232543, 0.0264015, 0.0233327, 0.0245869, 0.026087, 0.0329417, 0.0450277, 0.0377601 ],
  "d2" : [ 0.07151346, 0.13985465, 0.13070275, 0.104178295, 0.09069723, 0.07879834, 0.07179991, 0.06553981, 0.056648247, 0.047821097, 0.040829368, 0.03269714, 0.021392757, 0.011067043, 0.00917251, 0.007828775, 0.006708378, 0.005728906, 0.005006079, 0.002015254 ],
  "d3" : [ 0.0023039985, 0.018732842, 0.04911598, 0.08395266, 0.11281774, 0.12534042, 0.122246444, 0.1122596, 0.09735304, 0.07886893, 0.061960734, 0.047679726, 0.035604514, 0.02451286, 0.01522271, 0.007932987, 0.0031515213, 8.1663247E-4, 1.1611556E-4, 1.0565108E-5 ],
  "d4" : [ 2.0336579E-7, 4.8807788E-6, 3.2741893E-5, 1.6391282E-4, 5.5112125E-4, 0.0017304395, 0.0055780183, 0.019540707, 0.07550677, 0.44066072, 0.36355335, 0.06766427, 0.0176794, 0.005047234, 0.0016046577, 5.068892E-4, 1.367635E-4, 3.1826745E-5, 5.389193E-6, 7.117803E-7 ],
  "lightfield_0.0_0.8_0.0_y" : [ 0.0, 0.0, 0.0, 0.0, 0.0, 0.0, 0.0, 0.0, 0.06252355, 0.5486129, 0.3135101, 0.075353466, 0.0, 0.0, 0.0, 0.0, 0.0, 0.0, 0.0, 0.0 ],
  "lightfield_0.0_0.8_0.0_x" : [ 0.0, 0.0, 0.04808741, 0.025996946, 0.024906304, 0.024608856, 0.026453033, 0.10642686, 0.13922544, 0.11009538, 0.1267128, 0.13563624, 0.068135396, 0.025223581, 0.025183922, 0.025342561, 0.025897797, 0.050645463, 0.011421999, 0.0 ],
  "lightfield_0.8_0.0_0.0_x" : [ 0.03980678, 0.029984793, 0.02447446, 0.023705162, 0.024796493, 0.024563914, 0.040772878, 0.098488234, 0.107379906, 0.091153055, 0.08841578, 0.10689686, 0.100563556, 0.042973433, 0.023257894, 0.023078987, 0.022578048, 0.023257894, 0.024546023, 0.03930584 ],
  "lightfield_0.8_0.0_0.0_y" : [ 0.0, 0.0, 0.0, 0.0, 0.0, 0.0, 0.0, 0.0, 0.09088469, 0.41506395, 0.49022275, 0.0038286073, 0.0, 0.0, 0.0, 0.0, 0.0, 0.0, 0.0, 0.0 ],
  "lightfield_0.0_0.6_0.0_x" : [ 0.0, 0.0, 0.0, 0.0, 0.0, 0.0, 0.0, 0.102618635, 0.123089194, 0.2952723, 0.269529, 0.057069432, 0.0630954, 0.08932607, 0.0, 0.0, 0.0, 0.0, 0.0, 0.0 ],
  "lightfield_0.0_0.6_0.0_y" : [ 0.0, 0.0, 0.0, 0.0, 0.0, 0.0, 0.0, 0.0, 0.063848644, 0.5113208, 0.34161904, 0.08321148, 0.0, 0.0, 0.0, 0.0, 0.0, 0.0, 0.0, 0.0 ],
  "lightfield_0.6_0.0_0.0_y" : [ 0.0, 0.0, 0.0, 0.0, 0.0, 0.0, 0.0, 0.0, 0.0023858303, 0.64889395, 0.34872022, 0.0, 0.0, 0.0, 0.0, 0.0, 0.0, 0.0, 0.0, 0.0 ],
  "lightfield_0.6_0.0_0.0_x" : [ 0.03972926, 0.041025907, 0.037395295, 0.03576152, 0.038251083, 0.036228314, 0.042504083, 0.074894324, 0.08088483, 0.084385775, 0.08187028, 0.08096263, 0.07707269, 0.043074608, 0.03373875, 0.03384248, 0.03371282, 0.033583153, 0.03311636, 0.03796582 ],
  "lightfield_0.0_0.4_0.0_x" : [ 0.0, 0.0, 0.0, 0.0, 0.0, 0.0, 0.0, 0.10836095, 0.13923731, 0.2747829, 0.27574778, 0.06976549, 0.056970257, 0.07513529, 0.0, 0.0, 0.0, 0.0, 0.0, 0.0 ],
  "lightfield_0.0_0.4_0.0_y" : [ 0.0, 0.0, 0.0, 0.0, 0.0, 0.0, 0.0, 0.0, 0.060661998, 0.491337, 0.3581407, 0.0898603, 0.0, 0.0, 0.0, 0.0, 0.0, 0.0, 0.0, 0.0 ],
  "lightfield_0.0_0.2_0.0_y" : [ 0.0, 0.0, 0.0, 0.0, 0.0, 0.0, 0.0, 0.0, 0.06241984, 0.5396246, 0.31930894, 0.07864666, 0.0, 0.0, 0.0, 0.0, 0.0, 0.0, 0.0, 0.0 ],
  "lightfield_0.0_0.2_0.0_x" : [ 0.0, 0.0, 0.044230245, 0.03128765, 0.024758056, 0.024622021, 0.026856855, 0.10307435, 0.13634421, 0.11174162, 0.11883478, 0.13533367, 0.08641999, 0.024855223, 0.023922423, 0.024447123, 0.024816355, 0.041354112, 0.017101325, 0.0 ],
  "a3" : [ 0.33077914, 0.14954638, 0.071181655, 0.045278028, 0.03428448, 0.029249048, 0.018435206, 0.0, 0.0, 0.0, 0.0, 0.0, 0.0, 0.027199114, 0.09035612, 0.06584859, 0.04614849, 0.035080887, 0.029498786, 0.027114091 ],
  "lightfield_0.4_0.0_0.0_y" : [ 0.0, 0.0, 0.0, 0.0, 0.0, 0.0, 0.0, 0.0, 0.0, 0.71272695, 0.28727305, 0.0, 0.0, 0.0, 0.0, 0.0, 0.0, 0.0, 0.0, 0.0 ],
  "lightfield_0.4_0.0_0.0_x" : [ 0.042883728, 0.040966503, 0.04037442, 0.038880117, 0.041643173, 0.038739145, 0.049171083, 0.07544829, 0.075194545, 0.07307996, 0.073813014, 0.07570204, 0.07291079, 0.044067893, 0.036342617, 0.03620165, 0.03665276, 0.03653998, 0.03653998, 0.034848314 ],
  "lightfield_0.2_0.0_0.0_x" : [ 0.041373536, 0.028066257, 0.025125628, 0.025162851, 0.02596315, 0.024958124, 0.044556115, 0.100037225, 0.10621627, 0.08540852, 0.08648799, 0.10638377, 0.0985483, 0.04249023, 0.024195049, 0.023822818, 0.024399776, 0.024195049, 0.025721198, 0.036888145 ],
  "lightfield_0.2_0.0_0.0_y" : [ 0.0, 0.0, 0.0, 0.0, 0.0, 0.0, 0.0, 0.0, 0.0054531917, 0.62693095, 0.32097524, 0.046640612, 0.0, 0.0, 0.0, 0.0, 0.0, 0.0, 0.0, 0.0 ]
}