{
  "eccentricity_minmax" : 0.032439806,
  "compactness" : 13.553936,
  "eccentricity" : 16.219963,
  "compactness_standardized" : -0.0650049,
  "convexity_minmax" : 0.047477633,
  "diameter_standardized" : -0.6601066,
  "surface_area_minmax" : 0.0054729315,
  "convexity" : 0.09184491,
  "diameter_minmax" : 0.0018684481,
  "rectangularity _standardized" : -0.40566376,
  "convexity_standardized" : -0.86847067,
  "diameter" : 1.0009911,
  "surface_area" : 0.12754114,
  "rectangularity " : 3.4523113E-5,
  "compactness_minmax" : 3.3267795E-6,
  "surface_area_standardized" : -0.8968877,
  "rectangularity _minmax" : 6.2160696E-5,
  "eccentricity_standardized" : 0.3236153,
  "lightfield_0.0_0.0_0.6_y" : [ 0.015693601, 0.025548808, 0.033489022, 0.03731901, 0.03979449, 0.063241474, 0.07963569, 0.084539935, 0.09691733, 0.086501636, 0.08028959, 0.09098552, 0.06487623, 0.046707146, 0.04647361, 0.03815974, 0.04241009, 0.027417095, 0.0, 0.0 ],
  "lightfield_0.0_0.0_0.6_x" : [ 0.0, 0.0, 0.0, 0.0, 0.031060252, 0.045025688, 0.05221859, 0.05763662, 0.07052779, 0.14988323, 0.33316207, 0.26048577, 0.0, 0.0, 0.0, 0.0, 0.0, 0.0, 0.0, 0.0 ],
  "lightfield_0.0_0.0_0.8_y" : [ 0.025300724, 0.025345111, 0.016600825, 0.028274668, 0.03431133, 0.038261797, 0.045452528, 0.0931688, 0.15211505, 0.13320608, 0.16449909, 0.14940743, 0.09405655, 0.0, 0.0, 0.0, 0.0, 0.0, 0.0, 0.0 ],
  "lightfield_0.0_0.0_0.8_x" : [ 0.025567047, 0.03098229, 0.027875183, 0.032802165, 0.035509787, 0.036175597, 0.04221226, 0.06906654, 0.08238271, 0.09751876, 0.10018199, 0.08446891, 0.100892186, 0.10755027, 0.06666963, 0.060144704, 0.0, 0.0, 0.0, 0.0 ],
  "lightfield_0.0_0.0_0.2_y" : [ 0.0, 0.0, 0.0, 0.0, 0.0, 0.10225752, 0.23641475, 0.1120282, 0.14138485, 0.10778978, 0.07727313, 0.045418043, 0.041447308, 0.04109039, 0.032345854, 0.034308914, 0.028241279, 0.0, 0.0, 0.0 ],
  "lightfield_0.0_0.0_0.2_x" : [ 0.030204337, 0.020389043, 0.01632908, 0.026992058, 0.032167394, 0.03524583, 0.03948425, 0.07009012, 0.08963148, 0.110377446, 0.0992237, 0.092486836, 0.11358972, 0.07026858, 0.06098867, 0.054430265, 0.038101185, 0.0, 0.0, 0.0 ],
  "lightfield_0.0_0.0_0.4_y" : [ 0.02792205, 0.03134017, 0.034847073, 0.04945177, 0.060150042, 0.08531984, 0.07528743, 0.07821725, 0.08949261, 0.08030364, 0.07368935, 0.069560975, 0.04683269, 0.034935854, 0.03431438, 0.033071425, 0.028454743, 0.029520132, 0.032272384, 0.0050162026 ],
  "lightfield_0.0_0.0_0.4_x" : [ 0.0, 0.0, 0.0, 0.015758866, 0.03178408, 0.02223998, 0.037332978, 0.04447996, 0.049940072, 0.14511475, 0.46362144, 0.18972789, 0.0, 0.0, 0.0, 0.0, 0.0, 0.0, 0.0, 0.0 ],
  "lightfield_0.0_0.0_0.0_y" : [ 0.0, 0.0, 0.0, 0.0, 0.0, 0.0, 0.0, 0.14562245, 0.49746937, 0.16031788, 0.1173415, 0.06739478, 0.011854023, 0.0, 0.0, 0.0, 0.0, 0.0, 0.0, 0.0 ],
  "lightfield_0.0_0.0_0.0_x" : [ 0.036094833, 0.021843366, 0.024107618, 0.033963773, 0.039957378, 0.04510744, 0.07179009, 0.07343278, 0.07503108, 0.085553184, 0.07987036, 0.07152371, 0.07547505, 0.05989167, 0.03782632, 0.036805186, 0.03538448, 0.02943527, 0.031788316, 0.035118096 ],
  "d1" : [ 0.0272749, 0.0989493, 0.1193627, 0.1215711, 0.1191152, 0.1185688, 0.0815054, 0.0352503, 0.0275184, 0.0253189, 0.0252761, 0.0243283, 0.0230066, 0.0198092, 0.0182083, 0.0168971, 0.0201216, 0.0250112, 0.0286196, 0.024287 ],
  "d2" : [ 0.0723208, 0.14708683, 0.13273922, 0.109633155, 0.09771386, 0.08398425, 0.07033725, 0.06120585, 0.052805874, 0.043072462, 0.035045754, 0.030248012, 0.024176445, 0.0142983105, 0.0077174553, 0.005830724, 0.0043602656, 0.0032903778, 0.002870304, 0.0012628217 ],
  "d3" : [ 0.008488712, 0.06296069, 0.13113442, 0.16009186, 0.14841188, 0.12665924, 0.10288483, 0.07879246, 0.057461105, 0.03898243, 0.02569565, 0.016873986, 0.012195455, 0.00945889, 0.0072700013, 0.005775693, 0.0040503605, 0.0020799176, 6.438678E-4, 8.854566E-5 ],
  "d4" : [ 8.43968E-6, 8.144799E-5, 2.686462E-4, 7.0069684E-4, 0.0015050085, 0.0029473803, 0.006087653, 0.014383757, 0.05058185, 0.6912583, 0.18401888, 0.028957153, 0.010087451, 0.0047368975, 0.0024362204, 0.0011790132, 5.2580226E-4, 1.8801166E-4, 4.3927008E-5, 3.4572183E-6 ],
  "lightfield_0.0_0.8_0.0_y" : [ 0.0, 0.0, 0.0, 0.0, 0.0, 0.0, 0.0, 0.13766778, 0.5139078, 0.15439603, 0.10046683, 0.076249756, 0.017311808, 0.0, 0.0, 0.0, 0.0, 0.0, 0.0, 0.0 ],
  "lightfield_0.0_0.8_0.0_x" : [ 0.0, 0.0, 0.041237112, 0.03472087, 0.042695973, 0.043036375, 0.061661154, 0.089136355, 0.08772612, 0.09185956, 0.094631396, 0.08777475, 0.1122836, 0.05781949, 0.043668546, 0.029517604, 0.022806847, 0.033553783, 0.025870454, 0.0 ],
  "lightfield_0.8_0.0_0.0_x" : [ 0.030068822, 0.014611099, 0.014529168, 0.021930303, 0.025480663, 0.027883986, 0.073683634, 0.10967883, 0.10787634, 0.08245029, 0.096405946, 0.11017042, 0.10211383, 0.042768188, 0.023650862, 0.023268517, 0.022585755, 0.018052218, 0.022258028, 0.0305331 ],
  "lightfield_0.8_0.0_0.0_y" : [ 0.0, 0.0, 0.0, 0.0, 0.0, 0.024606729, 0.042577017, 0.06041075, 0.36576906, 0.5009012, 0.0057351976, 0.0, 0.0, 0.0, 0.0, 0.0, 0.0, 0.0, 0.0, 0.0 ],
  "lightfield_0.0_0.6_0.0_x" : [ 0.0, 0.0, 0.0, 0.0, 0.0, 0.0, 0.01671542, 0.15524447, 0.15343362, 0.14911547, 0.21820588, 0.1987742, 0.038793705, 0.05355899, 0.01615824, 0.0, 0.0, 0.0, 0.0, 0.0 ],
  "lightfield_0.0_0.6_0.0_y" : [ 0.0, 0.0, 0.0, 0.0, 0.0, 0.0, 0.0, 0.13518596, 0.46301714, 0.14639921, 0.109486, 0.121465385, 0.024446301, 0.0, 0.0, 0.0, 0.0, 0.0, 0.0, 0.0 ],
  "lightfield_0.6_0.0_0.0_y" : [ 0.0, 0.0, 0.0, 0.0, 0.0, 0.0, 0.018578386, 0.11440927, 0.412944, 0.45406836, 0.0, 0.0, 0.0, 0.0, 0.0, 0.0, 0.0, 0.0, 0.0, 0.0 ],
  "lightfield_0.6_0.0_0.0_x" : [ 0.023910487, 0.01047527, 0.011251994, 0.01794861, 0.02067764, 0.022315055, 0.081597954, 0.120329164, 0.11739021, 0.0831514, 0.103346206, 0.12121085, 0.11144932, 0.04204803, 0.019649005, 0.019544043, 0.018263498, 0.013078344, 0.018095559, 0.02426736 ],
  "lightfield_0.0_0.4_0.0_x" : [ 0.0, 0.0, 0.0, 0.0, 0.0, 0.0, 0.0023847376, 0.19428988, 0.1422231, 0.14984101, 0.21383148, 0.18124007, 0.049615793, 0.0463699, 0.020204028, 0.0, 0.0, 0.0, 0.0, 0.0 ],
  "lightfield_0.0_0.4_0.0_y" : [ 0.0, 0.0, 0.0, 0.0, 0.0, 0.0, 0.0, 0.14447536, 0.46303657, 0.14281929, 0.12725225, 0.105325915, 0.01709062, 0.0, 0.0, 0.0, 0.0, 0.0, 0.0, 0.0 ],
  "lightfield_0.0_0.2_0.0_y" : [ 0.0, 0.0, 0.0, 0.0, 0.0, 0.0, 0.0, 0.15148735, 0.4932393, 0.1558335, 0.12434808, 0.06610972, 0.008982036, 0.0, 0.0, 0.0, 0.0, 0.0, 0.0, 0.0 ],
  "lightfield_0.0_0.2_0.0_x" : [ 0.0, 0.0, 0.034431137, 0.026946107, 0.04476531, 0.051043075, 0.068862274, 0.08407379, 0.08779216, 0.09687077, 0.087598994, 0.09122078, 0.10604598, 0.04389608, 0.043606337, 0.033851653, 0.033513617, 0.033368748, 0.032113194, 0.0 ],
  "a3" : [ 0.25172797, 0.21232224, 0.08794506, 0.049864087, 0.035704028, 0.029090973, 0.018064523, 0.0, 0.0, 0.0, 0.0, 0.0, 0.0, 0.0069394642, 0.04433733, 0.08455547, 0.07726575, 0.043161582, 0.031487644, 0.027533878 ],
  "lightfield_0.4_0.0_0.0_y" : [ 0.0, 0.0, 0.0, 0.0, 0.0, 0.0, 0.0, 0.19405554, 0.3998598, 0.4060847, 0.0, 0.0, 0.0, 0.0, 0.0, 0.0, 0.0, 0.0, 0.0, 0.0 ],
  "lightfield_0.4_0.0_0.0_x" : [ 0.01863222, 0.008710616, 0.011111347, 0.018058594, 0.02075676, 0.022945039, 0.085406534, 0.12167244, 0.11844314, 0.082071, 0.103571355, 0.1227772, 0.11345047, 0.044551615, 0.0198857, 0.019652, 0.018653465, 0.012917207, 0.016465189, 0.020268116 ],
  "lightfield_0.2_0.0_0.0_x" : [ 0.01776114, 0.011821995, 0.0142708365, 0.022433642, 0.025895797, 0.029329805, 0.08404875, 0.113941506, 0.10983196, 0.07802516, 0.09615222, 0.11439187, 0.1057787, 0.04889239, 0.024375826, 0.024516566, 0.023306217, 0.017423369, 0.01928111, 0.018521124 ],
  "lightfield_0.2_0.0_0.0_y" : [ 0.0, 0.0, 0.0, 0.0, 0.0, 0.0, 0.0, 0.22878374, 0.49722746, 0.14949194, 0.12449686, 0.0, 0.0, 0.0, 0.0, 0.0, 0.0, 0.0, 0.0, 0.0 ]
}