{
  "eccentricity_minmax" : 0.2094123,
  "compactness" : 12.987292,
  "eccentricity" : 99.247154,
  "compactness_standardized" : -0.06500868,
  "convexity_minmax" : 0.32565418,
  "diameter_standardized" : -0.66984236,
  "surface_area_minmax" : 0.009400375,
  "convexity" : 0.62396616,
  "diameter_minmax" : 2.9799883E-4,
  "rectangularity _standardized" : -0.4059368,
  "convexity_standardized" : 1.0359939,
  "diameter" : 1.0001581,
  "surface_area" : 0.20770541,
  "rectangularity " : 2.1392667E-5,
  "compactness_minmax" : 3.1828324E-6,
  "surface_area_standardized" : -0.8478275,
  "rectangularity _minmax" : 3.849878E-5,
  "eccentricity_standardized" : 4.0777874,
  "lightfield_0.0_0.0_0.6_y" : [ 0.0, 0.0, 0.0, 0.0, 0.08294334, 0.13527912, 0.14271687, 0.12681764, 0.11219288, 0.052189536, 0.0343891, 0.03470249, 0.03470249, 0.03489052, 0.034472674, 0.03489052, 0.0349532, 0.035057664, 0.034723382, 0.035078555 ],
  "lightfield_0.0_0.0_0.6_x" : [ 0.0, 0.0, 0.01635885, 0.10366873, 0.10786813, 0.14831606, 0.26418602, 0.24839127, 0.11121093, 0.0, 0.0, 0.0, 0.0, 0.0, 0.0, 0.0, 0.0, 0.0, 0.0, 0.0 ],
  "lightfield_0.0_0.0_0.8_y" : [ 0.0, 0.0, 0.0, 0.0, 0.0, 0.005378463, 0.14239018, 0.20973687, 0.220772, 0.14058189, 0.06778718, 0.06266373, 0.06189869, 0.062339168, 0.026451837, 0.0, 0.0, 0.0, 0.0, 0.0 ],
  "lightfield_0.0_0.0_0.8_x" : [ 0.045090992, 0.045044627, 0.045044627, 0.04567057, 0.045554653, 0.04567057, 0.07750087, 0.14512576, 0.17238902, 0.1758201, 0.1368726, 0.020215603, 0.0, 0.0, 0.0, 0.0, 0.0, 0.0, 0.0, 0.0 ],
  "lightfield_0.0_0.0_0.2_y" : [ 0.0, 0.0, 0.0, 0.0, 0.0, 0.0030522845, 0.111747526, 0.16857277, 0.17991522, 0.118775316, 0.056787565, 0.050852567, 0.051078662, 0.05090909, 0.05090909, 0.050720677, 0.050965615, 0.04923222, 0.006481394, 0.0 ],
  "lightfield_0.0_0.0_0.2_x" : [ 4.1450778E-4, 0.09105982, 0.142195, 0.14034857, 0.12832783, 0.07853038, 0.037550636, 0.037060764, 0.03696656, 0.03685351, 0.036608573, 0.03704192, 0.037268016, 0.03668394, 0.036740463, 0.03668394, 0.036665097, 0.013000471, 0.0, 0.0 ],
  "lightfield_0.0_0.0_0.4_y" : [ 0.0, 0.0, 0.0, 0.0, 0.081122264, 0.13479322, 0.14251716, 0.12681878, 0.112873934, 0.053044695, 0.034882993, 0.035091747, 0.035049997, 0.03467424, 0.03442373, 0.03479949, 0.03479949, 0.035091747, 0.034924746, 0.035091747 ],
  "lightfield_0.0_0.0_0.4_x" : [ 0.0, 0.0, 0.0, 0.06684341, 0.22495459, 0.2620504, 0.18957059, 0.105734505, 0.10734192, 0.04350458, 0.0, 0.0, 0.0, 0.0, 0.0, 0.0, 0.0, 0.0, 0.0, 0.0 ],
  "lightfield_0.0_0.0_0.0_y" : [ 0.0, 0.0, 0.0, 0.0, 0.0, 0.0, 0.0, 0.0, 0.04010025, 0.4846703, 0.43951985, 0.035709575, 0.0, 0.0, 0.0, 0.0, 0.0, 0.0, 0.0, 0.0 ],
  "lightfield_0.0_0.0_0.0_x" : [ 0.08093542, 0.11594776, 0.12793261, 0.10688375, 0.0977632, 0.05263158, 0.029792527, 0.030018656, 0.030056344, 0.0306782, 0.029980967, 0.029867902, 0.029679462, 0.02952871, 0.02971715, 0.029886747, 0.029792527, 0.029679462, 0.029980967, 0.029246047 ],
  "d1" : [ 0.0627246, 0.0662487, 0.0632949, 0.0648665, 0.0975946, 0.1254582, 0.1596061, 0.1351735, 0.0408822, 0.014878, 0.0171526, 0.0177366, 0.0167825, 0.0183279, 0.0158292, 0.0167401, 0.0141845, 0.0165025, 0.0165065, 0.0195103 ],
  "d2" : [ 0.08650089, 0.1754214, 0.123816244, 0.08602071, 0.065017514, 0.04482797, 0.041540895, 0.040304378, 0.03934821, 0.03754169, 0.035458326, 0.033802237, 0.033282243, 0.033244736, 0.032900676, 0.029348854, 0.025193725, 0.020547507, 0.012711932, 0.0031698567 ],
  "d3" : [ 0.0030640825, 0.0270994, 0.0655581, 0.09969255, 0.122638255, 0.12792292, 0.12065111, 0.10918475, 0.09173542, 0.07050056, 0.053057667, 0.039273623, 0.02707505, 0.018133245, 0.011643553, 0.006919542, 0.0036928572, 0.0016039845, 4.8237262E-4, 7.093715E-5 ],
  "d4" : [ 2.3387065E-6, 2.0133213E-5, 1.12359594E-4, 3.733796E-4, 0.0011196303, 0.0030368613, 0.007793587, 0.021334087, 0.06423166, 0.25510958, 0.4847196, 0.109835215, 0.03330857, 0.011907067, 0.0044609304, 0.0017395909, 6.4405944E-4, 1.9960351E-4, 4.63674E-5, 5.389193E-6 ],
  "lightfield_0.0_0.8_0.0_y" : [ 0.0, 0.0, 0.0, 0.0, 0.0, 0.0, 0.0, 0.0, 0.049803622, 0.46519747, 0.4398047, 0.045194197, 0.0, 0.0, 0.0, 0.0, 0.0, 0.0, 0.0, 0.0 ],
  "lightfield_0.0_0.8_0.0_x" : [ 0.042630374, 0.043612264, 0.043394066, 0.044512328, 0.043530438, 0.04325769, 0.08624264, 0.14185578, 0.1654484, 0.18080406, 0.14788349, 0.016828496, 0.0, 0.0, 0.0, 0.0, 0.0, 0.0, 0.0, 0.0 ],
  "lightfield_0.8_0.0_0.0_x" : [ 0.07521298, 0.10679971, 0.12379897, 0.108239, 0.10143152, 0.055062823, 0.030886529, 0.030886529, 0.030944878, 0.030303031, 0.030166881, 0.030905979, 0.031119928, 0.031119928, 0.03098378, 0.030322481, 0.030147431, 0.03018633, 0.03080873, 0.03067258 ],
  "lightfield_0.8_0.0_0.0_y" : [ 0.0, 0.0, 0.0, 0.0, 0.0, 0.0, 0.0, 0.0, 0.04284825, 0.50630176, 0.43846035, 0.012389622, 0.0, 0.0, 0.0, 0.0, 0.0, 0.0, 0.0, 0.0 ],
  "lightfield_0.0_0.6_0.0_x" : [ 0.0, 0.029441284, 0.07604072, 0.07575396, 0.07647087, 0.08421355, 0.2562252, 0.3165416, 0.08531281, 0.0, 0.0, 0.0, 0.0, 0.0, 0.0, 0.0, 0.0, 0.0, 0.0, 0.0 ],
  "lightfield_0.0_0.6_0.0_y" : [ 0.0, 0.0, 0.0, 0.0, 0.0, 0.0, 0.0, 0.0, 0.052717105, 0.46752378, 0.43024424, 0.04951489, 0.0, 0.0, 0.0, 0.0, 0.0, 0.0, 0.0, 0.0 ],
  "lightfield_0.6_0.0_0.0_y" : [ 0.0, 0.0, 0.0, 0.0, 0.0, 0.0, 0.0, 0.0, 0.0, 0.5622663, 0.4377337, 0.0, 0.0, 0.0, 0.0, 0.0, 0.0, 0.0, 0.0, 0.0 ],
  "lightfield_0.6_0.0_0.0_x" : [ 0.064418264, 0.08266892, 0.09727416, 0.09043016, 0.087960675, 0.05503422, 0.037183378, 0.037018746, 0.037442084, 0.037465602, 0.03730097, 0.037465602, 0.03751264, 0.037630238, 0.03734801, 0.036807075, 0.037277453, 0.037418567, 0.03730097, 0.037042264 ],
  "lightfield_0.0_0.4_0.0_x" : [ 0.0, 0.0, 0.0, 0.0033924591, 0.28123486, 0.29688862, 0.1367161, 0.07841427, 0.07652418, 0.07720268, 0.04962683, 0.0, 0.0, 0.0, 0.0, 0.0, 0.0, 0.0, 0.0, 0.0 ],
  "lightfield_0.0_0.4_0.0_y" : [ 0.0, 0.0, 0.0, 0.0, 0.0, 0.0, 0.0, 0.0, 0.05321314, 0.46563923, 0.43035766, 0.05078996, 0.0, 0.0, 0.0, 0.0, 0.0, 0.0, 0.0, 0.0 ],
  "lightfield_0.0_0.2_0.0_y" : [ 0.0, 0.0, 0.0, 0.0, 0.0, 0.0, 0.0, 0.0, 0.040756978, 0.48261902, 0.4394685, 0.037155513, 0.0, 0.0, 0.0, 0.0, 0.0, 0.0, 0.0, 0.0 ],
  "lightfield_0.0_0.2_0.0_x" : [ 0.0, 0.08831424, 0.14231388, 0.1460943, 0.11978794, 0.09553955, 0.035544917, 0.03576861, 0.036305476, 0.035746243, 0.03545544, 0.03516464, 0.03516464, 0.035343595, 0.03545544, 0.035433073, 0.03536596, 0.01720204, 0.0, 0.0 ],
  "a3" : [ 0.32176104, 0.11716211, 0.07976787, 0.05811141, 0.046032675, 0.039796747, 0.026108997, 0.0, 0.0, 0.0, 0.0, 0.0, 0.0, 0.0373224, 0.06860679, 0.05214434, 0.043910902, 0.038045857, 0.035453584, 0.035775267 ],
  "lightfield_0.4_0.0_0.0_y" : [ 0.0, 0.0, 0.0, 0.0, 0.0, 0.0, 0.0, 0.0, 0.0, 0.55488807, 0.44511196, 0.0, 0.0, 0.0, 0.0, 0.0, 0.0, 0.0, 0.0, 0.0 ],
  "lightfield_0.4_0.0_0.0_x" : [ 0.064881355, 0.08482174, 0.100140944, 0.09235426, 0.089188755, 0.05519998, 0.03664595, 0.036784586, 0.036507312, 0.036253147, 0.036576632, 0.03669216, 0.03696943, 0.036576632, 0.036761478, 0.036715265, 0.036761478, 0.036784586, 0.03696943, 0.036414888 ],
  "lightfield_0.2_0.0_0.0_x" : [ 0.07562569, 0.108213946, 0.12341275, 0.108601674, 0.10158385, 0.054824263, 0.030475156, 0.03039761, 0.030998584, 0.03101797, 0.03101797, 0.03101797, 0.030824108, 0.030591475, 0.03039761, 0.030572088, 0.030203748, 0.03051393, 0.03004866, 0.029660935 ],
  "lightfield_0.2_0.0_0.0_y" : [ 0.0, 0.0, 0.0, 0.0, 0.0, 0.0, 0.0, 0.0, 0.036135938, 0.5007852, 0.4432468, 0.019832116, 0.0, 0.0, 0.0, 0.0, 0.0, 0.0, 0.0, 0.0 ]
}