{
  "eccentricity_minmax" : 0.04556211,
  "compactness" : 264.94757,
  "eccentricity" : 22.376333,
  "compactness_standardized" : -0.063342996,
  "convexity_minmax" : 0.087973334,
  "diameter_standardized" : -0.617227,
  "surface_area_minmax" : 0.01565745,
  "convexity" : 0.16930874,
  "diameter_minmax" : 0.008695902,
  "rectangularity _standardized" : -0.4054669,
  "convexity_standardized" : -0.5906664,
  "diameter" : 1.0046127,
  "surface_area" : 0.3354205,
  "rectangularity " : 2.039354E-5,
  "compactness_minmax" : 6.7189445E-5,
  "surface_area_standardized" : -0.76923037,
  "rectangularity _minmax" : 3.669829E-5,
  "eccentricity_standardized" : 0.60169816,
  "lightfield_0.0_0.0_0.6_y" : [ 0.047304507, 0.10331845, 0.120023444, 0.13207689, 0.124306776, 0.108481, 0.072929345, 0.025910396, 0.022468701, 0.022476217, 0.022453673, 0.022461187, 0.02251379, 0.02249876, 0.022468701, 0.022446157, 0.02249876, 0.02251379, 0.02237101, 0.01847844 ],
  "lightfield_0.0_0.0_0.6_x" : [ 0.0, 0.0, 0.0, 0.0, 0.0, 0.021694696, 0.067000315, 0.090310656, 0.16172205, 0.17199452, 0.13670589, 0.1288982, 0.113914065, 0.09001007, 0.017749524, 0.0, 0.0, 0.0, 0.0, 0.0 ],
  "lightfield_0.0_0.0_0.8_y" : [ 0.0, 0.002757482, 0.059458572, 0.091962904, 0.108812235, 0.11336706, 0.11302164, 0.10727835, 0.108103834, 0.06611517, 0.03212964, 0.032106224, 0.03210037, 0.03203597, 0.031989135, 0.032117933, 0.029852232, 0.006791251, 0.0, 0.0 ],
  "lightfield_0.0_0.0_0.8_x" : [ 0.014776826, 0.023295162, 0.023160508, 0.023400543, 0.023423962, 0.023277598, 0.023236617, 0.023248326, 0.02343567, 0.023324434, 0.023283454, 0.02344738, 0.068978034, 0.08881903, 0.10676315, 0.11338462, 0.11346658, 0.10590253, 0.08598544, 0.045390144 ],
  "lightfield_0.0_0.0_0.2_y" : [ 0.0, 0.0026483238, 0.059112694, 0.091988236, 0.10871603, 0.11345606, 0.113092795, 0.10733328, 0.108282454, 0.066337, 0.032166585, 0.03195566, 0.032107994, 0.032049403, 0.032096278, 0.032125574, 0.029957697, 0.0065739364, 0.0, 0.0 ],
  "lightfield_0.0_0.0_0.2_x" : [ 0.045970682, 0.08624043, 0.10610286, 0.11343849, 0.113573246, 0.106565736, 0.08868369, 0.068463854, 0.02338376, 0.02332517, 0.023313452, 0.023413057, 0.023207987, 0.023219705, 0.023266578, 0.02331931, 0.023301734, 0.023430634, 0.023336887, 0.014442739 ],
  "lightfield_0.0_0.0_0.4_y" : [ 0.047512792, 0.103380136, 0.119893916, 0.13215528, 0.12422146, 0.10851909, 0.07277932, 0.02590514, 0.022449117, 0.022471657, 0.022456631, 0.022373987, 0.022471657, 0.022486683, 0.022464143, 0.022524249, 0.022569327, 0.0223815, 0.022456631, 0.018527284 ],
  "lightfield_0.0_0.0_0.4_x" : [ 0.0, 0.0, 0.0, 0.0, 0.0, 0.03234386, 0.09860181, 0.11725682, 0.13100578, 0.14189976, 0.1752654, 0.15051727, 0.07870714, 0.0622084, 0.012193748, 0.0, 0.0, 0.0, 0.0, 0.0 ],
  "lightfield_0.0_0.0_0.0_y" : [ 0.0, 0.0, 0.0, 0.0, 0.0, 0.0, 0.019235274, 0.085871756, 0.12175834, 0.27816203, 0.26991054, 0.121547565, 0.08548143, 0.018033069, 0.0, 0.0, 0.0, 0.0, 0.0, 0.0 ],
  "lightfield_0.0_0.0_0.0_x" : [ 0.07413855, 0.11303846, 0.12919796, 0.12919796, 0.12719949, 0.097191215, 0.04816625, 0.021467939, 0.021467939, 0.021467939, 0.021467939, 0.021475745, 0.021858266, 0.021858266, 0.021858266, 0.021858266, 0.021858266, 0.021858266, 0.021858266, 0.021514777 ],
  "d1" : [ 0.0728255, 0.0482506, 0.0463772, 0.042477, 0.0398587, 0.051033, 0.0569936, 0.0806021, 0.0829825, 0.0836261, 0.0866682, 0.0591524, 0.0599147, 0.0486306, 0.0354959, 0.0194188, 0.0194546, 0.0175117, 0.0227201, 0.0260067 ],
  "d2" : [ 0.0392998, 0.09583713, 0.09954278, 0.10028941, 0.09238672, 0.07834376, 0.06411146, 0.0563877, 0.052572332, 0.05000128, 0.047002953, 0.043703873, 0.040469706, 0.036363285, 0.03275005, 0.028138941, 0.021196323, 0.013242826, 0.006368418, 0.0019912496 ],
  "d3" : [ 0.0077443244, 0.045216043, 0.094947115, 0.1344098, 0.15358667, 0.14893894, 0.122674584, 0.08981408, 0.061390318, 0.043753732, 0.03124062, 0.022477215, 0.016178902, 0.011499365, 0.007788094, 0.0047026803, 0.0024400367, 9.5317396E-4, 2.3021872E-4, 1.408681E-5 ],
  "d4" : [ 3.965633E-6, 2.104836E-5, 1.153084E-4, 4.284917E-4, 0.001213992, 0.0031933512, 0.008191676, 0.023073273, 0.09318871, 0.6356598, 0.18099189, 0.03546201, 0.011472372, 0.004426053, 0.0016885462, 6.2209595E-4, 1.9218067E-4, 4.6977497E-5, 7.2194853E-6, 1.016829E-6 ],
  "lightfield_0.0_0.8_0.0_y" : [ 0.0, 0.0, 0.0, 0.0, 0.0026766246, 0.05878129, 0.08511666, 0.104877986, 0.26685947, 0.24147724, 0.103931375, 0.08264241, 0.053636946, 0.0, 0.0, 0.0, 0.0, 0.0, 0.0, 0.0 ],
  "lightfield_0.0_0.8_0.0_x" : [ 0.020277062, 0.022196399, 0.022196399, 0.022196399, 0.022196399, 0.022196399, 0.022196399, 0.022196399, 0.022196399, 0.022196399, 0.022098474, 0.021869982, 0.021869982, 0.04311324, 0.09447832, 0.12736817, 0.13056706, 0.13056706, 0.11456606, 0.073457025 ],
  "lightfield_0.8_0.0_0.0_x" : [ 0.06896926, 0.1052974, 0.12064198, 0.12064198, 0.11879846, 0.09091073, 0.047172368, 0.025303187, 0.025303187, 0.025303187, 0.025303187, 0.025303187, 0.02517667, 0.024851345, 0.024851345, 0.02529415, 0.025303187, 0.025303187, 0.025303187, 0.024968823 ],
  "lightfield_0.8_0.0_0.0_y" : [ 0.0, 0.0, 0.0, 0.0, 0.0, 0.0, 0.0, 0.0551248, 0.12765458, 0.3152777, 0.3206275, 0.12752806, 0.053787343, 0.0, 0.0, 0.0, 0.0, 0.0, 0.0, 0.0 ],
  "lightfield_0.0_0.6_0.0_x" : [ 0.01578759, 0.022342186, 0.02287454, 0.02287454, 0.02287454, 0.02287454, 0.02287454, 0.02287454, 0.02287454, 0.02287454, 0.022954946, 0.023013173, 0.023013173, 0.02739954, 0.084480524, 0.12632014, 0.1358609, 0.1358609, 0.12225263, 0.07771798 ],
  "lightfield_0.0_0.6_0.0_y" : [ 0.018596306, 0.02397529, 0.028270159, 0.03259275, 0.03688762, 0.0411409, 0.04230265, 0.04228324, 0.11573408, 0.13821213, 0.13754115, 0.08800459, 0.04228324, 0.042280465, 0.04008451, 0.035734188, 0.031469822, 0.027113954, 0.022830177, 0.012662791 ],
  "lightfield_0.6_0.0_0.0_y" : [ 0.0, 0.0, 0.0, 0.0, 0.0, 0.0, 0.0, 0.0, 0.005173892, 0.5028931, 0.4911217, 8.112907E-4, 0.0, 0.0, 0.0, 0.0, 0.0, 0.0, 0.0, 0.0 ],
  "lightfield_0.6_0.0_0.0_x" : [ 0.04449853, 0.06814842, 0.07921565, 0.07754715, 0.07658278, 0.058566004, 0.040993143, 0.042860642, 0.042860642, 0.042860642, 0.042141195, 0.04252388, 0.042860642, 0.042860642, 0.042860642, 0.042860642, 0.042860642, 0.042141195, 0.042432036, 0.042324882 ],
  "lightfield_0.0_0.4_0.0_x" : [ 0.079216756, 0.12271104, 0.13594523, 0.13594523, 0.12597318, 0.08369913, 0.026561186, 0.02293052, 0.02293052, 0.02293052, 0.02293052, 0.02293052, 0.02293052, 0.02293052, 0.02293052, 0.02293052, 0.02293052, 0.02293052, 0.022267174, 0.015445343 ],
  "lightfield_0.0_0.4_0.0_y" : [ 0.019548269, 0.023670303, 0.027857853, 0.032015376, 0.036200196, 0.04030312, 0.041629814, 0.041629814, 0.10633756, 0.13600256, 0.13576233, 0.099002525, 0.041629814, 0.041629814, 0.040095653, 0.03591629, 0.03177788, 0.027653117, 0.023471026, 0.017866697 ],
  "lightfield_0.0_0.2_0.0_y" : [ 0.0, 0.0, 0.0, 0.0, 0.003622433, 0.059418324, 0.08569399, 0.10476389, 0.27041203, 0.23667648, 0.10368237, 0.08228005, 0.05345043, 0.0, 0.0, 0.0, 0.0, 0.0, 0.0, 0.0 ],
  "lightfield_0.0_0.2_0.0_x" : [ 0.075139426, 0.11522725, 0.1306291, 0.1306291, 0.12729986, 0.094150685, 0.04227692, 0.02182581, 0.02182581, 0.02182581, 0.021923538, 0.022151569, 0.022151569, 0.022151569, 0.022151569, 0.022151569, 0.022151569, 0.022151569, 0.022151569, 0.02003414 ],
  "a3" : [ 0.33096516, 0.13611904, 0.066518016, 0.048526645, 0.04084531, 0.036987234, 0.023417309, 0.0, 0.0, 0.0, 0.0, 0.0, 0.0, 0.032787453, 0.08565757, 0.060815476, 0.040017407, 0.03311135, 0.03176686, 0.032465167 ],
  "lightfield_0.4_0.0_0.0_y" : [ 0.0, 0.0, 0.0, 0.0, 0.0, 0.0, 0.0, 0.0, 0.00439547, 0.48963708, 0.5038003, 0.002167211, 0.0, 0.0, 0.0, 0.0, 0.0, 0.0, 0.0, 0.0 ],