{
  "eccentricity_minmax" : 0.002785825,
  "compactness" : 321.45114,
  "eccentricity" : 2.3077068,
  "compactness_standardized" : -0.062949054,
  "convexity_minmax" : 0.056618813,
  "diameter_standardized" : 3.185656,
  "surface_area_minmax" : 0.12286097,
  "convexity" : 0.10933099,
  "diameter_minmax" : 0.6222191,
  "rectangularity _standardized" : -0.2188804,
  "convexity_standardized" : -0.80588794,
  "diameter" : 1.330052,
  "surface_area" : 2.5235848,
  "rectangularity " : 0.00901673,
  "compactness_minmax" : 8.154331E-5,
  "surface_area_standardized" : 0.5694837,
  "rectangularity _minmax" : 0.016248677,
  "eccentricity_standardized" : -0.30544373,
  "lightfield_0.0_0.0_0.6_y" : [ 0.08283723, 0.07911674, 0.064519525, 0.062109355, 0.06445968, 0.074366555, 0.070852414, 0.056319166, 0.05390074, 0.053873915, 0.061401572, 0.0660135, 0.051620573, 0.045611653, 0.045648795, 0.04171576, 0.022017568, 0.003615256, 0.0, 0.0 ],
  "lightfield_0.0_0.0_0.6_x" : [ 0.07703673, 0.07874943, 0.08038992, 0.082007706, 0.08366057, 0.08499359, 0.084015496, 0.08086453, 0.07021891, 0.069715425, 0.052000254, 0.043224182, 0.030882373, 0.027066959, 0.016916592, 0.014568326, 0.011840376, 0.007108765, 0.0047398647, 0.0 ],
  "lightfield_0.0_0.0_0.8_y" : [ 0.09505056, 0.09564153, 0.09530924, 0.09424104, 0.091866, 0.086843856, 0.081752576, 0.07232156, 0.063100174, 0.060158692, 0.050950684, 0.03881012, 0.027380947, 0.015561513, 0.011558515, 0.0075198365, 0.007499766, 0.0044334033, 0.0, 0.0 ],
  "lightfield_0.0_0.0_0.8_x" : [ 0.06430665, 0.06943361, 0.07026988, 0.07348789, 0.07648958, 0.07532994, 0.07119091, 0.06447836, 0.059371475, 0.05905034, 0.055036195, 0.047471754, 0.042054888, 0.04032434, 0.038506825, 0.034187157, 0.026981762, 0.011607577, 0.010218236, 0.010202625 ],
  "lightfield_0.0_0.0_0.2_y" : [ 0.009766542, 0.01211227, 0.021354912, 0.030964283, 0.03912532, 0.046492055, 0.049310986, 0.05607946, 0.06416783, 0.06644088, 0.06982596, 0.072308585, 0.07217338, 0.07318907, 0.07234069, 0.06674508, 0.057806645, 0.048854683, 0.03994328, 0.030998083 ],
  "lightfield_0.0_0.0_0.2_x" : [ 0.050188098, 0.05741456, 0.061362416, 0.0674025, 0.07206691, 0.06953021, 0.06663692, 0.067449816, 0.06685493, 0.06664537, 0.0636473, 0.057639334, 0.05390442, 0.05092156, 0.043979015, 0.034881715, 0.023660079, 0.010111304, 0.007875427, 0.007828106 ],
  "lightfield_0.0_0.0_0.4_y" : [ 0.03784651, 0.038719624, 0.046273176, 0.055921152, 0.050638735, 0.045144606, 0.045868993, 0.049361438, 0.062146664, 0.061464272, 0.053706, 0.053055104, 0.057096966, 0.06974396, 0.068141215, 0.05711796, 0.05294312, 0.046201438, 0.032124918, 0.016484141 ],
  "lightfield_0.0_0.0_0.4_x" : [ 0.07429499, 0.08509428, 0.08747566, 0.08744766, 0.086422324, 0.0849963, 0.083563276, 0.081505604, 0.07007291, 0.06794874, 0.051853046, 0.043368638, 0.027390165, 0.020898692, 0.0150878625, 0.012244563, 0.010073156, 0.006085537, 0.004176589, 0.0 ],
  "lightfield_0.0_0.0_0.0_y" : [ 0.0053685196, 0.015761256, 0.015732324, 0.015768489, 0.015768489, 0.031751085, 0.034505505, 0.051341623, 0.07096833, 0.072179176, 0.072196536, 0.072260186, 0.072260186, 0.072260186, 0.072260186, 0.072196536, 0.072228365, 0.07214735, 0.06965477, 0.023390891 ],
  "lightfield_0.0_0.0_0.0_x" : [ 0.038055588, 0.06057704, 0.054703638, 0.046291366, 0.046226267, 0.046221927, 0.056310866, 0.05976547, 0.046292815, 0.04625086, 0.046221927, 0.046245076, 0.06379873, 0.052682668, 0.046271116, 0.046226267, 0.04622048, 0.059649736, 0.054532934, 0.037455227 ],
  "d1" : [ 0.0066463, 0.0240262, 0.2315747, 0.1081734, 0.0, 0.0026788, 0.0106756, 0.0040036, 0.0093639, 0.2515592, 0.1312787, 0.0376591, 0.0283749, 0.0166807, 0.0199437, 0.0173125, 0.0157324, 0.019673, 0.0396762, 0.0249671 ],
  "d2" : [ 0.06616082, 0.03229617, 0.027246185, 0.09253735, 0.13861854, 0.05756981, 0.032204155, 0.049756736, 0.13108462, 0.056272082, 0.06850563, 0.06347885, 0.071662284, 0.04852242, 0.021856839, 0.02635873, 0.014440536, 3.9566949E-4, 5.0838926E-4, 5.2419206E-4 ],
  "d3" : [ 0.028609708, 0.06351542, 0.0917158, 0.09383365, 0.09292857, 0.11018874, 0.07278302, 0.08633383, 0.08677133, 0.069967374, 0.044127636, 0.033080056, 0.05116088, 0.021821273, 0.023617946, 0.0232697, 0.0045643277, 6.9125986E-4, 8.0586615E-4, 2.1361641E-4 ],
  "d4" : [ 1.8404604E-5, 2.0133212E-4, 5.052623E-4, 5.022118E-4, 0.0013404855, 0.007607202, 0.016212422, 0.03013586, 0.05525601, 0.43740502, 0.34050104, 0.054038662, 0.030200532, 0.016139211, 0.0074704387, 0.0012369724, 5.266157E-4, 5.091262E-4, 1.7784338E-4, 1.5354117E-5 ],
  "lightfield_0.0_0.8_0.0_y" : [ 0.0048073805, 0.015738834, 0.016661031, 0.017584937, 0.020816043, 0.03804747, 0.04762466, 0.059809618, 0.067912996, 0.06912552, 0.06909648, 0.0690777, 0.06911015, 0.069166504, 0.06915967, 0.06915284, 0.06913576, 0.06898377, 0.06661851, 0.022370115 ],
  "lightfield_0.0_0.8_0.0_x" : [ 0.0, 0.004638311, 0.033094928, 0.047894485, 0.05122635, 0.057265036, 0.07308926, 0.066217184, 0.055225957, 0.056052517, 0.06897865, 0.07166156, 0.05623525, 0.054810967, 0.059903543, 0.07522739, 0.060731813, 0.04865957, 0.033096638, 0.025990594 ],
  "lightfield_0.8_0.0_0.0_x" : [ 0.035431452, 0.059014842, 0.05524398, 0.0467384, 0.046653852, 0.04674122, 0.055903457, 0.060615625, 0.046851132, 0.04692441, 0.046975136, 0.047180872, 0.06427376, 0.052504607, 0.04706532, 0.04706532, 0.047206238, 0.061159555, 0.051490027, 0.0349608 ],
  "lightfield_0.8_0.0_0.0_y" : [ 0.14066613, 0.14077322, 0.14077322, 0.14068586, 0.13969946, 0.08076635, 0.09906828, 0.06887037, 0.03405331, 0.013009193, 0.001634604, 0.0, 0.0, 0.0, 0.0, 0.0, 0.0, 0.0, 0.0, 0.0 ],
  "lightfield_0.0_0.6_0.0_x" : [ 0.0, 0.0, 0.0, 0.0, 0.0, 0.0035427462, 0.027594447, 0.052211583, 0.07154175, 0.10085486, 0.109010525, 0.11365858, 0.12196119, 0.12362555, 0.09750698, 0.07245858, 0.052847296, 0.032696128, 0.019486701, 0.001003086 ],
  "lightfield_0.0_0.6_0.0_y" : [ 0.008820129, 0.037596554, 0.037638083, 0.037654057, 0.044956777, 0.05569363, 0.072334, 0.06840471, 0.056623243, 0.05698103, 0.057009783, 0.056984227, 0.05698103, 0.057003394, 0.057083257, 0.057108812, 0.05711201, 0.057060894, 0.050869875, 0.016084515 ],
  "lightfield_0.6_0.0_0.0_y" : [ 0.0, 0.0, 0.035948016, 0.13241896, 0.436811, 0.15299737, 0.014105923, 0.049992293, 0.1329943, 0.044732112, 0.0, 0.0, 0.0, 0.0, 0.0, 0.0, 0.0, 0.0, 0.0, 0.0 ],
  "lightfield_0.6_0.0_0.0_x" : [ 0.016571634, 0.0872759, 0.06897827, 0.032793958, 0.03326655, 0.032424103, 0.067509115, 0.09780654, 0.03287615, 0.03355422, 0.033102173, 0.03373915, 0.110371396, 0.053639494, 0.03236246, 0.03326655, 0.03236246, 0.09695382, 0.056536704, 0.014609339 ],
  "lightfield_0.0_0.4_0.0_x" : [ 0.0, 0.0, 0.0, 0.0, 0.0, 0.0036805503, 0.025654176, 0.050921265, 0.070472375, 0.100049034, 0.109352015, 0.114203505, 0.12242265, 0.1243355, 0.098158754, 0.07324327, 0.053846996, 0.03340559, 0.019386597, 8.6771953E-4 ],
  "lightfield_0.0_0.4_0.0_y" : [ 0.00909654, 0.038205467, 0.03819579, 0.03819579, 0.045460116, 0.056059845, 0.073227145, 0.06897564, 0.056250162, 0.05670176, 0.056682408, 0.05665983, 0.056663055, 0.05667273, 0.056724343, 0.056759827, 0.0567566, 0.05665015, 0.04998258, 0.01608023 ],
  "lightfield_0.0_0.2_0.0_y" : [ 0.0048082424, 0.016313192, 0.017221566, 0.01813165, 0.021229004, 0.03831568, 0.04760604, 0.059624936, 0.06773372, 0.06892383, 0.06892896, 0.06894091, 0.06894091, 0.06893066, 0.06892896, 0.06892724, 0.06892724, 0.06881285, 0.06644288, 0.022311542 ],
  "lightfield_0.0_0.2_0.0_x" : [ 0.0, 0.002410951, 0.030288853, 0.04609834, 0.050949268, 0.0575828, 0.07387209, 0.06562158, 0.055147942, 0.055921428, 0.06930289, 0.071384296, 0.05619804, 0.05467668, 0.059869107, 0.0754071, 0.06064771, 0.04994869, 0.036159143, 0.028513081 ],
  "a3" : [ 0.1557648, 0.14456387, 0.10055889, 0.100506775, 0.07911474, 0.08320968, 0.07339339, 0.0, 0.0, 0.0, 0.0, 0.0, 0.0, 0.008944722, 0.01973884, 0.022257563, 0.030632574, 0.03189093, 0.05103923, 0.09838399 ],