{
  "eccentricity_minmax" : 5.017681E-4,
  "compactness" : 16380.848,
  "eccentricity" : 1.2361345,
  "compactness_standardized" : 0.044280093,
  "convexity_minmax" : 0.0121407015,
  "diameter_standardized" : 2.0662768,
  "surface_area_minmax" : 0.289524,
  "convexity" : 0.02424923,
  "diameter_minmax" : 0.4416547,
  "rectangularity _standardized" : -0.22301611,
  "convexity_standardized" : -1.1103959,
  "diameter" : 1.2342728,
  "surface_area" : 5.9253955,
  "rectangularity " : 0.008817848,
  "compactness_minmax" : 0.0041611847,
  "surface_area_standardized" : 2.6513813,
  "rectangularity _minmax" : 0.01589028,
  "eccentricity_standardized" : -0.35389614,
  "lightfield_0.0_0.0_0.6_y" : [ 0.061972607, 0.06218589, 0.06294085, 0.063531615, 0.063873544, 0.06408683, 0.06421209, 0.06422902, 0.06415454, 0.067582324, 0.07011296, 0.06365857, 0.062265452, 0.060794465, 0.049762934, 0.03353979, 0.017350502, 0.0037460157, 0.0, 0.0 ],
  "lightfield_0.0_0.0_0.6_x" : [ 0.006478085, 0.015214275, 0.031095486, 0.047670715, 0.06098913, 0.06368735, 0.06496874, 0.06627215, 0.067492604, 0.06871138, 0.07002832, 0.0711963, 0.07233213, 0.07502019, 0.06957636, 0.05888168, 0.04622851, 0.031014234, 0.013142371, 0.0 ],
  "lightfield_0.0_0.0_0.8_y" : [ 0.040058054, 0.048803084, 0.058503285, 0.070665665, 0.08010429, 0.08195894, 0.08434855, 0.08437893, 0.08272679, 0.07536051, 0.067236505, 0.058803674, 0.05042316, 0.041619062, 0.032723837, 0.023479281, 0.013755453, 0.0050509227, 0.0, 0.0 ],
  "lightfield_0.0_0.0_0.8_x" : [ 0.024729777, 0.027927738, 0.03364694, 0.042697426, 0.05156059, 0.060371436, 0.070248835, 0.0741927, 0.07208154, 0.069433734, 0.06664754, 0.06370778, 0.06072414, 0.05760887, 0.054356907, 0.050809614, 0.043463588, 0.034419853, 0.025338992, 0.016031997 ],
  "lightfield_0.0_0.0_0.2_y" : [ 0.036517046, 0.045312863, 0.05393605, 0.062280755, 0.070247635, 0.0778595, 0.081176855, 0.081427656, 0.080974914, 0.07630423, 0.07405194, 0.0649353, 0.05328137, 0.042441722, 0.033437453, 0.024319183, 0.019689206, 0.010738679, 0.0060435603, 0.005024086 ],
  "lightfield_0.0_0.0_0.2_x" : [ 0.024374554, 0.028616935, 0.03310034, 0.041909184, 0.049819067, 0.053151086, 0.05591963, 0.05903668, 0.06718596, 0.07329466, 0.07271164, 0.06893828, 0.069744416, 0.0682836, 0.061471365, 0.052408468, 0.043475855, 0.034670267, 0.02555037, 0.016337644 ],
  "lightfield_0.0_0.0_0.4_y" : [ 0.05166455, 0.06057484, 0.06187995, 0.06352409, 0.0690095, 0.0661195, 0.06350763, 0.06362777, 0.06353561, 0.063306846, 0.062956296, 0.06250864, 0.061772972, 0.059241753, 0.049414758, 0.045775924, 0.026768727, 0.004810636, 0.0, 0.0 ],
  "lightfield_0.0_0.0_0.4_x" : [ 0.009889535, 0.022262562, 0.035371255, 0.04928474, 0.061271008, 0.06539535, 0.071219794, 0.07228132, 0.07091861, 0.069261305, 0.0677373, 0.06631205, 0.06487528, 0.063431926, 0.061893117, 0.05579712, 0.043692358, 0.030586954, 0.016787028, 0.001731368 ],
  "lightfield_0.0_0.0_0.0_y" : [ 0.053589202, 0.06811615, 0.066550225, 0.06659389, 0.06667068, 0.06656227, 0.06660594, 0.06656829, 0.06652614, 0.066455364, 0.066449344, 0.06669628, 0.06670532, 0.06582147, 0.03839523, 0.0111632245, 0.010020402, 0.008723998, 0.007209269, 0.0045773135 ],
  "lightfield_0.0_0.0_0.0_x" : [ 5.932439E-4, 0.033640243, 0.051835068, 0.05287249, 0.0686582, 0.06316844, 0.054507677, 0.05479526, 0.054969925, 0.05500606, 0.05503768, 0.054998532, 0.054835916, 0.054545317, 0.054218583, 0.065389335, 0.06555496, 0.052289788, 0.04957351, 0.0035097757 ],
  "d1" : [ 0.0068749, 0.0207065, 0.0773696, 0.1060253, 0.124873, 0.1433416, 0.1341459, 0.1217445, 0.0998815, 0.0727517, 0.0379513, 0.0223749, 0.0114897, 0.0026348, 0.0032965, 0.0036501, 0.0020239, 0.002599, 0.0026511, 0.0036142 ],
  "d2" : [ 0.004879057, 0.015658049, 0.025859041, 0.036124345, 0.047052864, 0.058165815, 0.067852214, 0.07873172, 0.089352794, 0.098702334, 0.11680071, 0.12352269, 0.10446184, 0.06981516, 0.036718346, 0.016561808, 0.0065137437, 0.0022581965, 7.984402E-4, 1.7083E-4 ],
  "d3" : [ 4.6395915E-4, 0.0042690076, 0.012596627, 0.024841083, 0.03736345, 0.05255829, 0.068103686, 0.0841547, 0.09880217, 0.11083241, 0.11908667, 0.1213468, 0.11273624, 0.08468085, 0.04567306, 0.01640409, 0.0046479427, 0.0012203202, 2.0335316E-4, 1.529425E-5 ],
  "d4" : [ 1.6269263E-6, 1.8709652E-5, 1.2222283E-4, 6.564648E-4, 0.0026429417, 0.009828262, 0.028442333, 0.06526506, 0.13107403, 0.2875955, 0.25535747, 0.121645376, 0.05998538, 0.025842808, 0.008538414, 0.0022950845, 5.6830567E-4, 1.0503843E-4, 1.4032239E-5, 9.15146E-7 ],
  "lightfield_0.0_0.8_0.0_y" : [ 0.05309543, 0.06646963, 0.06460854, 0.06454268, 0.064575605, 0.06459913, 0.06450348, 0.064522296, 0.064558364, 0.064606965, 0.064437635, 0.06445801, 0.06450976, 0.06450035, 0.04391066, 0.018273897, 0.015959674, 0.013678377, 0.010059658, 0.0041298536 ],
  "lightfield_0.0_0.8_0.0_x" : [ 0.0, 0.0038711498, 0.049174108, 0.07422291, 0.058291458, 0.056304924, 0.056747075, 0.05710142, 0.06425262, 0.06074052, 0.05744479, 0.057394616, 0.07245745, 0.058330655, 0.056461714, 0.055938035, 0.055183876, 0.064661846, 0.041420832, 0.0 ],
  "lightfield_0.8_0.0_0.0_x" : [ 0.001168058, 0.033941183, 0.052616905, 0.054346982, 0.05565151, 0.05660092, 0.057402126, 0.057968546, 0.058361813, 0.05868024, 0.058709588, 0.05876095, 0.058501218, 0.058162246, 0.057633977, 0.056838643, 0.055770367, 0.054278012, 0.050307203, 0.00429951 ],
  "lightfield_0.8_0.0_0.0_y" : [ 0.06279045, 0.06484483, 0.06502679, 0.06495342, 0.06479787, 0.0648419, 0.064878576, 0.06492407, 0.06488885, 0.06497689, 0.064885914, 0.066252075, 0.06779432, 0.064885914, 0.05557814, 0.03360221, 7.7772704E-5, 0.0, 0.0, 0.0 ],
  "lightfield_0.0_0.6_0.0_x" : [ 0.0, 0.0, 0.0049420455, 0.04052045, 0.06859386, 0.08031094, 0.06301198, 0.06401589, 0.08033978, 0.076165535, 0.063871704, 0.0637906, 0.06359594, 0.073222294, 0.07545, 0.062294643, 0.06249651, 0.050411746, 0.006966085, 0.0 ],
  "lightfield_0.0_0.6_0.0_y" : [ 0.038626175, 0.06332559, 0.06491346, 0.0647116, 0.06472241, 0.064697176, 0.06475305, 0.06477648, 0.064751245, 0.06472241, 0.06476387, 0.064756654, 0.064718805, 0.06255238, 0.03950392, 0.024279466, 0.021408321, 0.018567815, 0.013477978, 0.0059711877 ],
  "lightfield_0.6_0.0_0.0_y" : [ 0.055254154, 0.06163935, 0.065693274, 0.06749912, 0.068241805, 0.068263374, 0.06820174, 0.06885198, 0.07063317, 0.071308054, 0.07064088, 0.06804458, 0.063670166, 0.05686278, 0.0464329, 0.02811706, 6.4560765E-4, 0.0, 0.0, 0.0 ],
  "lightfield_0.6_0.0_0.0_x" : [ 0.002197223, 0.027654812, 0.04640979, 0.053586975, 0.05666555, 0.058386657, 0.05979652, 0.06078265, 0.061426714, 0.061913617, 0.06187972, 0.061736424, 0.061127793, 0.060331184, 0.059123177, 0.05740669, 0.055169407, 0.049855083, 0.04013091, 0.0044190995 ],
  "lightfield_0.0_0.4_0.0_x" : [ 0.0, 0.0, 0.004739274, 0.036570076, 0.06456082, 0.083994865, 0.06693612, 0.063791685, 0.08126894, 0.07356808, 0.062417407, 0.062368393, 0.062347654, 0.0674206, 0.08533144, 0.06449296, 0.062138405, 0.049455095, 0.008598181, 0.0 ],
  "lightfield_0.0_0.4_0.0_y" : [ 0.020846019, 0.05661302, 0.067803286, 0.06746585, 0.067479044, 0.067467734, 0.067501664, 0.06738479, 0.06749601, 0.06743757, 0.0674583, 0.06740552, 0.06745265, 0.05809475, 0.033188112, 0.025775693, 0.022759449, 0.01987705, 0.01425741, 0.006236085 ],
  "lightfield_0.0_0.2_0.0_y" : [ 0.041367784, 0.06573657, 0.06637314, 0.06607178, 0.06621843, 0.066255495, 0.06619426, 0.066054046, 0.06604438, 0.065999255, 0.06610723, 0.06600409, 0.065987974, 0.064026676, 0.036961712, 0.018966747, 0.016642842, 0.014259308, 0.009990218, 0.0047380608 ],
  "lightfield_0.0_0.2_0.0_x" : [ 0.0, 0.004783185, 0.037918992, 0.06722728, 0.0698026, 0.05639904, 0.056724582, 0.057001773, 0.057214502, 0.06924015, 0.058181453, 0.05727091, 0.06769464, 0.06430226, 0.056556977, 0.05617181, 0.055561017, 0.057417564, 0.047480527, 0.003050731 ],