{
  "eccentricity_minmax" : 0.025645737,
  "compactness" : 4.793035,
  "eccentricity" : 13.032505,
  "compactness_standardized" : -0.06507962,
  "convexity_minmax" : 0.20278047,
  "diameter_standardized" : -0.2384347,
  "surface_area_minmax" : 0.050200306,
  "convexity" : 0.38892224,
  "diameter_minmax" : 0.06977667,
  "rectangularity _standardized" : -0.22733645,
  "convexity_standardized" : 0.19557722,
  "diameter" : 1.0370126,
  "surface_area" : 1.0404855,
  "rectangularity " : 0.00858659,
  "compactness_minmax" : 1.1012078E-6,
  "surface_area_standardized" : -0.3377937,
  "rectangularity _minmax" : 0.015473538,
  "eccentricity_standardized" : 0.17930186,
  "lightfield_0.0_0.0_0.6_y" : [ 0.022010278, 0.059053566, 0.0878348, 0.08533086, 0.07494936, 0.06052592, 0.051241655, 0.041300923, 0.03526146, 0.03324049, 0.03150555, 0.030352052, 0.041586954, 0.04651512, 0.044878647, 0.048700202, 0.05501163, 0.06787831, 0.055611823, 0.027210405 ],
  "lightfield_0.0_0.0_0.6_x" : [ 0.0, 0.0, 0.0, 0.0014676645, 0.014690712, 0.029747168, 0.062040474, 0.087262735, 0.12703034, 0.22391497, 0.14820598, 0.10343987, 0.0754417, 0.05640427, 0.03969728, 0.025831833, 0.004825006, 0.0, 0.0, 0.0 ],
  "lightfield_0.0_0.0_0.8_y" : [ 0.0, 0.0070926333, 0.023628976, 0.037026174, 0.05118079, 0.06536168, 0.08105303, 0.096674345, 0.10120137, 0.06666637, 0.062529005, 0.060278628, 0.06698598, 0.09351768, 0.07031339, 0.051719308, 0.038409673, 0.01998634, 0.006374614, 0.0 ],
  "lightfield_0.0_0.0_0.8_x" : [ 0.012578479, 0.03483271, 0.04530529, 0.06422774, 0.069731094, 0.0559924, 0.051675525, 0.041159164, 0.042258084, 0.03397021, 0.03894819, 0.04838752, 0.058676217, 0.07312417, 0.08685411, 0.082033746, 0.06514277, 0.0492938, 0.033068307, 0.0127404705 ],
  "lightfield_0.0_0.0_0.2_y" : [ 0.0, 0.006620451, 0.024412638, 0.037618395, 0.0500905, 0.06522484, 0.07995501, 0.09777356, 0.10587889, 0.07180136, 0.058318835, 0.057268877, 0.068418644, 0.09345072, 0.06884478, 0.052330997, 0.036985785, 0.01911452, 0.005891191, 0.0 ],
  "lightfield_0.0_0.0_0.2_x" : [ 0.012933383, 0.03236421, 0.04898782, 0.06628358, 0.08328501, 0.086641364, 0.074837014, 0.055709314, 0.0431801, 0.039248247, 0.036832023, 0.044168554, 0.040987927, 0.052243132, 0.056675803, 0.06895461, 0.06372678, 0.04570176, 0.03508795, 0.012151405 ],
  "lightfield_0.0_0.0_0.4_y" : [ 0.02162119, 0.05917082, 0.08834793, 0.08515661, 0.07281371, 0.061803658, 0.050610576, 0.043707, 0.037258655, 0.032082148, 0.030448943, 0.029491547, 0.04156694, 0.04724561, 0.0442514, 0.04825932, 0.05697444, 0.06768414, 0.054379147, 0.027126217 ],
  "lightfield_0.0_0.0_0.4_x" : [ 0.0, 0.0, 0.0, 0.0021165959, 0.01958907, 0.035799097, 0.05235172, 0.07090831, 0.09038944, 0.12759647, 0.2074921, 0.17058542, 0.08888764, 0.07476605, 0.035850722, 0.019359108, 0.0043082815, 0.0, 0.0, 0.0 ],
  "lightfield_0.0_0.0_0.0_y" : [ 0.0, 0.0, 0.0, 0.0, 0.0, 0.0037698343, 0.03502312, 0.07939858, 0.17832936, 0.2162729, 0.215279, 0.16221671, 0.07559809, 0.030907387, 0.003205016, 0.0, 0.0, 0.0, 0.0, 0.0 ],
  "lightfield_0.0_0.0_0.0_x" : [ 0.09285352, 0.08827805, 0.07793618, 0.066092506, 0.05591702, 0.04784756, 0.040382326, 0.03510193, 0.030780412, 0.029296122, 0.027890645, 0.026909875, 0.04423973, 0.040736977, 0.040741358, 0.043963887, 0.047917616, 0.0572612, 0.07117149, 0.0346816 ],
  "d1" : [ 0.0299426, 0.0332921, 0.0274569, 0.0211445, 0.024502, 0.0333578, 0.0350647, 0.0679777, 0.0314155, 0.0344266, 0.0424776, 0.0435559, 0.040468, 0.0405076, 0.0602872, 0.095537, 0.1368139, 0.0489317, 0.0997062, 0.0531345 ],
  "d2" : [ 0.008690926, 0.029487778, 0.053099725, 0.07784097, 0.08967685, 0.092647366, 0.0888308, 0.07594774, 0.043867104, 0.039109968, 0.03942212, 0.04105821, 0.049896162, 0.045822345, 0.040748756, 0.0392795, 0.038540367, 0.040738653, 0.049672622, 0.015622043 ],
  "d3" : [ 6.0412294E-4, 0.0064547774, 0.02005036, 0.039063428, 0.060718376, 0.08178027, 0.09905291, 0.10662326, 0.10251434, 0.096190974, 0.087800875, 0.078931816, 0.06645724, 0.053316463, 0.040070836, 0.027201027, 0.01693144, 0.009989158, 0.0053596287, 8.8867644E-4 ],
  "d4" : [ 4.1689987E-6, 4.5858986E-5, 2.400733E-4, 8.615591E-4, 0.0026009467, 0.0070878062, 0.01805878, 0.04705203, 0.13346206, 0.44985235, 0.22539213, 0.07239304, 0.026871026, 0.010332304, 0.0038663903, 0.0013608221, 4.1334095E-4, 9.426004E-5, 9.253144E-6, 1.830292E-6 ],
  "lightfield_0.0_0.8_0.0_y" : [ 0.0, 0.0, 0.0, 0.0, 0.0, 0.0071783755, 0.049683735, 0.0975652, 0.17118198, 0.18975814, 0.19063045, 0.15886575, 0.089111, 0.04115269, 0.0048726876, 0.0, 0.0, 0.0, 0.0, 0.0 ],
  "lightfield_0.0_0.8_0.0_x" : [ 0.030246785, 0.059901778, 0.0669226, 0.055909093, 0.041594613, 0.038001582, 0.04083758, 0.046213675, 0.030546525, 0.025166586, 0.027307034, 0.031995267, 0.037632674, 0.046255946, 0.05971348, 0.07550745, 0.08101419, 0.08273578, 0.074861854, 0.047635518 ],
  "lightfield_0.8_0.0_0.0_x" : [ 0.09407099, 0.090509415, 0.08083719, 0.06552063, 0.05697195, 0.04747736, 0.037649713, 0.030957319, 0.029571766, 0.02881682, 0.028186215, 0.027275836, 0.044639647, 0.04149107, 0.04140669, 0.044133388, 0.04686452, 0.05671882, 0.072124206, 0.034776468 ],
  "lightfield_0.8_0.0_0.0_y" : [ 0.0, 0.0, 0.0, 0.0, 0.0, 0.0035082889, 0.031801086, 0.07418921, 0.16323313, 0.21838877, 0.21932578, 0.17130664, 0.07779963, 0.036264163, 0.0041833012, 0.0, 0.0, 0.0, 0.0, 0.0 ],
  "lightfield_0.0_0.6_0.0_x" : [ 0.017565306, 0.036201246, 0.044169284, 0.049992006, 0.052871995, 0.053811077, 0.051248837, 0.046195194, 0.041839793, 0.051001925, 0.057636224, 0.06204222, 0.06436564, 0.0658532, 0.06514282, 0.0632606, 0.058654238, 0.05235388, 0.042323504, 0.023471005 ],
  "lightfield_0.0_0.6_0.0_y" : [ 0.0, 0.0, 0.013513486, 0.045923997, 0.07721529, 0.09031388, 0.09550515, 0.09846407, 0.10086642, 0.1003139, 0.098237395, 0.09313316, 0.08619123, 0.064240165, 0.03144714, 0.004634699, 0.0, 0.0, 0.0, 0.0 ],
  "lightfield_0.6_0.0_0.0_y" : [ 0.0, 0.0, 0.0, 0.0, 0.0, 0.0035096, 0.031101262, 0.07385895, 0.17245117, 0.21513893, 0.21568525, 0.17522651, 0.07690526, 0.032818913, 0.0033041814, 0.0, 0.0, 0.0, 0.0, 0.0 ],
  "lightfield_0.6_0.0_0.0_x" : [ 0.093010955, 0.087993495, 0.076970816, 0.06380217, 0.056236643, 0.048325837, 0.04162132, 0.03631103, 0.03267031, 0.03079532, 0.029060187, 0.027495509, 0.044182498, 0.04073846, 0.041101217, 0.043142293, 0.046144903, 0.05564224, 0.071717344, 0.033037443 ],
  "lightfield_0.0_0.4_0.0_x" : [ 0.023770725, 0.042811748, 0.05307166, 0.05925164, 0.06361674, 0.06551513, 0.066132315, 0.064606674, 0.061891474, 0.057080295, 0.050702732, 0.042143643, 0.046899825, 0.05172119, 0.053678658, 0.053483114, 0.050042775, 0.043813907, 0.034181368, 0.015584389 ],
  "lightfield_0.0_0.4_0.0_y" : [ 0.0, 0.0, 0.012687905, 0.045563612, 0.07721107, 0.09043468, 0.095490284, 0.099987775, 0.101405464, 0.1, 0.09744775, 0.09341264, 0.08615513, 0.06441724, 0.03135006, 0.004436387, 0.0, 0.0, 0.0, 0.0 ],
  "lightfield_0.0_0.2_0.0_y" : [ 0.0, 0.0, 0.0, 0.0, 0.0, 0.0065153004, 0.049017485, 0.09684404, 0.17099473, 0.19222263, 0.18995291, 0.15703227, 0.08994594, 0.042498317, 0.0049763746, 0.0, 0.0, 0.0, 0.0, 0.0 ],
  "lightfield_0.0_0.2_0.0_x" : [ 0.04678643, 0.07507869, 0.08339198, 0.081450924, 0.07478482, 0.060605828, 0.046334032, 0.037773274, 0.029146785, 0.026691465, 0.02517574, 0.03077851, 0.046395898, 0.04126099, 0.03824114, 0.04178299, 0.05700598, 0.06753872, 0.06030036, 0.02947545 ],
  "a3" : [ 0.15381217, 0.19137405, 0.10405001, 0.07721212, 0.07587176, 0.09081032, 0.057137206, 0.0, 0.0, 0.0, 0.0, 0.0, 0.0, 0.0047127423, 0.02300688, 0.034845132, 0.039747845, 0.042463884, 0.044701975, 0.060253914 ],
  "lightfield_0.4_0.0_0.0_y" : [ 0.0, 0.0, 0.0, 0.0, 0.0, 0.0034400658, 0.031623684, 0.075957365, 0.16785564, 0.2191273, 0.21937652, 0.16847423, 0.077697426, 0.033087827, 0.0033599609, 0.0, 0.0, 0.0, 0.0, 0.0 ],