{
  "eccentricity_minmax" : 0.006261072,
  "compactness" : 9.113676,
  "eccentricity" : 3.9381297,
  "compactness_standardized" : -0.065034546,
  "convexity_minmax" : 0.20547551,
  "diameter_standardized" : 1.3306916,
  "surface_area_minmax" : 0.12847613,
  "convexity" : 0.39407754,
  "diameter_minmax" : 0.32299927,
  "rectangularity _standardized" : 1.5463908,
  "convexity_standardized" : 0.21322143,
  "diameter" : 1.1713328,
  "surface_area" : 2.6381977,
  "rectangularity " : 0.093906686,
  "compactness_minmax" : 2.1988E-6,
  "surface_area_standardized" : 0.6396264,
  "rectangularity _minmax" : 0.16922586,
  "eccentricity_standardized" : -0.23172227,
  "lightfield_0.0_0.0_0.6_y" : [ 0.0016908282, 0.012421415, 0.024874408, 0.051746808, 0.074680634, 0.08624372, 0.06922922, 0.062353954, 0.05340893, 0.03754844, 0.048718244, 0.056443233, 0.05745945, 0.058481414, 0.053322807, 0.038622074, 0.04041625, 0.052935265, 0.05663844, 0.06276446 ],
  "lightfield_0.0_0.0_0.6_x" : [ 0.022945313, 0.028244581, 0.04908282, 0.08098177, 0.107966125, 0.12750395, 0.12821013, 0.113997415, 0.09736759, 0.08055117, 0.05285489, 0.038113967, 0.032935265, 0.023261089, 0.008307736, 0.0045500216, 0.002773073, 3.5309314E-4, 0.0, 0.0 ],
  "lightfield_0.0_0.0_0.8_y" : [ 0.005009753, 0.0078087747, 0.017750874, 0.032888502, 0.041273184, 0.046323188, 0.05106047, 0.06600613, 0.100783356, 0.11048085, 0.112134255, 0.093237765, 0.063516736, 0.06267455, 0.06289439, 0.040294763, 0.022107316, 0.021444716, 0.022200204, 0.020110227 ],
  "lightfield_0.0_0.0_0.8_x" : [ 0.060250178, 0.07501625, 0.08992167, 0.056299347, 0.05391213, 0.05564913, 0.06402762, 0.09764994, 0.080824845, 0.08005697, 0.07024801, 0.063163765, 0.05546026, 0.044236306, 0.029538346, 0.012849491, 0.0076725394, 0.0032201132, 3.0962628E-6, 0.0 ],
  "lightfield_0.0_0.0_0.2_y" : [ 0.0041726683, 0.00634871, 0.014791443, 0.027050579, 0.03419384, 0.038315248, 0.042244423, 0.05430877, 0.07946268, 0.082766466, 0.082879245, 0.079014145, 0.08211545, 0.08576782, 0.084755406, 0.062205568, 0.042431526, 0.037238758, 0.03319937, 0.026737886 ],
  "lightfield_0.0_0.0_0.2_x" : [ 0.031769183, 0.041626725, 0.04938512, 0.055344246, 0.0621825, 0.06583999, 0.07717387, 0.065860495, 0.04884944, 0.04482543, 0.044889506, 0.058425047, 0.07615889, 0.050720476, 0.050115593, 0.050787117, 0.046937395, 0.039535265, 0.027740045, 0.011833668 ],
  "lightfield_0.0_0.0_0.4_y" : [ 0.0017474693, 0.012240837, 0.024615657, 0.051449146, 0.07327683, 0.07573697, 0.06867298, 0.061945364, 0.053022724, 0.037312604, 0.048530046, 0.055938974, 0.05701368, 0.05809124, 0.05292295, 0.03847568, 0.040362835, 0.055696666, 0.06282338, 0.07012398 ],
  "lightfield_0.0_0.0_0.4_x" : [ 0.014988896, 0.029407656, 0.03475839, 0.044205558, 0.0647989, 0.0904465, 0.103756346, 0.12287303, 0.1285516, 0.11781022, 0.097824074, 0.06005536, 0.03796826, 0.023615066, 0.02133452, 0.007605625, 0.0, 0.0, 0.0, 0.0 ],
  "lightfield_0.0_0.0_0.0_y" : [ 0.0, 2.2333371E-4, 0.0021891613, 0.0036764164, 0.014025847, 0.056739032, 0.07740845, 0.10220585, 0.122072734, 0.12258812, 0.12258812, 0.12208255, 0.10153094, 0.07701822, 0.056088667, 0.0133533925, 0.0037083214, 0.0022873299, 2.1351685E-4, 0.0 ],
  "lightfield_0.0_0.0_0.0_x" : [ 0.08479073, 0.0616671, 0.06995253, 0.06399124, 0.053305585, 0.03390746, 0.029622395, 0.030015068, 0.039402448, 0.057031084, 0.057838522, 0.046384692, 0.031178368, 0.023668464, 0.031556316, 0.0467381, 0.0605897, 0.06269051, 0.062609516, 0.053060163 ],
  "d1" : [ 0.0382103, 0.0168501, 0.0219823, 0.0244173, 0.0251796, 0.0234535, 0.1267865, 0.025913, 0.038984, 0.0995903, 0.0549948, 0.0651411, 0.0623492, 0.0675292, 0.0850829, 0.0674902, 0.0316599, 0.0410604, 0.0258064, 0.057519 ],
  "d2" : [ 0.006769689, 0.018859211, 0.0324679, 0.047151178, 0.06138098, 0.07369644, 0.08520446, 0.08904464, 0.090969376, 0.0842681, 0.07447298, 0.057524502, 0.04817856, 0.047312908, 0.039469533, 0.040564023, 0.046323434, 0.035260193, 0.01663092, 0.0044509815 ],
  "d3" : [ 5.353994E-4, 0.005865647, 0.018703964, 0.03672049, 0.05762974, 0.07896915, 0.09774304, 0.110556, 0.11628531, 0.11261106, 0.09953257, 0.082429774, 0.06673918, 0.049193554, 0.032375716, 0.017757934, 0.010123184, 0.004516533, 0.0015383803, 1.7336839E-4 ],
  "d4" : [ 1.16935325E-5, 5.1451545E-5, 1.9940015E-4, 7.407599E-4, 0.0021977741, 0.005882762, 0.015508675, 0.040314317, 0.1090306, 0.37526926, 0.29995385, 0.094372, 0.03523719, 0.01340994, 0.0051339692, 0.0018512388, 6.097923E-4, 1.7682655E-4, 4.1689986E-5, 6.812754E-6 ],
  "lightfield_0.0_0.8_0.0_y" : [ 0.0, 0.0018847935, 0.01931207, 0.02960377, 0.036464904, 0.061746158, 0.0818069, 0.08899494, 0.09007255, 0.09084342, 0.09040148, 0.08983846, 0.08912208, 0.08167371, 0.061459605, 0.036204584, 0.029589644, 0.019188974, 0.0017919664, 0.0 ],
  "lightfield_0.0_0.8_0.0_x" : [ 0.047579937, 0.04121119, 0.033143308, 0.0436812, 0.0501347, 0.051297057, 0.046296503, 0.035681926, 0.0436025, 0.054083887, 0.06981001, 0.07755098, 0.08211767, 0.08286634, 0.07869517, 0.072386965, 0.05801895, 0.031775117, 6.659335E-5, 0.0 ],
  "lightfield_0.8_0.0_0.0_x" : [ 0.08426287, 0.061520685, 0.06976898, 0.064128116, 0.053316455, 0.03392843, 0.029991578, 0.030383304, 0.039400365, 0.0569081, 0.057892315, 0.04644655, 0.03130876, 0.023501156, 0.031573176, 0.04684807, 0.060494848, 0.06265424, 0.06270076, 0.052971248 ],
  "lightfield_0.8_0.0_0.0_y" : [ 0.0, 2.6441555E-4, 0.00226467, 0.0036675415, 0.014503682, 0.056915447, 0.07743703, 0.1027891, 0.12173398, 0.12229219, 0.12229219, 0.12168991, 0.101653084, 0.077033065, 0.056198098, 0.013362778, 0.0036038859, 0.0021128762, 1.860702E-4, 0.0 ],
  "lightfield_0.0_0.6_0.0_x" : [ 0.033163097, 0.040703557, 0.044261754, 0.04803653, 0.056869227, 0.06461899, 0.06896163, 0.07152607, 0.07415422, 0.07530814, 0.074241586, 0.071635276, 0.06904535, 0.064831935, 0.057180453, 0.04753602, 0.03329778, 0.0046283826, 0.0, 0.0 ],
  "lightfield_0.0_0.6_0.0_y" : [ 0.0, 0.0027409925, 0.028254429, 0.04338813, 0.05249383, 0.06622791, 0.07357363, 0.07671867, 0.07825843, 0.07929404, 0.07863154, 0.0778471, 0.07698986, 0.07425251, 0.06529787, 0.05204792, 0.043291666, 0.028066963, 0.0026245094, 0.0 ],
  "lightfield_0.6_0.0_0.0_y" : [ 0.0, 2.2211144E-4, 0.002309959, 0.0036944537, 0.013583348, 0.056357075, 0.07749962, 0.10304243, 0.122640066, 0.12327185, 0.12327185, 0.12260058, 0.10162092, 0.07690979, 0.055135462, 0.012193918, 0.0035439115, 0.0019866636, 1.15991534E-4, 0.0 ],
  "lightfield_0.6_0.0_0.0_x" : [ 0.0839063, 0.061709963, 0.06993055, 0.064168, 0.053440012, 0.03386212, 0.029985044, 0.030411992, 0.039442055, 0.05684572, 0.058000702, 0.04632998, 0.03128563, 0.023672143, 0.031505276, 0.046643402, 0.060419247, 0.06265023, 0.062825456, 0.052966174 ],
  "lightfield_0.0_0.4_0.0_x" : [ 0.0672088, 0.07388759, 0.07728311, 0.08013141, 0.08262694, 0.082741186, 0.08040401, 0.07757575, 0.074324556, 0.06800256, 0.058050524, 0.05035148, 0.047210526, 0.041191198, 0.030836271, 0.008174097, 0.0, 0.0, 0.0, 0.0 ],
  "lightfield_0.0_0.4_0.0_y" : [ 0.0, 0.0030246966, 0.031156981, 0.047657512, 0.05422405, 0.06457096, 0.07098316, 0.07474548, 0.076485336, 0.07792052, 0.077529654, 0.07660961, 0.07467132, 0.07070053, 0.06416005, 0.054041646, 0.047657512, 0.030976582, 0.002884386, 0.0 ],
  "lightfield_0.0_0.2_0.0_y" : [ 0.0, 0.0018365849, 0.016301395, 0.020981472, 0.026025752, 0.06369619, 0.08571378, 0.09448577, 0.09561732, 0.096493736, 0.09626782, 0.09573028, 0.09440591, 0.08596502, 0.06203294, 0.025447315, 0.021606652, 0.015650896, 0.0017411526, 0.0 ],
  "lightfield_0.0_0.2_0.0_x" : [ 0.07805583, 0.0804689, 0.07732159, 0.07232405, 0.06116626, 0.04659823, 0.037047207, 0.039125293, 0.047605135, 0.049885772, 0.045984734, 0.037148483, 0.03375966, 0.043659303, 0.047595397, 0.049634535, 0.04935213, 0.045830876, 0.03908634, 0.018350268 ],