{
  "eccentricity_minmax" : 0.01837251,
  "compactness" : 4.552322,
  "eccentricity" : 9.620248,
  "compactness_standardized" : -0.065065,
  "convexity_minmax" : 0.27788493,
  "diameter_standardized" : -0.35400885,
  "surface_area_minmax" : 0.05212648,
  "convexity" : 0.5325888,
  "diameter_minmax" : 0.051244337,
  "rectangularity _standardized" : -0.20711112,
  "convexity_standardized" : 0.70895386,
  "diameter" : 1.0271822,
  "surface_area" : 1.0798012,
  "rectangularity " : 0.009582701,
  "compactness_minmax" : 1.0400584E-6,
  "surface_area_standardized" : -0.3141075,
  "rectangularity _minmax" : 0.017268594,
  "eccentricity_standardized" : 0.025201416,
  "lightfield_0.0_0.0_0.6_y" : [ 0.0, 0.009447519, 0.043787934, 0.0791146, 0.09143163, 0.08354606, 0.07206355, 0.05570332, 0.04406462, 0.032711532, 0.028967334, 0.033845056, 0.043689754, 0.049772404, 0.040454302, 0.052133165, 0.06200464, 0.065061584, 0.061544985, 0.050656017 ],
  "lightfield_0.0_0.0_0.6_x" : [ 0.0, 0.0, 0.02423688, 0.055904143, 0.07649946, 0.1041503, 0.18470636, 0.18738396, 0.11997947, 0.08020796, 0.06387897, 0.04788022, 0.034309175, 0.019747412, 0.001115673, 0.0, 0.0, 0.0, 0.0, 0.0 ],
  "lightfield_0.0_0.0_0.8_y" : [ 0.0, 1.4285102E-5, 0.012885162, 0.03361761, 0.04588375, 0.059197463, 0.07606341, 0.088096224, 0.10510502, 0.119261555, 0.079220414, 0.06631144, 0.079587065, 0.077829994, 0.051773973, 0.049988333, 0.040941104, 0.0142232, 0.0, 0.0 ],
  "lightfield_0.0_0.0_0.8_x" : [ 0.06908275, 0.071658835, 0.06537339, 0.07367303, 0.057045173, 0.0429553, 0.048812192, 0.040341128, 0.055902366, 0.07470632, 0.091167524, 0.097348206, 0.078777574, 0.061702117, 0.04490284, 0.02354185, 0.0030093947, 0.0, 0.0, 0.0 ],
  "lightfield_0.0_0.0_0.2_y" : [ 0.0, 0.0, 0.01078286, 0.028881116, 0.040489767, 0.05262589, 0.068437, 0.07805251, 0.08647473, 0.10149896, 0.0754584, 0.0555875, 0.077702306, 0.09004596, 0.0662493, 0.065453775, 0.066768125, 0.035409633, 8.2146886E-5, 0.0 ],
  "lightfield_0.0_0.0_0.2_x" : [ 0.034259576, 0.050183102, 0.06474904, 0.08179236, 0.088121995, 0.07669061, 0.056197118, 0.039478064, 0.04329141, 0.04261694, 0.041311238, 0.06947032, 0.05757632, 0.0639319, 0.06504736, 0.05739473, 0.05173092, 0.016156996, 0.0, 0.0 ],
  "lightfield_0.0_0.0_0.4_y" : [ 0.0, 0.008136532, 0.043538295, 0.07993078, 0.090752594, 0.083458856, 0.07321983, 0.056050174, 0.0442197, 0.0338148, 0.028991159, 0.031945415, 0.043072067, 0.051181704, 0.040705077, 0.0510248, 0.061877992, 0.066329546, 0.06156867, 0.050182007 ],
  "lightfield_0.0_0.0_0.4_x" : [ 0.0, 0.010180752, 0.031003999, 0.0425117, 0.05960066, 0.0730181, 0.10465867, 0.17029785, 0.20030664, 0.12870066, 0.083378166, 0.05920616, 0.03676906, 3.676009E-4, 0.0, 0.0, 0.0, 0.0, 0.0, 0.0 ],
  "lightfield_0.0_0.0_0.0_y" : [ 0.0, 0.0, 0.0, 0.0, 0.0, 0.00592105, 0.030762138, 0.08436749, 0.15144995, 0.21114711, 0.21275224, 0.16601565, 0.09843372, 0.032653287, 0.00649736, 0.0, 0.0, 0.0, 0.0, 0.0 ],
  "lightfield_0.0_0.0_0.0_x" : [ 0.09057456, 0.09019889, 0.08254464, 0.06688182, 0.05746876, 0.04674513, 0.033323515, 0.028742919, 0.02557108, 0.02330853, 0.054668322, 0.042612776, 0.030783482, 0.046360925, 0.059308685, 0.06073025, 0.059095237, 0.050228603, 0.028563622, 0.022288248 ],
  "d1" : [ 0.0442921, 0.0251332, 0.0330647, 0.0369145, 0.038682, 0.0955979, 0.0447586, 0.0362758, 0.046422, 0.0499008, 0.0538504, 0.1148317, 0.1258947, 0.1221522, 0.0331792, 0.0251724, 0.0278969, 0.0201877, 0.0125541, 0.0132391 ],
  "d2" : [ 0.00894007, 0.029364757, 0.051989228, 0.075984046, 0.093181364, 0.09742721, 0.09191054, 0.09042958, 0.057878062, 0.049590208, 0.055421934, 0.05246001, 0.04339112, 0.04065264, 0.039699472, 0.039094467, 0.036413994, 0.025469573, 0.014706982, 0.0059947525 ],
  "d3" : [ 5.529073E-4, 0.0059283334, 0.019412026, 0.03859444, 0.06112458, 0.0841706, 0.103232674, 0.112637326, 0.112233035, 0.10337022, 0.09037343, 0.07893302, 0.06564997, 0.04897672, 0.031104079, 0.019637214, 0.013199441, 0.007695624, 0.002757996, 4.1636586E-4 ],
  "d4" : [ 3.0504868E-6, 4.21984E-5, 2.3265046E-4, 8.5037405E-4, 0.002438966, 0.006176931, 0.014864921, 0.035659987, 0.09227916, 0.2929349, 0.37390366, 0.10983542, 0.041982733, 0.017321682, 0.0072150114, 0.0028419353, 0.0010323864, 3.060655E-4, 7.209317E-5, 5.897608E-6 ],
  "lightfield_0.0_0.8_0.0_y" : [ 0.0, 0.0, 0.0, 0.0, 0.0, 0.0097428765, 0.04776427, 0.10435524, 0.15778624, 0.17453194, 0.17458284, 0.1602718, 0.113886036, 0.047581885, 0.009496866, 0.0, 0.0, 0.0, 0.0, 0.0 ],
  "lightfield_0.0_0.8_0.0_x" : [ 0.05819428, 0.06014116, 0.058185797, 0.04201695, 0.05028376, 0.060650147, 0.047586124, 0.026989082, 0.03386042, 0.051272046, 0.06550674, 0.08427991, 0.09086282, 0.092886046, 0.08862327, 0.07085536, 0.017806092, 0.0, 0.0, 0.0 ],
  "lightfield_0.8_0.0_0.0_x" : [ 0.090828516, 0.09054884, 0.08502857, 0.06842902, 0.058292028, 0.047255784, 0.034296263, 0.02963221, 0.02544145, 0.021194754, 0.05484562, 0.043331783, 0.0310865, 0.04457094, 0.055934187, 0.060933843, 0.055684634, 0.05086999, 0.029688146, 0.022106912 ],
  "lightfield_0.8_0.0_0.0_y" : [ 0.0, 0.0, 0.0, 0.0, 0.0, 0.0066604707, 0.03316467, 0.09413724, 0.16626652, 0.21415049, 0.2118787, 0.15202913, 0.08296331, 0.0325623, 0.0061871815, 0.0, 0.0, 0.0, 0.0, 0.0 ],
  "lightfield_0.0_0.6_0.0_x" : [ 0.0, 0.0, 0.01984377, 0.058329135, 0.07131683, 0.07437739, 0.07850363, 0.09647852, 0.109119736, 0.114736885, 0.11400193, 0.10630066, 0.09097686, 0.061169207, 0.0048454497, 0.0, 0.0, 0.0, 0.0, 0.0 ],
  "lightfield_0.0_0.6_0.0_y" : [ 0.0, 0.0, 0.0, 0.0, 0.0, 0.012677964, 0.06785204, 0.11628554, 0.14464954, 0.15366322, 0.15448217, 0.1467074, 0.12314162, 0.068156525, 0.012383983, 0.0, 0.0, 0.0, 0.0, 0.0 ],
  "lightfield_0.6_0.0_0.0_y" : [ 0.0, 0.0, 0.0, 0.0, 0.0, 0.006749061, 0.0332778, 0.096280366, 0.16351172, 0.2113544, 0.21069564, 0.15362613, 0.08652228, 0.031531032, 0.006451558, 0.0, 0.0, 0.0, 0.0, 0.0 ],
  "lightfield_0.6_0.0_0.0_x" : [ 0.09101882, 0.09028781, 0.083062746, 0.06732061, 0.057243764, 0.04669942, 0.034042805, 0.029282764, 0.02557248, 0.021908946, 0.05456199, 0.042725634, 0.030834027, 0.045857914, 0.059309285, 0.06203356, 0.05794502, 0.0499847, 0.02889176, 0.021415943 ],
  "lightfield_0.0_0.4_0.0_x" : [ 0.0, 0.03385712, 0.080595516, 0.10041126, 0.1110037, 0.1147296, 0.11166213, 0.10256946, 0.08602499, 0.0740373, 0.07342067, 0.066695236, 0.044407748, 5.852751E-4, 0.0, 0.0, 0.0, 0.0, 0.0, 0.0 ],
  "lightfield_0.0_0.4_0.0_y" : [ 0.0, 0.0, 0.0, 0.0, 0.0, 0.012604318, 0.06821591, 0.11711773, 0.14407174, 0.15295015, 0.15355633, 0.14740571, 0.12389542, 0.06801733, 0.012165361, 0.0, 0.0, 0.0, 0.0, 0.0 ],
  "lightfield_0.0_0.2_0.0_y" : [ 0.0, 0.0, 0.0, 0.0, 0.0, 0.009259259, 0.04494148, 0.097391576, 0.15534253, 0.18223888, 0.18348758, 0.16274913, 0.11149062, 0.044325285, 0.008773648, 0.0, 0.0, 0.0, 0.0, 0.0 ],
  "lightfield_0.0_0.2_0.0_x" : [ 0.08010953, 0.088344514, 0.08841797, 0.08486362, 0.07160113, 0.054625142, 0.04036286, 0.028969362, 0.03232375, 0.055608604, 0.05543313, 0.03972626, 0.051507436, 0.058175407, 0.05755105, 0.05329889, 0.037812382, 0.021036351, 2.3260369E-4, 0.0 ],
  "a3" : [ 0.122643694, 0.18157466, 0.12019792, 0.09035219, 0.08431378, 0.08997749, 0.0550588, 0.0, 0.0, 0.0, 0.0, 0.0, 0.0, 0.003773655, 0.01913512, 0.032278214, 0.040429246, 0.045578275, 0.051132705, 0.06355425 ],
  "lightfield_0.4_0.0_0.0_y" : [ 0.0, 0.0, 0.0, 0.0, 0.0, 0.0065193586, 0.033123095, 0.09216658, 0.1623473, 0.21083929, 0.21146744, 0.15695696, 0.08846124, 0.031607855, 0.00651087, 0.0, 0.0, 0.0, 0.0, 0.0 ],
  "lightfield_0.4_0.0_0.0_x" : [ 0.091478996, 0.090001956, 0.08316002, 0.06709931, 0.057205673, 0.04672207, 0.034082323, 0.02963422, 0.026340585, 0.023114862, 0.054323744, 0.042138144, 0.03075049, 0.04400567, 0.05926844, 0.061008632, 0.058190368, 0.04997326, 0.02970213, 0.021799106 ],