{
  "eccentricity_minmax" : 0.005444962,
  "compactness" : 1019.3721,
  "eccentricity" : 3.5552492,
  "compactness_standardized" : -0.05830692,
  "convexity_minmax" : 0.1736302,
  "diameter_standardized" : 0.55375814,
  "surface_area_minmax" : 0.15123202,
  "convexity" : 0.33316094,
  "diameter_minmax" : 0.19751884,
  "rectangularity _standardized" : -0.3796269,
  "convexity_standardized" : -0.0040551955,
  "diameter" : 1.1047726,
  "surface_area" : 3.1026752,
  "rectangularity " : 0.001263027,
  "compactness_minmax" : 2.588393E-4,
  "surface_area_standardized" : 0.9240817,
  "rectangularity _minmax" : 0.0022760038,
  "eccentricity_standardized" : -0.24912617,
  "lightfield_0.0_0.0_0.6_y" : [ 0.011721211, 0.035376508, 0.05483945, 0.056803126, 0.056803126, 0.056824848, 0.056831364, 0.05682919, 0.056831364, 0.056842223, 0.05685743, 0.056863945, 0.056883495, 0.056863945, 0.056883495, 0.056885667, 0.05690739, 0.054880723, 0.035396058, 0.011875438 ],
  "lightfield_0.0_0.0_0.6_x" : [ 0.0, 0.0, 0.0, 0.01053736, 0.033660468, 0.05677054, 0.07989147, 0.09921975, 0.101302885, 0.10131158, 0.101322435, 0.10132678, 0.101268135, 0.08798076, 0.06473384, 0.041486915, 0.018244337, 9.4273634E-4, 0.0, 0.0 ],
  "lightfield_0.0_0.0_0.8_y" : [ 0.0011966312, 0.011053513, 0.022627003, 0.034205034, 0.045778524, 0.057354286, 0.06892778, 0.08050581, 0.087644726, 0.0877242, 0.087717384, 0.087687865, 0.08127783, 0.069708884, 0.0581422, 0.04656644, 0.03500203, 0.023430813, 0.011855051, 0.0015939946 ],
  "lightfield_0.0_0.0_0.8_x" : [ 0.0056788893, 0.017154742, 0.028628325, 0.04010645, 0.051577758, 0.06305134, 0.0726312, 0.073673435, 0.07368252, 0.073687054, 0.07369841, 0.07370295, 0.07370976, 0.0726312, 0.06301047, 0.051568676, 0.04012234, 0.028676009, 0.017227404, 0.005781069 ],
  "lightfield_0.0_0.0_0.2_y" : [ 0.0, 0.0031158093, 0.01544388, 0.028359225, 0.04127457, 0.054203894, 0.06712157, 0.080034584, 0.09296391, 0.10506826, 0.1066483, 0.09593523, 0.083012894, 0.07010687, 0.05717988, 0.044257544, 0.031328216, 0.018408211, 0.005537145, 0.0 ],
  "lightfield_0.0_0.0_0.2_x" : [ 0.006483307, 0.019580426, 0.032675214, 0.045770004, 0.058862463, 0.067177504, 0.06732898, 0.06733597, 0.06733597, 0.06733364, 0.06733597, 0.06734529, 0.067349955, 0.067366265, 0.0672078, 0.05880886, 0.04576068, 0.032705512, 0.01964801, 0.0065881773 ],
  "lightfield_0.0_0.0_0.4_y" : [ 0.008176092, 0.024695134, 0.04120954, 0.057102863, 0.06144815, 0.061450467, 0.061455105, 0.061455105, 0.06145742, 0.061462056, 0.061464373, 0.061469007, 0.061471324, 0.061471324, 0.061475962, 0.06147828, 0.057040293, 0.041177098, 0.024739167, 0.008301236 ],
  "lightfield_0.0_0.0_0.4_x" : [ 0.0, 0.0, 0.0033696252, 0.01895704, 0.0356638, 0.052361287, 0.06906573, 0.085772485, 0.102444485, 0.10990216, 0.10988825, 0.1074827, 0.09259285, 0.075893044, 0.059193235, 0.042498063, 0.025798257, 0.009098452, 1.8539891E-5, 0.0 ],
  "lightfield_0.0_0.0_0.0_y" : [ 0.0, 0.0, 0.0, 9.845465E-5, 0.03798033, 0.089889094, 0.093082115, 0.093084045, 0.09309562, 0.09310721, 0.093116865, 0.09312458, 0.09313037, 0.09314196, 0.08975396, 0.037325896, 6.94974E-5, 0.0, 0.0, 0.0 ],
  "lightfield_0.0_0.0_0.0_x" : [ 0.031005492, 0.052107606, 0.052107606, 0.052107606, 0.052107606, 0.052109536, 0.052107606, 0.052111465, 0.052107606, 0.052111465, 0.052109536, 0.052111465, 0.052113395, 0.052111465, 0.052109536, 0.05211533, 0.052109536, 0.05211533, 0.052113395, 0.031007422 ],
  "d1" : [ 0.0618189, 0.0674633, 0.0620057, 0.0682365, 0.0666609, 0.1207976, 0.2093437, 0.077933, 0.0768951, 0.039429, 0.025782, 0.0183013, 0.0123291, 0.0832212, 0.008122, 2.351E-4, 0.0, 2.278E-4, 4.853E-4, 7.125E-4 ],
  "d2" : [ 0.061003212, 0.06269251, 0.055526752, 0.06353185, 0.07281799, 0.14508438, 0.10453416, 0.07986202, 0.06673422, 0.06847082, 0.051160283, 0.052297685, 0.046763312, 0.047733583, 0.019844985, 0.0010613864, 7.180261E-4, 1.5862785E-4, 2.9005093E-6, 1.3002283E-6 ],
  "d3" : [ 0.024735633, 0.0645832, 0.08409363, 0.0905157, 0.096914634, 0.09210278, 0.0890064, 0.08189478, 0.08024048, 0.07967651, 0.07458976, 0.06929926, 0.045521628, 0.020459482, 0.0050522345, 9.529727E-4, 2.943137E-4, 6.198196E-5, 4.326663E-6, 3.018602E-7 ],
  "d4" : [ 2.0336579E-7, 4.0673157E-7, 1.4235605E-6, 1.25069955E-5, 7.158476E-5, 4.000205E-4, 0.002344299, 0.010532111, 0.03250914, 0.08858166, 0.5486279, 0.22320138, 0.06270835, 0.022923391, 0.0065601734, 0.0012578174, 2.2959997E-4, 3.1114963E-5, 4.677413E-6, 2.2370236E-6 ],
  "lightfield_0.0_0.8_0.0_y" : [ 0.0, 0.0, 0.015176873, 0.06018777, 0.07675534, 0.07675057, 0.07674421, 0.07673785, 0.07672991, 0.07672355, 0.076718785, 0.07671402, 0.07670607, 0.07669971, 0.07669494, 0.06276413, 0.017896282, 0.0, 0.0, 0.0 ],
  "lightfield_0.0_0.8_0.0_x" : [ 0.03147107, 0.052056562, 0.052056562, 0.052056562, 0.052056562, 0.052056562, 0.052056562, 0.05205974, 0.052058153, 0.052058153, 0.05205974, 0.05205974, 0.05205974, 0.052058153, 0.05206133, 0.05205974, 0.05206133, 0.05206451, 0.05205974, 0.031469483 ],
  "lightfield_0.8_0.0_0.0_x" : [ 0.031246495, 0.051969208, 0.051964533, 0.051969208, 0.051971544, 0.05246233, 0.051971544, 0.05196687, 0.052399226, 0.051971544, 0.051964533, 0.052478686, 0.051971544, 0.05196687, 0.05244363, 0.051969208, 0.052230958, 0.052186552, 0.051969208, 0.030926317 ],
  "lightfield_0.8_0.0_0.0_y" : [ 0.0, 0.0, 0.0, 0.0, 2.5473957E-4, 0.052242644, 0.11072524, 0.112870656, 0.112865984, 0.11286131, 0.112856634, 0.1128543, 0.11284728, 0.11043077, 0.049008153, 1.8229069E-4, 0.0, 0.0, 0.0, 0.0 ],
  "lightfield_0.0_0.6_0.0_x" : [ 0.0, 0.0, 0.03859605, 0.09111205, 0.09113035, 0.09113848, 0.091144584, 0.09116085, 0.091168985, 0.09117711, 0.09118728, 0.09119948, 0.09114662, 0.048723903, 0.0011142469, 0.0, 0.0, 0.0, 0.0, 0.0 ],
  "lightfield_0.0_0.6_0.0_y" : [ 0.013509227, 0.03730694, 0.05415484, 0.057190552, 0.05567778, 0.05680626, 0.05596244, 0.055694047, 0.056037672, 0.05582621, 0.0564484, 0.057007555, 0.055722512, 0.05572861, 0.055854674, 0.0565216, 0.05575911, 0.056395534, 0.038423218, 0.013972819 ],
  "lightfield_0.6_0.0_0.0_y" : [ 0.0, 0.0, 0.0, 0.0, 0.0, 0.0, 0.0, 0.016216217, 0.102256626, 0.25152978, 0.2546733, 0.2546628, 0.120661244, 0.0, 0.0, 0.0, 0.0, 0.0, 0.0, 0.0 ],
  "lightfield_0.6_0.0_0.0_x" : [ 0.029047495, 0.048821833, 0.05013907, 0.05013907, 0.053571243, 0.056971923, 0.050123326, 0.050118078, 0.056914195, 0.050118078, 0.050118078, 0.056992915, 0.050107583, 0.050102334, 0.056887954, 0.050102334, 0.05398058, 0.055114143, 0.05102073, 0.029609026 ],
  "lightfield_0.0_0.4_0.0_x" : [ 0.0, 0.0, 0.05760338, 0.098677, 0.098681405, 0.0986836, 0.0986858, 0.098688, 0.098690204, 0.0986946, 0.0987012, 0.09797305, 0.037294257, 0.009754187, 0.007873305, 0.0, 0.0, 0.0, 0.0, 0.0 ],
  "lightfield_0.0_0.4_0.0_y" : [ 0.013784334, 0.037991613, 0.059138887, 0.054730363, 0.054730363, 0.054714963, 0.054714963, 0.060713988, 0.055894088, 0.056142673, 0.05620867, 0.060760185, 0.054714963, 0.054730363, 0.05473256, 0.057851966, 0.056327462, 0.052829683, 0.036205325, 0.013082579 ],
  "lightfield_0.0_0.2_0.0_y" : [ 0.0, 0.0, 0.022544648, 0.06448558, 0.07484507, 0.074849725, 0.07485749, 0.074863695, 0.07486991, 0.074876115, 0.07488077, 0.074886985, 0.07489164, 0.07489785, 0.074902505, 0.06543102, 0.023889069, 2.7944063E-5, 0.0, 0.0 ],
  "lightfield_0.0_0.2_0.0_x" : [ 0.030971335, 0.052109465, 0.052112572, 0.052109465, 0.052115675, 0.052109465, 0.052112572, 0.052112572, 0.05211102, 0.05211723, 0.052112572, 0.052115675, 0.052112572, 0.052114125, 0.052115675, 0.052114125, 0.05212033, 0.052114125, 0.052118782, 0.03098065 ],
  "a3" : [ 0.17284545, 0.13479467, 0.12580678, 0.09368956, 0.0827742, 0.077145204, 0.052489467, 0.0, 0.0, 0.0, 0.0, 0.0, 0.0, 0.011697687, 0.023280567, 0.030384745, 0.03557443, 0.043533273, 0.052193943, 0.06379001 ],
  "lightfield_0.4_0.0_0.0_y" : [ 0.0, 0.0, 0.0, 0.0, 0.0, 0.0, 0.0, 0.015511843, 0.0730985, 0.25438786, 0.25511897, 0.25523022, 0.14665261, 0.0, 0.0, 0.0, 0.0, 0.0, 0.0, 0.0 ],