{
  "eccentricity_minmax" : 0.012273194,
  "compactness" : 8.807612,
  "eccentricity" : 6.7587357,
  "compactness_standardized" : -0.06503659,
  "convexity_minmax" : 0.25637016,
  "diameter_standardized" : -0.20128945,
  "surface_area_minmax" : 0.07926065,
  "convexity" : 0.4914334,
  "diameter_minmax" : 0.07587913,
  "rectangularity _standardized" : 0.02223795,
  "convexity_standardized" : 0.5616586,
  "diameter" : 1.0402496,
  "surface_area" : 1.6336452,
  "rectangularity " : 0.020611847,
  "compactness_minmax" : 2.1210492E-6,
  "surface_area_standardized" : 0.02484332,
  "rectangularity _minmax" : 0.037143826,
  "eccentricity_standardized" : -0.10418522,
  "lightfield_0.0_0.0_0.6_y" : [ 0.024742784, 0.032382097, 0.048778296, 0.058465183, 0.06124347, 0.053053185, 0.052119274, 0.039493892, 0.03889994, 0.023253996, 0.02342593, 0.027634392, 0.036969595, 0.05569471, 0.06861707, 0.09149984, 0.08989383, 0.086931884, 0.061192673, 0.025707955 ],
  "lightfield_0.0_0.0_0.6_x" : [ 0.0, 0.0, 9.651718E-4, 0.017709143, 0.028916078, 0.033409793, 0.04688703, 0.055913534, 0.0705396, 0.10699339, 0.16077338, 0.16653316, 0.12182265, 0.093395025, 0.06929308, 0.026848968, 0.0, 0.0, 0.0, 0.0 ],
  "lightfield_0.0_0.0_0.8_y" : [ 0.0, 0.0, 0.0024593968, 0.032958236, 0.06666667, 0.06308971, 0.06682521, 0.068008505, 0.06682908, 0.06527456, 0.106577724, 0.097471, 0.082331784, 0.07023975, 0.06063805, 0.051481053, 0.037092034, 0.03324826, 0.023190254, 0.005618716 ],
  "lightfield_0.0_0.0_0.8_x" : [ 0.0058816704, 0.023178654, 0.04159706, 0.048932716, 0.060866203, 0.07775716, 0.08844161, 0.08508894, 0.06752513, 0.04046017, 0.028870843, 0.04291957, 0.03657386, 0.058321733, 0.0636891, 0.057784222, 0.059083525, 0.05310905, 0.043372, 0.01654679 ],
  "lightfield_0.0_0.0_0.2_y" : [ 0.0, 0.0, 0.00188796, 0.030944414, 0.06812422, 0.06493558, 0.06783649, 0.0693776, 0.06840406, 0.06596824, 0.10134286, 0.09018852, 0.08124535, 0.071959265, 0.06221597, 0.053197905, 0.037873503, 0.033967514, 0.024401588, 0.0061289724 ],
  "lightfield_0.0_0.0_0.2_x" : [ 0.0, 0.0048046415, 0.022324437, 0.048133127, 0.057131484, 0.060584202, 0.05868836, 0.06618896, 0.05186569, 0.039635334, 0.03956439, 0.030266482, 0.04847209, 0.074702516, 0.08859223, 0.087583214, 0.076905794, 0.056831934, 0.048460267, 0.03926484 ],
  "lightfield_0.0_0.0_0.4_y" : [ 0.02473214, 0.032201763, 0.048113268, 0.058359105, 0.06130322, 0.05335723, 0.05215069, 0.039304346, 0.039335582, 0.023299128, 0.023373317, 0.027777778, 0.03697326, 0.05562584, 0.06840971, 0.09141208, 0.08972527, 0.086706966, 0.061564833, 0.026274482 ],
  "lightfield_0.0_0.0_0.4_x" : [ 0.0, 0.0, 0.0, 0.0, 0.0, 5.3103425E-4, 0.044337455, 0.07574267, 0.10148612, 0.13125136, 0.17288288, 0.14915815, 0.09255615, 0.06481351, 0.053443134, 0.043474525, 0.031100648, 0.027684066, 0.011538281, 0.0 ],
  "lightfield_0.0_0.0_0.0_y" : [ 0.0, 0.0, 0.0, 0.0, 0.0107867895, 0.027297655, 0.040652543, 0.091144316, 0.13732755, 0.19188419, 0.19204275, 0.13835247, 0.091825016, 0.04117854, 0.027046261, 0.01046191, 0.0, 0.0, 0.0, 0.0 ],
  "lightfield_0.0_0.0_0.0_x" : [ 0.024478162, 0.020834865, 0.03756232, 0.05060393, 0.059337012, 0.06198633, 0.04957901, 0.034820177, 0.052100696, 0.025271023, 0.021322185, 0.021852048, 0.025638448, 0.03271619, 0.04460912, 0.06626779, 0.063664876, 0.09871711, 0.103265435, 0.105373286 ],
  "d1" : [ 0.0080488, 0.0096789, 0.011407, 0.0187445, 0.0441378, 0.2482401, 0.0654558, 0.0279325, 0.0081808, 0.0041758, 0.1213156, 0.022519, 0.0044345, 0.0058246, 0.0269861, 0.0288532, 0.1161827, 0.0934229, 0.065442, 0.0690174 ],
  "d2" : [ 0.018311715, 0.04424997, 0.06463235, 0.068946406, 0.059813805, 0.0694745, 0.068362206, 0.08734744, 0.07952126, 0.084695674, 0.05142273, 0.062439363, 0.07400149, 0.042822618, 0.026562463, 0.022272311, 0.01680095, 0.029358955, 0.023373604, 0.005590182 ],
  "d3" : [ 0.0046518673, 0.020932093, 0.039190512, 0.061395146, 0.08055261, 0.096638836, 0.11424383, 0.11429142, 0.11041473, 0.095231265, 0.07206681, 0.059596464, 0.04526082, 0.030541612, 0.025027331, 0.014301936, 0.00587259, 0.0050132945, 0.004086181, 6.906562E-4 ],
  "d4" : [ 1.6370946E-5, 1.2588342E-4, 2.8440706E-4, 5.3210655E-4, 0.001589507, 0.0041414425, 0.010174695, 0.025934527, 0.07557123, 0.41266456, 0.35666862, 0.07175487, 0.024709655, 0.009612796, 0.0039005557, 0.0014281363, 4.917385E-4, 2.7891618E-4, 1.08495646E-4, 1.1490167E-5 ],
  "lightfield_0.0_0.8_0.0_y" : [ 0.0, 0.0, 0.0, 0.0, 0.01464339, 0.04149267, 0.05921129, 0.104300424, 0.12973319, 0.15037376, 0.1504412, 0.13002753, 0.10455184, 0.059536293, 0.04133017, 0.014358248, 0.0, 0.0, 0.0, 0.0 ],
  "lightfield_0.0_0.8_0.0_x" : [ 0.022428056, 0.06375209, 0.079370484, 0.085107036, 0.085137695, 0.083908215, 0.07756765, 0.06219148, 0.042476866, 0.021538906, 0.01726485, 0.033993144, 0.048418846, 0.051405165, 0.047606345, 0.04932639, 0.045687005, 0.036537953, 0.024730649, 0.02155117 ],
  "lightfield_0.8_0.0_0.0_x" : [ 0.024670798, 0.020728117, 0.03545701, 0.05089853, 0.059589464, 0.062347017, 0.049876064, 0.03486832, 0.052118514, 0.0252866, 0.021363284, 0.021994578, 0.025673896, 0.032618124, 0.04447715, 0.06620836, 0.063752905, 0.0988536, 0.10339272, 0.10582494 ],
  "lightfield_0.8_0.0_0.0_y" : [ 0.0, 0.0, 0.0, 0.0, 0.011777692, 0.02754454, 0.043125484, 0.09376452, 0.13980635, 0.19260651, 0.19178157, 0.1338962, 0.089732766, 0.03932223, 0.027083656, 0.009558482, 0.0, 0.0, 0.0, 0.0 ],
  "lightfield_0.0_0.6_0.0_x" : [ 0.0, 0.0, 0.002505634, 0.048088897, 0.07458709, 0.089179814, 0.09801996, 0.10249007, 0.10323138, 0.101307675, 0.096137024, 0.08646291, 0.07021706, 0.057377536, 0.04804442, 0.022350552, 0.0, 0.0, 0.0, 0.0 ],
  "lightfield_0.0_0.6_0.0_y" : [ 0.0, 0.0, 0.0, 0.0, 0.019318586, 0.061795752, 0.081551716, 0.10357238, 0.11468465, 0.11937715, 0.119451284, 0.11474395, 0.10353902, 0.08170739, 0.061554827, 0.018703297, 0.0, 0.0, 0.0, 0.0 ],
  "lightfield_0.6_0.0_0.0_y" : [ 0.0, 0.0, 0.0, 0.0, 0.011386397, 0.027518742, 0.043151308, 0.09385352, 0.14110765, 0.19263119, 0.19179048, 0.13375433, 0.08913856, 0.039118223, 0.0270887, 0.009460899, 0.0, 0.0, 0.0, 0.0 ],
  "lightfield_0.6_0.0_0.0_x" : [ 0.024492959, 0.020816302, 0.03665808, 0.050682835, 0.059469618, 0.062270693, 0.049756892, 0.03484106, 0.052143425, 0.0252988, 0.02137032, 0.022001822, 0.02568235, 0.032628868, 0.044487923, 0.06630378, 0.06364605, 0.09882804, 0.10320206, 0.10541813 ],
  "lightfield_0.0_0.4_0.0_x" : [ 0.0, 0.0, 0.0, 0.0, 0.0, 0.0, 0.030188302, 0.050451174, 0.058813922, 0.07437391, 0.08877952, 0.09748004, 0.10206044, 0.10346351, 0.1020493, 0.096804485, 0.08697557, 0.07050247, 0.038057376, 0.0 ],
  "lightfield_0.0_0.4_0.0_y" : [ 0.0, 0.0, 0.0, 0.0, 0.019097358, 0.061824214, 0.081671365, 0.10338927, 0.114702925, 0.11932044, 0.119379826, 0.114792004, 0.10367137, 0.08177158, 0.061542116, 0.01883753, 0.0, 0.0, 0.0, 0.0 ],
  "lightfield_0.0_0.2_0.0_y" : [ 0.0, 0.0, 0.0, 0.0, 0.015841277, 0.043567635, 0.05810558, 0.10353418, 0.12880895, 0.15070495, 0.15077095, 0.12909271, 0.10223415, 0.058376145, 0.043511543, 0.015451927, 0.0, 0.0, 0.0, 0.0 ],
  "lightfield_0.0_0.2_0.0_x" : [ 0.0, 0.0046986, 0.025070198, 0.028214697, 0.04039014, 0.05036147, 0.05306712, 0.05138104, 0.055729885, 0.050226185, 0.031029237, 0.019157354, 0.025987482, 0.05098179, 0.071600854, 0.08559437, 0.09103537, 0.091695294, 0.090933084, 0.08284582 ],
  "a3" : [ 0.12476577, 0.15963575, 0.11206802, 0.09785081, 0.092638984, 0.103917696, 0.06097234, 0.0, 0.0, 0.0, 0.0, 0.0, 0.0, 0.003323481, 0.016357906, 0.026444666, 0.033074822, 0.041046448, 0.053842906, 0.074060395 ],
  "lightfield_0.4_0.0_0.0_y" : [ 0.0, 0.0, 0.0, 0.0, 0.010982245, 0.02732782, 0.042097315, 0.09284179, 0.14068969, 0.1923558, 0.19162391, 0.13541542, 0.09024726, 0.03970802, 0.027107092, 0.009603656, 0.0, 0.0, 0.0, 0.0 ],