{
  "eccentricity_minmax" : 0.0030333635,
  "compactness" : 7.4006805,
  "eccentricity" : 2.4238403,
  "compactness_standardized" : -0.06504598,
  "convexity_minmax" : 0.25839698,
  "diameter_standardized" : 0.008127982,
  "surface_area_minmax" : 0.09835527,
  "convexity" : 0.49531054,
  "diameter_minmax" : 0.10965975,
  "rectangularity _standardized" : 0.47658524,
  "convexity_standardized" : 0.5755349,
  "diameter" : 1.0581683,
  "surface_area" : 2.0233915,
  "rectangularity " : 0.04246091,
  "compactness_minmax" : 1.7636398E-6,
  "surface_area_standardized" : 0.26336688,
  "rectangularity _minmax" : 0.076517254,
  "eccentricity_standardized" : -0.30019262,
  "lightfield_0.0_0.0_0.6_y" : [ 0.0, 0.0, 4.909608E-4, 0.021364713, 0.05497573, 0.08336831, 0.09907905, 0.10612672, 0.0991424, 0.06713097, 0.05067982, 0.03521852, 0.030883016, 0.032490518, 0.05007404, 0.05490842, 0.05434619, 0.057284035, 0.049096078, 0.053340513 ],
  "lightfield_0.0_0.0_0.6_x" : [ 0.05496385, 0.084583834, 0.113019966, 0.15576522, 0.15268089, 0.12449815, 0.08359795, 0.06511961, 0.05018886, 0.03960549, 0.031124538, 0.02844801, 0.015845364, 5.582699E-4, 0.0, 0.0, 0.0, 0.0, 0.0, 0.0 ],
  "lightfield_0.0_0.0_0.8_y" : [ 0.0, 0.0031888515, 0.021399524, 0.039912716, 0.044822454, 0.051874626, 0.06901904, 0.07848641, 0.090731, 0.10643721, 0.12902202, 0.15684389, 0.08938703, 0.040443365, 0.031139655, 0.026210077, 0.017099781, 0.0039823446, 0.0, 0.0 ],
  "lightfield_0.0_0.0_0.8_x" : [ 0.054810554, 0.06943067, 0.07345765, 0.057761356, 0.105455264, 0.12365602, 0.119227335, 0.10390796, 0.09070621, 0.066951, 0.059859157, 0.049052767, 0.022262448, 0.0034616147, 0.0, 0.0, 0.0, 0.0, 0.0, 0.0 ],
  "lightfield_0.0_0.0_0.2_y" : [ 0.0, 0.0015837569, 0.013064338, 0.02636392, 0.029803123, 0.033885106, 0.045564488, 0.052028734, 0.057966165, 0.06364847, 0.079423085, 0.10054205, 0.0638307, 0.06899282, 0.0753146, 0.07585467, 0.07139828, 0.060464393, 0.049189236, 0.031082056 ],
  "lightfield_0.0_0.0_0.2_x" : [ 0.041326776, 0.04881152, 0.063323766, 0.0721272, 0.082633674, 0.08008243, 0.061849352, 0.037847813, 0.051889576, 0.04267198, 0.04085629, 0.064814754, 0.0695362, 0.05972221, 0.058860756, 0.05562366, 0.046048228, 0.021973798, 0.0, 0.0 ],
  "lightfield_0.0_0.0_0.4_y" : [ 0.0, 0.0, 2.6620738E-4, 0.020957781, 0.05470562, 0.0850089, 0.087437026, 0.087396696, 0.082173385, 0.066209, 0.052293617, 0.036103368, 0.03154154, 0.032965347, 0.058178414, 0.05776297, 0.05487906, 0.061142996, 0.06103813, 0.06993994 ],
  "lightfield_0.0_0.0_0.4_x" : [ 0.033344492, 0.04493258, 0.055488106, 0.07227127, 0.09569752, 0.14284447, 0.15933722, 0.14582518, 0.10294966, 0.077724494, 0.04405329, 0.023748927, 0.0017827828, 0.0, 0.0, 0.0, 0.0, 0.0, 0.0, 0.0 ],
  "lightfield_0.0_0.0_0.0_y" : [ 0.0, 0.0, 0.0, 0.0071829655, 0.021049213, 0.02841019, 0.053919088, 0.09551471, 0.13639827, 0.15555494, 0.15566736, 0.13755691, 0.09662026, 0.055717953, 0.028638173, 0.020955522, 0.006814448, 0.0, 0.0, 0.0 ],
  "lightfield_0.0_0.0_0.0_x" : [ 0.09974016, 0.097444735, 0.09262278, 0.059887197, 0.05717016, 0.03826959, 0.0283571, 0.02358199, 0.022835584, 0.024915522, 0.034971673, 0.0686348, 0.03569934, 0.033210285, 0.04781357, 0.05440628, 0.05594906, 0.05321953, 0.04507467, 0.026195964 ],
  "d1" : [ 0.0218587, 0.0153596, 0.0784223, 0.1375898, 0.0341078, 0.0073857, 0.0296981, 0.046166, 0.3154482, 0.2087546, 0.0282188, 0.0059107, 0.0058929, 0.0059477, 0.0059246, 0.0059073, 0.0059095, 0.0118465, 0.0058678, 0.0237834 ],
  "d2" : [ 0.008641218, 0.024062825, 0.030416042, 0.054370746, 0.063888416, 0.06751086, 0.07645123, 0.08003756, 0.09636182, 0.11167571, 0.09753483, 0.079083584, 0.058061495, 0.049349464, 0.032082733, 0.022343123, 0.012278056, 0.0134448605, 0.015466816, 0.0069386186 ],
  "d3" : [ 0.0019771843, 0.008980744, 0.023363477, 0.04087107, 0.060006287, 0.080155656, 0.09719959, 0.106295146, 0.1090791, 0.105413206, 0.0966655, 0.080367364, 0.06378618, 0.042715635, 0.037664004, 0.02200239, 0.010119864, 0.0068170098, 0.0051968256, 0.0013237577 ],
  "d4" : [ 4.118157E-5, 2.3783628E-4, 5.236669E-4, 0.0011429157, 0.0034516258, 0.009105703, 0.019927407, 0.042831782, 0.09816324, 0.34751105, 0.31023207, 0.09285936, 0.040982477, 0.019104486, 0.008665721, 0.0033383511, 0.0010973618, 5.236669E-4, 2.2909156E-4, 3.1013282E-5 ],
  "lightfield_0.0_0.8_0.0_y" : [ 0.0, 0.0, 0.0, 0.013432627, 0.04336997, 0.064330466, 0.08195457, 0.0916186, 0.100461744, 0.104385816, 0.10443868, 0.10063587, 0.09173054, 0.08218778, 0.06499588, 0.043270472, 0.013186984, 0.0, 0.0, 0.0 ],
  "lightfield_0.0_0.8_0.0_x" : [ 0.07390121, 0.06885465, 0.05262978, 0.025543757, 0.045562103, 0.075788625, 0.09139472, 0.0988915, 0.100946814, 0.10139457, 0.097952455, 0.08734006, 0.06537834, 0.014421417, 0.0, 0.0, 0.0, 0.0, 0.0, 0.0 ],
  "lightfield_0.8_0.0_0.0_x" : [ 0.099957265, 0.09737459, 0.09252738, 0.059829008, 0.057121556, 0.03836904, 0.02836583, 0.023590364, 0.022823045, 0.024819322, 0.034788225, 0.068606384, 0.035767645, 0.03320368, 0.047829516, 0.054317415, 0.05603608, 0.053309917, 0.045175094, 0.026188642 ],
  "lightfield_0.8_0.0_0.0_y" : [ 0.0, 0.0, 0.0, 0.008496649, 0.021391341, 0.029691482, 0.059691764, 0.09918995, 0.14075615, 0.15561906, 0.15516676, 0.13264005, 0.09295159, 0.0504933, 0.027579796, 0.020717598, 0.005614525, 0.0, 0.0, 0.0 ],
  "lightfield_0.0_0.6_0.0_x" : [ 0.053047083, 0.06262619, 0.07163419, 0.08198055, 0.08858583, 0.09245094, 0.09397967, 0.09376911, 0.09108373, 0.08578219, 0.07718955, 0.064062625, 0.041238334, 0.0025700044, 0.0, 0.0, 0.0, 0.0, 0.0, 0.0 ],
  "lightfield_0.0_0.6_0.0_y" : [ 0.0, 0.0, 0.0, 0.013980709, 0.050852053, 0.06967279, 0.08548222, 0.091481775, 0.0937518, 0.09485076, 0.094793074, 0.09372873, 0.09144717, 0.08566681, 0.06986028, 0.05066745, 0.013764379, 0.0, 0.0, 0.0 ],
  "lightfield_0.6_0.0_0.0_y" : [ 0.0, 0.0, 0.0, 0.008143271, 0.021331627, 0.029400019, 0.05786403, 0.098118626, 0.13966179, 0.15559576, 0.15531185, 0.13406447, 0.093940906, 0.051857978, 0.027874324, 0.020823063, 0.006012293, 0.0, 0.0, 0.0 ],
  "lightfield_0.6_0.0_0.0_x" : [ 0.1000468, 0.09744158, 0.092546254, 0.060007486, 0.057152662, 0.038360737, 0.02837977, 0.023656048, 0.02281364, 0.0248947, 0.03488815, 0.06860629, 0.035836637, 0.033109732, 0.04772706, 0.05430408, 0.055917133, 0.053168386, 0.045031358, 0.02611151 ],
  "lightfield_0.0_0.4_0.0_x" : [ 0.08632117, 0.094575234, 0.09952954, 0.10173979, 0.101440094, 0.0992798, 0.09444724, 0.08635551, 0.07459252, 0.06577341, 0.053654548, 0.03610061, 0.006190549, 0.0, 0.0, 0.0, 0.0, 0.0, 0.0, 0.0 ],
  "lightfield_0.0_0.4_0.0_y" : [ 0.0, 0.0, 0.0, 0.015262528, 0.054909516, 0.069953516, 0.08135124, 0.08843775, 0.09378541, 0.09615487, 0.09619233, 0.093963355, 0.088759296, 0.08155416, 0.07019077, 0.0547503, 0.0147349425, 0.0, 0.0, 0.0 ],
  "lightfield_0.0_0.2_0.0_y" : [ 0.0, 0.0, 0.0, 0.011222316, 0.031012774, 0.048159588, 0.076681435, 0.10178551, 0.1125286, 0.11741829, 0.117431454, 0.11288144, 0.10217784, 0.07809542, 0.0488205, 0.030912716, 0.010872113, 0.0, 0.0, 0.0 ],
  "lightfield_0.0_0.2_0.0_x" : [ 0.084206864, 0.085794635, 0.08538914, 0.08264543, 0.07485406, 0.05919232, 0.03124712, 0.02530419, 0.04946561, 0.059932224, 0.062831275, 0.058847383, 0.046558656, 0.04622425, 0.047164273, 0.044439003, 0.037084725, 0.018818839, 0.0, 0.0 ],
  "a3" : [ 0.07378047, 0.13058825, 0.14170164, 0.1380943, 0.12820286, 0.11033695, 0.062069602, 0.0, 0.0, 0.0, 0.0, 0.0, 0.0, 0.0014933025, 0.008194499, 0.016129196, 0.025422668, 0.037060987, 0.05324301, 0.07368226 ],
  "lightfield_0.4_0.0_0.0_y" : [ 0.0, 0.0, 0.0, 0.0077054286, 0.021304527, 0.02907856, 0.05617697, 0.096833944, 0.13801168, 0.155437, 0.15534344, 0.13563238, 0.095062725, 0.053860042, 0.028239725, 0.020871079, 0.0064424993, 0.0, 0.0, 0.0 ],