{
  "eccentricity_minmax" : 0.0020474247,
  "compactness" : 122.03443,
  "eccentricity" : 1.961284,
  "compactness_standardized" : -0.06429699,
  "convexity_minmax" : 0.14502272,
  "diameter_standardized" : 0.5306897,
  "surface_area_minmax" : 0.19547753,
  "convexity" : 0.27843797,
  "diameter_minmax" : 0.19379902,
  "rectangularity _standardized" : 0.18387364,
  "convexity_standardized" : -0.19997022,
  "diameter" : 1.1027994,
  "surface_area" : 4.005784,
  "rectangularity " : 0.028361458,
  "compactness_minmax" : 3.0884574E-5,
  "surface_area_standardized" : 1.4767034,
  "rectangularity _minmax" : 0.051109128,
  "eccentricity_standardized" : -0.32118282,
  "lightfield_0.0_0.0_0.6_y" : [ 0.007870006, 0.01748993, 0.021159515, 0.023829143, 0.023702607, 0.0331497, 0.04221718, 0.048596516, 0.05617024, 0.068296224, 0.07045044, 0.08574603, 0.088107035, 0.086745985, 0.08184189, 0.0802432, 0.076663114, 0.053562336, 0.027643781, 0.0065151304 ],
  "lightfield_0.0_0.0_0.6_x" : [ 0.0, 0.0, 0.0, 0.0047065723, 0.03458482, 0.07457062, 0.07233616, 0.067796245, 0.07533293, 0.09996142, 0.12579973, 0.12466707, 0.1074117, 0.09166551, 0.06370076, 0.046948444, 0.010518031, 0.0, 0.0, 0.0 ],
  "lightfield_0.0_0.0_0.8_y" : [ 0.0, 0.0053875623, 0.015721943, 0.03707802, 0.05692385, 0.07958675, 0.0979624, 0.099774696, 0.099808596, 0.095339514, 0.081719585, 0.08176273, 0.08776364, 0.07298791, 0.045615517, 0.028019639, 0.011730585, 0.0017691423, 0.001047924, 0.0 ],
  "lightfield_0.0_0.0_0.8_x" : [ 0.008220039, 0.024469025, 0.04076116, 0.056973163, 0.07824294, 0.098458625, 0.10521157, 0.08829376, 0.072137244, 0.07157629, 0.0743687, 0.07324372, 0.06385864, 0.046084, 0.027141232, 0.023208436, 0.015136338, 0.012670634, 0.011499425, 0.008445035 ],
  "lightfield_0.0_0.0_0.2_y" : [ 1.8812298E-4, 0.009282606, 0.015614208, 0.017843606, 0.026011512, 0.03851467, 0.06158922, 0.08709533, 0.093699284, 0.09488699, 0.09438158, 0.08364172, 0.07625439, 0.082574755, 0.08054472, 0.06494174, 0.039022885, 0.024200477, 0.009554963, 1.5723713E-4 ],
  "lightfield_0.0_0.0_0.2_x" : [ 0.013404464, 0.020915344, 0.02609294, 0.02637091, 0.039876457, 0.05955075, 0.06739295, 0.07354485, 0.06975151, 0.06963358, 0.07238242, 0.094609015, 0.09855117, 0.08742665, 0.06634845, 0.049869437, 0.03523796, 0.020589639, 0.006606767, 0.0018447284 ],
  "lightfield_0.0_0.0_0.4_y" : [ 0.008685924, 0.010151179, 0.011319422, 0.019827139, 0.023351671, 0.025150238, 0.0347734, 0.043601226, 0.051646926, 0.059389014, 0.07008471, 0.076288946, 0.090245165, 0.091056995, 0.088671006, 0.0831928, 0.08523888, 0.07089654, 0.042469285, 0.0139595205 ],
  "lightfield_0.0_0.0_0.4_x" : [ 0.0, 0.0, 5.2141945E-4, 0.018909706, 0.04664724, 0.07749679, 0.10979509, 0.14099775, 0.13973051, 0.1126398, 0.0857735, 0.07024972, 0.0723882, 0.07840762, 0.038743444, 0.0058511184, 0.001257347, 5.90722E-4, 0.0, 0.0 ],
  "lightfield_0.0_0.0_0.0_y" : [ 0.0, 0.0, 0.0, 7.220238E-4, 0.013981814, 0.050281264, 0.063390136, 0.08028372, 0.14465332, 0.114816576, 0.09939368, 0.108457446, 0.12675956, 0.069258064, 0.06335167, 0.051450115, 0.013200607, 0.0, 0.0, 0.0 ],
  "lightfield_0.0_0.0_0.0_x" : [ 0.007717369, 0.008492657, 0.014671287, 0.020157484, 0.022794055, 0.02227325, 0.030135617, 0.03906918, 0.039516006, 0.03978529, 0.05350374, 0.076487176, 0.08932381, 0.08541186, 0.07743409, 0.07456967, 0.07470283, 0.074717626, 0.07467028, 0.074566714 ],
  "d1" : [ 0.0010966, 0.0014579, 0.0014709, 0.0146424, 0.0173501, 0.0206044, 0.0498176, 0.1442453, 0.0320137, 0.1237166, 0.0991181, 0.132942, 0.1019657, 0.10578, 0.0462477, 0.0263719, 0.0385219, 0.0242432, 0.0136065, 0.0047875 ],
  "d2" : [ 0.0119131915, 0.026996741, 0.03774453, 0.065951385, 0.06701457, 0.0723165, 0.090859555, 0.10787474, 0.12020871, 0.1207338, 0.10153353, 0.066599995, 0.050694503, 0.02744812, 0.014933523, 0.009298333, 0.0047471337, 0.0023103056, 7.3492905E-4, 8.591509E-5 ],
  "d3" : [ 0.002223301, 0.013547688, 0.03191749, 0.05318012, 0.07567726, 0.09214666, 0.103043705, 0.10855346, 0.10965928, 0.10877543, 0.09939895, 0.080719836, 0.05894002, 0.035945818, 0.016724667, 0.0065658623, 0.0022582163, 5.9496646E-4, 1.1470688E-4, 1.2577509E-5 ],
  "d4" : [ 1.4235605E-6, 1.3930557E-5, 8.4600164E-5, 3.6351633E-4, 0.0013942758, 0.0044155796, 0.0123416595, 0.03347472, 0.093264565, 0.40688756, 0.31827143, 0.082679175, 0.030219648, 0.01106015, 0.003907877, 0.0012269057, 3.1196311E-4, 6.700902E-5, 1.2710361E-5, 1.3218776E-6 ],
  "lightfield_0.0_0.8_0.0_y" : [ 0.0, 0.0, 0.0, 0.004734164, 0.023077868, 0.07125106, 0.07618366, 0.084123544, 0.117768236, 0.094799034, 0.08653787, 0.093428865, 0.10610055, 0.07886493, 0.076412804, 0.07044313, 0.016274279, 0.0, 0.0, 0.0 ],
  "lightfield_0.0_0.8_0.0_x" : [ 0.057606082, 0.059255008, 0.064612836, 0.06946748, 0.064667165, 0.070835285, 0.071277045, 0.06761539, 0.06493175, 0.06484671, 0.06495774, 0.068834364, 0.067409866, 0.048480295, 0.026751334, 0.01878074, 0.016328614, 0.0163546, 0.008502124, 0.008485587 ],
  "lightfield_0.8_0.0_0.0_x" : [ 0.0063148607, 0.0076184175, 0.013009098, 0.028828233, 0.028422387, 0.027672457, 0.030921422, 0.03471519, 0.034618143, 0.03489385, 0.042580646, 0.07538572, 0.08973587, 0.0869126, 0.07931403, 0.077344365, 0.077284805, 0.07726716, 0.077326715, 0.06983402 ],
  "lightfield_0.8_0.0_0.0_y" : [ 0.0, 0.0025056521, 0.024593327, 0.04777502, 0.0467957, 0.046969946, 0.05946071, 0.095415495, 0.08036614, 0.09507803, 0.10900689, 0.08927268, 0.094445, 0.050560795, 0.047064792, 0.046822168, 0.043793768, 0.01850124, 0.0015726496, 0.0 ],
  "lightfield_0.0_0.6_0.0_x" : [ 0.050906416, 0.057301097, 0.064625286, 0.06591053, 0.03936214, 0.043217883, 0.050762974, 0.050154775, 0.046306204, 0.043824643, 0.044257842, 0.04366399, 0.0430228, 0.05234658, 0.059098434, 0.059098434, 0.059319336, 0.06380623, 0.04954801, 0.01346641 ],
  "lightfield_0.0_0.6_0.0_y" : [ 0.009683823, 0.015929323, 0.047268707, 0.068242915, 0.04485026, 0.03281254, 0.043391448, 0.06851115, 0.06802488, 0.06543717, 0.06421791, 0.0642509, 0.06573983, 0.066458486, 0.06281503, 0.033810902, 0.032801066, 0.06288963, 0.06697488, 0.015889158 ],
  "lightfield_0.6_0.0_0.0_y" : [ 0.0, 0.0, 0.0077668885, 0.040135268, 0.050313555, 0.050596546, 0.05581411, 0.09655104, 0.110836305, 0.10764727, 0.09231325, 0.10232983, 0.09749276, 0.055630993, 0.050513312, 0.05019227, 0.026028352, 0.005838246, 0.0, 0.0 ],
  "lightfield_0.6_0.0_0.0_x" : [ 0.0068727215, 0.008401843, 0.0144018, 0.030361257, 0.030344611, 0.02986899, 0.031681105, 0.03431129, 0.034544345, 0.034439705, 0.049034134, 0.07817305, 0.08774729, 0.085202724, 0.077488154, 0.07542633, 0.07545963, 0.07545963, 0.07552384, 0.065257564 ],
  "lightfield_0.0_0.4_0.0_x" : [ 0.012360046, 0.045765806, 0.062600374, 0.058253247, 0.057778027, 0.057799496, 0.05780379, 0.042724106, 0.041710682, 0.04213294, 0.042701203, 0.045641277, 0.050676905, 0.05112493, 0.045317784, 0.05668301, 0.06413053, 0.060788237, 0.052799653, 0.05120795 ],
  "lightfield_0.0_0.4_0.0_y" : [ 0.008051564, 0.0139403, 0.042880125, 0.068360284, 0.04921975, 0.03634297, 0.047887128, 0.0666555, 0.066543855, 0.06632342, 0.06630911, 0.06639499, 0.066479445, 0.06676715, 0.060315877, 0.036324363, 0.037785813, 0.06902445, 0.053891804, 0.010502103 ],
  "lightfield_0.0_0.2_0.0_y" : [ 0.0, 0.0, 0.002775014, 0.011819806, 0.052523408, 0.07205453, 0.06987285, 0.0882642, 0.1008425, 0.085648224, 0.08168246, 0.08950592, 0.09991069, 0.073907934, 0.070064515, 0.068718806, 0.03239487, 1.4272665E-5, 0.0, 0.0 ],
  "lightfield_0.0_0.2_0.0_x" : [ 0.012588491, 0.017023211, 0.017225068, 0.01765121, 0.029195756, 0.043847665, 0.060966708, 0.06554823, 0.061590627, 0.060760774, 0.060799513, 0.06334413, 0.06691025, 0.06649635, 0.063658126, 0.056790933, 0.06580718, 0.05985548, 0.05555533, 0.05438497 ],
  "a3" : [ 0.066138074, 0.11147406, 0.13415553, 0.1552464, 0.14403069, 0.114967085, 0.060910862, 0.0, 0.0, 0.0, 0.0, 0.0, 0.0, 0.0016542946, 0.008518496, 0.01619953, 0.02583531, 0.03761148, 0.05114136, 0.07211682 ],