{
  "eccentricity_minmax" : 9.4222644E-4,
  "compactness" : 201.32452,
  "eccentricity" : 1.4427769,
  "compactness_standardized" : -0.0637677,
  "convexity_minmax" : 0.10219522,
  "diameter_standardized" : 1.2719709,
  "surface_area_minmax" : 0.19535445,
  "convexity" : 0.19651365,
  "diameter_minmax" : 0.3133316,
  "rectangularity _standardized" : 0.16841319,
  "convexity_standardized" : -0.49326944,
  "diameter" : 1.1662047,
  "surface_area" : 4.0032716,
  "rectangularity " : 0.027617974,
  "compactness_minmax" : 5.1026997E-5,
  "surface_area_standardized" : 1.475166,
  "rectangularity _minmax" : 0.04976932,
  "eccentricity_standardized" : -0.34462243,
  "lightfield_0.0_0.0_0.6_y" : [ 0.0036305287, 0.004029439, 0.004002546, 0.00751878, 0.03467603, 0.052113775, 0.058368593, 0.06528004, 0.0664947, 0.06919519, 0.075026445, 0.07597218, 0.07597218, 0.07602148, 0.0759789, 0.07226769, 0.06420657, 0.056022197, 0.046107713, 0.017115029 ],
  "lightfield_0.0_0.0_0.6_x" : [ 0.0, 0.01661303, 0.041928124, 0.05732874, 0.07467908, 0.08787448, 0.08617351, 0.08637745, 0.091193505, 0.08830925, 0.085438445, 0.08176533, 0.07602372, 0.06285745, 0.046430428, 0.0049908566, 0.0043566343, 0.0044171433, 0.003242824, 0.0 ],
  "lightfield_0.0_0.0_0.8_y" : [ 0.0028494648, 0.0038449508, 0.0038540836, 0.003876916, 0.0053107813, 0.021243125, 0.051692214, 0.06722043, 0.07499709, 0.08209564, 0.08403409, 0.08901152, 0.10264923, 0.08034212, 0.07752234, 0.07262025, 0.06429561, 0.05600294, 0.04398176, 0.012555454 ],
  "lightfield_0.0_0.0_0.8_x" : [ 0.032239135, 0.0481007, 0.062923394, 0.06893969, 0.07267505, 0.076408125, 0.07993342, 0.07887172, 0.07925302, 0.08322811, 0.09135411, 0.0705311, 0.060494043, 0.044970397, 0.027978638, 0.0074981106, 0.0037011076, 0.0037307895, 0.003685125, 0.0034842012 ],
  "lightfield_0.0_0.0_0.2_y" : [ 0.0025164671, 0.003852624, 0.0038732507, 0.00378616, 0.005326293, 0.020438846, 0.052176584, 0.067630626, 0.075477965, 0.08269046, 0.08513359, 0.0880053, 0.104201905, 0.080763005, 0.077751495, 0.07248938, 0.064078234, 0.05587336, 0.042970166, 0.010964279 ],
  "lightfield_0.0_0.0_0.2_x" : [ 0.0035065524, 0.0037426145, 0.0037426145, 0.0037357388, 0.007916099, 0.028600175, 0.04504201, 0.06034479, 0.07121052, 0.09092055, 0.082232095, 0.07887222, 0.07879888, 0.07990585, 0.07647722, 0.07271398, 0.06900116, 0.06298272, 0.048211657, 0.032042556 ],
  "lightfield_0.0_0.0_0.4_y" : [ 0.0036458252, 0.0039646104, 0.0039309356, 0.006779798, 0.033218764, 0.052428942, 0.0583781, 0.06581792, 0.06679448, 0.06939864, 0.075029016, 0.07613354, 0.0762166, 0.0762166, 0.07616946, 0.07232608, 0.06420828, 0.056034356, 0.046183445, 0.017124603 ],
  "lightfield_0.0_0.0_0.4_x" : [ 0.0, 0.0022966005, 0.0043933988, 0.004341765, 0.0044203387, 0.030951349, 0.058265854, 0.07268303, 0.08069531, 0.08430746, 0.08751776, 0.090234175, 0.087632254, 0.086168535, 0.08988396, 0.07819891, 0.062178828, 0.04692653, 0.02890394, 0.0 ],
  "lightfield_0.0_0.0_0.0_y" : [ 0.0, 0.0023775713, 0.020276204, 0.045600228, 0.060976755, 0.06705799, 0.07154214, 0.07875796, 0.07980221, 0.08021593, 0.080138244, 0.07965045, 0.07825931, 0.07071107, 0.06628835, 0.058684096, 0.04207362, 0.01524464, 0.0023432446, 0.0 ],
  "lightfield_0.0_0.0_0.0_x" : [ 0.0069086873, 0.008601532, 0.02714153, 0.042178404, 0.05095157, 0.049970552, 0.050140377, 0.056604628, 0.060658783, 0.06363797, 0.06651057, 0.06942472, 0.07081405, 0.068257615, 0.0653525, 0.06235705, 0.059439283, 0.052917223, 0.04055602, 0.027576936 ],
  "d1" : [ 0.0022015, 0.0074259, 0.0137455, 0.028933, 0.0348311, 0.0505065, 0.0623501, 0.0939565, 0.1263902, 0.1168949, 0.1113084, 0.0875332, 0.0579561, 0.0589223, 0.0471331, 0.0301212, 0.0352172, 0.0197051, 0.0066985, 0.0081697 ],
  "d2" : [ 0.0074512083, 0.022411736, 0.043259896, 0.06648807, 0.09253775, 0.101281084, 0.1025229, 0.10396466, 0.10153173, 0.098284855, 0.07865171, 0.06581156, 0.04942378, 0.03235348, 0.017759118, 0.007938994, 0.0040565124, 0.0026657681, 0.0013067295, 2.9845242E-4 ],
  "d3" : [ 0.0012753594, 0.011929315, 0.033822734, 0.062695965, 0.09271767, 0.117911935, 0.13160692, 0.13377157, 0.123950146, 0.1039998, 0.07816288, 0.052810747, 0.030330915, 0.01455419, 0.006194675, 0.002711409, 0.0010869986, 3.5508824E-4, 9.689713E-5, 1.47911505E-5 ],
  "d4" : [ 3.0504867E-7, 8.1346315E-7, 3.660584E-6, 1.9828163E-5, 7.809246E-5, 3.6219446E-4, 0.0018203271, 0.009689973, 0.053789336, 0.27395904, 0.53758675, 0.099136144, 0.019174343, 0.0034803003, 6.9632445E-4, 1.5710008E-4, 3.345367E-5, 8.236314E-6, 2.6437551E-6, 1.1185118E-6 ],
  "lightfield_0.0_0.8_0.0_y" : [ 0.0053880634, 0.026290568, 0.042470932, 0.05213898, 0.058277898, 0.060163785, 0.062466215, 0.06549523, 0.06698885, 0.06706434, 0.06708725, 0.06697536, 0.065158226, 0.061784115, 0.059570655, 0.057788562, 0.050133117, 0.039722305, 0.022456778, 0.0025787754 ],
  "lightfield_0.0_0.8_0.0_x" : [ 0.023386918, 0.03492198, 0.04565632, 0.051346343, 0.053918377, 0.056470193, 0.059043575, 0.06117076, 0.061402623, 0.061402623, 0.061155934, 0.0590274, 0.056494456, 0.053892765, 0.05134769, 0.046165876, 0.043069456, 0.0514097, 0.05291679, 0.015800223 ],
  "lightfield_0.8_0.0_0.0_x" : [ 0.0074167345, 0.009553789, 0.028315103, 0.04167082, 0.05107421, 0.05054607, 0.050944798, 0.05636963, 0.060589526, 0.06290671, 0.06521515, 0.067516595, 0.068578124, 0.06662469, 0.0643215, 0.062000822, 0.059494767, 0.053022392, 0.04331296, 0.030525608 ],
  "lightfield_0.8_0.0_0.0_y" : [ 0.0, 0.0038526447, 0.03151194, 0.060281735, 0.07192536, 0.06900483, 0.07562236, 0.07752682, 0.07761951, 0.077407904, 0.076313145, 0.075751774, 0.07522188, 0.07239929, 0.066462055, 0.04933064, 0.032477286, 0.0060544056, 0.0012364138, 0.0 ],
  "lightfield_0.0_0.6_0.0_x" : [ 0.0, 0.0, 0.033616, 0.06458882, 0.074200034, 0.080621205, 0.08140397, 0.08140397, 0.08625604, 0.085062236, 0.08154516, 0.078017354, 0.070488155, 0.06315733, 0.05521888, 0.039197218, 0.024017299, 0.0012063157, 0.0, 0.0 ],
  "lightfield_0.0_0.6_0.0_y" : [ 0.009377094, 0.032615203, 0.042481974, 0.050643817, 0.05326733, 0.057813797, 0.062126152, 0.06483724, 0.066258006, 0.06694963, 0.066928186, 0.06610074, 0.0643565, 0.061027065, 0.056637865, 0.052640043, 0.049782418, 0.040819936, 0.030293716, 0.0050432933 ],
  "lightfield_0.6_0.0_0.0_y" : [ 0.0, 0.0, 0.0, 0.02264989, 0.04126139, 0.05243635, 0.07380578, 0.08858708, 0.09953371, 0.10291171, 0.100637324, 0.10047167, 0.09820847, 0.099003166, 0.081360966, 0.03532917, 0.0038033368, 0.0, 0.0, 0.0 ],
  "lightfield_0.6_0.0_0.0_x" : [ 0.010888423, 0.015799854, 0.023211772, 0.040661454, 0.04566019, 0.045131885, 0.04550125, 0.050679073, 0.057811167, 0.06344566, 0.06738107, 0.07002035, 0.071090385, 0.070510596, 0.068768986, 0.06569095, 0.060786232, 0.052743036, 0.042808246, 0.031409428 ],
  "lightfield_0.0_0.4_0.0_x" : [ 0.0, 0.0063464288, 0.008343671, 0.017340356, 0.057012357, 0.07268835, 0.080790095, 0.082854636, 0.082854636, 0.082854636, 0.082854636, 0.082854636, 0.08104475, 0.068548344, 0.056091953, 0.051426265, 0.044290397, 0.032592524, 0.009211326, 0.0 ],
  "lightfield_0.0_0.4_0.0_y" : [ 0.012361803, 0.041279983, 0.03951193, 0.04149644, 0.052797776, 0.057523493, 0.062363803, 0.0653051, 0.06688579, 0.06734054, 0.06725687, 0.066560194, 0.06476486, 0.061885413, 0.056515776, 0.05105883, 0.040124927, 0.03892258, 0.0398157, 0.006228195 ],
  "lightfield_0.0_0.2_0.0_y" : [ 0.0, 0.009114743, 0.03772885, 0.053958666, 0.057481166, 0.0638032, 0.067576945, 0.07268893, 0.07285129, 0.07289402, 0.07282395, 0.07282053, 0.07240179, 0.06673606, 0.0630153, 0.05647962, 0.05105487, 0.03220497, 0.004365096, 0.0 ],
  "lightfield_0.0_0.2_0.0_x" : [ 0.006014398, 0.007056962, 0.009030997, 0.035172004, 0.05251104, 0.05328869, 0.0532716, 0.05800074, 0.06167193, 0.06533116, 0.06866223, 0.06930487, 0.06930487, 0.06930487, 0.06788117, 0.064245865, 0.060625948, 0.05654115, 0.044336315, 0.028443195 ],