{
  "eccentricity_minmax" : 0.0017647616,
  "compactness" : 1366.5283,
  "eccentricity" : 1.8286718,
  "compactness_standardized" : -0.05597104,
  "convexity_minmax" : 0.061618075,
  "diameter_standardized" : 2.497054,
  "surface_area_minmax" : 0.30267578,
  "convexity" : 0.118894026,
  "diameter_minmax" : 0.5111424,
  "rectangularity _standardized" : 0.12550952,
  "convexity_standardized" : -0.77166176,
  "diameter" : 1.2711321,
  "surface_area" : 6.1938405,
  "rectangularity " : 0.025578063,
  "compactness_minmax" : 3.47029E-4,
  "surface_area_standardized" : 2.8156688,
  "rectangularity _minmax" : 0.046093266,
  "eccentricity_standardized" : -0.32710385,
  "lightfield_0.0_0.0_0.6_y" : [ 0.01866999, 0.030090122, 0.04154165, 0.052814353, 0.056781232, 0.056786694, 0.05681536, 0.056824915, 0.056800343, 0.056786694, 0.056774408, 0.056692503, 0.05582705, 0.054704968, 0.05356787, 0.052459437, 0.051334623, 0.05017705, 0.047472857, 0.03707789 ],
  "lightfield_0.0_0.0_0.6_x" : [ 0.028872484, 0.040370423, 0.051712748, 0.06308237, 0.06798296, 0.068253234, 0.068253234, 0.06818498, 0.067296326, 0.06617561, 0.06504124, 0.06390687, 0.06276567, 0.061579436, 0.054092053, 0.042707413, 0.031214936, 0.019794803, 0.008400608, 3.1259982E-4 ],
  "lightfield_0.0_0.0_0.8_y" : [ 0.017418861, 0.024932044, 0.03247652, 0.039956987, 0.047490083, 0.05504309, 0.06194606, 0.06516782, 0.067678384, 0.07021312, 0.07112062, 0.07072946, 0.06673959, 0.061729852, 0.056812573, 0.05184551, 0.04591405, 0.038457762, 0.030904753, 0.023422865 ],
  "lightfield_0.0_0.0_0.8_x" : [ 0.03793005, 0.045440387, 0.052805636, 0.056879427, 0.059405632, 0.061973084, 0.06453058, 0.06706105, 0.06906097, 0.068080924, 0.06553054, 0.06300007, 0.06038994, 0.05501322, 0.047574006, 0.040079314, 0.03254764, 0.025092777, 0.017589552, 0.0100152055 ],
  "lightfield_0.0_0.0_0.2_y" : [ 0.016026136, 0.023336766, 0.030623773, 0.037895493, 0.04518111, 0.052416705, 0.059717607, 0.065742865, 0.0692752, 0.06947947, 0.06947947, 0.06947947, 0.06947947, 0.06750209, 0.06052218, 0.053304654, 0.046027374, 0.03876399, 0.031532563, 0.024213597 ],
  "lightfield_0.0_0.0_0.2_x" : [ 0.025137674, 0.032351032, 0.03970891, 0.046991747, 0.05426208, 0.059859347, 0.06248567, 0.06503417, 0.06743817, 0.06739231, 0.06495775, 0.062391177, 0.059820436, 0.057259426, 0.054742876, 0.050588004, 0.043317672, 0.036004264, 0.028797852, 0.02145943 ],
  "lightfield_0.0_0.0_0.4_y" : [ 0.017683769, 0.029294051, 0.04092591, 0.050400224, 0.052165367, 0.05324144, 0.054317515, 0.055398982, 0.055883083, 0.055889826, 0.055924885, 0.05592084, 0.055891175, 0.05588578, 0.05588578, 0.055891175, 0.055891175, 0.055883083, 0.04959654, 0.038029406 ],
  "lightfield_0.0_0.0_0.4_x" : [ 0.021324623, 0.03307245, 0.04468543, 0.056178395, 0.060941175, 0.06201725, 0.06309333, 0.0641694, 0.06524547, 0.0663202, 0.067262776, 0.06742325, 0.06742325, 0.06722233, 0.061348412, 0.049699023, 0.03809683, 0.026411034, 0.014659162, 0.0034062224 ],
  "lightfield_0.0_0.0_0.0_y" : [ 0.0, 0.0, 0.057483975, 0.063322626, 0.0633061, 0.063297205, 0.06325907, 0.0633061, 0.0633061, 0.063294664, 0.06326288, 0.0633061, 0.0633061, 0.06329085, 0.06326543, 0.0633061, 0.0633061, 0.05638057, 0.0, 0.0 ],
  "lightfield_0.0_0.0_0.0_x" : [ 0.048516884, 0.050212674, 0.05021776, 0.050212674, 0.050212674, 0.050212674, 0.05021776, 0.050212674, 0.050212674, 0.05015547, 0.05019615, 0.050212674, 0.05021776, 0.050212674, 0.050212674, 0.050212674, 0.05021903, 0.050212674, 0.050212674, 0.047707126 ],
  "d1" : [ 0.0082994, 0.019317, 0.0313755, 0.0358981, 0.0748293, 0.0898651, 0.120147, 0.1365399, 0.1548008, 0.1137716, 0.0694165, 0.0484296, 0.0283501, 0.0260899, 0.0139322, 0.0127739, 0.0079121, 0.0044858, 0.0022452, 0.001521 ],
  "d2" : [ 0.006465135, 0.02539896, 0.03981389, 0.05336307, 0.070135415, 0.091593385, 0.10925969, 0.110276766, 0.113130264, 0.1081818, 0.10016809, 0.078434475, 0.049049214, 0.0256263, 0.012424782, 0.004771938, 0.001451955, 3.667644E-4, 7.641342E-5, 1.17020545E-5 ],
  "d3" : [ 0.0015304313, 0.009662545, 0.025503365, 0.04587762, 0.06677188, 0.087994665, 0.10800609, 0.12580648, 0.13538934, 0.13249068, 0.11305792, 0.0781334, 0.042461872, 0.018561283, 0.006494221, 0.0018157898, 3.7953892E-4, 5.755468E-5, 4.7291433E-6, 6.037204E-7 ],
  "d4" : [ 3.0504867E-7, 6.1009735E-7, 4.8807788E-6, 2.287865E-5, 1.4418634E-4, 8.1407325E-4, 0.00478235, 0.026278825, 0.1119673, 0.4704306, 0.28877798, 0.07667246, 0.016591903, 0.002933958, 4.8004492E-4, 8.134631E-5, 1.25069955E-5, 2.948804E-6, 6.1009735E-7, 2.0336579E-7 ],
  "lightfield_0.0_0.8_0.0_y" : [ 0.0, 0.0, 0.04941387, 0.062115632, 0.06472972, 0.06482794, 0.064906515, 0.06497451, 0.06502588, 0.065115035, 0.06518908, 0.065232895, 0.06532205, 0.065396085, 0.06543991, 0.065529056, 0.058082677, 0.04869915, 0.0, 0.0 ],
  "lightfield_0.0_0.8_0.0_x" : [ 0.059704017, 0.059685886, 0.059685886, 0.05970251, 0.059688907, 0.059685886, 0.05963149, 0.059685886, 0.059696462, 0.059688907, 0.059685886, 0.059688907, 0.05970251, 0.059685886, 0.05398475, 0.049335297, 0.049280897, 0.011780029, 0.0, 0.0 ],
  "lightfield_0.8_0.0_0.0_x" : [ 0.040669642, 0.04305739, 0.051886562, 0.051932555, 0.05188273, 0.051869955, 0.05189295, 0.05192106, 0.051868677, 0.051926166, 0.05189423, 0.05189423, 0.051898062, 0.051868677, 0.051896784, 0.051912114, 0.05194661, 0.05194661, 0.045884617, 0.03995038 ],
  "lightfield_0.8_0.0_0.0_y" : [ 0.0, 0.0, 0.04271756, 0.05263904, 0.05269909, 0.06074001, 0.06362217, 0.063620895, 0.06356979, 0.06362217, 0.06362217, 0.06357362, 0.06361834, 0.06362217, 0.063588955, 0.06360173, 0.06362217, 0.06363878, 0.02788133, 0.0 ],
  "lightfield_0.0_0.6_0.0_x" : [ 0.0, 0.005608717, 0.07820669, 0.08091992, 0.08092197, 0.080885105, 0.08090559, 0.08091582, 0.07591119, 0.059689116, 0.06683772, 0.06683567, 0.066823386, 0.06680905, 0.06683772, 0.030803917, 0.005004638, 0.0035241335, 0.0020231516, 5.3650374E-4 ],
  "lightfield_0.0_0.6_0.0_y" : [ 0.0, 0.0, 0.031813443, 0.05623665, 0.06560704, 0.06812984, 0.06815441, 0.069548905, 0.07077754, 0.082463905, 0.0718055, 0.07021646, 0.06821584, 0.06809093, 0.06812369, 0.06476747, 0.044744823, 0.031303562, 0.0, 0.0 ],
  "lightfield_0.6_0.0_0.0_y" : [ 0.0028692672, 0.0041192807, 0.015059601, 0.037358113, 0.074129045, 0.0742245, 0.07420109, 0.07420109, 0.06631916, 0.058797464, 0.07680378, 0.089655146, 0.089683965, 0.089669555, 0.089655146, 0.08126169, 0.0019920964, 0.0, 0.0, 0.0 ],
  "lightfield_0.6_0.0_0.0_x" : [ 0.02404745, 0.026360156, 0.049778998, 0.04718891, 0.054404408, 0.05437559, 0.054335963, 0.05448366, 0.057399757, 0.060207784, 0.061272275, 0.067565575, 0.06393441, 0.060546402, 0.05781943, 0.054737624, 0.048928842, 0.045576863, 0.03342075, 0.023615168 ],
  "lightfield_0.0_0.4_0.0_x" : [ 0.0, 0.0, 0.0028523377, 0.0788365, 0.083455175, 0.08341714, 0.08343193, 0.083448835, 0.08130641, 0.057566512, 0.06067028, 0.06893783, 0.06891882, 0.068942055, 0.06893995, 0.057712298, 0.031853218, 0.011650215, 0.004783476, 0.0032770191 ],
  "lightfield_0.0_0.4_0.0_y" : [ 0.0, 0.0, 0.028654372, 0.050562438, 0.061052702, 0.06670456, 0.07027737, 0.07446714, 0.07583204, 0.08673642, 0.07677014, 0.07496788, 0.072225414, 0.067602515, 0.066562995, 0.059286367, 0.040215846, 0.028081791, 0.0, 0.0 ],
  "lightfield_0.0_0.2_0.0_y" : [ 0.0, 0.0, 0.049043227, 0.061523974, 0.064947866, 0.064991996, 0.06501681, 0.06508576, 0.065111965, 0.06515471, 0.06520573, 0.06523193, 0.065292604, 0.0653257, 0.06536155, 0.065419465, 0.058581322, 0.048705388, 0.0, 0.0 ],
  "lightfield_0.0_0.2_0.0_x" : [ 0.054467957, 0.054467957, 0.054467957, 0.054467957, 0.054467957, 0.054467957, 0.054467957, 0.054400392, 0.054467957, 0.054467957, 0.054467957, 0.054467957, 0.054467957, 0.054467957, 0.054467957, 0.052283723, 0.044993293, 0.044997428, 0.04077375, 0.0 ],