{
  "eccentricity_minmax" : 0.00277816,
  "compactness" : 108.68186,
  "eccentricity" : 2.3041108,
  "compactness_standardized" : -0.06438613,
  "convexity_minmax" : 0.2403867,
  "diameter_standardized" : 1.6312208,
  "surface_area_minmax" : 0.26448473,
  "convexity" : 0.46085882,
  "diameter_minmax" : 0.37126115,
  "rectangularity _standardized" : 0.50948215,
  "convexity_standardized" : 0.4531191,
  "diameter" : 1.196933,
  "surface_area" : 5.4143114,
  "rectangularity " : 0.044019792,
  "compactness_minmax" : 2.7492559E-5,
  "surface_area_standardized" : 2.3385959,
  "rectangularity _minmax" : 0.07932646,
  "eccentricity_standardized" : -0.30568504,
  "lightfield_0.0_0.0_0.6_y" : [ 0.005005672, 0.022032125, 0.039655294, 0.057046525, 0.06131632, 0.061305776, 0.061309993, 0.061288908, 0.061309993, 0.06131632, 0.061309993, 0.0613121, 0.06133108, 0.061307885, 0.06129945, 0.061322644, 0.05977076, 0.04486128, 0.026909176, 0.008988703 ],
  "lightfield_0.0_0.0_0.6_x" : [ 0.0, 0.0, 0.0038818207, 0.0207417, 0.038731758, 0.0566944, 0.07473084, 0.091618136, 0.09464178, 0.09536079, 0.094637565, 0.09532073, 0.09493276, 0.08337586, 0.06596986, 0.047281884, 0.030055117, 0.011514733, 5.1026646E-4, 0.0 ],
  "lightfield_0.0_0.0_0.8_y" : [ 2.1920602E-4, 0.00599014, 0.018335018, 0.030004384, 0.041081, 0.053484034, 0.065336816, 0.07642909, 0.088773966, 0.09973427, 0.101760805, 0.09335716, 0.08160951, 0.06983725, 0.058076177, 0.04636431, 0.034589816, 0.022810848, 0.011043062, 0.001163134 ],
  "lightfield_0.0_0.0_0.8_x" : [ 0.005958825, 0.01771319, 0.029447421, 0.041293494, 0.053043384, 0.06473512, 0.07375612, 0.074299656, 0.074290715, 0.074261636, 0.07426387, 0.07427282, 0.074232556, 0.07255272, 0.062086754, 0.050263047, 0.038372237, 0.026680505, 0.014999955, 0.0034759813 ],
  "lightfield_0.0_0.0_0.2_y" : [ 2.0593312E-4, 0.0059765372, 0.018238511, 0.029889401, 0.041003074, 0.053488888, 0.0653278, 0.076403424, 0.08881537, 0.09980145, 0.10190331, 0.093439914, 0.08166367, 0.06988743, 0.05811119, 0.04630585, 0.03461467, 0.022822762, 0.011010706, 0.0010901025 ],
  "lightfield_0.0_0.0_0.2_x" : [ 0.0034583332, 0.015042071, 0.026816072, 0.038502775, 0.05029021, 0.062133603, 0.072647385, 0.074274704, 0.074270226, 0.074252315, 0.074263506, 0.07424337, 0.074263506, 0.073670335, 0.06475029, 0.052985247, 0.0411911, 0.029392475, 0.01766548, 0.005887001 ],
  "lightfield_0.0_0.0_0.4_y" : [ 0.0050787106, 0.022035152, 0.03977164, 0.057052746, 0.061290275, 0.061326116, 0.06134509, 0.061364062, 0.061349306, 0.061336655, 0.061347198, 0.061347198, 0.061313465, 0.06134509, 0.061334547, 0.0613219, 0.059628993, 0.044759694, 0.026778655, 0.008873513 ],
  "lightfield_0.0_0.0_0.4_x" : [ 0.0, 0.0, 0.003120171, 0.018982444, 0.037486322, 0.055193294, 0.0727295, 0.09050182, 0.094591774, 0.09530014, 0.09465713, 0.09526641, 0.09508721, 0.08507736, 0.06723968, 0.04933454, 0.03145259, 0.013423059, 5.56571E-4, 0.0 ],
  "lightfield_0.0_0.0_0.0_y" : [ 0.0, 0.0, 0.0, 0.02722768, 0.078666136, 0.079307444, 0.078616306, 0.07913707, 0.07879311, 0.07896831, 0.07893455, 0.07879633, 0.07909689, 0.0786581, 0.07933959, 0.078695066, 0.025763428, 0.0, 0.0, 0.0 ],
  "lightfield_0.0_0.0_0.0_x" : [ 0.03409407, 0.050903223, 0.050925724, 0.050951444, 0.050883934, 0.050871078, 0.050871078, 0.050871078, 0.050871078, 0.050871078, 0.050871078, 0.050871078, 0.050871078, 0.050871078, 0.050871078, 0.050871078, 0.050871078, 0.050871078, 0.050936975, 0.049980633 ],
  "d1" : [ 6.385E-4, 0.0047589, 0.0092476, 0.0216056, 0.03382, 0.048081, 0.0564615, 0.0658179, 0.078177, 0.0755564, 0.1028431, 0.1084223, 0.0908694, 0.0691918, 0.0451688, 0.0667603, 0.0544635, 0.0376073, 0.0244639, 0.0060452 ],
  "d2" : [ 0.005131801, 0.022302816, 0.042386543, 0.062156513, 0.083410844, 0.10489422, 0.11115952, 0.10787174, 0.09756053, 0.089660145, 0.07921331, 0.05929141, 0.04396452, 0.033663012, 0.026926028, 0.016378475, 0.009690101, 0.003160355, 0.0010675875, 1.1051941E-4 ],
  "d3" : [ 4.8579372E-4, 0.0051850528, 0.018495176, 0.039076813, 0.06272283, 0.08540652, 0.103985205, 0.11687192, 0.121416226, 0.11665931, 0.102633074, 0.08124487, 0.059327103, 0.039621167, 0.023998491, 0.013329543, 0.006438477, 0.0024203153, 6.357176E-4, 4.6385852E-5 ],
  "d4" : [ 1.4235605E-6, 8.134632E-6, 3.436882E-5, 1.3635676E-4, 5.632215E-4, 0.00227607, 0.008985311, 0.032194633, 0.1117311, 0.46986383, 0.27431554, 0.07165014, 0.020747479, 0.0056629237, 0.0014052576, 3.250802E-4, 7.687227E-5, 1.7591141E-5, 3.4572183E-6, 1.2201947E-6 ],
  "lightfield_0.0_0.8_0.0_y" : [ 0.0, 0.0, 0.004171681, 0.07307964, 0.0716578, 0.07522937, 0.0716578, 0.075074084, 0.0718697, 0.0762824, 0.07237438, 0.07308934, 0.0738318, 0.0716578, 0.07519217, 0.07157692, 0.04325511, 0.0, 0.0, 0.0 ],
  "lightfield_0.0_0.8_0.0_x" : [ 0.03842023, 0.055158716, 0.055158716, 0.055158716, 0.055158716, 0.055158716, 0.055158716, 0.055158716, 0.055158716, 0.05513607, 0.055077836, 0.055077836, 0.055077836, 0.055077836, 0.055077836, 0.0551571, 0.055158716, 0.055150628, 0.013524399, 0.010793962 ],
  "lightfield_0.8_0.0_0.0_x" : [ 0.036752187, 0.0420366, 0.04648331, 0.049665973, 0.049798083, 0.050030775, 0.04980709, 0.051577065, 0.052644458, 0.052632447, 0.052615933, 0.052626442, 0.052617434, 0.052721024, 0.052608427, 0.052605424, 0.05259942, 0.052617434, 0.052653465, 0.044906996 ],
  "lightfield_0.8_0.0_0.0_y" : [ 0.0, 0.0, 0.0060785757, 0.04410833, 0.066328384, 0.06967618, 0.07438711, 0.07433007, 0.07416343, 0.07450871, 0.0741349, 0.07443515, 0.074226476, 0.074267015, 0.07459129, 0.07383465, 0.06419811, 0.006731621, 0.0, 0.0 ],
  "lightfield_0.0_0.6_0.0_x" : [ 0.014993473, 0.025900625, 0.032528345, 0.036080375, 0.039279655, 0.049375724, 0.060273863, 0.06031635, 0.06031635, 0.06031635, 0.06031635, 0.06031635, 0.06031635, 0.06031635, 0.06031635, 0.06031635, 0.06031635, 0.06031635, 0.06031635, 0.017771758 ],
  "lightfield_0.0_0.6_0.0_y" : [ 0.025671462, 0.042791776, 0.044556852, 0.048168108, 0.052169457, 0.056156646, 0.060138684, 0.06018374, 0.061225276, 0.06292598, 0.06164112, 0.060835186, 0.06061117, 0.058082648, 0.054688968, 0.05023444, 0.04629489, 0.04328229, 0.04312136, 0.0072199376 ],
  "lightfield_0.6_0.0_0.0_y" : [ 0.0, 0.0, 0.0, 0.014799838, 0.049403563, 0.08097748, 0.088174015, 0.089848645, 0.0964301, 0.09893808, 0.09838648, 0.097572975, 0.09699162, 0.08500532, 0.05809219, 0.03040723, 0.0149724595, 0.0, 0.0, 0.0 ],
  "lightfield_0.6_0.0_0.0_x" : [ 0.029413166, 0.026968682, 0.03650058, 0.043929268, 0.04779044, 0.049260702, 0.04667336, 0.04745909, 0.04964563, 0.05047501, 0.053981017, 0.05914975, 0.06250496, 0.06429467, 0.06487206, 0.064167686, 0.06158034, 0.05668344, 0.0502627, 0.03438745 ],
  "lightfield_0.0_0.4_0.0_x" : [ 0.017155437, 0.050274868, 0.05187116, 0.05187116, 0.05187116, 0.05187116, 0.05187116, 0.05187116, 0.05187116, 0.05187116, 0.05187116, 0.05187116, 0.05187116, 0.05187116, 0.05187116, 0.05187116, 0.05187116, 0.051856857, 0.05181615, 0.050829332 ],
  "lightfield_0.0_0.4_0.0_y" : [ 0.03226243, 0.051996574, 0.05248283, 0.05290418, 0.052520234, 0.05198117, 0.05281837, 0.054236438, 0.054497167, 0.05484041, 0.05468859, 0.054305747, 0.054147325, 0.052014176, 0.052015275, 0.052872278, 0.05291628, 0.05216709, 0.05198117, 0.012352266 ],
  "lightfield_0.0_0.2_0.0_y" : [ 0.0, 0.0, 0.0, 0.053228103, 0.07610327, 0.07610327, 0.07610327, 0.07610327, 0.07610327, 0.07610327, 0.07610327, 0.07610327, 0.07610327, 0.07610327, 0.07610327, 0.07611698, 0.03351896, 0.0, 0.0, 0.0 ],
  "lightfield_0.0_0.2_0.0_x" : [ 0.05000571, 0.050049897, 0.050049897, 0.050049897, 0.050049897, 0.050049897, 0.050049897, 0.050049897, 0.050049897, 0.050049897, 0.050049897, 0.050049897, 0.050049897, 0.050049897, 0.050049897, 0.050049897, 0.050049897, 0.050049897, 0.050049897, 0.04909613 ],
  "a3" : [ 0.069771565, 0.14337546, 0.16043589, 0.14342788, 0.11993822, 0.09905533, 0.055421636, 0.0, 0.0, 0.0, 0.0, 0.0, 0.0, 0.0014790144, 0.007913869, 0.016105853, 0.02579003, 0.03742775, 0.051660456, 0.068197064 ],