{
  "eccentricity_minmax" : 0.00723439,
  "compactness" : 2053.568,
  "eccentricity" : 4.394765,
  "compactness_standardized" : -0.051383648,
  "convexity_minmax" : 0.24941885,
  "diameter_standardized" : 1.2455832,
  "surface_area_minmax" : 0.5913719,
  "convexity" : 0.47813636,
  "diameter_minmax" : 0.30927065,
  "rectangularity _standardized" : -0.021609616,
  "convexity_standardized" : 0.51406837,
  "diameter" : 1.1640506,
  "surface_area" : 12.086506,
  "rectangularity " : 0.018503265,
  "compactness_minmax" : 5.2156084E-4,
  "surface_area_standardized" : 6.4219623,
  "rectangularity _minmax" : 0.033344027,
  "eccentricity_standardized" : -0.21107495,
  "lightfield_0.0_0.0_0.6_y" : [ 0.026068438, 0.04305419, 0.053530253, 0.0536688, 0.05367078, 0.05367078, 0.05367078, 0.05367078, 0.053678695, 0.053676717, 0.053680673, 0.053680673, 0.053678695, 0.053688593, 0.05368661, 0.053682655, 0.05369057, 0.053680673, 0.04457424, 0.027596403 ],
  "lightfield_0.0_0.0_0.6_x" : [ 0.0, 3.364691E-5, 0.009442906, 0.026284173, 0.043119505, 0.059958793, 0.0767961, 0.093231626, 0.09890212, 0.098961495, 0.098961495, 0.09859534, 0.09130584, 0.074579366, 0.05772622, 0.040873077, 0.024015976, 0.007212314, 0.0, 0.0 ],
  "lightfield_0.0_0.0_0.8_y" : [ 0.0053334488, 0.015695296, 0.026053209, 0.036417026, 0.046774935, 0.057138752, 0.06748092, 0.07570939, 0.08247165, 0.08617948, 0.08612634, 0.081845805, 0.07508158, 0.06761278, 0.057520557, 0.047184292, 0.03684803, 0.026511768, 0.016175505, 0.0058392407 ],
  "lightfield_0.0_0.0_0.8_x" : [ 0.01753937, 0.027891379, 0.03823945, 0.04859933, 0.058831286, 0.06272411, 0.06272018, 0.06271821, 0.06271821, 0.06271821, 0.06270837, 0.06271034, 0.06271034, 0.06270837, 0.06268475, 0.05697934, 0.046672598, 0.036357984, 0.026037464, 0.015730722 ],
  "lightfield_0.0_0.0_0.2_y" : [ 0.005147448, 0.015521051, 0.025882848, 0.036244646, 0.046596605, 0.0569584, 0.067255266, 0.07521453, 0.08201876, 0.086388975, 0.08645981, 0.08246936, 0.075688735, 0.0678436, 0.057591993, 0.047240034, 0.03689201, 0.026543988, 0.016197933, 0.0058440063 ],
  "lightfield_0.0_0.0_0.2_x" : [ 0.016733142, 0.02709297, 0.03747838, 0.047842145, 0.058166556, 0.06258006, 0.062591866, 0.062603675, 0.06261351, 0.062621385, 0.06263122, 0.06264303, 0.0626568, 0.06266467, 0.06267057, 0.05794421, 0.04763357, 0.037285548, 0.026945395, 0.016601307 ],
  "lightfield_0.0_0.0_0.4_y" : [ 0.02592046, 0.042812377, 0.053522397, 0.053704392, 0.05370637, 0.05370637, 0.053710327, 0.053710327, 0.053712305, 0.053714283, 0.05371626, 0.05371626, 0.053720217, 0.053720217, 0.053722195, 0.053724173, 0.05372813, 0.053700436, 0.044408794, 0.027623698 ],
  "lightfield_0.0_0.0_0.4_x" : [ 0.0, 2.3738497E-5, 0.0092956, 0.026056956, 0.042812377, 0.059571758, 0.0763252, 0.092690915, 0.09865126, 0.098910406, 0.098910406, 0.098819405, 0.091466404, 0.07479407, 0.058042604, 0.041291136, 0.024539672, 0.007798096, 0.0, 0.0 ],
  "lightfield_0.0_0.0_0.0_y" : [ 0.0, 0.0, 0.0, 0.0, 0.015976831, 0.096826345, 0.096826345, 0.0968845, 0.09692327, 0.09692327, 0.09692327, 0.09692327, 0.09692327, 0.09692327, 0.09692327, 0.015023107, 0.0, 0.0, 0.0, 0.0 ],
  "lightfield_0.0_0.0_0.0_x" : [ 0.050012406, 0.050012406, 0.050012406, 0.050012406, 0.050012406, 0.050012406, 0.050012406, 0.050012406, 0.050012406, 0.050012406, 0.050012406, 0.050012406, 0.050012406, 0.050012406, 0.050014343, 0.050012406, 0.050012406, 0.050012406, 0.050012406, 0.049762346 ],
  "d1" : [ 0.0836761, 0.0649743, 0.0530556, 0.062932, 0.0441531, 0.0307257, 0.0794503, 0.0732429, 0.0611825, 0.0316887, 0.0294533, 0.0601522, 0.0964941, 0.0506012, 0.088538, 0.0657382, 0.0152344, 0.0042957, 0.002485, 0.0019267 ],
  "d2" : [ 0.036441598, 0.033577096, 0.07352511, 0.111189224, 0.12557055, 0.106653325, 0.12663144, 0.1195838, 0.07445758, 0.04761416, 0.036784958, 0.028888874, 0.024339775, 0.024799054, 0.018215798, 0.009490667, 0.0018181193, 3.6706447E-4, 4.6908237E-5, 4.9008604E-6 ],
  "d3" : [ 0.014392695, 0.0437811, 0.055216372, 0.06303687, 0.08613833, 0.11219037, 0.1325123, 0.13184167, 0.1198862, 0.087536246, 0.06303495, 0.03956693, 0.023755392, 0.014372974, 0.008308501, 0.003481052, 7.9077313E-4, 1.3120857E-4, 2.4148818E-5, 1.9117813E-6 ],
  "d4" : [ 2.0336579E-7, 6.1009735E-7, 2.6437551E-6, 8.6430455E-6, 4.3825326E-5, 1.8729988E-4, 0.0011183084, 0.006420461, 0.02464478, 0.10205638, 0.617363, 0.18906337, 0.04466767, 0.011487218, 0.0024570655, 3.786671E-4, 7.5652075E-5, 1.7387774E-5, 4.677413E-6, 2.1353408E-6 ],
  "lightfield_0.0_0.8_0.0_y" : [ 0.0, 0.0, 0.0, 0.0, 0.013116547, 0.09365057, 0.09808896, 0.09832494, 0.09832494, 0.09832494, 0.09832494, 0.09832494, 0.09832494, 0.09813615, 0.09475967, 0.012298483, 0.0, 0.0, 0.0, 0.0 ],
  "lightfield_0.0_0.8_0.0_x" : [ 0.045278635, 0.047490943, 0.047490943, 0.047945205, 0.050735667, 0.050735667, 0.050735667, 0.0507455, 0.050749432, 0.050735667, 0.050735667, 0.050735667, 0.050735667, 0.050735667, 0.050735667, 0.050735667, 0.050735667, 0.050735667, 0.050735667, 0.050735667 ],
  "lightfield_0.8_0.0_0.0_x" : [ 0.049817875, 0.05006623, 0.050049335, 0.05009326, 0.05009326, 0.05009326, 0.05009326, 0.05009326, 0.050037507, 0.050008785, 0.050008785, 0.050008785, 0.050052714, 0.05009326, 0.05009326, 0.050008785, 0.050008785, 0.050008785, 0.050008785, 0.049262032 ],
  "lightfield_0.8_0.0_0.0_y" : [ 0.0, 0.0, 0.0, 0.03928224, 0.0844743, 0.0844743, 0.0844743, 0.0844743, 0.0844743, 0.084459096, 0.08438983, 0.08438983, 0.08424115, 0.08422088, 0.08422088, 0.032424614, 0.0, 0.0, 0.0, 0.0 ],
  "lightfield_0.0_0.6_0.0_x" : [ 0.0, 0.0, 0.0015380734, 0.034460746, 0.07041397, 0.073408045, 0.073408045, 0.073408045, 0.073408045, 0.073481, 0.07783685, 0.0784691, 0.07843263, 0.07842351, 0.07842351, 0.07842351, 0.056464925, 0.0, 0.0, 0.0 ],
  "lightfield_0.0_0.6_0.0_y" : [ 0.0, 0.0, 0.0, 0.0, 0.008319579, 0.08545122, 0.09720563, 0.09977719, 0.10234267, 0.10488688, 0.10505406, 0.102512896, 0.099953495, 0.097397126, 0.089335926, 0.007763319, 0.0, 0.0, 0.0, 0.0 ],
  "lightfield_0.6_0.0_0.0_y" : [ 0.0, 0.0, 0.0, 0.0, 0.03156836, 0.11075841, 0.11075841, 0.11066094, 0.1045936, 0.088741854, 0.103107214, 0.11053689, 0.11053689, 0.110457145, 0.008280299, 0.0, 0.0, 0.0, 0.0, 0.0 ],
  "lightfield_0.6_0.0_0.0_x" : [ 0.0394167, 0.04883781, 0.050297607, 0.050514694, 0.051834933, 0.051834933, 0.051834933, 0.051834933, 0.051834933, 0.051834933, 0.051834933, 0.051834933, 0.051834933, 0.051834933, 0.05183715, 0.051834933, 0.05064096, 0.0503109, 0.048800156, 0.03915974 ],
  "lightfield_0.0_0.4_0.0_x" : [ 0.0, 0.0, 8.929145E-4, 0.031570032, 0.069421045, 0.07384892, 0.07384892, 0.07384892, 0.07384892, 0.07386421, 0.07791596, 0.078894496, 0.078894496, 0.078894496, 0.07892508, 0.07892202, 0.056409568, 0.0, 0.0, 0.0 ],
  "lightfield_0.0_0.4_0.0_y" : [ 0.0, 0.0, 0.0, 0.0, 0.008241111, 0.08501647, 0.097021885, 0.09972509, 0.10239466, 0.105003074, 0.10524159, 0.10268517, 0.10007064, 0.09745611, 0.08940459, 0.0077396114, 0.0, 0.0, 0.0, 0.0 ],
  "lightfield_0.0_0.2_0.0_y" : [ 0.0, 0.0, 0.0, 0.0, 0.013047951, 0.09301271, 0.09783894, 0.09851686, 0.09853459, 0.09853459, 0.09853459, 0.09853459, 0.09852671, 0.097880326, 0.09475875, 0.012279381, 0.0, 0.0, 0.0, 0.0 ],
  "lightfield_0.0_0.2_0.0_x" : [ 0.043530613, 0.047592208, 0.047592208, 0.04775972, 0.05084385, 0.05084385, 0.05084385, 0.05084385, 0.05084385, 0.05084385, 0.05084385, 0.05084385, 0.05084385, 0.05084385, 0.05084385, 0.05084385, 0.050867498, 0.05084385, 0.05084385, 0.05084385 ],
  "a3" : [ 0.104168944, 0.15878381, 0.13819282, 0.10580744, 0.09334292, 0.08412562, 0.05075709, 0.0, 0.0, 0.0, 0.0, 0.0, 0.0, 0.006151207, 0.017335128, 0.029800344, 0.03950656, 0.047576692, 0.05686352, 0.06758791 ],
  "lightfield_0.4_0.0_0.0_y" : [ 0.0, 0.0, 0.0, 0.0, 0.03036848, 0.11047566, 0.110535346, 0.110535346, 0.10431442, 0.08891021, 0.102654174, 0.110203736, 0.110203736, 0.110217005, 0.011581893, 0.0, 0.0, 0.0, 0.0, 0.0 ],