{
  "eccentricity_minmax" : 6.917168E-5,
  "compactness" : 337.01736,
  "eccentricity" : 1.0331806,
  "compactness_standardized" : -0.06284512,
  "convexity_minmax" : 0.21926431,
  "diameter_standardized" : 2.0839412,
  "surface_area_minmax" : 0.34199044,
  "convexity" : 0.42045403,
  "diameter_minmax" : 0.4445041,
  "rectangularity _standardized" : 0.12571533,
  "convexity_standardized" : 0.307623,
  "diameter" : 1.2357843,
  "surface_area" : 6.9963045,
  "rectangularity " : 0.025587961,
  "compactness_minmax" : 8.549766E-5,
  "surface_area_standardized" : 3.3067744,
  "rectangularity _minmax" : 0.046111107,
  "eccentricity_standardized" : -0.36307296,
  "lightfield_0.0_0.0_0.6_y" : [ 0.0029524905, 0.015323476, 0.029362459, 0.04336795, 0.056887776, 0.05912015, 0.059145268, 0.059145268, 0.05914359, 0.059145268, 0.059145268, 0.05914359, 0.05914192, 0.05834979, 0.05695309, 0.055558067, 0.054163046, 0.05276635, 0.051371325, 0.04981386 ],
  "lightfield_0.0_0.0_0.6_x" : [ 0.035717934, 0.048440605, 0.06100083, 0.073524214, 0.08179387, 0.08025482, 0.07880788, 0.07741956, 0.076044634, 0.07464961, 0.07325459, 0.071526304, 0.061293904, 0.04735875, 0.033410203, 0.019456629, 0.006045656, 0.0, 0.0, 0.0 ],
  "lightfield_0.0_0.0_0.8_y" : [ 0.005503312, 0.014399246, 0.02372014, 0.033025164, 0.042339005, 0.051661663, 0.060968447, 0.06952053, 0.07346684, 0.07662318, 0.08020095, 0.076818906, 0.07068256, 0.06451096, 0.05835345, 0.052185368, 0.046013758, 0.03985978, 0.033688173, 0.026458573 ],
  "lightfield_0.0_0.0_0.8_x" : [ 0.05558857, 0.05980995, 0.06296981, 0.06612615, 0.06927367, 0.0721038, 0.072567545, 0.07258166, 0.07257637, 0.0725746, 0.071918644, 0.06389732, 0.054449465, 0.045130335, 0.03581297, 0.026500892, 0.017185288, 0.008008986, 9.239781E-4, 0.0 ],
  "lightfield_0.0_0.0_0.2_y" : [ 0.0052122413, 0.013187848, 0.021535415, 0.029886177, 0.038233746, 0.046582907, 0.054932073, 0.063100845, 0.06913204, 0.07453904, 0.079206906, 0.079819925, 0.07869287, 0.07360036, 0.06623298, 0.05793011, 0.049577754, 0.04122859, 0.032871444, 0.024496736 ],
  "lightfield_0.0_0.0_0.2_x" : [ 0.022961, 0.03135167, 0.0397152, 0.048086718, 0.056494948, 0.06479462, 0.0664022, 0.06642295, 0.06642933, 0.06642135, 0.06579556, 0.0630322, 0.060086843, 0.057143085, 0.054199327, 0.05040788, 0.042595107, 0.034249134, 0.025888795, 0.01752207 ],
  "lightfield_0.0_0.0_0.4_y" : [ 0.0026225264, 0.0148424525, 0.029075053, 0.043284763, 0.054157455, 0.055813704, 0.05705466, 0.057404548, 0.057396375, 0.057417627, 0.057406183, 0.0574209, 0.057422534, 0.05742744, 0.057442155, 0.05744379, 0.057447057, 0.057447057, 0.057450328, 0.05402339 ],
  "lightfield_0.0_0.0_0.4_x" : [ 0.01727532, 0.03140655, 0.045680027, 0.059912626, 0.06988607, 0.07140662, 0.0726999, 0.07399317, 0.07528482, 0.076578096, 0.077869736, 0.079679675, 0.0741812, 0.061277844, 0.048340157, 0.035412278, 0.021657096, 0.007455561, 3.269983E-6, 0.0 ],
  "lightfield_0.0_0.0_0.0_y" : [ 0.0, 0.0, 0.0, 0.052482974, 0.07476019, 0.07460165, 0.07466506, 0.07461071, 0.07464997, 0.07462732, 0.07461977, 0.07464544, 0.07459108, 0.0746545, 0.074589565, 0.07475415, 0.051747646, 0.0, 0.0, 0.0 ],
  "lightfield_0.0_0.0_0.0_x" : [ 0.042584, 0.050418925, 0.05052462, 0.050521597, 0.05052915, 0.050560854, 0.0505065, 0.05055633, 0.050581995, 0.050521597, 0.050581995, 0.05053217, 0.050535187, 0.050581995, 0.050535187, 0.050562367, 0.05051405, 0.050530657, 0.050541226, 0.0477796 ],
  "d1" : [ 6.886E-4, 0.0010957, 0.0, 5.489E-4, 0.0, 0.0167105, 0.060363, 0.0397932, 0.1951306, 0.2127994, 0.1369448, 0.065615, 0.0852631, 0.0326348, 0.0319397, 0.0224112, 0.03591, 0.0132975, 0.0455899, 0.0032641 ],
  "d2" : [ 0.016192844, 0.037715223, 0.030819112, 0.08763899, 0.07316065, 0.06291815, 0.054709706, 0.0626493, 0.07143535, 0.08799445, 0.122538716, 0.09643313, 0.063467644, 0.050369743, 0.041007303, 0.024116535, 0.012136031, 0.004248246, 4.3637663E-4, 1.2502195E-5 ],
  "d3" : [ 0.0077836667, 0.030259373, 0.036820505, 0.044915795, 0.056508232, 0.06983868, 0.066522844, 0.088880025, 0.108289935, 0.10465785, 0.08107251, 0.06773794, 0.06182228, 0.05624068, 0.04804246, 0.03617694, 0.023212446, 0.01023618, 9.7410294E-4, 7.5465055E-6 ],
  "d4" : [ 1.4235605E-6, 9.7615575E-6, 7.37201E-5, 3.8364955E-4, 0.001324318, 0.00565123, 0.023269216, 0.05316795, 0.09212978, 0.22458081, 0.40775827, 0.098693416, 0.05703902, 0.026713112, 0.0070863822, 0.0015602224, 4.577764E-4, 8.826075E-5, 1.0473338E-5, 1.2201947E-6 ],
  "lightfield_0.0_0.8_0.0_y" : [ 0.0, 0.0, 0.0, 0.05385665, 0.074386105, 0.074386105, 0.074386105, 0.074406385, 0.07447828, 0.07447828, 0.07451147, 0.07457046, 0.07457046, 0.0746147, 0.07466263, 0.074819334, 0.051873017, 0.0, 0.0, 0.0 ],
  "lightfield_0.0_0.8_0.0_x" : [ 0.061842784, 0.06184094, 0.06185016, 0.061864905, 0.06185016, 0.06185016, 0.06185016, 0.06185016, 0.061824348, 0.06185016, 0.061800383, 0.06185016, 0.06173033, 0.061691616, 0.0617248, 0.06172664, 0.011002138, 0.0, 0.0, 0.0 ],
  "lightfield_0.8_0.0_0.0_x" : [ 0.03475486, 0.04585527, 0.051233742, 0.051242292, 0.051233742, 0.051233742, 0.051242292, 0.051233742, 0.051242292, 0.051233742, 0.051233742, 0.051242292, 0.051233742, 0.05123802, 0.05123802, 0.051233742, 0.05124372, 0.051233742, 0.051233742, 0.048363514 ],
  "lightfield_0.8_0.0_0.0_y" : [ 0.0, 0.0, 0.015528313, 0.070840806, 0.070470266, 0.07040186, 0.07040471, 0.07039473, 0.07038903, 0.070384756, 0.07037763, 0.07037478, 0.07042894, 0.0708807, 0.067232355, 0.06584427, 0.065841414, 0.01020542, 0.0, 0.0 ],
  "lightfield_0.0_0.6_0.0_x" : [ 0.033391535, 0.07262365, 0.07882661, 0.0788525, 0.07885014, 0.07885014, 0.079264306, 0.07952551, 0.07898663, 0.07892074, 0.07890897, 0.07889721, 0.0788878, 0.025214257, 0.0, 0.0, 0.0, 0.0, 0.0, 0.0 ],
  "lightfield_0.0_0.6_0.0_y" : [ 0.0, 0.0, 0.0, 0.049880225, 0.07116233, 0.072666004, 0.07421439, 0.07588044, 0.07743589, 0.07835363, 0.078360684, 0.07759355, 0.07601222, 0.07443324, 0.072851904, 0.07135058, 0.049804922, 0.0, 0.0, 0.0 ],
  "lightfield_0.6_0.0_0.0_y" : [ 0.0, 0.0, 0.0, 0.0, 9.709168E-5, 0.10069041, 0.10450653, 0.10425114, 0.10431024, 0.10500465, 0.09892798, 0.09756659, 0.097627796, 0.09768056, 0.08933701, 0.0, 0.0, 0.0, 0.0, 0.0 ],
  "lightfield_0.6_0.0_0.0_x" : [ 0.02384445, 0.040738404, 0.05213401, 0.05213401, 0.052146677, 0.05213401, 0.05213401, 0.052148785, 0.05213401, 0.05213401, 0.05213401, 0.052146677, 0.05213401, 0.05213401, 0.05213401, 0.052148785, 0.05213401, 0.05213401, 0.052140344, 0.049077734 ],
  "lightfield_0.0_0.4_0.0_x" : [ 0.0, 0.010241873, 0.052845754, 0.08027694, 0.08063309, 0.080635495, 0.080628276, 0.0810109, 0.08137428, 0.08109994, 0.0806379, 0.0806379, 0.0806379, 0.0806379, 0.048701838, 0.0, 0.0, 0.0, 0.0, 0.0 ],
  "lightfield_0.0_0.4_0.0_y" : [ 0.0, 0.0, 0.0, 0.049599446, 0.07118776, 0.07281211, 0.074434064, 0.076053604, 0.077600956, 0.07916515, 0.078946166, 0.07734587, 0.07574799, 0.07415251, 0.07255221, 0.07084363, 0.049558535, 0.0, 0.0, 0.0 ],
  "lightfield_0.0_0.2_0.0_y" : [ 0.0, 0.0, 0.0, 0.05109983, 0.07331408, 0.07396242, 0.074543424, 0.075202726, 0.07586203, 0.07612825, 0.0761079, 0.075758666, 0.075118154, 0.07446512, 0.07385749, 0.07324361, 0.0513363, 0.0, 0.0, 0.0 ],
  "lightfield_0.0_0.2_0.0_x" : [ 0.03163241, 0.052429397, 0.052426264, 0.052546848, 0.052540585, 0.052504566, 0.052540585, 0.052501433, 0.052540585, 0.052529622, 0.052551545, 0.052504566, 0.052531186, 0.05253432, 0.052546848, 0.052520227, 0.052432526, 0.052446622, 0.05242783, 0.023312045 ],
  "a3" : [ 0.086279094, 0.14115497, 0.12496922, 0.12917635, 0.11536574, 0.101447165, 0.064544454, 0.0, 0.0, 0.0, 0.0, 0.0, 0.0, 0.0050496184, 0.01049256, 0.016736137, 0.023450514, 0.037000414, 0.059619304, 0.08471445 ],
  "lightfield_0.4_0.0_0.0_y" : [ 0.0, 0.0, 0.0, 0.0, 0.0, 0.099189974, 0.10462533, 0.104437396, 0.10454087, 0.105115235, 0.09889646, 0.09770549, 0.09775195, 0.097792074, 0.08994523, 0.0, 0.0, 0.0, 0.0, 0.0 ],