{
  "eccentricity_minmax" : 0.0021003431,
  "compactness" : 12.387114,
  "eccentricity" : 1.9861109,
  "compactness_standardized" : -0.06501269,
  "convexity_minmax" : 0.32043335,
  "diameter_standardized" : 2.8253276,
  "surface_area_minmax" : 0.16244821,
  "convexity" : 0.6139793,
  "diameter_minmax" : 0.5640954,
  "rectangularity _standardized" : 0.73263884,
  "convexity_standardized" : 1.0002508,
  "diameter" : 1.2992207,
  "surface_area" : 3.3316123,
  "rectangularity " : 0.054774247,
  "compactness_minmax" : 3.030366E-6,
  "surface_area_standardized" : 1.063994,
  "rectangularity _minmax" : 0.09870668,
  "eccentricity_standardized" : -0.3199851,
  "lightfield_0.0_0.0_0.6_y" : [ 0.035382163, 0.046679016, 0.055299122, 0.055890337, 0.05591339, 0.055894405, 0.055869997, 0.055890337, 0.055878133, 0.0559161, 0.05588898, 0.055890337, 0.055901185, 0.055243526, 0.054113973, 0.05299256, 0.050963983, 0.041402813, 0.030127654, 0.018861989 ],
  "lightfield_0.0_0.0_0.6_x" : [ 0.018048387, 0.02933168, 0.04058514, 0.051884707, 0.060808558, 0.062445253, 0.063582934, 0.06471927, 0.06583933, 0.06697701, 0.0677757, 0.067800105, 0.067800105, 0.06733093, 0.062292024, 0.05113077, 0.03984748, 0.028543843, 0.017263262, 0.005993529 ],
  "lightfield_0.0_0.0_0.8_y" : [ 0.02714287, 0.03462711, 0.04207194, 0.049513955, 0.056933444, 0.06436701, 0.07001996, 0.07038031, 0.07038031, 0.07038031, 0.07038031, 0.06887136, 0.063784264, 0.056716673, 0.049319703, 0.04190866, 0.03446805, 0.027045744, 0.019572763, 0.012115266 ],
  "lightfield_0.0_0.0_0.8_x" : [ 0.025770454, 0.033232175, 0.040675595, 0.04814576, 0.055539917, 0.06186992, 0.06461757, 0.067006275, 0.067560874, 0.06586893, 0.06336198, 0.06087052, 0.058338236, 0.05583129, 0.053300414, 0.050060105, 0.043134682, 0.035716597, 0.028268954, 0.020829756 ],
  "lightfield_0.0_0.0_0.2_y" : [ 0.020529881, 0.027849792, 0.035175297, 0.042489607, 0.04980392, 0.057107043, 0.063661665, 0.0683891, 0.069953255, 0.069953255, 0.069953255, 0.069953255, 0.069105424, 0.06279564, 0.0555247, 0.0481866, 0.040873688, 0.033543985, 0.026236668, 0.018913962 ],
  "lightfield_0.0_0.0_0.2_x" : [ 0.025414018, 0.032690555, 0.04005104, 0.04735136, 0.054314505, 0.057816368, 0.06038645, 0.063012496, 0.065575585, 0.06774693, 0.0671943, 0.06463261, 0.062052738, 0.059475657, 0.056411706, 0.049810916, 0.04251899, 0.0351669, 0.027858185, 0.020518688 ],
  "lightfield_0.0_0.0_0.4_y" : [ 0.031937484, 0.04364861, 0.05177041, 0.05299515, 0.054054163, 0.055039074, 0.055204798, 0.055206142, 0.0552021, 0.055204798, 0.055239826, 0.05521288, 0.055230398, 0.05524387, 0.055230398, 0.055230398, 0.054811373, 0.04625977, 0.03451226, 0.0227661 ],
  "lightfield_0.0_0.0_0.4_x" : [ 0.017356507, 0.02908111, 0.040858258, 0.052574776, 0.06322016, 0.065878466, 0.06695365, 0.067367285, 0.067367285, 0.06726893, 0.066376984, 0.06531528, 0.0642401, 0.06319591, 0.0613945, 0.051759634, 0.040014822, 0.028298302, 0.016587174, 0.004890865 ],
  "lightfield_0.0_0.0_0.0_y" : [ 0.0, 0.0, 0.052927867, 0.06395386, 0.06396545, 0.06391654, 0.06396545, 0.06392426, 0.06396545, 0.063940994, 0.063939705, 0.06396545, 0.06392812, 0.06396545, 0.063942276, 0.06395257, 0.06396545, 0.05178112, 0.0, 0.0 ],
  "lightfield_0.0_0.0_0.0_x" : [ 0.047544215, 0.050322916, 0.050311334, 0.050322916, 0.050322916, 0.050321627, 0.050322916, 0.050321627, 0.050322916, 0.050321627, 0.050322916, 0.050322916, 0.050333213, 0.050322916, 0.0503242, 0.050322916, 0.05032935, 0.05032549, 0.050316483, 0.04664458 ],
  "d1" : [ 0.0023014, 0.0030103, 0.0105647, 0.0293325, 0.0436645, 0.0529609, 0.0579078, 0.0578464, 0.0578924, 0.0593506, 0.0760202, 0.0749371, 0.0822257, 0.0692168, 0.0900224, 0.0868189, 0.0554772, 0.0449607, 0.0354543, 0.0100352 ],
  "d2" : [ 0.0072975815, 0.024902772, 0.041242942, 0.061771747, 0.079975046, 0.093586534, 0.09938695, 0.09998256, 0.097944796, 0.0860081, 0.07452739, 0.06583686, 0.054856833, 0.04138167, 0.031699866, 0.024472497, 0.009898138, 0.0037212535, 0.0013682402, 1.3822428E-4 ],
  "d3" : [ 0.0014894789, 0.009919328, 0.026795024, 0.046681877, 0.06785304, 0.08683864, 0.103210434, 0.11543789, 0.11951632, 0.1109285, 0.09450086, 0.07481364, 0.055726312, 0.038085803, 0.023807012, 0.01333709, 0.0068927766, 0.003156653, 9.725936E-4, 3.6726327E-5 ],
  "d4" : [ 1.931975E-6, 5.1858274E-6, 2.9386356E-5, 1.7387775E-4, 7.7177316E-4, 0.0030700099, 0.011469424, 0.037908603, 0.10926661, 0.4201341, 0.2875151, 0.08804203, 0.029770717, 0.008752558, 0.0023363677, 5.896591E-4, 1.3503488E-4, 2.4200528E-5, 3.1521697E-6, 3.0504867E-7 ],
  "lightfield_0.0_0.8_0.0_y" : [ 0.0, 0.0, 0.05077514, 0.061755344, 0.061848775, 0.061948977, 0.062065426, 0.066506796, 0.0677038, 0.06555082, 0.06417372, 0.06414935, 0.064005814, 0.06388801, 0.06379593, 0.06368761, 0.06540728, 0.052737195, 0.0, 0.0 ],
  "lightfield_0.0_0.8_0.0_x" : [ 0.021299616, 0.028514132, 0.05250565, 0.05290104, 0.053008012, 0.053012073, 0.053009365, 0.053012073, 0.053009365, 0.05301478, 0.053016137, 0.053009365, 0.053012073, 0.053009365, 0.053012073, 0.053002596, 0.053012073, 0.052982286, 0.052727718, 0.049930196 ],
  "lightfield_0.8_0.0_0.0_x" : [ 0.04760007, 0.050337017, 0.05029952, 0.050316185, 0.050332848, 0.05027314, 0.050337017, 0.050288413, 0.050320353, 0.050337017, 0.05030369, 0.050337017, 0.050296746, 0.05031202, 0.050327294, 0.050270364, 0.050337017, 0.05030369, 0.050337017, 0.04673358 ],
  "lightfield_0.8_0.0_0.0_y" : [ 0.0044324347, 0.068888806, 0.068983234, 0.06901378, 0.069026284, 0.06901378, 0.06903045, 0.06901378, 0.069029056, 0.06900684, 0.06900823, 0.06900545, 0.06901378, 0.068999894, 0.06894435, 0.029589834, 0.0, 0.0, 0.0, 0.0 ],
  "lightfield_0.0_0.6_0.0_x" : [ 0.0, 0.0, 0.0025166986, 0.0395571, 0.018177966, 0.02098568, 0.0740226, 0.09030081, 0.09082697, 0.09137408, 0.09150911, 0.09150911, 0.09149747, 0.09109238, 0.090566225, 0.08887601, 0.027187793, 0.0, 0.0, 0.0 ],
  "lightfield_0.0_0.6_0.0_y" : [ 0.0, 0.0, 0.047072273, 0.058193706, 0.05937406, 0.060598653, 0.062393636, 0.073626816, 0.07661845, 0.067236125, 0.06165096, 0.061706837, 0.061625354, 0.061697528, 0.0616044, 0.0616789, 0.06899618, 0.055926114, 0.0, 0.0 ],
  "lightfield_0.6_0.0_0.0_y" : [ 0.0, 0.0, 0.0, 0.0, 0.098277256, 0.10469021, 0.10485011, 0.10503947, 0.10502264, 0.10483959, 0.10465024, 0.10405691, 0.10097667, 0.06759691, 0.0, 0.0, 0.0, 0.0, 0.0, 0.0 ],
  "lightfield_0.6_0.0_0.0_x" : [ 0.045955293, 0.0504957, 0.0504957, 0.050398916, 0.0504957, 0.0504957, 0.0504957, 0.05041785, 0.0504957, 0.0504957, 0.0504957, 0.050426267, 0.0504957, 0.0504957, 0.050493594, 0.050394706, 0.0504957, 0.0504957, 0.0504957, 0.045469273 ],
  "lightfield_0.0_0.4_0.0_x" : [ 0.0, 0.0, 0.0038114893, 0.038988747, 0.018178945, 0.022004379, 0.07559764, 0.08995812, 0.09015567, 0.0903904, 0.09040202, 0.09042526, 0.09039505, 0.09026258, 0.09002087, 0.088770516, 0.030638332, 0.0, 0.0, 0.0 ],
  "lightfield_0.0_0.4_0.0_y" : [ 0.0, 0.0, 0.043722894, 0.05873412, 0.06047718, 0.06088157, 0.0632591, 0.07604851, 0.07700138, 0.06527408, 0.062092416, 0.062222563, 0.06216214, 0.062217914, 0.062194675, 0.062185377, 0.0718977, 0.04962838, 0.0, 0.0 ],
  "lightfield_0.0_0.2_0.0_y" : [ 0.0, 0.0, 0.04965969, 0.061757, 0.061880648, 0.062017884, 0.062227137, 0.06759436, 0.06793949, 0.06522599, 0.06442294, 0.064364515, 0.06426124, 0.06413759, 0.06394193, 0.06373403, 0.066007294, 0.050828252, 0.0, 0.0 ],
  "lightfield_0.0_0.2_0.0_x" : [ 0.020380488, 0.028920483, 0.05269115, 0.05301862, 0.053059384, 0.05306074, 0.053059384, 0.0530621, 0.05306074, 0.05306346, 0.05306074, 0.0530621, 0.05306074, 0.05307569, 0.05306074, 0.05307297, 0.05306074, 0.053045794, 0.05287187, 0.049252056 ],
  "a3" : [ 0.0806973, 0.14714558, 0.15315653, 0.1325607, 0.11189385, 0.09470603, 0.054231904, 0.0, 0.0, 0.0, 0.0, 0.0, 0.0, 0.0025670193, 0.011398845, 0.020368017, 0.030162778, 0.040782925, 0.05241078, 0.06791774 ],