{
  "eccentricity_minmax" : 0.006722805,
  "compactness" : 99.31808,
  "eccentricity" : 4.154753,
  "compactness_standardized" : -0.06443225,
  "convexity_minmax" : 0.09954257,
  "diameter_standardized" : -0.2582884,
  "surface_area_minmax" : 0.100972444,
  "convexity" : 0.19143943,
  "diameter_minmax" : 0.06668477,
  "rectangularity _standardized" : -0.17270996,
  "convexity_standardized" : -0.51202136,
  "diameter" : 1.0353725,
  "surface_area" : 2.0768113,
  "rectangularity " : 0.011237016,
  "compactness_minmax" : 2.5113834E-5,
  "surface_area_standardized" : 0.29605964,
  "rectangularity _minmax" : 0.020249777,
  "eccentricity_standardized" : -0.22192736,
  "lightfield_0.0_0.0_0.6_y" : [ 0.0033973926, 0.020617673, 0.036333293, 0.05935557, 0.07183569, 0.07316179, 0.078192405, 0.06268153, 0.05747712, 0.05459398, 0.05301075, 0.052160807, 0.051710837, 0.051248964, 0.050801374, 0.050384738, 0.049730018, 0.047051623, 0.042847145, 0.033407297 ],
  "lightfield_0.0_0.0_0.6_x" : [ 0.011375432, 0.05373213, 0.09548649, 0.10161227, 0.10114802, 0.11163779, 0.11430904, 0.11232585, 0.09483892, 0.074580744, 0.056360528, 0.038087938, 0.020979553, 0.008056606, 0.0043401867, 0.0011284963, 0.0, 0.0, 0.0, 0.0 ],
  "lightfield_0.0_0.0_0.8_y" : [ 0.0067019747, 0.03189683, 0.054346584, 0.05892795, 0.06226831, 0.06703304, 0.07421334, 0.08489877, 0.096089095, 0.09477634, 0.09035707, 0.07537197, 0.060921002, 0.049961865, 0.038896434, 0.027857574, 0.017833844, 0.0076480107, 0.0, 0.0 ],
  "lightfield_0.0_0.0_0.8_x" : [ 0.06046127, 0.06365016, 0.06656799, 0.06705961, 0.08540633, 0.09057498, 0.09056967, 0.08568802, 0.07171804, 0.06965855, 0.06947253, 0.063623585, 0.0562546, 0.03865461, 0.01849288, 0.002147183, 0.0, 0.0, 0.0, 0.0 ],
  "lightfield_0.0_0.0_0.2_y" : [ 0.0, 0.0026759054, 0.0069170967, 0.019098386, 0.029792534, 0.044372667, 0.058808345, 0.068150334, 0.07499639, 0.08058974, 0.081854284, 0.09296521, 0.10448818, 0.10434373, 0.0807484, 0.05679076, 0.04535304, 0.0324045, 0.015650494, 0.0 ],
  "lightfield_0.0_0.0_0.2_x" : [ 0.030507687, 0.04975763, 0.05763379, 0.06127823, 0.065171316, 0.06843924, 0.06739019, 0.07395444, 0.06359182, 0.062407795, 0.06180394, 0.061259285, 0.060470723, 0.057603005, 0.05156209, 0.04343018, 0.033872698, 0.025345322, 0.004520622, 0.0 ],
  "lightfield_0.0_0.0_0.4_y" : [ 0.0, 0.0, 0.02876349, 0.05968479, 0.057992674, 0.05615427, 0.0594556, 0.06840625, 0.069820404, 0.07124188, 0.06880855, 0.05862173, 0.05351857, 0.05153631, 0.05065612, 0.05007583, 0.051329065, 0.051441222, 0.048330076, 0.044163182 ],
  "lightfield_0.0_0.0_0.4_x" : [ 0.022324193, 0.03609517, 0.054113492, 0.059967622, 0.07249024, 0.09208608, 0.10624229, 0.107115164, 0.10767839, 0.10765645, 0.098213285, 0.07437497, 0.04536034, 0.015455773, 8.2655106E-4, 0.0, 0.0, 0.0, 0.0, 0.0 ],
  "lightfield_0.0_0.0_0.0_y" : [ 0.0, 0.0, 2.820543E-4, 0.004644494, 0.0045833825, 0.033367023, 0.09498648, 0.10692208, 0.10970972, 0.112064876, 0.11355741, 0.11395463, 0.112913385, 0.10439064, 0.039207898, 0.026997296, 0.021647668, 7.709484E-4, 0.0, 0.0 ],
  "lightfield_0.0_0.0_0.0_x" : [ 0.013374074, 0.0392126, 0.052532613, 0.06947232, 0.07159948, 0.06885415, 0.067653075, 0.062101305, 0.05558585, 0.051366787, 0.049183216, 0.048094958, 0.04753555, 0.04705136, 0.04674815, 0.046362676, 0.04628276, 0.048642613, 0.04171818, 0.026628276 ],
  "d1" : [ 0.0054634, 0.0079713, 0.0112122, 0.0148862, 0.024045, 0.0520129, 0.0686822, 0.0748913, 0.0749006, 0.1115469, 0.1019974, 0.1082913, 0.074539, 0.0840331, 0.02792, 0.0175438, 0.0320692, 0.068378, 0.0232147, 0.0164015 ],
  "d2" : [ 0.01685686, 0.01861897, 0.03219075, 0.05859989, 0.08399355, 0.088818, 0.09014963, 0.08555082, 0.083728306, 0.0706474, 0.066722915, 0.052261878, 0.04628873, 0.04983815, 0.053152133, 0.04772078, 0.035095762, 0.014992433, 0.004367567, 4.054712E-4 ],
  "d3" : [ 0.0025947904, 0.015410869, 0.032533992, 0.04496248, 0.061055154, 0.081972055, 0.09591739, 0.105459794, 0.10530474, 0.10224277, 0.095350295, 0.08045883, 0.063056484, 0.04580407, 0.03212819, 0.021082822, 0.010500308, 0.0034150453, 6.7546254E-4, 7.4458854E-5 ],
  "d4" : [ 3.762267E-6, 3.762267E-5, 2.1546605E-4, 7.655705E-4, 0.0020350814, 0.005316592, 0.014985923, 0.041760247, 0.11186369, 0.44279584, 0.25077736, 0.08177226, 0.03079019, 0.010842447, 0.0038741182, 0.0015371403, 4.731305E-4, 1.3513656E-4, 1.6777678E-5, 1.6269263E-6 ],
  "lightfield_0.0_0.8_0.0_y" : [ 0.0, 0.0, 2.5304328E-4, 0.0058681946, 0.0063321074, 0.03513988, 0.09434599, 0.09978943, 0.09908754, 0.11007986, 0.11578538, 0.11681262, 0.120831184, 0.10970632, 0.04031522, 0.024891628, 0.020068744, 6.928567E-4, 0.0, 0.0 ],
  "lightfield_0.0_0.8_0.0_x" : [ 0.05880847, 0.05970617, 0.061778713, 0.061781727, 0.062634245, 0.06617986, 0.073620535, 0.08347718, 0.08879109, 0.08560997, 0.073271096, 0.06153772, 0.054533843, 0.052431174, 0.032241933, 0.019731352, 0.0038649351, 0.0, 0.0, 0.0 ],
  "lightfield_0.8_0.0_0.0_x" : [ 0.016077984, 0.048693176, 0.07056101, 0.07116113, 0.07113504, 0.070709735, 0.06598444, 0.059377912, 0.052987944, 0.04957509, 0.04787388, 0.046892814, 0.046331834, 0.04591958, 0.045530807, 0.0450194, 0.044474073, 0.042958118, 0.03714218, 0.021593865 ],
  "lightfield_0.8_0.0_0.0_y" : [ 0.0, 0.0, 0.0, 0.013667069, 0.04515508, 0.0860754, 0.12189471, 0.123606354, 0.12411776, 0.12328542, 0.11983082, 0.10889821, 0.07871741, 0.044288818, 0.010462953, 0.0, 0.0, 0.0, 0.0, 0.0 ],
  "lightfield_0.0_0.6_0.0_x" : [ 0.0, 0.0, 0.009653941, 0.073050685, 0.12256197, 0.13656145, 0.13241862, 0.10355181, 0.09605164, 0.08344577, 0.09217486, 0.084801376, 0.041333307, 0.01311897, 0.008627734, 0.0026478656, 0.0, 0.0, 0.0, 0.0 ],
  "lightfield_0.0_0.6_0.0_y" : [ 0.0, 0.0, 2.850573E-4, 0.007937262, 0.009444898, 0.030868538, 0.082337216, 0.107555285, 0.124627054, 0.12873188, 0.14115404, 0.14207256, 0.109012246, 0.06907255, 0.024305886, 0.012029418, 0.010141705, 4.2441863E-4, 0.0, 0.0 ],
  "lightfield_0.6_0.0_0.0_y" : [ 0.0, 0.0, 0.0, 0.0022697172, 0.027270837, 0.08059339, 0.12262792, 0.12419197, 0.12447634, 0.12401819, 0.12245151, 0.11130303, 0.084485084, 0.054818146, 0.021485955, 7.899248E-6, 0.0, 0.0, 0.0, 0.0 ],
  "lightfield_0.6_0.0_0.0_x" : [ 0.014197581, 0.046671387, 0.06656433, 0.06957658, 0.070092656, 0.06982145, 0.06468431, 0.05815163, 0.05339628, 0.050684206, 0.049280774, 0.04840659, 0.0479616, 0.04761403, 0.04721907, 0.04680831, 0.046226397, 0.044117298, 0.03764255, 0.020882977 ],
  "lightfield_0.0_0.4_0.0_x" : [ 0.0, 0.0058278623, 0.044347893, 0.0954789, 0.12812498, 0.12953691, 0.096258186, 0.08551581, 0.089588195, 0.08427566, 0.0771909, 0.057863843, 0.04985315, 0.04154918, 0.014487957, 1.0055262E-4, 0.0, 0.0, 0.0, 0.0 ],
  "lightfield_0.0_0.4_0.0_y" : [ 0.0, 0.0, 3.1841663E-4, 0.0071727536, 0.009359773, 0.041084126, 0.10105957, 0.11698459, 0.11555172, 0.1186479, 0.12190329, 0.114257105, 0.09194699, 0.07808749, 0.03732597, 0.025096258, 0.020407991, 7.9604157E-4, 0.0, 0.0 ],
  "lightfield_0.0_0.2_0.0_y" : [ 0.0, 0.0, 3.2698706E-4, 0.005111898, 0.005989313, 0.03651083, 0.1030745, 0.11469343, 0.11431195, 0.11399859, 0.11271244, 0.10756239, 0.09914792, 0.093548276, 0.040088613, 0.028842984, 0.023235155, 8.4471656E-4, 0.0, 0.0 ],
  "lightfield_0.0_0.2_0.0_x" : [ 0.0015749877, 0.026570423, 0.06237823, 0.08881514, 0.0832727, 0.0783788, 0.070566535, 0.061707906, 0.057634193, 0.055917513, 0.05511367, 0.054525092, 0.054143608, 0.05365313, 0.05307, 0.051835623, 0.04397431, 0.03815939, 0.0087087555, 0.0 ],
  "a3" : [ 0.07728044, 0.145558, 0.14196074, 0.11817988, 0.10931002, 0.10501566, 0.06296492, 0.0, 0.0, 0.0, 0.0, 0.0, 0.0, 0.0018375238, 0.00935173, 0.018324524, 0.029158792, 0.04230108, 0.05906177, 0.07969492 ],
  "lightfield_0.4_0.0_0.0_y" : [ 0.0, 0.0, 0.0, 0.0021723695, 0.013512279, 0.01811714, 0.07383244, 0.16961354, 0.16934639, 0.16593668, 0.1591454, 0.1276812, 0.075839594, 0.024753762, 4.9212253E-5, 0.0, 0.0, 0.0, 0.0, 0.0 ],