{
  "eccentricity_minmax" : 0.016199624,
  "compactness" : 9.728898,
  "eccentricity" : 8.600832,
  "compactness_standardized" : -0.065046676,
  "convexity_minmax" : 0.25540718,
  "diameter_standardized" : -0.26928693,
  "surface_area_minmax" : 0.0252872,
  "convexity" : 0.4895914,
  "diameter_minmax" : 0.06480171,
  "rectangularity _standardized" : -0.39147672,
  "convexity_standardized" : 0.5559853,
  "diameter" : 1.0343736,
  "surface_area" : 0.53197634,
  "rectangularity " : 6.9317373E-4,
  "compactness_minmax" : 2.3550876E-6,
  "surface_area_standardized" : -0.64895576,
  "rectangularity _minmax" : 0.0012490916,
  "eccentricity_standardized" : -0.021035977,
  "lightfield_0.0_0.0_0.6_y" : [ 0.024759402, 0.041358482, 0.04584916, 0.060706228, 0.08920667, 0.09132707, 0.08143902, 0.077119686, 0.07698403, 0.077119686, 0.07052289, 0.036517978, 0.025159208, 0.024388155, 0.025044978, 0.031034926, 0.033512294, 0.03332667, 0.033390924, 0.021232544 ],
  "lightfield_0.0_0.0_0.6_x" : [ 0.0, 0.0, 0.0, 0.0, 3.5696947E-5, 0.021767998, 0.05765057, 0.090491764, 0.12531771, 0.17051004, 0.17168804, 0.13754748, 0.11394466, 0.07441386, 0.034183398, 0.0024488105, 0.0, 0.0, 0.0, 0.0 ],
  "lightfield_0.0_0.0_0.8_y" : [ 0.0068995366, 0.021852678, 0.02787174, 0.028841753, 0.028851703, 0.028851703, 0.030458443, 0.047028273, 0.059946872, 0.087147065, 0.12192829, 0.12302764, 0.088261336, 0.05702688, 0.051261514, 0.05194799, 0.055454962, 0.05625087, 0.025543705, 0.0015470482 ],
  "lightfield_0.0_0.0_0.8_x" : [ 0.01645542, 0.027369322, 0.0258173, 0.025881967, 0.025956582, 0.024722924, 0.01994747, 0.018868018, 0.01907197, 0.040631156, 0.05809141, 0.05963846, 0.05967328, 0.06647333, 0.102159895, 0.1543964, 0.12532583, 0.061086018, 0.0509531, 0.017480152 ],
  "lightfield_0.0_0.0_0.2_y" : [ 0.0, 0.0, 0.008095754, 0.0383801, 0.06951139, 0.08339872, 0.12021572, 0.15913762, 0.15264232, 0.0985191, 0.06574998, 0.03514803, 0.02888316, 0.03377798, 0.035409585, 0.036804542, 0.029867105, 0.004458892, 0.0, 0.0 ],
  "lightfield_0.0_0.0_0.2_x" : [ 0.020177111, 0.031791404, 0.034911383, 0.034948748, 0.03576455, 0.056751236, 0.07069462, 0.08861114, 0.09430931, 0.09432799, 0.09318213, 0.07013414, 0.040690504, 0.032582298, 0.029972972, 0.03424504, 0.039071355, 0.04095829, 0.039501052, 0.017374733 ],
  "lightfield_0.0_0.0_0.4_y" : [ 0.06991248, 0.1427076, 0.13088107, 0.07957429, 0.06395537, 0.062108498, 0.05789413, 0.057976335, 0.05799278, 0.054194912, 0.018205633, 0.018320719, 0.018309759, 0.01813439, 0.024431279, 0.025204005, 0.02513824, 0.025182083, 0.025889045, 0.023987373 ],
  "lightfield_0.0_0.0_0.4_x" : [ 0.0, 0.0, 0.0, 0.01441325, 0.026508322, 0.030667886, 0.03087614, 0.030854218, 0.03512339, 0.03634002, 0.09306684, 0.13380209, 0.13380209, 0.17510727, 0.20871262, 0.050298404, 4.274652E-4, 0.0, 0.0, 0.0 ],
  "lightfield_0.0_0.0_0.0_y" : [ 0.0, 0.0, 0.0, 0.0, 0.0, 0.0338798, 0.108858705, 0.17264703, 0.24775317, 0.21373944, 0.09194224, 0.038641326, 0.03834666, 0.034643255, 0.019548358, 0.0, 0.0, 0.0, 0.0, 0.0 ],
  "lightfield_0.0_0.0_0.0_x" : [ 0.034154378, 0.065094225, 0.12131501, 0.10271092, 0.077751435, 0.071496494, 0.0656032, 0.0655898, 0.06562998, 0.065576404, 0.04119286, 0.02059308, 0.020847565, 0.020773899, 0.023158008, 0.028395012, 0.028522253, 0.028502163, 0.028441891, 0.024651425 ],
  "d1" : [ 0.0338473, 0.0711075, 0.1125713, 0.0863699, 0.0526723, 0.0515427, 0.0561562, 0.0550482, 0.0543482, 0.0692091, 0.0937425, 0.0523238, 0.0306986, 0.0303727, 0.029612, 0.0291911, 0.0285346, 0.0178611, 0.0197567, 0.0250342 ],
  "d2" : [ 0.02312156, 0.072389714, 0.10274854, 0.11288502, 0.10089922, 0.09048729, 0.08089921, 0.072516635, 0.066346854, 0.04834909, 0.042172607, 0.03948013, 0.037493985, 0.03182679, 0.027886797, 0.022386331, 0.016368475, 0.008416978, 0.0027139767, 6.1080727E-4 ],
  "d3" : [ 0.0030256456, 0.028165067, 0.07420287, 0.1263947, 0.16103408, 0.1637825, 0.1394414, 0.101832345, 0.069902375, 0.047762133, 0.03206289, 0.019988379, 0.011906273, 0.007974442, 0.00539877, 0.0035639629, 0.002118455, 0.0010044902, 3.7179116E-4, 6.741545E-5 ],
  "d4" : [ 1.0066607E-5, 5.480708E-5, 1.9329917E-4, 5.1583734E-4, 0.0012411413, 0.002821802, 0.007004223, 0.021373032, 0.07912912, 0.44040355, 0.34947872, 0.06847855, 0.01885628, 0.006142562, 0.002521939, 0.0011047847, 4.5431918E-4, 1.6309936E-4, 4.423206E-5, 8.6430455E-6 ],
  "lightfield_0.0_0.8_0.0_y" : [ 0.0, 0.0, 0.0, 0.022328753, 0.070930116, 0.11407038, 0.14424731, 0.19603144, 0.18098745, 0.12284274, 0.042023327, 0.029401008, 0.02917861, 0.026707523, 0.019066917, 0.002184442, 0.0, 0.0, 0.0, 0.0 ],
  "lightfield_0.0_0.8_0.0_x" : [ 0.021765346, 0.027177028, 0.026015617, 0.025827814, 0.026040329, 0.024666402, 0.01934368, 0.018686369, 0.022916872, 0.05332114, 0.061841454, 0.06273599, 0.0627261, 0.06268657, 0.06851833, 0.073949784, 0.094237424, 0.117633685, 0.09712365, 0.0327864 ],
  "lightfield_0.8_0.0_0.0_x" : [ 0.028401757, 0.06020076, 0.111948535, 0.09244782, 0.07659179, 0.07496673, 0.07025874, 0.07031893, 0.07034568, 0.07033899, 0.0501829, 0.020470398, 0.020537272, 0.020470398, 0.02336608, 0.028508758, 0.02818107, 0.028334882, 0.028495383, 0.025633138 ],
  "lightfield_0.8_0.0_0.0_y" : [ 0.0, 0.0, 0.0, 0.0, 0.0, 0.0037583676, 0.02985963, 0.03776424, 0.04766172, 0.17396829, 0.2646105, 0.21609946, 0.14716484, 0.07472598, 0.0043869917, 0.0, 0.0, 0.0, 0.0, 0.0 ],
  "lightfield_0.0_0.6_0.0_x" : [ 0.0, 0.011599504, 0.02723925, 0.032658108, 0.032772224, 0.031220892, 0.039640635, 0.06297535, 0.06962478, 0.075527854, 0.080545776, 0.08596771, 0.10238467, 0.13634428, 0.13442595, 0.07490177, 0.0021712445, 0.0, 0.0, 0.0 ],
  "lightfield_0.0_0.6_0.0_y" : [ 0.035557214, 0.04768719, 0.05843547, 0.06865944, 0.07398269, 0.076413006, 0.08802485, 0.097647406, 0.0971231, 0.09421783, 0.08302543, 0.046394933, 0.019195776, 0.01900456, 0.019075494, 0.019016895, 0.018393897, 0.016676022, 0.013619625, 0.007849173 ],
  "lightfield_0.6_0.0_0.0_y" : [ 0.0, 0.0, 0.0, 0.0, 0.0, 0.0, 0.0, 0.0026804975, 0.10173039, 0.38179648, 0.3440584, 0.16710883, 0.0026254188, 0.0, 0.0, 0.0, 0.0, 0.0, 0.0, 0.0 ],
  "lightfield_0.6_0.0_0.0_x" : [ 0.020783035, 0.047771607, 0.08240694, 0.071886905, 0.06979392, 0.06976637, 0.06937164, 0.069656216, 0.06976637, 0.0698031, 0.06191766, 0.027759673, 0.027713774, 0.027722955, 0.031211272, 0.037022077, 0.03677422, 0.036719143, 0.037067976, 0.03508514 ],
  "lightfield_0.0_0.4_0.0_x" : [ 0.0, 0.030602675, 0.11545569, 0.14457327, 0.11848736, 0.09031371, 0.081440076, 0.07795027, 0.07201914, 0.0661741, 0.050846625, 0.033050153, 0.032678112, 0.03296406, 0.030953193, 0.020994179, 0.001497388, 0.0, 0.0, 0.0 ],
  "lightfield_0.0_0.4_0.0_y" : [ 0.03557757, 0.047719635, 0.05834894, 0.06854471, 0.073691785, 0.07603472, 0.08774632, 0.097188786, 0.09714267, 0.09497499, 0.083758414, 0.04688946, 0.019112451, 0.018801905, 0.018823428, 0.018863399, 0.018371444, 0.016600406, 0.013584107, 0.008224873 ],
  "lightfield_0.0_0.2_0.0_y" : [ 0.0, 0.0, 0.0, 0.022979347, 0.07178587, 0.11442456, 0.14357173, 0.19534904, 0.18084924, 0.12303689, 0.04200912, 0.029211117, 0.028994704, 0.026609218, 0.018931402, 0.0022477657, 0.0, 0.0, 0.0, 0.0 ],
  "lightfield_0.0_0.2_0.0_x" : [ 0.03380502, 0.099791944, 0.11739535, 0.09293061, 0.072853185, 0.068598665, 0.06277021, 0.06273086, 0.062745616, 0.061929144, 0.052923325, 0.022561273, 0.018626453, 0.019256024, 0.024627052, 0.025881277, 0.025871439, 0.02599932, 0.027327323, 0.021375908 ],
  "a3" : [ 0.20247364, 0.18472336, 0.10938891, 0.07623329, 0.060142428, 0.051741052, 0.033888638, 0.0, 0.0, 0.0, 0.0, 0.0, 0.0, 0.008060473, 0.036648043, 0.048048098, 0.048761696, 0.046093248, 0.046212684, 0.04758444 ],
  "lightfield_0.4_0.0_0.0_y" : [ 0.0, 0.0, 0.0, 0.0, 0.0, 0.0, 0.0, 0.0023831516, 0.16799372, 0.34799558, 0.38343802, 0.096536115, 0.0016534269, 0.0, 0.0, 0.0, 0.0, 0.0, 0.0, 0.0 ],