{
  "eccentricity_minmax" : 0.011731818,
  "compactness" : 84.05639,
  "eccentricity" : 6.5047474,
  "compactness_standardized" : -0.06455051,
  "convexity_minmax" : 0.22261944,
  "diameter_standardized" : -0.34940487,
  "surface_area_minmax" : 0.047340818,
  "convexity" : 0.42687201,
  "diameter_minmax" : 0.051882584,
  "rectangularity _standardized" : -0.3953966,
  "convexity_standardized" : 0.33144212,
  "diameter" : 1.0275208,
  "surface_area" : 0.98211956,
  "rectangularity " : 5.0467136E-4,
  "compactness_minmax" : 2.1236838E-5,
  "surface_area_standardized" : -0.37350842,
  "rectangularity _minmax" : 9.0939814E-4,
  "eccentricity_standardized" : -0.1157914,
  "lightfield_0.0_0.0_0.6_y" : [ 0.016730664, 0.041744377, 0.05599439, 0.045242883, 0.0391784, 0.040202353, 0.048869386, 0.06355214, 0.068166025, 0.06815993, 0.06391784, 0.056920826, 0.053257756, 0.052727494, 0.052764066, 0.052806728, 0.052825015, 0.052855488, 0.050106663, 0.02397757 ],
  "lightfield_0.0_0.0_0.6_x" : [ 0.0, 0.0, 0.0, 0.0, 0.0, 0.00753337, 0.042061314, 0.07881392, 0.12234412, 0.16984823, 0.18077649, 0.18246481, 0.1393064, 0.06677637, 0.010074968, 0.0, 0.0, 0.0, 0.0, 0.0 ],
  "lightfield_0.0_0.0_0.8_y" : [ 0.011336258, 0.0319096, 0.034946546, 0.032742776, 0.030391125, 0.029716648, 0.03319363, 0.04482204, 0.053161025, 0.060277294, 0.073543206, 0.07304186, 0.086567454, 0.08593626, 0.0843168, 0.08143494, 0.06914287, 0.046437897, 0.024739226, 0.012342562 ],
  "lightfield_0.0_0.0_0.8_x" : [ 0.010542755, 0.032926723, 0.046091642, 0.044277407, 0.040172838, 0.04019448, 0.04018366, 0.040154804, 0.04016202, 0.043902297, 0.048695773, 0.058513556, 0.05084544, 0.05553071, 0.051945522, 0.054794915, 0.091274366, 0.090228386, 0.08217434, 0.03738837 ],
  "lightfield_0.0_0.0_0.2_y" : [ 0.0, 0.0, 0.0, 0.008085799, 0.094643354, 0.141915, 0.13834354, 0.096439615, 0.075627245, 0.086568095, 0.06975911, 0.06079362, 0.06081469, 0.06936404, 0.058086064, 0.032390606, 0.0071692327, 0.0, 0.0, 0.0 ],
  "lightfield_0.0_0.0_0.2_x" : [ 0.012716038, 0.035777684, 0.046297126, 0.039896965, 0.03426588, 0.03337565, 0.04456408, 0.053382076, 0.06207365, 0.06934824, 0.07667023, 0.066593274, 0.065608226, 0.0630745, 0.062394977, 0.06240551, 0.06247399, 0.057706792, 0.03472416, 0.016650952 ],
  "lightfield_0.0_0.0_0.4_y" : [ 0.04063903, 0.060908232, 0.08072221, 0.06176596, 0.04698813, 0.05771212, 0.059269447, 0.052374084, 0.061310742, 0.052316584, 0.048679627, 0.04206698, 0.041961562, 0.04194239, 0.041923225, 0.041894477, 0.04187531, 0.042685118, 0.04879463, 0.034170136 ],
  "lightfield_0.0_0.0_0.4_x" : [ 0.0, 0.0, 0.0, 0.006722858, 0.039167956, 0.03895712, 0.03842044, 0.047773983, 0.050764047, 0.09027222, 0.11231917, 0.17005526, 0.18945235, 0.15124275, 0.054453716, 0.010398149, 0.0, 0.0, 0.0, 0.0 ],
  "lightfield_0.0_0.0_0.0_y" : [ 0.0, 0.0, 0.0, 0.0, 0.0, 0.0, 0.02099812, 0.095132336, 0.21473637, 0.24962306, 0.2328988, 0.10407437, 0.05286354, 0.029673401, 0.0, 0.0, 0.0, 0.0, 0.0, 0.0 ],
  "lightfield_0.0_0.0_0.0_x" : [ 0.025179189, 0.0496567, 0.064275935, 0.05393055, 0.042721115, 0.048201155, 0.056998216, 0.061851963, 0.06470507, 0.059283014, 0.056656074, 0.0479576, 0.046310686, 0.04629909, 0.04629909, 0.04630489, 0.04629909, 0.04629909, 0.04930296, 0.041468535 ],
  "d1" : [ 0.0350662, 0.1302184, 0.2735237, 0.1657974, 0.118364, 0.0651639, 0.0308388, 0.0197233, 0.0102719, 0.0089636, 0.0385429, 0.0094027, 0.0094081, 0.0066644, 0.0053722, 0.0035544, 0.0058264, 0.0017659, 0.0, 0.0615318 ],
  "d2" : [ 0.05819602, 0.1833479, 0.1907375, 0.15288284, 0.10718082, 0.06296095, 0.043951318, 0.036067434, 0.03469349, 0.02614019, 0.024667932, 0.011565831, 0.039378013, 0.0080449125, 0.0049501695, 0.004190836, 0.0064664357, 0.0026184598, 0.0016248854, 3.3405866E-4 ],
  "d3" : [ 0.016763806, 0.07713726, 0.15990824, 0.19559404, 0.16545542, 0.1179231, 0.090816356, 0.06543655, 0.04211715, 0.025473984, 0.015298376, 0.009848793, 0.006817815, 0.0048816833, 0.0030222244, 0.0019870452, 9.13429E-4, 4.0881935E-4, 1.7759443E-4, 1.8312852E-5 ],
  "d4" : [ 2.5420723E-6, 1.4540654E-5, 5.6434004E-5, 2.1200883E-4, 5.9331965E-4, 0.0014947385, 0.00383375, 0.011971636, 0.053869154, 0.5617798, 0.31078228, 0.04045474, 0.009570495, 0.003290865, 0.0012935081, 5.24277E-4, 1.878083E-4, 5.195996E-5, 1.44389705E-5, 1.7286092E-6 ],
  "lightfield_0.0_0.8_0.0_y" : [ 0.0, 0.0, 0.0, 0.0, 0.009205597, 0.052168038, 0.10226851, 0.17941293, 0.19643232, 0.20056298, 0.13222586, 0.067428656, 0.038375303, 0.021919794, 0.0, 0.0, 0.0, 0.0, 0.0, 0.0 ],
  "lightfield_0.0_0.8_0.0_x" : [ 0.03778457, 0.048690766, 0.043915667, 0.043893293, 0.043853015, 0.04382169, 0.04378141, 0.043759033, 0.046927515, 0.054110296, 0.0576726, 0.06946042, 0.066229284, 0.063369595, 0.055157505, 0.044721212, 0.061239377, 0.06095296, 0.04711995, 0.023539836 ],
  "lightfield_0.8_0.0_0.0_x" : [ 0.029328246, 0.053542692, 0.06373301, 0.05123744, 0.044688296, 0.051361714, 0.059520185, 0.06810118, 0.06729341, 0.060414944, 0.05741377, 0.047565196, 0.043358583, 0.043364793, 0.04337722, 0.043383434, 0.043402076, 0.043414503, 0.045931015, 0.03956828 ],
  "lightfield_0.8_0.0_0.0_y" : [ 0.0, 0.0, 0.0, 0.0, 0.0, 0.0, 0.017683938, 0.051044818, 0.113796085, 0.25898954, 0.2747162, 0.20165655, 0.07922354, 0.0028893293, 0.0, 0.0, 0.0, 0.0, 0.0, 0.0 ],
  "lightfield_0.0_0.6_0.0_x" : [ 0.0153941875, 0.042327736, 0.045834757, 0.041572228, 0.04158382, 0.041607007, 0.04161667, 0.046132322, 0.050516587, 0.058979813, 0.07686467, 0.07712165, 0.07740762, 0.085177176, 0.076640524, 0.06670299, 0.056639865, 0.043251347, 0.0146290185, 0.0 ],
  "lightfield_0.0_0.6_0.0_y" : [ 0.013780763, 0.02138221, 0.026929684, 0.03381427, 0.040969368, 0.056979943, 0.068780154, 0.07381172, 0.07932054, 0.08115038, 0.08148272, 0.0832546, 0.079741776, 0.06441908, 0.052955076, 0.04140219, 0.028456157, 0.026261127, 0.026224414, 0.01888382 ],
  "lightfield_0.6_0.0_0.0_y" : [ 0.0, 0.0, 0.0, 0.0, 0.0, 0.0, 0.0, 0.0, 0.056805547, 0.35749915, 0.44776428, 0.13793103, 0.0, 0.0, 0.0, 0.0, 0.0, 0.0, 0.0, 0.0 ],
  "lightfield_0.6_0.0_0.0_x" : [ 0.03527965, 0.06038664, 0.06458753, 0.052771904, 0.047124796, 0.04641645, 0.05635299, 0.06975257, 0.06665355, 0.06337744, 0.054316495, 0.04663289, 0.042687785, 0.042736977, 0.042736977, 0.042756654, 0.042786166, 0.042786166, 0.042864874, 0.03699149 ],
  "lightfield_0.0_0.4_0.0_x" : [ 0.01272682, 0.042400863, 0.056387823, 0.06652682, 0.07641882, 0.08634361, 0.07721002, 0.076970726, 0.07678547, 0.059855614, 0.050629392, 0.046171628, 0.041474573, 0.041455276, 0.041449487, 0.04143984, 0.04559463, 0.0427791, 0.01737949, 0.0 ],
  "lightfield_0.0_0.4_0.0_y" : [ 0.013780474, 0.021358673, 0.02704377, 0.033796027, 0.04093424, 0.057080608, 0.06878851, 0.07384836, 0.07933276, 0.08113903, 0.08148445, 0.08325791, 0.07970714, 0.06438864, 0.052947044, 0.041405104, 0.028379168, 0.026221687, 0.026194671, 0.018911727 ],
  "lightfield_0.0_0.2_0.0_y" : [ 0.0, 0.0, 0.0, 0.0, 0.00924564, 0.05245157, 0.1023816, 0.17942263, 0.19649667, 0.20041311, 0.13183531, 0.067343846, 0.03831933, 0.022090284, 0.0, 0.0, 0.0, 0.0, 0.0, 0.0 ],
  "lightfield_0.0_0.2_0.0_x" : [ 0.023860725, 0.04739955, 0.061174124, 0.061348487, 0.044819895, 0.05551855, 0.06372696, 0.06573436, 0.06945407, 0.0576243, 0.05409236, 0.04666634, 0.043661952, 0.04369772, 0.043720074, 0.04375584, 0.043800548, 0.043822903, 0.048745267, 0.03737599 ],
  "a3" : [ 0.1440009, 0.16139983, 0.124180056, 0.096483074, 0.082447484, 0.07579649, 0.051720124, 0.0, 0.0, 0.0, 0.0, 0.0, 0.0, 0.0046063866, 0.02151227, 0.03389548, 0.04162612, 0.046454273, 0.052032247, 0.06384525 ],
  "lightfield_0.4_0.0_0.0_y" : [ 0.0, 0.0, 0.0, 0.0, 0.0, 0.0, 0.0, 0.0, 0.13770694, 0.4521939, 0.3548876, 0.055211563, 0.0, 0.0, 0.0, 0.0, 0.0, 0.0, 0.0, 0.0 ],