{
  "eccentricity_minmax" : 0.00592671,
  "compactness" : 40.56663,
  "eccentricity" : 3.7812629,
  "compactness_standardized" : -0.06482454,
  "convexity_minmax" : 0.3104779,
  "diameter_standardized" : -0.6627189,
  "surface_area_minmax" : 0.06291126,
  "convexity" : 0.5949356,
  "diameter_minmax" : 0.0014470697,
  "rectangularity _standardized" : -0.37124997,
  "convexity_standardized" : 0.93209344,
  "diameter" : 1.0007676,
  "surface_area" : 1.2999327,
  "rectangularity " : 0.0016894427,
  "compactness_minmax" : 1.0188937E-5,
  "surface_area_standardized" : -0.17938769,
  "rectangularity _minmax" : 0.0030444325,
  "eccentricity_standardized" : -0.23881516,
  "lightfield_0.0_0.0_0.6_y" : [ 0.0, 1.0738431E-4, 0.012059724, 0.03362996, 0.055232882, 0.06667165, 0.07059818, 0.07066354, 0.07168136, 0.07559388, 0.07086897, 0.061923392, 0.06468737, 0.045526277, 0.037878647, 0.04405091, 0.053426027, 0.065000184, 0.060648788, 0.039750867 ],
  "lightfield_0.0_0.0_0.6_x" : [ 0.0, 0.0, 0.0, 0.0, 0.0055372952, 0.039269973, 0.109695405, 0.14189202, 0.15179938, 0.13228813, 0.10977944, 0.08982464, 0.060868226, 0.043238524, 0.04477459, 0.04468121, 0.025394054, 9.5712097E-4, 0.0, 0.0 ],
  "lightfield_0.0_0.0_0.8_y" : [ 0.0, 0.0, 0.0, 0.0, 0.0, 0.0, 0.021048019, 0.13320725, 0.15842059, 0.16939434, 0.11501914, 0.08295124, 0.05368329, 0.04860464, 0.044277873, 0.047811247, 0.05175977, 0.05584206, 0.017980535, 0.0 ],
  "lightfield_0.0_0.0_0.8_x" : [ 0.0, 0.0, 0.0213663, 0.07044144, 0.10093639, 0.114401035, 0.1041561, 0.06374372, 0.064758524, 0.06371143, 0.06027492, 0.054010794, 0.053609483, 0.036879007, 0.035513632, 0.035485953, 0.035458278, 0.03549057, 0.038248997, 0.011513446 ],
  "lightfield_0.0_0.0_0.2_y" : [ 0.0, 0.011192567, 0.03928471, 0.03805288, 0.03688564, 0.036899485, 0.037042506, 0.051838286, 0.059436865, 0.06166523, 0.076580964, 0.102578536, 0.13402475, 0.13178255, 0.119718015, 0.06301701, 0.0, 0.0, 0.0, 0.0 ],
  "lightfield_0.0_0.0_0.2_x" : [ 0.0, 0.0, 0.0, 0.003557077, 0.029679216, 0.08000886, 0.12429931, 0.11039396, 0.08696154, 0.09181042, 0.07794197, 0.057955902, 0.050103575, 0.037914474, 0.04208977, 0.04742308, 0.053628355, 0.058578737, 0.043367736, 0.0042860243 ],
  "lightfield_0.0_0.0_0.4_y" : [ 0.014706153, 0.03545612, 0.03780265, 0.03780265, 0.037807263, 0.037807263, 0.041324753, 0.051314794, 0.05620609, 0.06203323, 0.062485017, 0.058773905, 0.05811927, 0.04868244, 0.07088919, 0.09455734, 0.08096682, 0.06458721, 0.040859133, 0.007818695 ],
  "lightfield_0.0_0.0_0.4_x" : [ 0.0, 0.0, 0.0, 0.0, 0.0, 0.005545926, 0.052402772, 0.10393424, 0.1372098, 0.18311697, 0.19075125, 0.11090929, 0.06381272, 0.05046654, 0.053126555, 0.04117262, 0.00755131, 0.0, 0.0, 0.0 ],
  "lightfield_0.0_0.0_0.0_y" : [ 0.0, 0.0, 0.0, 0.0, 7.380142E-5, 0.024395982, 0.07171191, 0.11394478, 0.14569783, 0.14840543, 0.15960479, 0.13969687, 0.108741775, 0.06906429, 0.018436518, 2.2601684E-4, 0.0, 0.0, 0.0, 0.0 ],
  "lightfield_0.0_0.0_0.0_x" : [ 0.013002887, 0.032468013, 0.044036385, 0.045060378, 0.04502348, 0.049400825, 0.050438657, 0.059008848, 0.069765404, 0.06270353, 0.06035111, 0.056956246, 0.057149973, 0.045627728, 0.045198757, 0.06495909, 0.076176904, 0.062163856, 0.042643383, 0.017864555 ],
  "d1" : [ 0.0116051, 0.0337626, 0.0763756, 0.2529547, 0.2183681, 0.129388, 0.0345971, 0.0225329, 0.0359556, 0.0386503, 0.0077473, 0.0069065, 0.0049576, 0.0043064, 0.011643, 0.045505, 0.0083812, 0.0172215, 0.0201826, 0.0189589 ],
  "d2" : [ 0.061133936, 0.1605927, 0.13797092, 0.13488789, 0.10431261, 0.07488465, 0.08594939, 0.06354966, 0.037115816, 0.04306596, 0.042859226, 0.026453145, 0.012487193, 0.004864654, 0.0036915482, 0.0017270033, 0.0017742115, 0.0015624744, 7.700352E-4, 3.4696094E-4 ],
  "d3" : [ 0.025819914, 0.08192637, 0.12134459, 0.13713509, 0.14880833, 0.14211287, 0.11753984, 0.0826781, 0.049529325, 0.02939726, 0.021399172, 0.021123877, 0.011917039, 0.0038434854, 0.0020432917, 0.0011226181, 0.0010483605, 7.379476E-4, 4.0328526E-4, 6.922661E-5 ],
  "d4" : [ 1.2201947E-6, 4.067316E-6, 3.1826745E-5, 1.1724037E-4, 2.7190006E-4, 8.31461E-4, 0.003866797, 0.01226072, 0.046195555, 0.5163759, 0.36195776, 0.041837122, 0.0115105035, 0.0035424286, 7.91703E-4, 2.5583417E-4, 1.0930911E-4, 3.1725063E-5, 5.694242E-6, 1.2201947E-6 ],
  "lightfield_0.0_0.8_0.0_y" : [ 0.0, 0.0, 0.0, 0.0, 1.5788937E-4, 0.030223083, 0.0767597, 0.11468371, 0.15103392, 0.15292859, 0.15103902, 0.12996332, 0.10033615, 0.068070695, 0.02445248, 3.514312E-4, 0.0, 0.0, 0.0, 0.0 ],
  "lightfield_0.0_0.8_0.0_x" : [ 0.0, 0.017673424, 0.049933787, 0.07342874, 0.08702251, 0.070362635, 0.056519303, 0.0694917, 0.075191, 0.07144749, 0.07920444, 0.07158501, 0.0576449, 0.0563716, 0.053707853, 0.05312723, 0.040659063, 0.016629316, 0.0, 0.0 ],
  "lightfield_0.8_0.0_0.0_x" : [ 0.018582227, 0.036431536, 0.043037772, 0.04358123, 0.04361613, 0.046547804, 0.049579196, 0.05973535, 0.06768278, 0.06118623, 0.059780225, 0.06179949, 0.056943282, 0.045625422, 0.04598939, 0.06096187, 0.073910095, 0.061520282, 0.043476526, 0.020013163 ],
  "lightfield_0.8_0.0_0.0_y" : [ 0.0, 0.0, 0.0, 0.0, 0.0, 0.0, 0.010280803, 0.070938535, 0.12572794, 0.16130689, 0.18907802, 0.17810418, 0.15329464, 0.08416597, 0.027103027, 0.0, 0.0, 0.0, 0.0, 0.0 ],
  "lightfield_0.0_0.6_0.0_x" : [ 0.0, 0.0, 0.0, 0.0, 0.0, 0.0076136705, 0.10635185, 0.16496001, 0.18202661, 0.15405278, 0.14461696, 0.1442919, 0.08082467, 0.01526156, 0.0, 0.0, 0.0, 0.0, 0.0, 0.0 ],
  "lightfield_0.0_0.6_0.0_y" : [ 0.0, 0.0, 0.0, 0.0, 4.5339836E-4, 0.04916378, 0.101347364, 0.12570256, 0.14750844, 0.1348475, 0.12232345, 0.112853415, 0.09363959, 0.072338425, 0.039257452, 5.6460925E-4, 0.0, 0.0, 0.0, 0.0 ],
  "lightfield_0.6_0.0_0.0_y" : [ 0.0, 0.0, 0.0, 0.0, 0.0, 0.0, 0.0, 0.0, 0.08212416, 0.2476816, 0.33932072, 0.27196997, 0.05890355, 0.0, 0.0, 0.0, 0.0, 0.0, 0.0, 0.0 ],
  "lightfield_0.6_0.0_0.0_x" : [ 0.025685282, 0.0416947, 0.041804407, 0.041819032, 0.04179709, 0.04562209, 0.05118041, 0.05782114, 0.06212152, 0.058749963, 0.052804027, 0.052774772, 0.05379136, 0.050617266, 0.051633853, 0.05923266, 0.06723371, 0.06037358, 0.050288156, 0.032954976 ],
  "lightfield_0.0_0.4_0.0_x" : [ 0.0, 0.0, 0.0, 0.0, 0.0, 4.6297885E-4, 0.049787372, 0.11927707, 0.14818752, 0.14665283, 0.16793272, 0.18512295, 0.13931376, 0.043262802, 0.0, 0.0, 0.0, 0.0, 0.0, 0.0 ],
  "lightfield_0.0_0.4_0.0_y" : [ 0.0, 0.0, 0.0, 0.0, 4.4583148E-4, 0.04954731, 0.101855345, 0.126076, 0.14729586, 0.1347097, 0.122303575, 0.11229809, 0.09316163, 0.07231901, 0.03942179, 5.6586304E-4, 0.0, 0.0, 0.0, 0.0 ],
  "lightfield_0.0_0.2_0.0_y" : [ 0.0, 0.0, 0.0, 0.0, 1.7322722E-4, 0.030482896, 0.07697403, 0.1147019, 0.1507943, 0.15304625, 0.15093696, 0.12979814, 0.100186475, 0.068001874, 0.024542222, 3.617392E-4, 0.0, 0.0, 0.0, 0.0 ],
  "lightfield_0.0_0.2_0.0_x" : [ 0.0, 0.0032097986, 0.032770514, 0.048870455, 0.05385838, 0.05485189, 0.057215933, 0.06239237, 0.078961045, 0.07612827, 0.07457942, 0.06959149, 0.06333493, 0.05910615, 0.0849221, 0.08164097, 0.061658703, 0.03343795, 0.0034696395, 0.0 ],
  "a3" : [ 0.113601774, 0.14338803, 0.11972571, 0.108649254, 0.09870648, 0.09992549, 0.06476743, 0.0, 0.0, 0.0, 0.0, 0.0, 0.0, 0.0030751505, 0.015363075, 0.025188122, 0.03428619, 0.04288307, 0.054945905, 0.075494334 ],
  "lightfield_0.4_0.0_0.0_y" : [ 0.0, 0.0, 0.0, 0.0, 0.0, 0.0, 0.0, 7.696988E-4, 0.1172801, 0.32815558, 0.3150194, 0.2107582, 0.028017037, 0.0, 0.0, 0.0, 0.0, 0.0, 0.0, 0.0 ],
  "lightfield_0.4_0.0_0.0_x" : [ 0.025685947, 0.041768987, 0.041893605, 0.041915596, 0.041900937, 0.045712776, 0.051386558, 0.05788868, 0.062279627, 0.059384093, 0.052273545, 0.052310195, 0.053629678, 0.050404277, 0.051606473, 0.059244815, 0.06723502, 0.060234427, 0.05014771, 0.033097047 ],