{
  "eccentricity_minmax" : 0.01992061,
  "compactness" : 77.46452,
  "eccentricity" : 10.346544,
  "compactness_standardized" : -0.06457816,
  "convexity_minmax" : 0.118689284,
  "diameter_standardized" : -0.616991,
  "surface_area_minmax" : 0.019961365,
  "convexity" : 0.22806498,
  "diameter_minmax" : 0.008823327,
  "rectangularity _standardized" : -0.40436023,
  "convexity_standardized" : -0.38093835,
  "diameter" : 1.0046803,
  "surface_area" : 0.42326903,
  "rectangularity " : 9.720793E-5,
  "compactness_minmax" : 1.9562276E-5,
  "surface_area_standardized" : -0.7159032,
  "rectangularity _minmax" : 1.7512278E-4,
  "eccentricity_standardized" : 0.058041763,
  "lightfield_0.0_0.0_0.6_y" : [ 0.013143224, 0.04698801, 0.07890868, 0.06372292, 0.041561004, 0.040169716, 0.0617396, 0.08366471, 0.08277665, 0.065735854, 0.058818884, 0.06303222, 0.06145345, 0.038857367, 0.037466083, 0.037771966, 0.038344268, 0.038423207, 0.03263111, 0.01479106 ],
  "lightfield_0.0_0.0_0.6_x" : [ 0.0, 0.0, 0.0, 0.0024174848, 0.050382357, 0.05870048, 0.058818884, 0.10702057, 0.17594355, 0.21768217, 0.20611772, 0.09763678, 0.02369135, 0.0015886329, 0.0, 0.0, 0.0, 0.0, 0.0, 0.0 ],
  "lightfield_0.0_0.0_0.8_y" : [ 0.0, 9.0432266E-4, 0.04621089, 0.06663853, 0.055284258, 0.046401802, 0.045668293, 0.060036976, 0.08574989, 0.11923996, 0.14775628, 0.10998573, 0.09601897, 0.08556902, 0.033269025, 0.0012660518, 0.0, 0.0, 0.0, 0.0 ],
  "lightfield_0.0_0.0_0.8_x" : [ 0.038021743, 0.034153253, 0.03386186, 0.033520225, 0.033490084, 0.046532426, 0.05179759, 0.05593738, 0.058097705, 0.075701855, 0.076365024, 0.096099354, 0.16824421, 0.1524688, 0.045708485, 0.0, 0.0, 0.0, 0.0, 0.0 ],
  "lightfield_0.0_0.0_0.2_y" : [ 0.0, 0.0, 0.0, 0.0, 9.4762404E-4, 0.021439994, 0.18772827, 0.20582196, 0.13391112, 0.09100152, 0.0686139, 0.060332064, 0.055366907, 0.039326396, 0.039415237, 0.039938405, 0.044321164, 0.011835429, 0.0, 0.0 ],
  "lightfield_0.0_0.0_0.2_x" : [ 0.023582019, 0.06338223, 0.06477405, 0.050520208, 0.038951296, 0.043205734, 0.060707163, 0.087280124, 0.09682546, 0.07978797, 0.08285788, 0.072552465, 0.051339507, 0.05054982, 0.051487572, 0.049612068, 0.03149863, 0.0010858192, 0.0, 0.0 ],
  "lightfield_0.0_0.0_0.4_y" : [ 0.0, 0.0, 0.0320525, 0.09024364, 0.11927438, 0.08178672, 0.08395082, 0.07354921, 0.06820381, 0.061841175, 0.052935485, 0.052077826, 0.049734227, 0.04262364, 0.031005355, 0.03144416, 0.031643614, 0.031863015, 0.03203255, 0.033737894 ],
  "lightfield_0.0_0.0_0.4_x" : [ 0.0, 0.0, 0.0, 0.051379733, 0.06386565, 0.05517936, 0.05597718, 0.065780416, 0.118436664, 0.22669113, 0.3279846, 0.034705255, 0.0, 0.0, 0.0, 0.0, 0.0, 0.0, 0.0, 0.0 ],
  "lightfield_0.0_0.0_0.0_y" : [ 0.0, 0.0, 0.0, 0.0, 0.0, 0.0, 0.007341999, 0.07417883, 0.182801, 0.29566082, 0.22589706, 0.12122676, 0.07200087, 0.020892669, 0.0, 0.0, 0.0, 0.0, 0.0, 0.0 ],
  "lightfield_0.0_0.0_0.0_x" : [ 0.01944398, 0.05945541, 0.093406, 0.067329586, 0.043371998, 0.07571621, 0.07674114, 0.070837975, 0.06705364, 0.051462978, 0.054330792, 0.053059496, 0.04987632, 0.031812046, 0.03215697, 0.03263001, 0.032728564, 0.03313262, 0.03332972, 0.022124548 ],
  "d1" : [ 0.02443, 0.0547817, 0.0801741, 0.1020791, 0.0897864, 0.1228816, 0.0906369, 0.0492246, 0.0373754, 0.0325964, 0.0325239, 0.0354841, 0.0418055, 0.0464863, 0.0407353, 0.033617, 0.0314308, 0.0218376, 0.0173345, 0.0147788 ],
  "d2" : [ 0.0467019, 0.123933166, 0.116488256, 0.09902539, 0.08445873, 0.081654236, 0.08138559, 0.074008495, 0.05968668, 0.050241824, 0.04539657, 0.038065184, 0.029845241, 0.022404334, 0.015441712, 0.012331965, 0.0096815005, 0.0060142563, 0.0026752697, 5.5969827E-4 ],
  "d3" : [ 0.0056913733, 0.051118117, 0.11942888, 0.16448332, 0.16758585, 0.13756636, 0.10034377, 0.06884898, 0.04801127, 0.036508884, 0.029033016, 0.022717195, 0.016922586, 0.012347089, 0.008876703, 0.005933163, 0.003182009, 0.0011455595, 2.2901128E-4, 2.6865559E-5 ],
  "d4" : [ 1.4235605E-6, 1.0778386E-5, 5.480708E-5, 2.3580262E-4, 7.365909E-4, 0.002278612, 0.006624844, 0.020323258, 0.08299073, 0.6821718, 0.16030501, 0.030106576, 0.009366418, 0.0032434808, 0.0010953281, 3.3850234E-4, 9.1006186E-5, 2.104836E-5, 3.3555355E-6, 6.1009735E-7 ],
  "lightfield_0.0_0.8_0.0_y" : [ 0.0, 0.0, 0.0, 0.0, 0.0, 0.0, 0.009300441, 0.074774146, 0.17852676, 0.28552234, 0.2331017, 0.12542275, 0.070164464, 0.023187399, 0.0, 0.0, 0.0, 0.0, 0.0, 0.0 ],
  "lightfield_0.0_0.8_0.0_x" : [ 0.027414871, 0.04063007, 0.040340513, 0.039807737, 0.03932129, 0.041440815, 0.06494093, 0.06516099, 0.065960154, 0.08312485, 0.086402595, 0.10514246, 0.06143155, 0.08370396, 0.10269863, 0.048586983, 0.0038915914, 0.0, 0.0, 0.0 ],
  "lightfield_0.8_0.0_0.0_x" : [ 0.023095528, 0.061366897, 0.08973865, 0.060007706, 0.039202467, 0.07205848, 0.07531197, 0.069436416, 0.065059185, 0.054613754, 0.055234488, 0.05406794, 0.050065283, 0.03416169, 0.03448276, 0.034332927, 0.034696802, 0.034739614, 0.035264026, 0.023063421 ],
  "lightfield_0.8_0.0_0.0_y" : [ 0.0, 0.0, 0.0, 0.0, 0.0, 0.0, 0.04242385, 0.08369186, 0.21062094, 0.33357948, 0.2324215, 0.094212204, 0.0030501508, 0.0, 0.0, 0.0, 0.0, 0.0, 0.0, 0.0 ],
  "lightfield_0.0_0.6_0.0_x" : [ 0.0, 0.0, 0.0, 0.0, 0.0, 0.03752011, 0.089584894, 0.105009116, 0.14152098, 0.18996032, 0.26225463, 0.1644964, 0.009653545, 0.0, 0.0, 0.0, 0.0, 0.0, 0.0, 0.0 ],
  "lightfield_0.0_0.6_0.0_y" : [ 0.0, 0.0, 0.0, 0.0, 0.0, 0.0, 0.012635418, 0.0901212, 0.15434946, 0.22299689, 0.23438807, 0.14529657, 0.091215275, 0.048997104, 0.0, 0.0, 0.0, 0.0, 0.0, 0.0 ],
  "lightfield_0.6_0.0_0.0_y" : [ 0.0, 0.0, 0.0, 0.0, 0.0, 0.0, 0.0, 0.011554974, 0.13977689, 0.6021195, 0.24476115, 0.0017875098, 0.0, 0.0, 0.0, 0.0, 0.0, 0.0, 0.0, 0.0 ],
  "lightfield_0.6_0.0_0.0_x" : [ 0.0418788, 0.0698246, 0.08064542, 0.049986433, 0.037777103, 0.056817275, 0.074452974, 0.07276122, 0.06494087, 0.055189364, 0.053641252, 0.05289114, 0.044639863, 0.035590596, 0.035973635, 0.035989594, 0.035877876, 0.035973635, 0.035829995, 0.029318353 ],
  "lightfield_0.0_0.4_0.0_x" : [ 0.0, 0.0, 0.0, 0.0, 0.0, 0.006201983, 0.15346152, 0.2638096, 0.19565217, 0.14022061, 0.108717114, 0.09000386, 0.04193313, 0.0, 0.0, 0.0, 0.0, 0.0, 0.0, 0.0 ],
  "lightfield_0.0_0.4_0.0_y" : [ 0.0, 0.0, 0.0, 0.0, 0.0, 0.0, 0.013369673, 0.08993948, 0.15401949, 0.22312117, 0.23363663, 0.14545688, 0.09103395, 0.049422722, 0.0, 0.0, 0.0, 0.0, 0.0, 0.0 ],
  "lightfield_0.0_0.2_0.0_y" : [ 0.0, 0.0, 0.0, 0.0, 0.0, 0.0, 0.009670687, 0.07513915, 0.17872217, 0.2851113, 0.23274583, 0.12504639, 0.07021104, 0.023353431, 0.0, 0.0, 0.0, 0.0, 0.0, 0.0 ],
  "lightfield_0.0_0.2_0.0_x" : [ 0.0, 0.0029336736, 0.04466605, 0.09948979, 0.088601574, 0.05718924, 0.10714286, 0.08687384, 0.08442718, 0.0658743, 0.06501623, 0.06524815, 0.042625234, 0.039471243, 0.040016234, 0.040236548, 0.040120594, 0.029673006, 3.942486E-4, 0.0 ],
  "a3" : [ 0.25852245, 0.17313002, 0.09519786, 0.0583206, 0.0416547, 0.035926398, 0.023451721, 0.0, 0.0, 0.0, 0.0, 0.0, 0.0, 0.016653426, 0.052782472, 0.05760459, 0.05636022, 0.052640297, 0.04238701, 0.035368256 ],
  "lightfield_0.4_0.0_0.0_y" : [ 0.0, 0.0, 0.0, 0.0, 0.0, 0.0, 0.0, 0.0, 0.12511174, 0.55426246, 0.2756226, 0.045003194, 0.0, 0.0, 0.0, 0.0, 0.0, 0.0, 0.0, 0.0 ],
  "lightfield_0.4_0.0_0.0_x" : [ 0.041954022, 0.06981162, 0.08045977, 0.049872287, 0.037899107, 0.05704023, 0.07409004, 0.072908685, 0.064750955, 0.055060662, 0.05368774, 0.05316092, 0.04446041, 0.036015324, 0.035759896, 0.035791826, 0.036174968, 0.03595147, 0.035791826, 0.029358238 ],
  "lightfield_0.2_0.0_0.0_x" : [ 0.023238372, 0.06137973, 0.09023217, 0.060061928, 0.039180603, 0.0723293, 0.075029194, 0.06924371, 0.06484031, 0.05392288, 0.05485499, 0.05439429, 0.050044462, 0.03428437, 0.034455787, 0.034616496, 0.0345415, 0.034959342, 0.035377182, 0.023013381 ],
  "lightfield_0.2_0.0_0.0_y" : [ 0.0, 0.0, 0.0, 0.0, 0.0, 0.0, 5.142655E-4, 0.048640948, 0.1876212, 0.32736215, 0.2604862, 0.105392285, 0.06762592, 0.0023570503, 0.0, 0.0, 0.0, 0.0, 0.0, 0.0 ]
}