{
  "eccentricity_minmax" : 0.035674836,
  "compactness" : 12.81138,
  "eccentricity" : 17.737688,
  "compactness_standardized" : -0.065009855,
  "convexity_minmax" : 0.3188027,
  "diameter_standardized" : -0.610376,
  "surface_area_minmax" : 0.035251185,
  "convexity" : 0.61086005,
  "diameter_minmax" : 0.00989037,
  "rectangularity _standardized" : -0.38718176,
  "convexity_standardized" : 0.9890871,
  "diameter" : 1.0052463,
  "surface_area" : 0.73535436,
  "rectangularity " : 9.2330185E-4,
  "compactness_minmax" : 3.1381446E-6,
  "surface_area_standardized" : -0.52490795,
  "rectangularity _minmax" : 0.0016637973,
  "eccentricity_standardized" : 0.39224103,
  "lightfield_0.0_0.0_0.6_y" : [ 0.029329816, 0.034289323, 0.067978054, 0.08248508, 0.054195456, 0.05359487, 0.053464845, 0.06330337, 0.06604626, 0.0600899, 0.060288034, 0.06057285, 0.05935929, 0.047737572, 0.044480767, 0.044623177, 0.044536494, 0.044555068, 0.028524904, 5.448646E-4 ],
  "lightfield_0.0_0.0_0.6_x" : [ 0.0, 0.0, 0.0, 0.0, 0.0, 0.01137405, 0.06264086, 0.1371511, 0.17133516, 0.15602323, 0.13510166, 0.13124427, 0.122377835, 0.07234316, 4.0864848E-4, 0.0, 0.0, 0.0, 0.0, 0.0 ],
  "lightfield_0.0_0.0_0.8_y" : [ 0.0, 0.0, 0.006688488, 0.055508893, 0.07062747, 0.06693429, 0.07353014, 0.10553978, 0.112864375, 0.11346344, 0.09694911, 0.077031866, 0.0772542, 0.076630436, 0.05080904, 0.016168479, 0.0, 0.0, 0.0, 0.0 ],
  "lightfield_0.0_0.0_0.8_x" : [ 0.0, 0.01708251, 0.045349557, 0.04823987, 0.048233695, 0.063630186, 0.06655756, 0.06619318, 0.06590909, 0.065680586, 0.061635375, 0.054076087, 0.08618454, 0.08593132, 0.069330536, 0.05885005, 0.060962204, 0.036153655, 0.0, 0.0 ],
  "lightfield_0.0_0.0_0.2_y" : [ 0.0, 0.0, 0.0, 0.033044424, 0.08634547, 0.08201491, 0.08601805, 0.09404286, 0.097730935, 0.08609218, 0.08698177, 0.08761189, 0.08788989, 0.07619554, 0.059484906, 0.03217337, 0.004373799, 0.0, 0.0, 0.0 ],
  "lightfield_0.0_0.0_0.2_x" : [ 0.0, 0.008179252, 0.03217955, 0.0685105, 0.077721424, 0.055988338, 0.061084926, 0.06811513, 0.08063729, 0.077752315, 0.07608434, 0.07314994, 0.06464327, 0.053560507, 0.053640816, 0.0540053, 0.053863212, 0.034903906, 0.0059799966, 0.0 ],
  "lightfield_0.0_0.0_0.4_y" : [ 0.029109495, 0.047182564, 0.042324807, 0.06491615, 0.08536563, 0.07185403, 0.05118234, 0.051071238, 0.056484517, 0.057323977, 0.05745977, 0.057811603, 0.05807085, 0.058237504, 0.046645556, 0.042306293, 0.042145807, 0.04212729, 0.036670804, 0.0017097816 ],
  "lightfield_0.0_0.0_0.4_x" : [ 0.0, 0.0, 0.0, 0.0, 0.008092143, 0.029992161, 0.055836406, 0.08119919, 0.16504638, 0.18759452, 0.1780148, 0.1690585, 0.09541445, 0.029751433, 0.0, 0.0, 0.0, 0.0, 0.0, 0.0 ],
  "lightfield_0.0_0.0_0.0_y" : [ 0.0, 0.0, 0.0, 0.0, 0.0, 0.0, 0.007292149, 0.08184372, 0.27552715, 0.3042265, 0.23173104, 0.071501344, 0.025568832, 0.0023092835, 0.0, 0.0, 0.0, 0.0, 0.0, 0.0 ],
  "lightfield_0.0_0.0_0.0_x" : [ 0.022777932, 0.037843846, 0.03773888, 0.06939582, 0.08574604, 0.054070573, 0.053749498, 0.046698157, 0.0603254, 0.055614214, 0.05576858, 0.055978514, 0.05620697, 0.056484826, 0.04964342, 0.04115341, 0.04130777, 0.04115341, 0.041178104, 0.037164643 ],
  "d1" : [ 0.0056763, 0.0423854, 0.0625027, 0.0890785, 0.0699948, 0.0578547, 0.0492103, 0.0548373, 0.051349, 0.0597622, 0.0487837, 0.0632729, 0.0591161, 0.0682672, 0.0399542, 0.0396825, 0.0382018, 0.0265106, 0.0347219, 0.0388379 ],
  "d2" : [ 0.016953977, 0.06864195, 0.11696894, 0.11818285, 0.10113086, 0.0928286, 0.080688566, 0.07214137, 0.06405525, 0.055833004, 0.04852512, 0.038911734, 0.032536715, 0.028068628, 0.023115259, 0.01805497, 0.012006409, 0.0064272285, 0.0035265193, 0.0014020462 ],
  "d3" : [ 9.130265E-4, 0.010380369, 0.03240882, 0.063640684, 0.09544055, 0.119841725, 0.13305676, 0.1331291, 0.12151363, 0.10101239, 0.075868845, 0.051658142, 0.0309129, 0.015984606, 0.0074794926, 0.0035126468, 0.0019014175, 9.5257023E-4, 3.493529E-4, 4.296477E-5 ],
  "d4" : [ 2.6437551E-6, 1.6472628E-5, 6.4772E-5, 1.990951E-4, 5.55697E-4, 0.0018365964, 0.0059245536, 0.020050239, 0.07338668, 0.26992375, 0.45847282, 0.12230388, 0.03353014, 0.009518536, 0.0028826082, 8.991818E-4, 2.959989E-4, 1.0310645E-4, 2.775943E-5, 5.490876E-6 ],
  "lightfield_0.0_0.8_0.0_y" : [ 0.0, 0.0, 0.0, 0.0, 0.0, 0.0, 0.0073795263, 0.08634855, 0.2611637, 0.28967676, 0.24199314, 0.07710728, 0.031905994, 0.0044250176, 0.0, 0.0, 0.0, 0.0, 0.0, 0.0 ],
  "lightfield_0.0_0.8_0.0_x" : [ 7.3525443E-4, 0.032465868, 0.04574092, 0.04574092, 0.045821868, 0.048594248, 0.060965408, 0.06266526, 0.062334735, 0.062010955, 0.06350844, 0.065613024, 0.05834143, 0.066820465, 0.100345366, 0.08157277, 0.04963979, 0.042779665, 0.0043035992, 0.0 ],
  "lightfield_0.8_0.0_0.0_x" : [ 0.027592387, 0.04226139, 0.043547325, 0.06657202, 0.077953435, 0.058594547, 0.048621252, 0.048563067, 0.052979477, 0.054399244, 0.055539716, 0.055842288, 0.055813197, 0.055551354, 0.05246161, 0.042127557, 0.040236473, 0.04052741, 0.04057396, 0.040242292 ],
  "lightfield_0.8_0.0_0.0_y" : [ 0.0, 0.0, 0.0, 0.0, 0.0, 0.0013790375, 0.026195893, 0.086995736, 0.27750075, 0.28806174, 0.2622906, 0.05757627, 0.0, 0.0, 0.0, 0.0, 0.0, 0.0, 0.0, 0.0 ],
  "lightfield_0.0_0.6_0.0_x" : [ 0.0, 0.0, 0.0, 0.0, 0.0, 0.028168114, 0.07772763, 0.09436254, 0.120523214, 0.12213428, 0.1369024, 0.20186935, 0.15774399, 0.060568478, 0.0, 0.0, 0.0, 0.0, 0.0, 0.0 ],
  "lightfield_0.0_0.6_0.0_y" : [ 0.0, 0.0, 0.0, 0.0, 0.0, 0.0, 0.0076333927, 0.095270365, 0.2440512, 0.26035365, 0.22863097, 0.10058945, 0.05315245, 0.010318506, 0.0, 0.0, 0.0, 0.0, 0.0, 0.0 ],
  "lightfield_0.6_0.0_0.0_y" : [ 0.0, 0.0, 0.0, 0.0, 0.0, 0.0, 0.0, 0.041714616, 0.30479407, 0.3307302, 0.29705784, 0.025703281, 0.0, 0.0, 0.0, 0.0, 0.0, 0.0, 0.0, 0.0 ],
  "lightfield_0.6_0.0_0.0_x" : [ 0.026820816, 0.039732326, 0.046317793, 0.05293652, 0.056388903, 0.045546163, 0.04116915, 0.043045014, 0.046430875, 0.0532026, 0.055304628, 0.05511837, 0.055058505, 0.055051852, 0.05511837, 0.055018593, 0.05468599, 0.054632775, 0.054626126, 0.053794626 ],
  "lightfield_0.0_0.4_0.0_x" : [ 0.0, 0.0, 0.0, 0.0, 0.0, 0.0, 0.06559299, 0.16487792, 0.20052825, 0.1366875, 0.12232172, 0.11805708, 0.093023255, 0.0737744, 0.025136894, 0.0, 0.0, 0.0, 0.0, 0.0 ],
  "lightfield_0.0_0.4_0.0_y" : [ 0.0, 0.0, 0.0, 0.0, 0.0, 0.0, 0.0072537526, 0.09382207, 0.24169298, 0.26239774, 0.22964633, 0.10067642, 0.053778265, 0.010732462, 0.0, 0.0, 0.0, 0.0, 0.0, 0.0 ],
  "lightfield_0.0_0.2_0.0_y" : [ 0.0, 0.0, 0.0, 0.0, 0.0, 0.0, 0.0069135567, 0.08274472, 0.26001105, 0.2926376, 0.2438408, 0.07649186, 0.032326836, 0.005033614, 0.0, 0.0, 0.0, 0.0, 0.0, 0.0 ],
  "lightfield_0.0_0.2_0.0_x" : [ 0.0, 0.006055322, 0.044594143, 0.05068352, 0.085387535, 0.1002636, 0.06497381, 0.058380388, 0.06593422, 0.06366602, 0.061207116, 0.06178608, 0.06233099, 0.060035557, 0.047700137, 0.045636285, 0.045561362, 0.04565672, 0.03002459, 1.2260495E-4 ],
  "a3" : [ 0.2004543, 0.19298236, 0.10405162, 0.06933105, 0.05535865, 0.049892463, 0.031873822, 0.0, 0.0, 0.0, 0.0, 0.0, 0.0, 0.008614286, 0.038693648, 0.054522898, 0.054929, 0.049418945, 0.044864073, 0.04501289 ],
  "lightfield_0.4_0.0_0.0_y" : [ 0.0, 0.0, 0.0, 0.0, 0.0, 0.0, 0.0, 0.11135055, 0.31588653, 0.33011192, 0.23953094, 0.0031200629, 0.0, 0.0, 0.0, 0.0, 0.0, 0.0, 0.0, 0.0 ],
  "lightfield_0.4_0.0_0.0_x" : [ 0.027445978, 0.04019064, 0.045915164, 0.0534443, 0.057740994, 0.04671501, 0.04192254, 0.04385275, 0.046986032, 0.05262462, 0.054634154, 0.05459449, 0.054706868, 0.054455675, 0.05479941, 0.054660592, 0.053992953, 0.054072276, 0.053847525, 0.053398028 ],
  "lightfield_0.2_0.0_0.0_x" : [ 0.027459769, 0.041980986, 0.04298603, 0.06582489, 0.07821471, 0.058593165, 0.04880838, 0.049016323, 0.053770088, 0.054665387, 0.055976573, 0.055809066, 0.055849496, 0.055866826, 0.052245185, 0.04210806, 0.040034425, 0.040398322, 0.040560056, 0.03983226 ],