{
  "eccentricity_minmax" : 0.0012284826,
  "compactness" : 60.288456,
  "eccentricity" : 1.5770749,
  "compactness_standardized" : -0.064692855,
  "convexity_minmax" : 0.057824068,
  "diameter_standardized" : -0.61145854,
  "surface_area_minmax" : 0.032633275,
  "convexity" : 0.111636505,
  "diameter_minmax" : 0.009715751,
  "rectangularity _standardized" : -0.38034037,
  "convexity_standardized" : -0.79763645,
  "diameter" : 1.0051537,
  "surface_area" : 0.68191934,
  "rectangularity " : 0.0012522974,
  "compactness_minmax" : 1.5198962E-5,
  "surface_area_standardized" : -0.55761,
  "rectangularity _minmax" : 0.0022566686,
  "eccentricity_standardized" : -0.33848011,
  "lightfield_0.0_0.0_0.6_y" : [ 0.008416386, 0.018630154, 0.022775237, 0.02473418, 0.025688406, 0.04659558, 0.079609826, 0.11952581, 0.14650168, 0.10708047, 0.0662355, 0.05134652, 0.0439399, 0.039239444, 0.034357235, 0.027112175, 0.04719134, 0.058152333, 0.027167711, 0.0057001202 ],
  "lightfield_0.0_0.0_0.6_x" : [ 3.382711E-4, 0.012460493, 0.017120555, 0.019392526, 0.034826774, 0.04144578, 0.048766572, 0.07084002, 0.109887615, 0.12568538, 0.09271657, 0.07948866, 0.113179445, 0.09082831, 0.053169146, 0.04083992, 0.034650065, 0.014363899, 0.0, 0.0 ],
  "lightfield_0.0_0.0_0.8_y" : [ 0.0, 0.0, 0.0, 7.2176295E-4, 0.06697253, 0.11956028, 0.12570283, 0.08752006, 0.062026184, 0.064464025, 0.07874787, 0.06726527, 0.07644126, 0.08118066, 0.060274776, 0.043830693, 0.032807406, 0.021980962, 0.010059255, 4.441618E-4 ],
  "lightfield_0.0_0.0_0.8_x" : [ 0.0, 0.008878188, 0.024888203, 0.04591018, 0.07232267, 0.057867214, 0.042987797, 0.055908866, 0.053294368, 0.05989118, 0.06949113, 0.067497455, 0.14007248, 0.13708448, 0.07447786, 0.030828867, 0.026624471, 0.022107145, 0.009867458, 0.0 ],
  "lightfield_0.0_0.0_0.2_y" : [ 0.0, 0.0, 0.0, 0.0048478483, 0.05013988, 0.12340299, 0.12864472, 0.086003855, 0.06202721, 0.06423399, 0.077888764, 0.0685112, 0.07083918, 0.084857546, 0.06490057, 0.047195822, 0.034278326, 0.023400968, 0.008776626, 5.049842E-5 ],
  "lightfield_0.0_0.0_0.2_x" : [ 0.0, 0.0, 0.014275903, 0.024451334, 0.028516458, 0.047453366, 0.11922172, 0.1579439, 0.087352164, 0.0656833, 0.06421379, 0.05683597, 0.05338188, 0.04854413, 0.04127741, 0.0748639, 0.056628928, 0.03870199, 0.017341157, 0.0033126962 ],
  "lightfield_0.0_0.0_0.4_y" : [ 0.010185806, 0.01879758, 0.022525817, 0.024589213, 0.025562894, 0.0438812, 0.073924035, 0.115666166, 0.14032096, 0.112492874, 0.07659787, 0.0535726, 0.045097042, 0.040238727, 0.034164578, 0.022873921, 0.044678308, 0.062113743, 0.027439624, 0.005277045 ],
  "lightfield_0.0_0.0_0.4_x" : [ 0.0, 0.0, 0.004565703, 0.029346624, 0.041989334, 0.045707483, 0.052013703, 0.105031356, 0.108063385, 0.07976612, 0.1188445, 0.1270224, 0.08784312, 0.053839985, 0.04365922, 0.0426805, 0.020265669, 0.017485887, 0.0149936685, 0.0068813474 ],
  "lightfield_0.0_0.0_0.0_y" : [ 0.0, 0.011992709, 0.019486258, 0.024808496, 0.033352353, 0.030660937, 0.04446644, 0.058686003, 0.077672355, 0.20834996, 0.19015133, 0.07273389, 0.05746906, 0.04613279, 0.030766977, 0.03119114, 0.029267259, 0.020390129, 0.012421921, 0.0 ],
  "lightfield_0.0_0.0_0.0_x" : [ 0.0108313095, 0.01830466, 0.021697966, 0.023591552, 0.024258094, 0.030479154, 0.06308417, 0.09224034, 0.11196393, 0.1444225, 0.09809278, 0.08091417, 0.0644829, 0.03283225, 0.017224055, 0.0154668065, 0.019779133, 0.04684478, 0.07002732, 0.013462131 ],
  "d1" : [ 0.0349164, 0.033649, 0.0427083, 0.0523118, 0.0482459, 0.0554624, 0.0865139, 0.0940803, 0.075703, 0.0563484, 0.0848301, 0.068324, 0.038673, 0.0467704, 0.0392464, 0.0449666, 0.0426752, 0.0377921, 0.0120834, 0.0046994 ],
  "d2" : [ 0.023456018, 0.0614939, 0.07842607, 0.08690086, 0.08497312, 0.08285945, 0.089383595, 0.09096667, 0.09683321, 0.09459511, 0.0728902, 0.054828826, 0.03439124, 0.019720264, 0.012367872, 0.0073207854, 0.0047280304, 0.0027241784, 0.0010127778, 1.2782245E-4 ],
  "d3" : [ 0.0061894422, 0.048153948, 0.10217203, 0.13414557, 0.13605544, 0.121868014, 0.10569575, 0.08738723, 0.070947416, 0.05722515, 0.04716797, 0.037679702, 0.025642421, 0.012639692, 0.004669073, 0.0016281334, 5.4012856E-4, 1.4710655E-4, 3.883935E-5, 6.9427847E-6 ],
  "d4" : [ 1.016829E-6, 3.86395E-6, 1.1896898E-5, 4.0469793E-5, 1.3178102E-4, 4.3255903E-4, 0.0015276838, 0.005673397, 0.023847893, 0.19030635, 0.71426904, 0.049463645, 0.010470898, 0.0027293721, 7.6821423E-4, 2.2929492E-4, 6.5178734E-5, 1.8811335E-5, 7.422851E-6, 1.2201947E-6 ],
  "lightfield_0.0_0.8_0.0_y" : [ 0.0, 0.012156143, 0.020608326, 0.025396936, 0.031656742, 0.03264331, 0.0436975, 0.06054994, 0.07976207, 0.20457745, 0.18250369, 0.07475422, 0.059690297, 0.045168698, 0.032227915, 0.030699022, 0.029302824, 0.021791056, 0.012813856, 0.0 ],
  "lightfield_0.0_0.8_0.0_x" : [ 0.0, 0.0, 0.0078117787, 0.07689467, 0.0486765, 0.018692883, 0.018987123, 0.03277024, 0.08268139, 0.10987838, 0.16445121, 0.14117165, 0.10766293, 0.064767376, 0.030647097, 0.027566234, 0.026343118, 0.023221869, 0.016229346, 0.0015462014 ],
  "lightfield_0.8_0.0_0.0_x" : [ 0.012060126, 0.020608578, 0.024559211, 0.026517646, 0.027412448, 0.032499872, 0.06036816, 0.086474985, 0.10330176, 0.13400641, 0.099435546, 0.08071787, 0.06467334, 0.036214143, 0.019359233, 0.019629361, 0.02570163, 0.04421671, 0.06347465, 0.018768325 ],
  "lightfield_0.8_0.0_0.0_y" : [ 0.0, 0.0, 0.005301278, 0.023563111, 0.028374782, 0.04008599, 0.038876038, 0.06010929, 0.10769698, 0.24140511, 0.19517933, 0.077155545, 0.059996735, 0.038667813, 0.035116747, 0.03095226, 0.017518979, 0.0, 0.0, 0.0 ],
  "lightfield_0.0_0.6_0.0_x" : [ 0.0, 0.0, 0.0, 0.0, 0.0, 0.0, 0.0, 0.11424621, 0.04794055, 0.2164756, 0.3459531, 0.14957082, 0.055337287, 0.049403768, 0.021072643, 0.0, 0.0, 0.0, 0.0, 0.0 ],
  "lightfield_0.0_0.6_0.0_y" : [ 0.0, 0.013307218, 0.022524338, 0.026741171, 0.03338902, 0.035727866, 0.042802006, 0.0646005, 0.0827467, 0.19370931, 0.16976784, 0.07702056, 0.06283772, 0.04243332, 0.034829196, 0.031603202, 0.027616799, 0.0238493, 0.014493923, 0.0 ],
  "lightfield_0.6_0.0_0.0_y" : [ 0.0, 0.0, 0.0, 0.0, 0.0, 0.0, 0.0027814226, 0.072819844, 0.21680954, 0.3451714, 0.2453309, 0.07124842, 0.04583847, 0.0, 0.0, 0.0, 0.0, 0.0, 0.0, 0.0 ],
  "lightfield_0.6_0.0_0.0_x" : [ 0.018503532, 0.03153065, 0.038091347, 0.04136777, 0.042609196, 0.04324562, 0.050419178, 0.060790583, 0.05910916, 0.08302625, 0.086192675, 0.07275698, 0.061882723, 0.04869061, 0.029464222, 0.03196279, 0.042114194, 0.056901306, 0.07501984, 0.026321372 ],
  "lightfield_0.0_0.4_0.0_x" : [ 0.0, 0.0, 0.0, 0.0, 0.0, 0.0, 0.0, 0.011073349, 0.11796148, 0.35594276, 0.26011202, 0.08932076, 0.12968902, 0.014966573, 0.011615847, 0.008679974, 6.382334E-4, 0.0, 0.0, 0.0 ],
  "lightfield_0.0_0.4_0.0_y" : [ 0.0, 0.01646642, 0.01922678, 0.026103744, 0.045362435, 0.030475643, 0.054457262, 0.055143364, 0.067333624, 0.17546631, 0.19316132, 0.06527532, 0.05393072, 0.055318877, 0.030667113, 0.037448343, 0.035980407, 0.021237215, 0.016945096, 0.0 ],
  "lightfield_0.0_0.2_0.0_y" : [ 0.0, 0.012699228, 0.01905824, 0.02496617, 0.03734588, 0.030679882, 0.047576685, 0.058365077, 0.075493686, 0.19921562, 0.1904759, 0.07138382, 0.056498095, 0.048936196, 0.030711208, 0.03296662, 0.030686148, 0.019922815, 0.013018745, 0.0 ],
  "lightfield_0.0_0.2_0.0_x" : [ 0.0, 0.0, 0.0056260023, 0.021232206, 0.027290497, 0.029752657, 0.046611868, 0.103623696, 0.1323113, 0.17188126, 0.114625104, 0.092190005, 0.058540497, 0.025442312, 0.018870289, 0.034752157, 0.08126378, 0.028894346, 0.004322875, 0.0027691459 ],
  "a3" : [ 0.15430883, 0.14436989, 0.12320394, 0.1130547, 0.09626342, 0.075909995, 0.04164242, 0.0, 0.0, 0.0, 0.0, 0.0, 0.0, 0.006321657, 0.02743366, 0.03568672, 0.038516257, 0.042269185, 0.0473021, 0.053717233 ],
  "lightfield_0.4_0.0_0.0_y" : [ 0.0, 0.0, 0.0, 0.0, 0.0, 0.0, 0.0021746298, 0.065458715, 0.22564337, 0.34006658, 0.2454584, 0.0719512, 0.049247123, 0.0, 0.0, 0.0, 0.0, 0.0, 0.0, 0.0 ],