{
  "eccentricity_minmax" : 0.015173511,
  "compactness" : 45.43174,
  "eccentricity" : 8.119428,
  "compactness_standardized" : -0.06479205,
  "convexity_minmax" : 0.09297703,
  "diameter_standardized" : -0.512935,
  "surface_area_minmax" : 0.030321866,
  "convexity" : 0.17888027,
  "diameter_minmax" : 0.025608348,
  "rectangularity _standardized" : -0.38388222,
  "convexity_standardized" : -0.55697066,
  "diameter" : 1.0135838,
  "surface_area" : 0.6347405,
  "rectangularity " : 0.0010819739,
  "compactness_minmax" : 1.1424842E-5,
  "surface_area_standardized" : -0.5864833,
  "rectangularity _minmax" : 0.0019497346,
  "eccentricity_standardized" : -0.042659935,
  "lightfield_0.0_0.0_0.6_y" : [ 7.5415184E-4, 0.01339823, 0.02957238, 0.07276228, 0.06668628, 0.040932793, 0.027732464, 0.040301662, 0.07285321, 0.093359716, 0.11995828, 0.10783302, 0.08617656, 0.06452545, 0.042724576, 0.027919665, 0.026202764, 0.024796085, 0.023202203, 0.018308239 ],
  "lightfield_0.0_0.0_0.6_x" : [ 0.0, 0.0, 0.0, 0.003380312, 0.029010778, 0.10896157, 0.1490172, 0.113775305, 0.13839489, 0.16246356, 0.11991014, 0.0780253, 0.053945925, 0.03448239, 0.0082528815, 3.797502E-4, 0.0, 0.0, 0.0, 0.0 ],
  "lightfield_0.0_0.0_0.8_y" : [ 0.0, 0.0, 0.0061850715, 0.02091601, 0.02741621, 0.04141007, 0.074819066, 0.12595005, 0.11353185, 0.08352517, 0.08618507, 0.09757778, 0.11226599, 0.12721592, 0.040256377, 0.032709308, 0.010036053, 0.0, 0.0, 0.0 ],
  "lightfield_0.0_0.0_0.8_x" : [ 0.020146882, 0.02695687, 0.029574042, 0.031731874, 0.052936308, 0.087466955, 0.11789024, 0.10150888, 0.08237148, 0.07496862, 0.079989314, 0.061177727, 0.07239952, 0.077382825, 0.03574309, 0.024911202, 0.018939778, 0.0039043932, 0.0, 0.0 ],
  "lightfield_0.0_0.0_0.2_y" : [ 0.0, 0.0, 0.0066894256, 0.020961618, 0.026433334, 0.04185411, 0.07418988, 0.1297738, 0.11409778, 0.08235225, 0.08100692, 0.09675206, 0.11122101, 0.1272533, 0.03982282, 0.033000458, 0.014591243, 0.0, 0.0, 0.0 ],
  "lightfield_0.0_0.0_0.2_x" : [ 0.012751386, 0.023492752, 0.028921928, 0.06321454, 0.07683268, 0.06334748, 0.0673037, 0.07764094, 0.08124089, 0.09433792, 0.11337992, 0.10238863, 0.06537876, 0.036903508, 0.02998543, 0.028198747, 0.023354497, 0.0113262925, 0.0, 0.0 ],
  "lightfield_0.0_0.0_0.4_y" : [ 7.8105356E-4, 0.013673787, 0.029861925, 0.0731462, 0.06627186, 0.040668283, 0.0269196, 0.039667893, 0.078346096, 0.08920059, 0.120688826, 0.10757141, 0.08594264, 0.06434598, 0.042674415, 0.027946739, 0.026052952, 0.024859972, 0.023148075, 0.018231716 ],
  "lightfield_0.0_0.0_0.4_x" : [ 0.0, 0.0, 0.00218802, 0.02574802, 0.045129918, 0.068176344, 0.09390832, 0.14883885, 0.15755883, 0.11895553, 0.13858351, 0.13748683, 0.054732595, 0.008693233, 0.0, 0.0, 0.0, 0.0, 0.0, 0.0 ],
  "lightfield_0.0_0.0_0.0_y" : [ 0.0, 0.0, 0.0, 3.4567848E-4, 0.0039407345, 0.02036844, 0.046757005, 0.08791933, 0.11874854, 0.22533983, 0.22508988, 0.11386117, 0.08583994, 0.047038864, 0.019357996, 0.005259631, 1.3295327E-4, 0.0, 0.0, 0.0 ],
  "lightfield_0.0_0.0_0.0_x" : [ 0.024670808, 0.072704166, 0.066434085, 0.045161564, 0.026436428, 0.024011359, 0.026112022, 0.092992835, 0.12899126, 0.110585205, 0.09209938, 0.07367738, 0.05525006, 0.0367536, 0.025181348, 0.02471867, 0.023649726, 0.022054287, 0.018703865, 0.009811951 ],
  "d1" : [ 0.0516063, 0.0624942, 0.0705512, 0.0771037, 0.080706, 0.0771875, 0.0871475, 0.0667469, 0.0613853, 0.052221, 0.0732105, 0.0562557, 0.0496597, 0.0415432, 0.0343289, 0.0199404, 0.0111472, 0.0107701, 0.0091402, 0.0068545 ],
  "d2" : [ 0.022588266, 0.076294094, 0.10424571, 0.107947156, 0.10798206, 0.10442144, 0.09696103, 0.085719354, 0.07067611, 0.0575092, 0.04470645, 0.03404808, 0.02585534, 0.02067583, 0.016427085, 0.011266978, 0.007283479, 0.0038186705, 0.0013488368, 2.2483949E-4 ],
  "d3" : [ 0.003779793, 0.032280628, 0.07827889, 0.11825686, 0.14680901, 0.15615521, 0.14066334, 0.10887082, 0.07664563, 0.05378988, 0.036518343, 0.02281218, 0.012705397, 0.006694354, 0.0033032564, 0.0015320412, 6.0663844E-4, 2.2096168E-4, 6.4296226E-5, 1.24768885E-5 ],
  "d4" : [ 7.117803E-7, 2.2370236E-6, 5.795925E-6, 1.9726482E-5, 6.2128245E-5, 1.997052E-4, 6.823939E-4, 0.0031983338, 0.025015313, 0.55979973, 0.38621563, 0.02099762, 0.0028889126, 6.3816184E-4, 1.8282584E-4, 6.192488E-5, 2.1353408E-5, 4.779096E-6, 2.033658E-6, 7.117803E-7 ],
  "lightfield_0.0_0.8_0.0_y" : [ 0.0, 0.0, 0.0, 3.4177248E-4, 0.004272156, 0.020591792, 0.04700686, 0.08713884, 0.11770119, 0.22656229, 0.2252675, 0.11346189, 0.085692875, 0.04733549, 0.019395588, 0.0051002973, 1.3145096E-4, 0.0, 0.0, 0.0 ],
  "lightfield_0.0_0.8_0.0_x" : [ 0.020933565, 0.027170913, 0.029550174, 0.03077267, 0.040986408, 0.06989247, 0.09933092, 0.1288811, 0.15824066, 0.10418145, 0.030805532, 0.0296159, 0.04868286, 0.08172963, 0.087309726, 0.011554539, 2.8261956E-4, 7.887057E-5, 0.0, 0.0 ],
  "lightfield_0.8_0.0_0.0_x" : [ 0.024115209, 0.069093384, 0.062862456, 0.0480906, 0.034808088, 0.029482923, 0.02985374, 0.08928159, 0.11967028, 0.102509394, 0.08555519, 0.0685098, 0.051500894, 0.035336956, 0.031355243, 0.031203268, 0.027896317, 0.02531884, 0.0214891, 0.012066723 ],
  "lightfield_0.8_0.0_0.0_y" : [ 0.0, 0.0, 0.0, 0.0, 0.0, 0.0024011866, 0.01865023, 0.06355546, 0.1274331, 0.26008195, 0.2629816, 0.13067926, 0.08945788, 0.03460748, 0.009294719, 8.571324E-4, 0.0, 0.0, 0.0, 0.0 ],
  "lightfield_0.0_0.6_0.0_x" : [ 0.0, 0.0, 0.0, 0.0, 0.0059899576, 0.058139723, 0.07735279, 0.22459918, 0.32568577, 0.08387555, 0.19647384, 0.020230234, 0.005715485, 0.0015983983, 3.390542E-4, 0.0, 0.0, 0.0, 0.0, 0.0 ],
  "lightfield_0.0_0.6_0.0_y" : [ 0.0, 0.0, 0.0, 3.0676334E-4, 0.0043431227, 0.020876052, 0.0458369, 0.08311672, 0.11103218, 0.24005038, 0.23452863, 0.107722364, 0.0814053, 0.045820754, 0.019503688, 0.0053279945, 1.291635E-4, 0.0, 0.0, 0.0 ],
  "lightfield_0.6_0.0_0.0_y" : [ 0.0, 0.0, 0.0, 0.0, 0.0, 0.0, 0.0020030385, 0.023790326, 0.10712013, 0.38049245, 0.37604502, 0.10641567, 0.004133389, 0.0, 0.0, 0.0, 0.0, 0.0, 0.0, 0.0 ],
  "lightfield_0.6_0.0_0.0_x" : [ 0.014861527, 0.043438777, 0.067195155, 0.07982448, 0.072576195, 0.064996906, 0.05285136, 0.060922924, 0.06422454, 0.057825007, 0.052562784, 0.047733426, 0.044779792, 0.046867706, 0.05041546, 0.051128406, 0.044346932, 0.035995282, 0.030851886, 0.016601454 ],
  "lightfield_0.0_0.4_0.0_x" : [ 0.0, 0.0, 0.0, 0.0, 0.0, 0.02689475, 0.1893109, 0.12191766, 0.3273654, 0.1805232, 0.07685331, 0.06371867, 0.013416102, 0.0, 0.0, 0.0, 0.0, 0.0, 0.0, 0.0 ],
  "lightfield_0.0_0.4_0.0_y" : [ 0.0, 0.0, 0.0, 3.4400262E-4, 0.0034087533, 0.02045252, 0.047284726, 0.08628211, 0.11420887, 0.22955921, 0.22965303, 0.11026848, 0.08453083, 0.047675636, 0.020921614, 0.005269495, 1.4072834E-4, 0.0, 0.0, 0.0 ],
  "lightfield_0.0_0.2_0.0_y" : [ 0.0, 0.0, 0.0, 3.4910784E-4, 0.003730282, 0.02002198, 0.04688389, 0.087884665, 0.11770753, 0.22556245, 0.22583398, 0.11340833, 0.085783556, 0.047439877, 0.019886216, 0.005372382, 1.3576416E-4, 0.0, 0.0, 0.0 ],
  "lightfield_0.0_0.2_0.0_x" : [ 0.0, 0.010156452, 0.07895009, 0.08155547, 0.04959917, 0.029085854, 0.031135246, 0.113472976, 0.1499806, 0.12355831, 0.09690329, 0.07038402, 0.04384536, 0.030340057, 0.029661236, 0.027573055, 0.023894493, 0.0099043185, 0.0, 0.0 ],
  "a3" : [ 0.20220952, 0.1869858, 0.12233841, 0.08344654, 0.0640485, 0.052802596, 0.03167047, 0.0, 0.0, 0.0, 0.0, 0.0, 0.0, 0.007419925, 0.03143985, 0.041320033, 0.043014377, 0.043406393, 0.04469292, 0.045204673 ],
  "lightfield_0.4_0.0_0.0_y" : [ 0.0, 0.0, 0.0, 0.0, 0.0, 0.0, 0.002378172, 0.024548871, 0.10713708, 0.38116387, 0.37799296, 0.102627926, 0.004151146, 0.0, 0.0, 0.0, 0.0, 0.0, 0.0, 0.0 ],
  "lightfield_0.4_0.0_0.0_x" : [ 0.014925373, 0.04330148, 0.06725368, 0.08059361, 0.07310961, 0.06548071, 0.053265937, 0.059854925, 0.06370773, 0.057076126, 0.052626643, 0.047231007, 0.044230588, 0.046881527, 0.05074286, 0.05124577, 0.044486307, 0.036158442, 0.030677566, 0.017150115 ],