{
  "eccentricity_minmax" : 0.006156742,
  "compactness" : 114.1299,
  "eccentricity" : 3.889183,
  "compactness_standardized" : -0.064349756,
  "convexity_minmax" : 0.07248826,
  "diameter_standardized" : -0.64958024,
  "surface_area_minmax" : 0.019320749,
  "convexity" : 0.1396875,
  "diameter_minmax" : 0.0034789003,
  "rectangularity _standardized" : -0.4031054,
  "convexity_standardized" : -0.69671416,
  "diameter" : 1.0018454,
  "surface_area" : 0.41019323,
  "rectangularity " : 1.3395841E-4,
  "compactness_minmax" : 2.8876548E-5,
  "surface_area_standardized" : -0.7234761,
  "rectangularity _minmax" : 2.4134952E-4,
  "eccentricity_standardized" : -0.23403038,
  "lightfield_0.0_0.0_0.6_y" : [ 0.01837421, 0.026506247, 0.030911615, 0.03534166, 0.039679162, 0.051284898, 0.06777109, 0.07803178, 0.09902206, 0.09166127, 0.09894185, 0.06538331, 0.055640906, 0.052648466, 0.042640753, 0.038284745, 0.034206387, 0.030016968, 0.02580287, 0.01784976 ],
  "lightfield_0.0_0.0_0.6_x" : [ 0.0, 0.0, 0.0, 0.0, 0.0021348142, 0.04016659, 0.059096098, 0.037019897, 0.12230141, 0.14907296, 0.14276107, 0.14155175, 0.13928737, 0.12404751, 0.042560544, 0.0, 0.0, 0.0, 0.0, 0.0 ],
  "lightfield_0.0_0.0_0.8_y" : [ 0.0, 0.0, 0.022198005, 0.06416187, 0.079203755, 0.09558799, 0.09721098, 0.08336646, 0.07762753, 0.08476962, 0.07495685, 0.08425046, 0.0774498, 0.058352783, 0.04485905, 0.036795557, 0.018793002, 4.1627104E-4, 0.0, 0.0 ],
  "lightfield_0.0_0.0_0.8_x" : [ 0.013788394, 0.02705294, 0.031809658, 0.042066764, 0.05967643, 0.06737511, 0.07545731, 0.091210134, 0.09514834, 0.06274468, 0.061224584, 0.07428334, 0.059334997, 0.05692156, 0.042515773, 0.03807243, 0.03384424, 0.029485086, 0.0252148, 0.012773441 ],
  "lightfield_0.0_0.0_0.2_y" : [ 0.0, 0.0, 0.011917807, 0.034287695, 0.043053955, 0.05174529, 0.0777631, 0.08367284, 0.07674225, 0.08287676, 0.079364635, 0.081350155, 0.09291675, 0.09973027, 0.082347594, 0.06826164, 0.0336321, 3.371639E-4, 0.0, 0.0 ],
  "lightfield_0.0_0.0_0.2_x" : [ 0.013912694, 0.027193204, 0.03181516, 0.04198627, 0.059659276, 0.06727824, 0.07564178, 0.09100615, 0.09346932, 0.06477761, 0.061125003, 0.07439147, 0.059041142, 0.056311052, 0.0429322, 0.038108885, 0.033810046, 0.029464377, 0.025207683, 0.012868422 ],
  "lightfield_0.0_0.0_0.4_y" : [ 0.01804905, 0.025825733, 0.03004067, 0.034280255, 0.03836579, 0.042636186, 0.051096868, 0.05728987, 0.0660032, 0.09865048, 0.09160094, 0.09713458, 0.07923342, 0.06772862, 0.051201627, 0.039746117, 0.035346314, 0.030964999, 0.026577521, 0.018227754 ],
  "lightfield_0.0_0.0_0.4_x" : [ 0.0, 0.0, 0.0, 0.0, 0.0024032537, 0.040417798, 0.058879714, 0.038125463, 0.12305891, 0.14844713, 0.14218634, 0.14055337, 0.13942568, 0.12313902, 0.04336332, 0.0, 0.0, 0.0, 0.0, 0.0 ],
  "lightfield_0.0_0.0_0.0_y" : [ 0.0, 0.0, 0.0, 0.0, 0.0, 0.0061956244, 0.018822897, 0.09133465, 0.31160384, 0.30494273, 0.13224544, 0.012535485, 0.008759105, 0.05627856, 0.05728166, 0.0, 0.0, 0.0, 0.0, 0.0 ],
  "lightfield_0.0_0.0_0.0_x" : [ 0.022186236, 0.026362546, 0.030551968, 0.034610264, 0.0387079, 0.042923547, 0.047073632, 0.076340586, 0.07514735, 0.1070499, 0.10621726, 0.07519324, 0.07579642, 0.04702774, 0.04279898, 0.03876035, 0.034597155, 0.030440513, 0.026277315, 0.0219371 ],
  "d1" : [ 0.0432834, 0.0523943, 0.0619191, 0.079875, 0.108153, 0.0996732, 0.0930853, 0.0761951, 0.0805018, 0.071828, 0.0375043, 0.0282975, 0.0250244, 0.0252929, 0.0223346, 0.0216138, 0.0205929, 0.0179518, 0.016113, 0.0183666 ],
  "d2" : [ 0.0375791, 0.08864917, 0.1110547, 0.117286496, 0.119494885, 0.122659236, 0.109464824, 0.08493161, 0.06308368, 0.048337888, 0.034886725, 0.022528756, 0.014739389, 0.008509094, 0.006031459, 0.004338962, 0.0030610375, 0.0019432412, 0.0010319812, 3.877681E-4 ],
  "d3" : [ 0.005788371, 0.0480649, 0.1083488, 0.13949816, 0.13970514, 0.12784444, 0.10979763, 0.08820768, 0.06643299, 0.04904836, 0.036182374, 0.027020615, 0.020381903, 0.014941276, 0.00992134, 0.0055734464, 0.0023844945, 7.184273E-4, 1.3130919E-4, 8.351466E-6 ],
  "d4" : [ 2.3387065E-6, 1.0269972E-5, 3.3860404E-5, 8.8769164E-5, 2.2563434E-4, 5.297679E-4, 0.0013296055, 0.004620064, 0.030065292, 0.6944791, 0.2471603, 0.016633593, 0.0030409286, 0.0010327932, 4.433374E-4, 1.884184E-4, 7.890593E-5, 2.7352698E-5, 8.236314E-6, 1.4235605E-6 ],
  "lightfield_0.0_0.8_0.0_y" : [ 0.0, 0.0, 0.0, 0.0045020636, 0.012787111, 0.03458877, 0.12050315, 0.2578265, 0.2515997, 0.14874525, 0.033056818, 0.010848722, 0.01111968, 0.046531744, 0.0677498, 1.4068949E-4, 0.0, 0.0, 0.0, 0.0 ],
  "lightfield_0.0_0.8_0.0_x" : [ 0.021390012, 0.025688857, 0.029659428, 0.033755053, 0.03784026, 0.0418942, 0.04621389, 0.07885906, 0.075050026, 0.11029534, 0.116141774, 0.07347638, 0.07458627, 0.04641711, 0.04166493, 0.03761099, 0.033619575, 0.029539581, 0.025527325, 0.020769937 ],
  "lightfield_0.8_0.0_0.0_x" : [ 0.022093855, 0.026100865, 0.030175934, 0.0341319, 0.038198464, 0.04238413, 0.046697408, 0.07734125, 0.07445723, 0.10941435, 0.10888688, 0.074746475, 0.07574185, 0.0466889, 0.042469203, 0.038530253, 0.03430205, 0.030295039, 0.025896685, 0.021447288 ],
  "lightfield_0.8_0.0_0.0_y" : [ 0.0, 0.0, 0.0, 0.0, 0.0, 4.2537262E-4, 0.018980127, 0.095666304, 0.0111532705, 0.031469066, 0.28388518, 0.41740113, 0.12052508, 0.017797591, 0.0026968624, 0.0, 0.0, 0.0, 0.0, 0.0 ],
  "lightfield_0.0_0.6_0.0_x" : [ 0.0, 0.009033542, 0.030312136, 0.038139954, 0.04591143, 0.055936597, 0.09943657, 0.14485595, 0.17933741, 0.12927169, 0.101765394, 0.07045412, 0.040930774, 0.03316681, 0.021447621, 0.0, 0.0, 0.0, 0.0, 0.0 ],
  "lightfield_0.0_0.6_0.0_y" : [ 0.008819442, 0.014697818, 0.019547008, 0.036753934, 0.04851444, 0.06471472, 0.11672989, 0.12451264, 0.12302896, 0.10419562, 0.06844458, 0.037107013, 0.016365549, 0.014780453, 0.012519251, 0.017571272, 0.026826428, 0.04703076, 0.056563873, 0.04127634 ],
  "lightfield_0.6_0.0_0.0_y" : [ 0.0, 0.0, 0.0, 0.0, 0.0, 0.0, 0.0, 0.0016165074, 0.008201398, 0.11372605, 0.2231018, 0.64194363, 0.011410641, 0.0, 0.0, 0.0, 0.0, 0.0, 0.0, 0.0 ],
  "lightfield_0.6_0.0_0.0_x" : [ 0.02006371, 0.024152523, 0.028597917, 0.031973567, 0.036133695, 0.039675746, 0.0445015, 0.08871773, 0.071031235, 0.11700661, 0.11565159, 0.070151664, 0.08809965, 0.04397851, 0.039889697, 0.036371417, 0.031830933, 0.027837208, 0.024532877, 0.019802216 ],
  "lightfield_0.0_0.4_0.0_x" : [ 0.0, 0.008963469, 0.03031419, 0.0381126, 0.045971137, 0.05589672, 0.09893641, 0.14518942, 0.17949489, 0.12773226, 0.10279239, 0.07080577, 0.041134246, 0.03314417, 0.021512328, 0.0, 0.0, 0.0, 0.0, 0.0 ],
  "lightfield_0.0_0.4_0.0_y" : [ 0.0086816, 0.014593355, 0.019385148, 0.036342453, 0.048511725, 0.06486395, 0.11672805, 0.12448512, 0.12306449, 0.10424684, 0.06848317, 0.037142966, 0.01605908, 0.014612147, 0.012387252, 0.017761575, 0.02762703, 0.047008418, 0.056670927, 0.04134471 ],
  "lightfield_0.0_0.2_0.0_y" : [ 0.0, 0.0, 0.0, 0.0045945975, 0.012936042, 0.030074205, 0.12122829, 0.2590348, 0.2526767, 0.14945525, 0.033208787, 0.010837599, 0.011141114, 0.046725694, 0.06794562, 1.4129172E-4, 0.0, 0.0, 0.0, 0.0 ],
  "lightfield_0.0_0.2_0.0_x" : [ 0.021554837, 0.02588255, 0.029953845, 0.034056537, 0.03814353, 0.04223576, 0.04652684, 0.07688886, 0.07581086, 0.11072561, 0.11663893, 0.073822305, 0.07156687, 0.047139104, 0.041696757, 0.03767779, 0.033590797, 0.029550903, 0.025631364, 0.020905942 ],
  "a3" : [ 0.19895677, 0.14911431, 0.112590134, 0.09161337, 0.07686266, 0.062579446, 0.03603064, 0.0, 0.0, 0.0, 0.0, 0.0, 0.0, 0.016849736, 0.044275347, 0.042360045, 0.03887215, 0.039464097, 0.04301186, 0.04741942 ],
  "lightfield_0.4_0.0_0.0_y" : [ 0.0, 0.0, 0.0, 0.0, 0.0, 0.0, 0.0, 0.0, 0.051052675, 0.6212501, 0.21676087, 0.11093635, 0.0, 0.0, 0.0, 0.0, 0.0, 0.0, 0.0, 0.0 ],