{
  "eccentricity_minmax" : 2.4524098E-4,
  "compactness" : 1.1439774,
  "eccentricity" : 1.115784,
  "compactness_standardized" : -0.065103985,
  "convexity_minmax" : 0.5588506,
  "diameter_standardized" : -0.22659248,
  "surface_area_minmax" : 0.13944894,
  "convexity" : 1.0700454,
  "diameter_minmax" : 0.071686246,
  "rectangularity _standardized" : 7.0671883,
  "convexity_standardized" : 2.6340828,
  "diameter" : 1.0380255,
  "surface_area" : 2.8621671,
  "rectangularity " : 0.3593763,
  "compactness_minmax" : 1.7422113E-7,
  "surface_area_standardized" : 0.7769123,
  "rectangularity _minmax" : 0.64761925,
  "eccentricity_standardized" : -0.3594044,
  "lightfield_0.0_0.0_0.6_y" : [ 0.02219814, 0.042191926, 0.05381753, 0.06109883, 0.065344915, 0.06895336, 0.070202865, 0.07066821, 0.07025278, 0.067963086, 0.06524669, 0.06153519, 0.056859188, 0.051326558, 0.04431255, 0.037593212, 0.032168467, 0.027448986, 0.02269086, 0.008126652 ],
  "lightfield_0.0_0.0_0.6_x" : [ 0.0, 0.015301678, 0.037200324, 0.05463873, 0.07141857, 0.074407086, 0.07697052, 0.078530796, 0.079756156, 0.07690289, 0.06920294, 0.06484575, 0.060886282, 0.05631011, 0.051703345, 0.04669242, 0.040219437, 0.030682255, 0.014330731, 0.0 ],
  "lightfield_0.0_0.0_0.8_y" : [ 0.0030259732, 0.023898857, 0.035065144, 0.042253956, 0.048109733, 0.05320245, 0.05686791, 0.060408253, 0.06343577, 0.06576974, 0.06756308, 0.06851304, 0.06973949, 0.07214297, 0.07343585, 0.069736406, 0.062249478, 0.051920388, 0.011921625, 7.3988835E-4 ],
  "lightfield_0.0_0.0_0.8_x" : [ 0.004961422, 0.014624765, 0.029051816, 0.047193754, 0.0558021, 0.059918597, 0.061741285, 0.064574175, 0.06622696, 0.06690506, 0.067241795, 0.066614665, 0.06560446, 0.06395786, 0.06068938, 0.056372076, 0.050734095, 0.04346651, 0.034351517, 0.019967716 ],
  "lightfield_0.0_0.0_0.2_y" : [ 4.1529283E-4, 0.019877426, 0.033149492, 0.041137587, 0.047097985, 0.052507803, 0.056387015, 0.059890263, 0.0632944, 0.065998524, 0.06815679, 0.069440424, 0.07118497, 0.07445068, 0.075212054, 0.07085305, 0.064060494, 0.05457011, 0.012191362, 1.2427324E-4 ],
  "lightfield_0.0_0.0_0.2_x" : [ 0.019004367, 0.034816958, 0.0443624, 0.051870704, 0.05791605, 0.06199504, 0.065223, 0.06661675, 0.067665994, 0.06787049, 0.06729632, 0.06639494, 0.06392206, 0.06095366, 0.05794908, 0.05344693, 0.044433188, 0.028238341, 0.014967847, 0.005055876 ],
  "lightfield_0.0_0.0_0.4_y" : [ 0.022264725, 0.04112346, 0.05307668, 0.060306344, 0.06477671, 0.068487495, 0.06994859, 0.0704082, 0.07031628, 0.068089165, 0.065454036, 0.06228511, 0.057656705, 0.05242838, 0.04531483, 0.038651217, 0.033077776, 0.027773656, 0.021224543, 0.007336103 ],
  "lightfield_0.0_0.0_0.4_x" : [ 0.0, 0.011609717, 0.029633082, 0.039146308, 0.046009894, 0.05096245, 0.05556505, 0.059995096, 0.063933276, 0.06744086, 0.07340457, 0.07968436, 0.07930377, 0.07756852, 0.074860826, 0.071804784, 0.06257701, 0.03964463, 0.01685578, 0.0 ],
  "lightfield_0.0_0.0_0.0_y" : [ 0.0020361987, 0.022579316, 0.035170842, 0.043462053, 0.051381942, 0.05774714, 0.06820586, 0.07445031, 0.07484729, 0.075206526, 0.075253315, 0.07492879, 0.07370315, 0.06294858, 0.056292064, 0.05026196, 0.04277527, 0.034702923, 0.022195924, 0.0018505409 ],
  "lightfield_0.0_0.0_0.0_x" : [ 0.028298484, 0.046895966, 0.056115463, 0.06209274, 0.06610476, 0.068830766, 0.06911906, 0.06914623, 0.068340205, 0.065478355, 0.06250481, 0.058331285, 0.052750982, 0.047028795, 0.041469626, 0.035439517, 0.029204132, 0.026286436, 0.02465325, 0.021909136 ],
  "d1" : [ 0.1285678, 0.0896979, 0.1020027, 0.0812321, 0.0753316, 0.1788377, 0.1049164, 0.1756275, 0.0132095, 0.0, 0.0111777, 0.0, 0.0055909, 0.0055661, 0.0, 0.0056217, 0.0056044, 0.0, 0.0058728, 0.0111432 ],
  "d2" : [ 0.0035683266, 0.010112376, 0.016523201, 0.023296392, 0.029663108, 0.036644235, 0.044165954, 0.04982975, 0.056591537, 0.063114785, 0.06966853, 0.07578631, 0.08213242, 0.087995455, 0.09300583, 0.09869833, 0.10141091, 0.042172506, 0.010684476, 0.004935567 ],
  "d3" : [ 2.3102369E-4, 0.0021679602, 0.0068754703, 0.014002491, 0.021824092, 0.031759318, 0.043040738, 0.054264907, 0.06601864, 0.077318475, 0.08779041, 0.09690065, 0.10397686, 0.106704466, 0.10397414, 0.092099264, 0.059975095, 0.022133598, 0.0071658595, 0.001776548 ],
  "d4" : [ 5.236669E-5, 3.6758365E-4, 0.0013520775, 0.0044114105, 0.012632778, 0.02707907, 0.04777581, 0.077814154, 0.12223087, 0.20912978, 0.20665564, 0.120948344, 0.07653539, 0.0476485, 0.026804931, 0.012530484, 0.004292035, 0.0013226911, 3.6392309E-4, 5.2163323E-5 ],
  "lightfield_0.0_0.8_0.0_y" : [ 1.830763E-4, 0.021710057, 0.03568902, 0.045072455, 0.051779564, 0.05753871, 0.064202376, 0.07349428, 0.07623111, 0.0773125, 0.077124774, 0.0755981, 0.070752785, 0.061522946, 0.056958452, 0.05151581, 0.045188818, 0.03572315, 0.022079313, 3.2271078E-4 ],
  "lightfield_0.0_0.8_0.0_x" : [ 0.01440252, 0.02212896, 0.024364663, 0.028265119, 0.03721724, 0.0457939, 0.053431906, 0.05928259, 0.06344215, 0.06701834, 0.0691594, 0.0699879, 0.06999721, 0.069581404, 0.06757377, 0.06387656, 0.058302045, 0.051993668, 0.041955505, 0.022225153 ],
  "lightfield_0.8_0.0_0.0_x" : [ 0.028237144, 0.046920627, 0.056088157, 0.06199773, 0.066018894, 0.06886508, 0.06911848, 0.069040045, 0.06837488, 0.065561876, 0.062403467, 0.05827823, 0.05265976, 0.04709559, 0.04139869, 0.035418224, 0.029427202, 0.026228068, 0.024567416, 0.02230042 ],
  "lightfield_0.8_0.0_0.0_y" : [ 0.002000024, 0.022234054, 0.034721386, 0.04293717, 0.05038673, 0.056581378, 0.06389519, 0.07415776, 0.07491493, 0.07526787, 0.075252794, 0.07490588, 0.0744911, 0.066872604, 0.057343073, 0.05111525, 0.04334894, 0.035026062, 0.02254175, 0.0020060574 ],
  "lightfield_0.0_0.6_0.0_x" : [ 0.017150633, 0.03313135, 0.042105384, 0.04873575, 0.053643245, 0.05704419, 0.060120013, 0.061773762, 0.062874556, 0.06357727, 0.063611835, 0.062842555, 0.061786562, 0.06010593, 0.057080027, 0.053579245, 0.04877671, 0.042023465, 0.03321839, 0.016819114 ],
  "lightfield_0.0_0.6_0.0_y" : [ 0.018316707, 0.033726547, 0.04237674, 0.04836583, 0.053352688, 0.05670371, 0.059641294, 0.061501127, 0.06261344, 0.063464634, 0.0634992, 0.0626608, 0.061558723, 0.059696335, 0.05664483, 0.05336933, 0.04850151, 0.042384423, 0.033638228, 0.017983908 ],
  "lightfield_0.6_0.0_0.0_y" : [ 0.0021005585, 0.022463761, 0.034911793, 0.04312704, 0.050672766, 0.057009123, 0.06568128, 0.07447558, 0.074872166, 0.075235575, 0.07529137, 0.074927956, 0.074431844, 0.06488659, 0.05688095, 0.050677292, 0.043051645, 0.03490878, 0.02244265, 0.0019512725 ],
  "lightfield_0.6_0.0_0.0_x" : [ 0.028350752, 0.046810936, 0.056128487, 0.06201699, 0.06600096, 0.0688012, 0.06911636, 0.0690847, 0.068371445, 0.06555461, 0.062482942, 0.058280315, 0.052676816, 0.047082365, 0.0412949, 0.03537624, 0.029379167, 0.02621702, 0.024579398, 0.022394395 ],
  "lightfield_0.0_0.4_0.0_x" : [ 0.017004268, 0.033456948, 0.042243857, 0.048916772, 0.053845137, 0.05725343, 0.060294855, 0.06196116, 0.063074596, 0.06388145, 0.06377755, 0.06301944, 0.06195731, 0.06014349, 0.05711746, 0.05355267, 0.048521683, 0.04191675, 0.032619305, 0.015441866 ],
  "lightfield_0.0_0.4_0.0_y" : [ 0.018367842, 0.03374172, 0.04228747, 0.048480634, 0.05330253, 0.056721084, 0.0595996, 0.061527587, 0.06260896, 0.06346071, 0.063374765, 0.06256149, 0.06145447, 0.059535462, 0.056748025, 0.053342294, 0.048435736, 0.042387523, 0.03369554, 0.018366558 ],
  "lightfield_0.0_0.2_0.0_y" : [ 9.365912E-6, 0.020953106, 0.035609197, 0.044712864, 0.051631153, 0.057433333, 0.06446401, 0.0738549, 0.076745845, 0.07781044, 0.07762624, 0.07612145, 0.07137137, 0.061680775, 0.056810502, 0.051273685, 0.044883013, 0.035573296, 0.021360524, 7.4927295E-5 ],
  "lightfield_0.0_0.2_0.0_x" : [ 0.022153504, 0.04178758, 0.052110374, 0.058714904, 0.064058155, 0.067773305, 0.06974639, 0.070236534, 0.07018971, 0.06927185, 0.06696783, 0.06342284, 0.059162907, 0.053036038, 0.045090623, 0.036711253, 0.028208567, 0.024473129, 0.02228931, 0.014595213 ],