{
  "eccentricity_minmax" : 0.02814992,
  "compactness" : 0.91927403,
  "eccentricity" : 14.20735,
  "compactness_standardized" : -0.06508926,
  "convexity_minmax" : 0.4443424,
  "diameter_standardized" : -0.6713345,
  "surface_area_minmax" : 0.02661958,
  "convexity" : 0.8510037,
  "diameter_minmax" : 5.7307465E-5,
  "rectangularity _standardized" : -0.29846862,
  "convexity_standardized" : 1.8485625,
  "diameter" : 1.0000304,
  "surface_area" : 0.559172,
  "rectangularity " : 0.0051894193,
  "compactness_minmax" : 1.1713872E-7,
  "surface_area_standardized" : -0.63273096,
  "rectangularity _minmax" : 0.009351617,
  "eccentricity_standardized" : 0.23261262,
  "lightfield_0.0_0.0_0.6_y" : [ 0.0, 0.004111539, 0.07217955, 0.10820068, 0.12409767, 0.12855604, 0.12207441, 0.10659653, 0.08494049, 0.06648554, 0.058233555, 0.01638835, 0.0, 0.0, 0.0, 0.0, 0.007262033, 0.04745251, 0.04582668, 0.0075944243 ],
  "lightfield_0.0_0.0_0.6_x" : [ 0.0, 0.0, 0.0, 0.0, 0.021034604, 0.043933492, 0.08103128, 0.15459098, 0.16786496, 0.1697726, 0.13892522, 0.11497135, 0.08748401, 0.0203915, 0.0, 0.0, 0.0, 0.0, 0.0, 0.0 ],
  "lightfield_0.0_0.0_0.8_y" : [ 0.0, 0.0, 0.0, 0.015971856, 0.084186345, 0.11381844, 0.12633008, 0.13444243, 0.14401399, 0.14927292, 0.10299716, 0.021122437, 0.0, 0.013522983, 0.042967256, 0.043841336, 0.0075127683, 0.0, 0.0, 0.0 ],
  "lightfield_0.0_0.0_0.8_x" : [ 0.024532078, 0.05354292, 0.028288461, 0.0014808822, 0.0, 0.0, 0.0059596477, 0.042895015, 0.08182416, 0.112323105, 0.12121563, 0.12565827, 0.12847556, 0.12115783, 0.10102506, 0.051621385, 0.0, 0.0, 0.0, 0.0 ],
  "lightfield_0.0_0.0_0.2_y" : [ 0.0, 0.0, 0.0, 0.016767593, 0.08385949, 0.11337677, 0.125287, 0.1334089, 0.142564, 0.14757204, 0.10179658, 0.021280564, 0.0, 0.011056423, 0.042051718, 0.045359317, 0.015590919, 2.8699345E-5, 0.0, 0.0 ],
  "lightfield_0.0_0.0_0.2_x" : [ 0.0010547009, 0.06582912, 0.10485306, 0.12269688, 0.12763317, 0.12411749, 0.11981259, 0.108433306, 0.074403055, 0.034604236, 0.0024753185, 0.0, 0.0, 0.004764091, 0.037180003, 0.04960682, 0.015985535, 0.0065506254, 0.0, 0.0 ],
  "lightfield_0.0_0.0_0.4_y" : [ 0.0, 0.0043819756, 0.07265994, 0.10806948, 0.12394421, 0.12846334, 0.121901214, 0.10669063, 0.08478797, 0.06653817, 0.058164045, 0.016625518, 0.0, 0.0, 0.0, 0.0, 0.0061578667, 0.046837326, 0.047212716, 0.0075655854 ],
  "lightfield_0.0_0.0_0.4_x" : [ 0.0, 0.0, 0.0, 0.032471377, 0.093884006, 0.119085774, 0.14472069, 0.17286062, 0.1652445, 0.15370122, 0.06444464, 0.043660935, 0.009926221, 0.0, 0.0, 0.0, 0.0, 0.0, 0.0, 0.0 ],
  "lightfield_0.0_0.0_0.0_y" : [ 0.0, 0.0, 0.0, 0.0, 0.0, 0.0, 0.027279248, 0.091420986, 0.1628721, 0.21733736, 0.21821247, 0.16571264, 0.09101212, 0.026153075, 0.0, 0.0, 0.0, 0.0, 0.0, 0.0 ],
  "lightfield_0.0_0.0_0.0_x" : [ 0.060289793, 0.10316333, 0.12136145, 0.12707123, 0.12352772, 0.10740262, 0.08029553, 0.06536834, 0.057413384, 0.04013342, 0.0, 0.0, 0.0, 0.0, 0.0, 0.013320422, 0.048468545, 0.044329677, 0.0010329245, 0.0068216054 ],
  "d1" : [ 0.062396, 0.0460778, 0.0359449, 0.023392, 0.0262875, 0.0381844, 0.0420848, 0.0499779, 0.0546537, 0.0517662, 0.0601601, 0.0647869, 0.1298119, 0.1461518, 0.0874578, 0.0484488, 0.0053909, 0.0, 0.004672, 0.0223546 ],
  "d2" : [ 0.024332773, 0.056573734, 0.09125893, 0.06810356, 0.07369264, 0.089021534, 0.10841524, 0.044426702, 0.035430923, 0.031250887, 0.03485112, 0.043547947, 0.050830524, 0.056289684, 0.058845233, 0.062399656, 0.047403924, 0.014826504, 0.004830148, 0.003668344 ],
  "d3" : [ 0.0016717019, 0.011060863, 0.024770448, 0.038716592, 0.04814882, 0.062234722, 0.080378234, 0.09803695, 0.1130224, 0.116392165, 0.094050385, 0.07095335, 0.052671287, 0.047018148, 0.04196652, 0.039077014, 0.034294236, 0.020471456, 0.00409735, 9.673614E-4 ],
  "d4" : [ 1.4642336E-5, 1.0310645E-4, 7.2845625E-4, 0.0026305364, 0.005879915, 0.011862122, 0.02436383, 0.05010953, 0.1108373, 0.30549884, 0.28662485, 0.108009905, 0.04892686, 0.023837011, 0.011580665, 0.0056777694, 0.0025018058, 7.018153E-4, 9.8225675E-5, 1.2812045E-5 ],
  "lightfield_0.0_0.8_0.0_y" : [ 0.0, 0.0, 0.0, 0.0, 0.0, 0.0, 0.02519145, 0.09163932, 0.1566334, 0.22518118, 0.22554828, 0.16105348, 0.091059275, 0.023693621, 0.0, 0.0, 0.0, 0.0, 0.0, 0.0 ],
  "lightfield_0.0_0.8_0.0_x" : [ 0.030331064, 0.051755913, 0.052431405, 0.012489262, 0.0, 0.0, 0.019009229, 0.05492779, 0.060522627, 0.08028077, 0.111023, 0.12575167, 0.12973854, 0.12072219, 0.101345845, 0.049670696, 0.0, 0.0, 0.0, 0.0 ],
  "lightfield_0.8_0.0_0.0_x" : [ 0.06047446, 0.10329578, 0.12132467, 0.12743787, 0.123543054, 0.10730622, 0.08017978, 0.06555434, 0.057815287, 0.0401477, 0.0, 0.0, 0.0, 0.0, 0.0, 0.013505409, 0.048067406, 0.043558374, 9.971891E-4, 0.0067924475 ],
  "lightfield_0.8_0.0_0.0_y" : [ 0.0, 0.0, 0.0, 0.0, 0.0, 0.0, 0.024329968, 0.09062859, 0.16719536, 0.219714, 0.21837719, 0.16191316, 0.09134396, 0.02649777, 0.0, 0.0, 0.0, 0.0, 0.0, 0.0 ],
  "lightfield_0.0_0.6_0.0_x" : [ 0.0, 0.0, 0.0, 0.0, 0.026539076, 0.062322102, 0.07152087, 0.11499363, 0.14549053, 0.15756278, 0.15552965, 0.14116223, 0.10432197, 0.020557167, 0.0, 0.0, 0.0, 0.0, 0.0, 0.0 ],
  "lightfield_0.0_0.6_0.0_y" : [ 0.0, 0.0, 0.0, 0.0, 0.0, 0.0, 0.029945692, 0.110213526, 0.15818627, 0.20068313, 0.20186687, 0.1610959, 0.109626174, 0.028382445, 0.0, 0.0, 0.0, 0.0, 0.0, 0.0 ],
  "lightfield_0.6_0.0_0.0_y" : [ 0.0, 0.0, 0.0, 0.0, 0.0, 0.0, 0.021589924, 0.09037198, 0.16842051, 0.22312282, 0.22181478, 0.16180685, 0.090643875, 0.022229245, 0.0, 0.0, 0.0, 0.0, 0.0, 0.0 ],
  "lightfield_0.6_0.0_0.0_x" : [ 0.060654607, 0.103187785, 0.12131656, 0.12743787, 0.123418234, 0.10736174, 0.08011346, 0.0655928, 0.058053233, 0.04005673, 0.0, 0.0, 0.0, 0.0, 0.0, 0.013330198, 0.048419334, 0.043385606, 9.3326083E-4, 0.006738584 ],
  "lightfield_0.0_0.4_0.0_x" : [ 0.0, 0.0, 0.0, 0.036650155, 0.11312376, 0.14425437, 0.15648007, 0.15484399, 0.14116198, 0.105473705, 0.06688181, 0.06080492, 0.02032524, 0.0, 0.0, 0.0, 0.0, 0.0, 0.0, 0.0 ],
  "lightfield_0.0_0.4_0.0_y" : [ 0.0, 0.0, 0.0, 0.0, 0.0, 0.0, 0.029431595, 0.109671794, 0.15742397, 0.2017961, 0.2022995, 0.16162206, 0.10932121, 0.02843376, 0.0, 0.0, 0.0, 0.0, 0.0, 0.0 ],
  "lightfield_0.0_0.2_0.0_y" : [ 0.0, 0.0, 0.0, 0.0, 0.0, 0.0, 0.024532449, 0.090834595, 0.15446812, 0.2273983, 0.2307486, 0.15838404, 0.089884624, 0.023749266, 0.0, 0.0, 0.0, 0.0, 0.0, 0.0 ],
  "lightfield_0.0_0.2_0.0_x" : [ 6.8165833E-4, 0.06540294, 0.105055146, 0.12187181, 0.1283403, 0.12218363, 0.10533796, 0.07335079, 0.05834705, 0.05291554, 0.010877526, 0.0, 0.0, 0.017375035, 0.05205984, 0.050906822, 0.020297464, 0.014996483, 0.0, 0.0 ],
  "a3" : [ 0.15427321, 0.1629226, 0.095404126, 0.090138376, 0.09430214, 0.09178865, 0.056052323, 0.0, 0.0, 0.0, 0.0, 0.0, 0.0, 0.0034321507, 0.018099941, 0.028718377, 0.036134377, 0.042653956, 0.05501231, 0.07106745 ],
  "lightfield_0.4_0.0_0.0_y" : [ 0.0, 0.0, 0.0, 0.0, 0.0, 0.0, 0.024941979, 0.09092689, 0.16644183, 0.22003916, 0.21931389, 0.16224253, 0.09098491, 0.02510879, 0.0, 0.0, 0.0, 0.0, 0.0, 0.0 ],
  "lightfield_0.4_0.0_0.0_x" : [ 0.06037859, 0.10312591, 0.1216275, 0.1278358, 0.123651, 0.107317954, 0.08045402, 0.06548448, 0.05791993, 0.04010734, 0.0, 0.0, 0.0, 0.0, 0.0, 0.013178126, 0.04834639, 0.04285611, 9.936177E-4, 0.0067232377 ],
  "lightfield_0.2_0.0_0.0_x" : [ 0.060656138, 0.102875456, 0.12144161, 0.12761356, 0.12363304, 0.10738048, 0.0805156, 0.065470114, 0.057602495, 0.040236246, 0.0, 0.0, 0.0, 0.0, 0.0, 0.013198925, 0.048463117, 0.04309589, 0.0010130912, 0.006804236 ],
  "lightfield_0.2_0.0_0.0_y" : [ 0.0, 0.0, 0.0, 0.0, 0.0, 0.0, 0.026907988, 0.09146561, 0.16435069, 0.21802296, 0.2178577, 0.16389804, 0.09109198, 0.026405035, 0.0, 0.0, 0.0, 0.0, 0.0, 0.0 ]
}