{
  "eccentricity_minmax" : 0.0010457708,
  "compactness" : 2.8293064,
  "eccentricity" : 1.4913551,
  "compactness_standardized" : -0.065092735,
  "convexity_minmax" : 0.5429438,
  "diameter_standardized" : -0.57772136,
  "surface_area_minmax" : 0.12711222,
  "convexity" : 1.0396174,
  "diameter_minmax" : 0.015066246,
  "rectangularity _standardized" : 2.1221523,
  "convexity_standardized" : 2.525147,
  "diameter" : 1.0079918,
  "surface_area" : 2.6103585,
  "rectangularity " : 0.12157222,
  "compactness_minmax" : 6.0235294E-7,
  "surface_area_standardized" : 0.62282795,
  "rectangularity _minmax" : 0.21908094,
  "eccentricity_standardized" : -0.3424264,
  "lightfield_0.0_0.0_0.6_y" : [ 0.009855899, 0.024972929, 0.020988246, 0.0037730667, 0.008115696, 0.031465486, 0.04580584, 0.055893615, 0.06365812, 0.07051312, 0.07545683, 0.07808852, 0.07943701, 0.07939649, 0.07740865, 0.07393725, 0.06820111, 0.060038134, 0.047773417, 0.025220564 ],
  "lightfield_0.0_0.0_0.6_x" : [ 0.0, 0.0, 8.5997104E-4, 0.031112041, 0.050051667, 0.061861634, 0.06954059, 0.0750246, 0.07976569, 0.08418036, 0.08784987, 0.093421675, 0.096449584, 0.09226904, 0.084812954, 0.061931424, 0.030418662, 4.5024662E-4, 0.0, 0.0 ],
  "lightfield_0.0_0.0_0.8_y" : [ 0.0, 0.0037841497, 0.013331334, 0.025336836, 0.064537704, 0.06979566, 0.0689098, 0.0744341, 0.07592566, 0.07631434, 0.07566326, 0.07461167, 0.07393692, 0.07078609, 0.06650278, 0.060864042, 0.051827855, 0.039686218, 0.013751576, 0.0 ],
  "lightfield_0.0_0.0_0.8_x" : [ 0.025472969, 0.04466796, 0.05506944, 0.063316435, 0.0679095, 0.07173903, 0.074157886, 0.074475534, 0.07441437, 0.0725223, 0.06967728, 0.06714794, 0.06336379, 0.057028595, 0.042860724, 0.019956555, 0.014021873, 0.02109693, 0.015704812, 0.005396063 ],
  "lightfield_0.0_0.0_0.2_y" : [ 0.0, 0.0038347314, 0.013423534, 0.025547761, 0.06466518, 0.06971628, 0.06890471, 0.07453438, 0.075938344, 0.07639646, 0.075687565, 0.07459362, 0.07393212, 0.07073914, 0.06648382, 0.060806755, 0.051751103, 0.039538015, 0.013506469, 0.0 ],
  "lightfield_0.0_0.0_0.2_x" : [ 0.005331501, 0.015654866, 0.021096947, 0.014090959, 0.020068165, 0.042784307, 0.057078652, 0.06349423, 0.06716901, 0.06973011, 0.07253211, 0.0744396, 0.07453635, 0.0741671, 0.071775824, 0.0680102, 0.06331651, 0.05496975, 0.044565424, 0.025188379 ],
  "lightfield_0.0_0.0_0.4_y" : [ 0.009971231, 0.025068661, 0.020848937, 0.003679886, 0.008185272, 0.031492714, 0.0459086, 0.056005795, 0.06361074, 0.070448674, 0.075419664, 0.07803337, 0.079466194, 0.07935373, 0.07736308, 0.07390363, 0.06812513, 0.060029827, 0.047782283, 0.025302589 ],
  "lightfield_0.0_0.0_0.4_x" : [ 0.0, 0.0, 3.6438968E-4, 0.030102637, 0.061685324, 0.084644124, 0.09223557, 0.096423805, 0.093528934, 0.087820165, 0.084050305, 0.07974286, 0.07505303, 0.069647916, 0.061975487, 0.050186805, 0.031420738, 0.0011179115, 0.0, 0.0 ],
  "lightfield_0.0_0.0_0.0_y" : [ 0.0, 0.0, 0.001186457, 0.03108249, 0.050637804, 0.061930373, 0.071775064, 0.08467415, 0.0990658, 0.100153945, 0.1001182, 0.09905687, 0.08455573, 0.071696855, 0.061789606, 0.050432242, 0.03078085, 0.001063566, 0.0, 0.0 ],
  "lightfield_0.0_0.0_0.0_x" : [ 0.02486644, 0.02481058, 0.009449203, 0.0, 0.0156160975, 0.033091202, 0.042073417, 0.05324533, 0.06308555, 0.07011268, 0.07489873, 0.07770734, 0.079608805, 0.07893402, 0.07674656, 0.07399604, 0.0677353, 0.06025682, 0.047771093, 0.025994804 ],
  "d1" : [ 0.0028788, 0.0040163, 0.00544, 0.0077695, 0.0092474, 0.0112643, 0.0115235, 0.0144291, 0.0347533, 0.1637499, 0.1657297, 0.1237414, 0.0665499, 0.0853112, 0.0621399, 0.0989011, 0.0968889, 0.0086523, 0.0071526, 0.0198609 ],
  "d2" : [ 0.00415573, 0.015067646, 0.027228082, 0.04009034, 0.053847656, 0.06514604, 0.07612487, 0.085580125, 0.09579342, 0.10201781, 0.10395485, 0.099104, 0.09446499, 0.089198165, 0.018321916, 0.008931768, 0.007182061, 0.0066973763, 0.004416676, 0.00267647 ],
  "d3" : [ 3.0497945E-4, 0.0030292678, 0.010453923, 0.022142353, 0.035728175, 0.052184187, 0.06961953, 0.08424637, 0.09445649, 0.10183868, 0.10578761, 0.10552137, 0.09978171, 0.08764109, 0.06938277, 0.037928633, 0.009979599, 0.005862125, 0.0030611644, 0.0010499704 ],
  "d4" : [ 2.2573602E-5, 1.3300122E-4, 4.3642297E-4, 0.0011337643, 0.004008543, 0.013132142, 0.030617025, 0.062236845, 0.12093777, 0.27492177, 0.2646459, 0.11861218, 0.060966622, 0.02993453, 0.012730291, 0.0038666953, 0.0011024459, 4.2289915E-4, 1.1927403E-4, 1.931975E-5 ],
  "lightfield_0.0_0.8_0.0_y" : [ 0.0, 0.0, 0.014199783, 0.041087132, 0.052468337, 0.061820716, 0.06805761, 0.081578486, 0.09711036, 0.09864633, 0.09848204, 0.095524915, 0.07472997, 0.06652758, 0.059116937, 0.049295455, 0.03527183, 0.0060825106, 0.0, 0.0 ],
  "lightfield_0.0_0.8_0.0_x" : [ 0.025693808, 0.04478058, 0.054863337, 0.063437834, 0.06816054, 0.07104642, 0.07356216, 0.07537127, 0.07406491, 0.07163626, 0.06878007, 0.06453835, 0.056688286, 0.046744086, 0.0329085, 0.020684099, 0.02292867, 0.023478927, 0.02334631, 0.017285572 ],
  "lightfield_0.8_0.0_0.0_x" : [ 0.0249987, 0.024980614, 0.009492634, 0.0, 0.015867777, 0.033412986, 0.04214829, 0.05324601, 0.062831335, 0.07021022, 0.07516791, 0.07750546, 0.07952652, 0.078850575, 0.07665997, 0.07393584, 0.06749514, 0.060059726, 0.04753777, 0.026072528 ],
  "lightfield_0.8_0.0_0.0_y" : [ 0.0, 0.0, 3.300606E-4, 0.028728837, 0.049750984, 0.06207174, 0.0722878, 0.085614555, 0.100241214, 0.10127435, 0.10134443, 0.10023896, 0.085252844, 0.07213407, 0.062035568, 0.049753245, 0.028647453, 2.9388958E-4, 0.0, 0.0 ],
  "lightfield_0.0_0.6_0.0_x" : [ 0.017031945, 0.032523874, 0.042003833, 0.048087887, 0.05276823, 0.05731358, 0.060819577, 0.062612556, 0.06397301, 0.06505561, 0.064941585, 0.06380787, 0.062415954, 0.0605758, 0.05707766, 0.052550662, 0.04771697, 0.041543793, 0.031850196, 0.015329407 ],
  "lightfield_0.0_0.6_0.0_y" : [ 0.016393658, 0.0317768, 0.040968414, 0.048644915, 0.053280696, 0.057465617, 0.060840547, 0.06261779, 0.06386161, 0.064949445, 0.064839356, 0.06375937, 0.06251425, 0.06070686, 0.05737649, 0.05319026, 0.04837885, 0.040870115, 0.031543504, 0.016021432 ],
  "lightfield_0.6_0.0_0.0_y" : [ 0.0, 0.0, 0.0012398771, 0.031244904, 0.050486457, 0.06188439, 0.07179, 0.08512036, 0.09904943, 0.10005026, 0.10011058, 0.09905613, 0.08425133, 0.071586706, 0.06177269, 0.050332308, 0.03093661, 0.0010879643, 0.0, 0.0 ],
  "lightfield_0.6_0.0_0.0_x" : [ 0.02481318, 0.024922647, 0.009447641, 0.0, 0.015676068, 0.033190727, 0.042095505, 0.053211953, 0.06297235, 0.07009662, 0.07506953, 0.07767216, 0.07960458, 0.07899916, 0.07674504, 0.07405306, 0.067853674, 0.060126223, 0.04761128, 0.025838593 ],
  "lightfield_0.0_0.4_0.0_x" : [ 0.015849214, 0.03212048, 0.041721497, 0.04785304, 0.052655518, 0.057203714, 0.060649592, 0.062441345, 0.063841194, 0.064942196, 0.06507458, 0.063953914, 0.062585525, 0.06076887, 0.057212885, 0.052693527, 0.0479946, 0.041823734, 0.032341994, 0.016272577 ],
  "lightfield_0.0_0.4_0.0_y" : [ 0.0162752, 0.0316827, 0.04097963, 0.0484101, 0.05322699, 0.057425223, 0.06073741, 0.062531784, 0.06377959, 0.06482161, 0.06489108, 0.06379532, 0.06255276, 0.0607728, 0.05741867, 0.05337117, 0.04857525, 0.040919337, 0.031668283, 0.016165098 ],
  "lightfield_0.0_0.2_0.0_y" : [ 0.0, 0.0, 0.013578054, 0.040664542, 0.0523867, 0.06174971, 0.068005644, 0.08174681, 0.09723645, 0.09916793, 0.098776065, 0.09568291, 0.07470515, 0.06677037, 0.059185676, 0.049347255, 0.035291802, 0.005704931, 0.0, 0.0 ],
  "lightfield_0.0_0.2_0.0_x" : [ 0.016635403, 0.023440344, 0.023490073, 0.023167828, 0.020528203, 0.03256664, 0.04661215, 0.056683302, 0.064655885, 0.06891071, 0.07179102, 0.07418598, 0.0755406, 0.07372847, 0.07127981, 0.068282135, 0.063581735, 0.054887086, 0.04468465, 0.025347956 ],
  "a3" : [ 0.04257899, 0.10669712, 0.1458511, 0.15975419, 0.15114936, 0.12787846, 0.069368385, 0.0, 0.0, 0.0, 0.0, 0.0, 0.0, 8.251852E-4, 0.004356648, 0.009372458, 0.017729156, 0.031753983, 0.05276466, 0.07992031 ],