{
  "eccentricity_minmax" : 0.0010457708,
  "compactness" : 2.8293064,
  "eccentricity" : 1.4913551,
  "compactness_standardized" : -0.06507651,
  "convexity_minmax" : 0.5429438,
  "diameter_standardized" : -0.57828903,
  "surface_area_minmax" : 0.12711222,
  "convexity" : 1.0396174,
  "diameter_minmax" : 0.015066246,
  "rectangularity _standardized" : 2.1216905,
  "convexity_standardized" : 2.523612,
  "diameter" : 1.0079918,
  "surface_area" : 2.6103585,
  "rectangularity " : 0.12157222,
  "compactness_minmax" : 6.0235294E-7,
  "surface_area_standardized" : 0.6225889,
  "rectangularity _minmax" : 0.21908094,
  "eccentricity_standardized" : -0.34235606,
  "lightfield_0.0_0.0_0.6_y" : [ 0.023083685, 0.023719965, 0.0069608544, 0.004064995, 0.026937336, 0.042920772, 0.0539736, 0.06214631, 0.06901498, 0.07466955, 0.07774527, 0.07936858, 0.07984298, 0.07823317, 0.07520915, 0.07018412, 0.06265893, 0.051990565, 0.03433437, 0.002940826 ],
  "lightfield_0.0_0.0_0.6_x" : [ 0.0, 0.0, 0.0022101162, 0.03361715, 0.051302575, 0.06269041, 0.070197605, 0.075537406, 0.08025892, 0.084600456, 0.088094376, 0.09264276, 0.09337347, 0.09093852, 0.084434085, 0.060754586, 0.029158695, 1.8886039E-4, 0.0, 0.0 ],
  "lightfield_0.0_0.0_0.8_y" : [ 0.0, 1.5665562E-5, 0.0065370155, 0.01588488, 0.044329066, 0.07168561, 0.07317832, 0.07679259, 0.080738075, 0.08119461, 0.08102453, 0.07965939, 0.07895667, 0.075678095, 0.07080834, 0.06413705, 0.05374407, 0.038168024, 0.0074679977, 0.0 ],
  "lightfield_0.0_0.0_0.8_x" : [ 0.0, 0.0050711664, 0.03582043, 0.052394595, 0.06325307, 0.070396565, 0.07494405, 0.07844866, 0.07931922, 0.07937964, 0.077721335, 0.07450989, 0.07162743, 0.06728583, 0.05953809, 0.041663684, 0.01686286, 0.018048966, 0.021759467, 0.011955062 ],
  "lightfield_0.0_0.0_0.2_y" : [ 0.0, 8.935812E-6, 0.006520909, 0.01577841, 0.043986533, 0.07308154, 0.07309047, 0.076533, 0.08058315, 0.081166215, 0.08087133, 0.07939022, 0.0788362, 0.07556346, 0.07072918, 0.064127855, 0.053724334, 0.038352504, 0.007655757, 0.0 ],
  "lightfield_0.0_0.0_0.2_x" : [ 4.9146963E-4, 0.009320051, 0.020328972, 0.020145787, 0.014779833, 0.035455067, 0.05643412, 0.065825656, 0.0707895, 0.07372268, 0.07683011, 0.07910651, 0.07929416, 0.07878705, 0.07572207, 0.07137256, 0.0652694, 0.05484578, 0.040709324, 0.010769887 ],
  "lightfield_0.0_0.0_0.4_y" : [ 0.023088079, 0.02370187, 0.006947333, 0.0041121915, 0.026856275, 0.043024, 0.053993594, 0.062080827, 0.06898095, 0.07463998, 0.07775842, 0.0793345, 0.07974819, 0.078221574, 0.07530099, 0.070143335, 0.06270362, 0.052107245, 0.034349952, 0.0029070878 ],
  "lightfield_0.0_0.0_0.4_x" : [ 0.0, 0.0, 0.0, 0.0, 0.020680118, 0.05304255, 0.08151088, 0.09000281, 0.09300657, 0.09383846, 0.088404246, 0.085566856, 0.08113766, 0.07664774, 0.07163397, 0.06447979, 0.054324098, 0.03861503, 0.0071092127, 0.0 ],
  "lightfield_0.0_0.0_0.0_y" : [ 0.0, 0.0, 0.001186457, 0.03108249, 0.050637804, 0.061930373, 0.071775064, 0.08467415, 0.0990658, 0.100153945, 0.1001182, 0.09905687, 0.08455573, 0.071696855, 0.061789606, 0.050432242, 0.03078085, 0.001063566, 0.0, 0.0 ],
  "lightfield_0.0_0.0_0.0_x" : [ 0.02486644, 0.02481058, 0.009449203, 0.0, 0.0156160975, 0.033091202, 0.042073417, 0.05324533, 0.06308555, 0.07011268, 0.07489873, 0.07770734, 0.079608805, 0.07893402, 0.07674656, 0.07399604, 0.0677353, 0.06025682, 0.047771093, 0.025994804 ],
  "d1" : [ 0.0028687, 0.0040275, 0.0054531, 0.0077675, 0.009247, 0.0112286, 0.0114971, 0.0143793, 0.0348188, 0.1635284, 0.1654976, 0.1238967, 0.0666879, 0.0854203, 0.0621776, 0.0989883, 0.0969119, 0.0086178, 0.0072012, 0.0197847 ],
  "d2" : [ 0.004185635, 0.015049143, 0.027120462, 0.040461205, 0.053848356, 0.06550971, 0.0768822, 0.08617933, 0.09611778, 0.10232267, 0.10426831, 0.09834677, 0.09403181, 0.08842853, 0.017995961, 0.00882375, 0.00694702, 0.0064769373, 0.0044215764, 0.0025828537 ],
  "d3" : [ 3.9372634E-4, 0.0033104003, 0.011021621, 0.02319192, 0.037490334, 0.054482147, 0.07125803, 0.084847674, 0.09491833, 0.102128364, 0.10512151, 0.104497164, 0.09857155, 0.08600682, 0.067810886, 0.035843685, 0.00999761, 0.005657565, 0.0027093966, 7.4126804E-4 ],
  "d4" : [ 1.44389705E-5, 1.2049423E-4, 4.4618454E-4, 0.0012613763, 0.0043749064, 0.013165596, 0.03029896, 0.061438635, 0.11960044, 0.27146527, 0.26881224, 0.11881066, 0.060929812, 0.03011115, 0.013056287, 0.004318066, 0.0011996548, 4.4150712E-4, 1.1846057E-4, 1.5862532E-5 ],
  "lightfield_0.0_0.8_0.0_y" : [ 0.0, 0.0, 0.0011182359, 0.030194636, 0.050590534, 0.062036008, 0.071020454, 0.08012738, 0.102024846, 0.10338125, 0.10342434, 0.101959065, 0.08011831, 0.07086395, 0.061977033, 0.050359175, 0.029786356, 0.0010184338, 0.0, 0.0 ],
  "lightfield_0.0_0.8_0.0_x" : [ 0.0, 0.003980738, 0.03696983, 0.05253894, 0.06356706, 0.0712813, 0.07517358, 0.078158565, 0.08074888, 0.080025315, 0.07726488, 0.0740871, 0.06930794, 0.06026679, 0.04856954, 0.03195705, 0.021815807, 0.025109272, 0.025247633, 0.023929793 ],
  "lightfield_0.8_0.0_0.0_x" : [ 0.02506098, 0.025029331, 0.009492247, 0.0, 0.015846785, 0.033411626, 0.04213075, 0.053241584, 0.06284686, 0.07021641, 0.0751626, 0.07750231, 0.07952329, 0.07884963, 0.07667041, 0.07391927, 0.06749239, 0.060034677, 0.047506448, 0.026062423 ],
  "lightfield_0.8_0.0_0.0_y" : [ 0.0, 0.0, 4.724648E-4, 0.02945106, 0.050103873, 0.06224554, 0.072522216, 0.08619205, 0.10025974, 0.10128605, 0.101324484, 0.100207746, 0.08475657, 0.07185308, 0.061838634, 0.04939405, 0.027922895, 1.6954479E-4, 0.0, 0.0 ],
  "lightfield_0.0_0.6_0.0_x" : [ 0.0, 0.0, 0.0018375999, 0.036192838, 0.05681564, 0.0687486, 0.07782985, 0.08473547, 0.08806755, 0.09037535, 0.09004748, 0.08766089, 0.08418139, 0.07699111, 0.067800574, 0.055377077, 0.03275147, 5.87117E-4, 0.0, 0.0 ],
  "lightfield_0.0_0.6_0.0_y" : [ 0.0, 0.0, 0.0013292735, 0.03454332, 0.05507208, 0.06932555, 0.077845104, 0.08461855, 0.08794301, 0.09013135, 0.090014435, 0.08776509, 0.084478766, 0.07774089, 0.06904852, 0.054884, 0.03402991, 0.0012301499, 0.0, 0.0 ],
  "lightfield_0.6_0.0_0.0_y" : [ 0.0, 0.0, 0.0015233925, 0.03197561, 0.050783474, 0.062054794, 0.07199035, 0.085535586, 0.09905849, 0.100050256, 0.100070365, 0.09900488, 0.08380669, 0.071362674, 0.06159018, 0.05001061, 0.030315958, 8.666808E-4, 0.0, 0.0 ],
  "lightfield_0.6_0.0_0.0_x" : [ 0.024809856, 0.024919307, 0.009446374, 0.0, 0.015673967, 0.03318628, 0.04208986, 0.053200353, 0.06296392, 0.070087224, 0.07510415, 0.077661745, 0.07959391, 0.07901315, 0.07682858, 0.0740476, 0.06784458, 0.060118165, 0.0476049, 0.025806092 ],
  "lightfield_0.0_0.4_0.0_x" : [ 0.0, 0.0, 0.0, 0.0, 0.022221996, 0.050670423, 0.065255515, 0.07469935, 0.08271492, 0.08695652, 0.089487754, 0.090666965, 0.088710085, 0.085856095, 0.07998292, 0.071176976, 0.060663205, 0.042809874, 0.008127395, 0.0 ],
  "lightfield_0.0_0.4_0.0_y" : [ 0.0, 0.0, 0.0013698143, 0.034410547, 0.0550645, 0.0690549, 0.07783036, 0.084506616, 0.08784347, 0.08998333, 0.09004432, 0.087802805, 0.08464385, 0.07785577, 0.06925059, 0.05493489, 0.034204695, 0.0011995406, 0.0, 0.0 ],
  "lightfield_0.0_0.2_0.0_y" : [ 0.0, 0.0, 0.0011218238, 0.029951343, 0.050166696, 0.06157641, 0.07039332, 0.07980267, 0.102081455, 0.10532528, 0.105232924, 0.10213102, 0.079453506, 0.07044963, 0.061520092, 0.05011714, 0.029667508, 0.0010091908, 0.0, 0.0 ],
  "lightfield_0.0_0.2_0.0_x" : [ 0.0025950621, 0.021835016, 0.025087854, 0.025029285, 0.022269778, 0.027561272, 0.044843666, 0.05718823, 0.06702559, 0.072657235, 0.07606325, 0.07887457, 0.080426656, 0.07832267, 0.07540097, 0.07192062, 0.06552982, 0.055018924, 0.041689944, 0.010659578 ],
  "a3" : [ 0.045713913, 0.11352731, 0.15403907, 0.1655185, 0.1516572, 0.124239326, 0.06621676, 0.0, 0.0, 0.0, 0.0, 0.0, 0.0, 6.167004E-4, 0.003333543, 0.007550832, 0.015158313, 0.028479405, 0.04884722, 0.07510191 ],