{
  "eccentricity_minmax" : 0.004414905,
  "compactness" : 38.540707,
  "eccentricity" : 3.0719948,
  "compactness_standardized" : -0.06483806,
  "convexity_minmax" : 0.15963404,
  "diameter_standardized" : -0.6584236,
  "surface_area_minmax" : 0.064552225,
  "convexity" : 0.30638784,
  "diameter_minmax" : 0.0021399283,
  "rectangularity _standardized" : -0.31210855,
  "convexity_standardized" : -0.10062043,
  "diameter" : 1.0011351,
  "surface_area" : 1.333427,
  "rectangularity " : 0.0045334897,
  "compactness_minmax" : 9.674282E-6,
  "surface_area_standardized" : -0.15888932,
  "rectangularity _minmax" : 0.00816959,
  "eccentricity_standardized" : -0.27088556,
  "lightfield_0.0_0.0_0.6_y" : [ 0.0014889975, 0.007482109, 0.029198375, 0.04450494, 0.052213904, 0.07313411, 0.08986368, 0.08183299, 0.071719356, 0.065895356, 0.06727299, 0.04765617, 0.043304667, 0.056936625, 0.05716348, 0.056326177, 0.053880263, 0.05009796, 0.04122997, 0.008797872 ],
  "lightfield_0.0_0.0_0.6_x" : [ 0.0, 0.0, 0.0, 5.7745056E-5, 0.006013735, 0.077902205, 0.12361979, 0.1404071, 0.14012663, 0.14490709, 0.13400152, 0.091426924, 0.060871538, 0.045511354, 0.028967395, 0.00618697, 0.0, 0.0, 0.0, 0.0 ],
  "lightfield_0.0_0.0_0.8_y" : [ 0.0, 0.0038807753, 0.013026551, 0.029167611, 0.042618494, 0.05733001, 0.08256741, 0.08477558, 0.08356026, 0.10618164, 0.084928006, 0.09272251, 0.089204274, 0.0859085, 0.07321977, 0.054726347, 0.016182257, 0.0, 0.0, 0.0 ],
  "lightfield_0.0_0.0_0.8_x" : [ 0.0044328175, 0.028232435, 0.045123283, 0.0586648, 0.06844913, 0.071761385, 0.06464663, 0.06842029, 0.07622716, 0.08812903, 0.105646074, 0.089237235, 0.058079798, 0.059908953, 0.063315965, 0.029451871, 0.014744475, 0.0050672544, 4.6140852E-4, 0.0 ],
  "lightfield_0.0_0.0_0.2_y" : [ 0.0, 0.0, 0.0039547672, 0.021829491, 0.03949, 0.04807102, 0.080005765, 0.082160294, 0.0802859, 0.09938001, 0.13613051, 0.11666976, 0.08565779, 0.08220149, 0.07233517, 0.042184185, 0.009643865, 0.0, 0.0, 0.0 ],
  "lightfield_0.0_0.0_0.2_x" : [ 0.0, 0.0063688233, 0.020729572, 0.041240808, 0.058452286, 0.06367999, 0.06923315, 0.08045068, 0.09692888, 0.088599145, 0.060668603, 0.052503657, 0.06389009, 0.067643, 0.06396424, 0.061298896, 0.05650374, 0.044116255, 0.003728192, 0.0 ],
  "lightfield_0.0_0.0_0.4_y" : [ 0.0025187568, 0.009510265, 0.018323852, 0.034458734, 0.051446944, 0.07321296, 0.08912112, 0.082921095, 0.0842485, 0.07968093, 0.046875257, 0.054509852, 0.056904938, 0.055915575, 0.059196968, 0.058096297, 0.053640038, 0.04549015, 0.03265727, 0.011270509 ],
  "lightfield_0.0_0.0_0.4_x" : [ 0.0, 1.8138347E-4, 0.006768901, 0.018365076, 0.02903372, 0.04968258, 0.06852997, 0.09812845, 0.10548273, 0.10595267, 0.14793058, 0.14890346, 0.120690085, 0.08093, 0.019420397, 0.0, 0.0, 0.0, 0.0, 0.0 ],
  "lightfield_0.0_0.0_0.0_y" : [ 0.0, 0.0, 0.0, 0.0, 0.0058446247, 0.026740085, 0.07770009, 0.13469447, 0.1583122, 0.17023243, 0.16196664, 0.12052631, 0.06299985, 0.047091093, 0.028257955, 0.0056342673, 0.0, 0.0, 0.0, 0.0 ],
  "lightfield_0.0_0.0_0.0_x" : [ 0.0030109922, 0.014089794, 0.019542577, 0.030823486, 0.06754109, 0.07758873, 0.09498649, 0.0791726, 0.06614696, 0.06372579, 0.062360536, 0.047066346, 0.046200167, 0.051529214, 0.05592196, 0.054709315, 0.0528491, 0.049396772, 0.040532906, 0.022805173 ],
  "d1" : [ 0.0304787, 0.1989865, 0.1906485, 0.1264929, 0.1033066, 0.0681351, 0.0559618, 0.0476996, 0.0397404, 0.0284254, 0.0209963, 0.0224139, 0.018181, 0.0116018, 0.008658, 0.0079916, 0.0074046, 0.005568, 0.0035097, 0.0037996 ],
  "d2" : [ 0.06212911, 0.18358704, 0.2073505, 0.16586792, 0.12221936, 0.085374594, 0.06052733, 0.041503087, 0.028556215, 0.0187919, 0.010908816, 0.005898636, 0.0034264016, 0.0019126359, 0.0010327813, 5.373944E-4, 2.4054224E-4, 9.391649E-5, 3.7106514E-5, 4.7008257E-6 ],
  "d3" : [ 0.025068082, 0.12401202, 0.19953875, 0.19859655, 0.16320485, 0.11673237, 0.07711049, 0.047098342, 0.025744248, 0.012790421, 0.0059230006, 0.0025675225, 0.001022803, 3.8225565E-4, 1.3825198E-4, 4.7492675E-5, 1.6803551E-5, 4.326663E-6, 1.2074408E-6, 2.0124014E-7 ],
  "d4" : [ 1.016829E-6, 2.033658E-6, 7.0161195E-6, 2.8166161E-5, 1.03411505E-4, 4.018508E-4, 0.0017121366, 0.008894101, 0.07368308, 0.8386567, 0.06601325, 0.008368095, 0.0016306886, 3.7368463E-4, 8.85658E-5, 2.3793797E-5, 8.134632E-6, 2.847121E-6, 8.1346315E-7, 6.1009735E-7 ],
  "lightfield_0.0_0.8_0.0_y" : [ 0.0, 0.0, 0.0, 0.0, 0.006258831, 0.02611672, 0.07017848, 0.13677101, 0.16889152, 0.17809358, 0.1687997, 0.13299122, 0.05281494, 0.033212103, 0.020658733, 0.005213142, 0.0, 0.0, 0.0, 0.0 ],
  "lightfield_0.0_0.8_0.0_x" : [ 0.0, 0.025147544, 0.050545033, 0.061491612, 0.06630688, 0.07011727, 0.07121397, 0.07125988, 0.07891636, 0.076620944, 0.07990594, 0.103507906, 0.09438235, 0.063715614, 0.04310279, 0.028733492, 0.013425626, 0.0016067903, 0.0, 0.0 ],
  "lightfield_0.8_0.0_0.0_x" : [ 0.0018806842, 0.010933231, 0.018717954, 0.036336504, 0.059264943, 0.066956095, 0.093266964, 0.080219135, 0.07605075, 0.06529997, 0.060813464, 0.046343427, 0.046048693, 0.05515738, 0.05710824, 0.054296568, 0.052266177, 0.04913638, 0.043377373, 0.026526067 ],
  "lightfield_0.8_0.0_0.0_y" : [ 0.0, 0.0, 0.0, 0.0, 0.004636214, 0.027924884, 0.062118717, 0.13384202, 0.18715146, 0.19132921, 0.19214323, 0.13613908, 0.044762153, 0.015625585, 0.004327445, 0.0, 0.0, 0.0, 0.0, 0.0 ],
  "lightfield_0.0_0.6_0.0_x" : [ 0.0, 0.0, 0.0, 0.0, 0.0, 0.0, 0.070865065, 0.1345869, 0.1754714, 0.19414885, 0.18256211, 0.15787594, 0.07421608, 0.010168601, 1.0504753E-4, 0.0, 0.0, 0.0, 0.0, 0.0 ],
  "lightfield_0.0_0.6_0.0_y" : [ 0.0, 0.0, 0.0, 0.0, 0.0056410525, 0.02691318, 0.07350176, 0.140333, 0.16227743, 0.16546038, 0.15161511, 0.14031199, 0.07345974, 0.03588424, 0.020326698, 0.0042754347, 0.0, 0.0, 0.0, 0.0 ],
  "lightfield_0.6_0.0_0.0_y" : [ 0.0, 0.0, 0.0, 0.0, 0.0, 0.0, 0.018798424, 0.1498971, 0.25949436, 0.2620877, 0.2106533, 0.07892241, 0.020146698, 0.0, 0.0, 0.0, 0.0, 0.0, 0.0, 0.0 ],
  "lightfield_0.6_0.0_0.0_x" : [ 0.0021804622, 0.00890893, 0.014114945, 0.038170993, 0.06133034, 0.067091145, 0.089760214, 0.07226491, 0.07968364, 0.0698264, 0.058588635, 0.040854637, 0.044202745, 0.05469864, 0.058208022, 0.057640325, 0.055646945, 0.052221425, 0.04617032, 0.028436325 ],
  "lightfield_0.0_0.4_0.0_x" : [ 0.0, 0.0, 0.0, 0.0, 0.0, 0.0055583674, 0.048985414, 0.13424745, 0.14781208, 0.19030046, 0.13821378, 0.13030875, 0.11600792, 0.08424976, 0.004316017, 0.0, 0.0, 0.0, 0.0, 0.0 ],
  "lightfield_0.0_0.4_0.0_y" : [ 0.0, 0.0, 0.0, 0.0, 0.0057332166, 0.028215157, 0.07603184, 0.14295311, 0.16457, 0.16864675, 0.17280634, 0.11664289, 0.05525238, 0.04057424, 0.023162931, 0.0054111257, 0.0, 0.0, 0.0, 0.0 ],
  "lightfield_0.0_0.2_0.0_y" : [ 0.0, 0.0, 0.0, 0.0, 0.006199711, 0.030570457, 0.07808438, 0.124288216, 0.14999484, 0.17504641, 0.16281205, 0.12099237, 0.06720652, 0.048493914, 0.030235197, 0.0060759233, 0.0, 0.0, 0.0, 0.0 ],
  "lightfield_0.0_0.2_0.0_x" : [ 0.0, 0.0, 0.005080462, 0.025025789, 0.061579328, 0.07271508, 0.10093872, 0.10985661, 0.09424386, 0.080209404, 0.068800285, 0.048390757, 0.040741697, 0.056163605, 0.06810914, 0.06608727, 0.059995875, 0.038338147, 0.003723953, 0.0 ],
  "a3" : [ 0.118901126, 0.16610533, 0.14009453, 0.114870995, 0.09532333, 0.080578566, 0.047167066, 0.0, 0.0, 0.0, 0.0, 0.0, 0.0, 0.0028648546, 0.014727256, 0.025734387, 0.034942735, 0.043453984, 0.052770197, 0.062465645 ],
  "lightfield_0.4_0.0_0.0_y" : [ 0.0, 0.0, 0.0, 0.0, 0.0, 0.0, 0.021726923, 0.14669223, 0.22417589, 0.2766342, 0.18802889, 0.10045636, 0.041233387, 0.0010521356, 0.0, 0.0, 0.0, 0.0, 0.0, 0.0 ],
  "lightfield_0.4_0.0_0.0_x" : [ 0.0033887802, 0.013987594, 0.017408649, 0.03198363, 0.069686234, 0.08076916, 0.09527314, 0.075366475, 0.06360579, 0.0737915, 0.052077483, 0.03786397, 0.046590887, 0.05138682, 0.05697024, 0.059455343, 0.058416117, 0.052761696, 0.039768144, 0.019448372 ],