{
  "eccentricity_minmax" : 8.0508646E-4,
  "compactness" : 37.18613,
  "eccentricity" : 1.3784373,
  "compactness_standardized" : -0.064847104,
  "convexity_minmax" : 0.22317806,
  "diameter_standardized" : -0.5909463,
  "surface_area_minmax" : 0.18277974,
  "convexity" : 0.42794058,
  "diameter_minmax" : 0.013024527,
  "rectangularity _standardized" : 2.5882401,
  "convexity_standardized" : 0.3344174,
  "diameter" : 1.0069088,
  "surface_area" : 3.7466054,
  "rectangularity " : 0.14400809,
  "compactness_minmax" : 9.330173E-6,
  "surface_area_standardized" : 1.3179685,
  "rectangularity _minmax" : 0.25951183,
  "eccentricity_standardized" : -0.34746176,
  "lightfield_0.0_0.0_0.6_y" : [ 0.0, 0.0, 0.0, 0.0, 0.02023216, 0.06265652, 0.09894411, 0.11202705, 0.111522235, 0.10120592, 0.095796764, 0.08575401, 0.06532162, 0.052602485, 0.049074408, 0.04680978, 0.04444081, 0.040382534, 0.013229587, 0.0 ],
  "lightfield_0.0_0.0_0.6_x" : [ 0.011258263, 0.017036866, 0.021433568, 0.031975497, 0.06803183, 0.09669077, 0.09681204, 0.09735352, 0.09771732, 0.095672674, 0.08274767, 0.064038426, 0.046742097, 0.043154795, 0.036468085, 0.03860862, 0.027308056, 0.021281276, 0.0056686145, 0.0 ],
  "lightfield_0.0_0.0_0.8_y" : [ 0.0, 0.0, 0.005877622, 0.0507894, 0.051978987, 0.046396654, 0.05335137, 0.058888707, 0.06438949, 0.07693779, 0.088858955, 0.097571336, 0.10382861, 0.108165115, 0.08762156, 0.059369605, 0.033938345, 0.010936876, 0.0010995934, 0.0 ],
  "lightfield_0.0_0.0_0.8_x" : [ 1.12490365E-4, 0.0103631755, 0.031677287, 0.05320232, 0.07629941, 0.09727605, 0.097127, 0.09151654, 0.0872419, 0.080928385, 0.06978621, 0.064946316, 0.054268166, 0.059094004, 0.05480531, 0.054144427, 0.017211026, 0.0, 0.0, 0.0 ],
  "lightfield_0.0_0.0_0.2_y" : [ 0.0, 0.0073836753, 0.04078883, 0.039629944, 0.046451055, 0.040605996, 0.04992771, 0.05319903, 0.06408749, 0.07752156, 0.089127295, 0.102457285, 0.106721535, 0.10068239, 0.08933825, 0.05411601, 0.023383046, 0.010024922, 0.004399264, 1.5470559E-4 ],
  "lightfield_0.0_0.0_0.2_x" : [ 0.0, 0.0032656942, 0.03496065, 0.061148085, 0.08000529, 0.06875679, 0.080711305, 0.084227346, 0.086685754, 0.09150132, 0.09543647, 0.09163352, 0.07153305, 0.059609465, 0.048054367, 0.030063514, 0.012140169, 2.6721874E-4, 0.0, 0.0 ],
  "lightfield_0.0_0.0_0.4_y" : [ 0.0, 0.0, 0.0, 0.01208506, 0.04464188, 0.07101976, 0.094306774, 0.090720914, 0.08587226, 0.0847726, 0.085990384, 0.08944406, 0.08502572, 0.06704297, 0.056653813, 0.04931053, 0.04540405, 0.029215638, 0.0084935725, 0.0 ],
  "lightfield_0.0_0.0_0.4_x" : [ 0.018978352, 0.03630018, 0.03666017, 0.043030348, 0.045089055, 0.049960203, 0.06126903, 0.076248094, 0.08957906, 0.10073883, 0.103925325, 0.1024966, 0.099087924, 0.067751706, 0.03052061, 0.019504279, 0.011657569, 0.0061029973, 0.0010996645, 0.0 ],
  "lightfield_0.0_0.0_0.0_y" : [ 0.004136953, 0.012433372, 0.018765444, 0.027872369, 0.03177855, 0.040989604, 0.06491639, 0.094654605, 0.09424091, 0.095949166, 0.09507393, 0.09421277, 0.09043041, 0.06478412, 0.045196913, 0.040266342, 0.032265417, 0.024396764, 0.02026544, 0.00737053 ],
  "lightfield_0.0_0.0_0.0_x" : [ 0.0, 0.0, 3.6585296E-4, 0.046494283, 0.09317431, 0.1067756, 0.11802417, 0.121314034, 0.103246525, 0.081413545, 0.059031785, 0.05186388, 0.04948302, 0.046989594, 0.04473819, 0.042472716, 0.03406654, 5.459652E-4, 0.0, 0.0 ],
  "d1" : [ 0.0050151, 0.0195356, 0.035586, 0.0370768, 0.0335741, 0.033908, 0.0776486, 0.1185124, 0.1669126, 0.0719652, 0.0521343, 0.0559553, 0.0531019, 0.0695185, 0.0568931, 0.0614325, 0.0352289, 0.0100685, 0.0043832, 0.0015494 ],
  "d2" : [ 0.0062289936, 0.025643803, 0.045694623, 0.07330697, 0.10955214, 0.13019246, 0.13388611, 0.12657683, 0.10540251, 0.07566949, 0.058211923, 0.047114674, 0.035055455, 0.018530553, 0.0063585164, 0.0016919972, 5.742008E-4, 2.3384106E-4, 6.331112E-5, 1.1602037E-5 ],
  "d3" : [ 6.502069E-4, 0.008001107, 0.027293898, 0.054433245, 0.08406686, 0.112942606, 0.13496895, 0.14243436, 0.1324318, 0.10642324, 0.07815805, 0.051338878, 0.030716892, 0.01776387, 0.009608613, 0.0050568627, 0.0025717483, 9.61626E-4, 1.6924297E-4, 7.9489855E-6 ],
  "d4" : [ 1.5252434E-6, 1.0473338E-5, 4.4842156E-5, 1.2883222E-4, 3.7073583E-4, 0.0012356505, 0.0041879117, 0.016520826, 0.07729781, 0.47038597, 0.35010192, 0.061092302, 0.013517419, 0.0035060262, 0.0010701107, 3.465353E-4, 1.18663935E-4, 4.5452252E-5, 1.4642336E-5, 2.3387065E-6 ],
  "lightfield_0.0_0.8_0.0_y" : [ 0.0021956654, 0.0066146306, 0.011556134, 0.02141402, 0.03189744, 0.04231806, 0.061634388, 0.08559076, 0.085841976, 0.09490098, 0.09878234, 0.092331, 0.081415474, 0.066058375, 0.058403697, 0.059225187, 0.039750587, 0.030053485, 0.023373537, 0.006642265 ],
  "lightfield_0.0_0.8_0.0_x" : [ 0.0032809372, 0.02774477, 0.035494916, 0.039599854, 0.046179317, 0.05378124, 0.0659805, 0.08009154, 0.092177756, 0.0963254, 0.10274659, 0.10123173, 0.087492496, 0.07008544, 0.060647093, 0.029623898, 0.0075165113, 0.0, 0.0, 0.0 ],
  "lightfield_0.8_0.0_0.0_x" : [ 0.0, 0.0, 2.6991768E-4, 0.055507444, 0.09301757, 0.10351343, 0.11256973, 0.1158228, 0.106611855, 0.08360981, 0.057818614, 0.05105099, 0.048571125, 0.046380855, 0.044258066, 0.041949704, 0.037622586, 0.0014255027, 0.0, 0.0 ],
  "lightfield_0.8_0.0_0.0_y" : [ 3.908183E-4, 0.010844504, 0.021770548, 0.036109924, 0.039059337, 0.04052139, 0.049929146, 0.076372646, 0.097178794, 0.09201381, 0.09424625, 0.09613006, 0.09760617, 0.089677334, 0.049074408, 0.039138064, 0.029640336, 0.022898016, 0.013431216, 0.0039672274 ],
  "lightfield_0.0_0.6_0.0_x" : [ 0.0037105337, 0.009359592, 0.019397667, 0.03423483, 0.05528521, 0.06934945, 0.078035526, 0.094458304, 0.09345922, 0.10012227, 0.09289009, 0.08700493, 0.082956396, 0.06847712, 0.05536474, 0.04122097, 0.013790858, 8.822769E-4, 0.0, 0.0 ],
  "lightfield_0.0_0.6_0.0_y" : [ 0.0016030102, 0.004836369, 0.009896413, 0.022993876, 0.043084938, 0.052474353, 0.05938345, 0.0738006, 0.07251819, 0.09319081, 0.098404944, 0.08349571, 0.06835534, 0.066605695, 0.076765545, 0.06994095, 0.047667805, 0.031267397, 0.019049726, 0.004664884 ],
  "lightfield_0.6_0.0_0.0_y" : [ 0.0, 5.9443805E-4, 0.008565179, 0.023265075, 0.04412019, 0.044070408, 0.055353016, 0.088480495, 0.10012621, 0.10264452, 0.1019066, 0.098814346, 0.101057395, 0.08421108, 0.050647292, 0.036266576, 0.03023435, 0.020702843, 0.008263567, 6.764295E-4 ],
  "lightfield_0.6_0.0_0.0_x" : [ 0.0, 0.0, 2.8404183E-4, 0.06324469, 0.10063573, 0.09726236, 0.10352299, 0.109842196, 0.103268236, 0.082597606, 0.05690207, 0.0526268, 0.05034861, 0.048014782, 0.045631174, 0.043294415, 0.040410075, 0.0021142082, 0.0, 0.0 ],
  "lightfield_0.0_0.4_0.0_x" : [ 0.00663701, 0.026008591, 0.040849824, 0.07571458, 0.08619165, 0.07782635, 0.08957407, 0.10832694, 0.10257453, 0.085301936, 0.08579281, 0.06749502, 0.059288234, 0.046244312, 0.026808815, 0.011249169, 0.003620187, 4.959861E-4, 0.0, 0.0 ],
  "lightfield_0.0_0.4_0.0_y" : [ 0.0029043308, 0.008810145, 0.014823337, 0.026172215, 0.040923964, 0.060781308, 0.07254947, 0.08107328, 0.08267372, 0.08509741, 0.08933119, 0.09761467, 0.07015646, 0.06239198, 0.06724702, 0.058495678, 0.038513064, 0.025213478, 0.01278826, 0.0024390244 ],
  "lightfield_0.0_0.2_0.0_y" : [ 0.003964613, 0.011720678, 0.017233403, 0.022947717, 0.030905373, 0.04858331, 0.06712446, 0.09142388, 0.10101493, 0.100908965, 0.09459763, 0.093680136, 0.07741075, 0.05894196, 0.051857863, 0.039434202, 0.034024857, 0.030220482, 0.019375948, 0.004628828 ],
  "lightfield_0.0_0.2_0.0_x" : [ 0.0, 0.013281712, 0.034107562, 0.07468669, 0.08328014, 0.092297435, 0.10503124, 0.10674734, 0.0938533, 0.07893043, 0.06914554, 0.061100014, 0.048774563, 0.041633606, 0.038485695, 0.03529126, 0.023325054, 2.842943E-5, 0.0, 0.0 ],
  "a3" : [ 0.055849373, 0.13171259, 0.16903377, 0.16028446, 0.13388215, 0.10541492, 0.055857822, 0.0, 0.0, 0.0, 0.0, 0.0, 0.0, 0.0012290742, 0.006581257, 0.013180123, 0.021520218, 0.032606337, 0.04725028, 0.065597646 ],