{
  "eccentricity_minmax" : 0.012988336,
  "compactness" : 11.888026,
  "eccentricity" : 7.0942464,
  "compactness_standardized" : -0.065016024,
  "convexity_minmax" : 0.13049896,
  "diameter_standardized" : -0.56970686,
  "surface_area_minmax" : 0.025518974,
  "convexity" : 0.25065562,
  "diameter_minmax" : 0.016450614,
  "rectangularity _standardized" : -0.38333836,
  "convexity_standardized" : -0.30008632,
  "diameter" : 1.0087261,
  "surface_area" : 0.53670716,
  "rectangularity " : 0.0011081261,
  "compactness_minmax" : 2.9035807E-6,
  "surface_area_standardized" : -0.6464794,
  "rectangularity _minmax" : 0.0019968627,
  "eccentricity_standardized" : -0.08901472,
  "lightfield_0.0_0.0_0.6_y" : [ 0.007483754, 0.03274537, 0.027093083, 0.042862646, 0.075033315, 0.08766412, 0.08333176, 0.07750895, 0.08274442, 0.08035088, 0.072475575, 0.062434085, 0.051097933, 0.04130906, 0.038088202, 0.036269363, 0.03176648, 0.025615279, 0.028987704, 0.0151380235 ],
  "lightfield_0.0_0.0_0.6_x" : [ 0.0, 0.0, 0.0, 0.0, 0.021522896, 0.045319337, 0.056908105, 0.072728194, 0.112047896, 0.19201985, 0.16908231, 0.13732214, 0.08803673, 0.07403548, 0.030977055, 0.0, 0.0, 0.0, 0.0, 0.0 ],
  "lightfield_0.0_0.0_0.8_y" : [ 0.0, 0.0, 0.0, 0.001695599, 0.046896864, 0.14935769, 0.06631746, 0.08819006, 0.11117204, 0.1043077, 0.099309154, 0.09792242, 0.07930235, 0.062421996, 0.042030685, 0.0215007, 0.018739836, 0.010835445, 0.0, 0.0 ],
  "lightfield_0.0_0.0_0.8_x" : [ 0.014081666, 0.013980812, 0.019420598, 0.036130756, 0.034498192, 0.044457473, 0.058078993, 0.06416172, 0.07741765, 0.08662683, 0.08379663, 0.080720596, 0.0975064, 0.098187156, 0.082567476, 0.05052759, 0.032997996, 0.024702797, 1.3867352E-4, 0.0 ],
  "lightfield_0.0_0.0_0.2_y" : [ 0.0, 0.0, 0.0, 0.007369104, 0.038180776, 0.13098739, 0.07651901, 0.08803875, 0.117313616, 0.109006055, 0.10154247, 0.100074954, 0.079113945, 0.056805085, 0.04173936, 0.021200346, 0.018208615, 0.013654887, 2.456368E-4, 0.0 ],
  "lightfield_0.0_0.0_0.2_x" : [ 0.0, 0.003155488, 0.03222881, 0.045134187, 0.07299822, 0.09532597, 0.09230905, 0.08440458, 0.07863527, 0.085494205, 0.08237021, 0.0699561, 0.060653392, 0.05395192, 0.03932078, 0.035037886, 0.03644872, 0.013295879, 0.015752247, 0.0035270925 ],
  "lightfield_0.0_0.0_0.4_y" : [ 0.010299418, 0.03178504, 0.025919568, 0.036567368, 0.07253299, 0.08891324, 0.08663926, 0.08026072, 0.083890215, 0.082293995, 0.07288136, 0.062917665, 0.051053695, 0.041381363, 0.037618846, 0.03659904, 0.031702697, 0.024849087, 0.02567887, 0.016215567 ],
  "lightfield_0.0_0.0_0.4_x" : [ 0.0, 0.0, 0.0, 0.0, 0.009285945, 0.063310385, 0.068194054, 0.12189545, 0.14732729, 0.18687172, 0.15683493, 0.08841917, 0.06380445, 0.050255585, 0.040583253, 0.0032177763, 0.0, 0.0, 0.0, 0.0 ],
  "lightfield_0.0_0.0_0.0_y" : [ 0.0, 0.0, 0.0, 0.0, 0.008031243, 0.021504834, 0.024698434, 0.065308176, 0.20771, 0.18510284, 0.19283172, 0.1999748, 0.041258544, 0.024811817, 0.02222922, 0.0065383767, 0.0, 0.0, 0.0, 0.0 ],
  "lightfield_0.0_0.0_0.0_x" : [ 0.025473213, 0.031047842, 0.019822998, 0.05028503, 0.08045101, 0.08395326, 0.07229379, 0.082857236, 0.0824289, 0.07909672, 0.076829076, 0.052042454, 0.042776607, 0.038953103, 0.035646122, 0.03546345, 0.033183206, 0.02294731, 0.02280873, 0.03163995 ],
  "d1" : [ 0.0097547, 0.0244761, 0.0561757, 0.0930573, 0.0577035, 0.0428016, 0.0436059, 0.0729835, 0.1091892, 0.0862963, 0.0549245, 0.0476775, 0.0329361, 0.0265506, 0.0286261, 0.0362177, 0.04577, 0.0463212, 0.0378289, 0.0471036 ],
  "d2" : [ 0.018541057, 0.052088145, 0.07907499, 0.10128359, 0.10700909, 0.09880785, 0.091031685, 0.077452004, 0.06937498, 0.064932704, 0.052020036, 0.04403363, 0.035212282, 0.029761625, 0.024845663, 0.017756918, 0.012743138, 0.010898113, 0.009292932, 0.0038395743 ],
  "d3" : [ 0.0023314676, 0.017704906, 0.045003936, 0.07778465, 0.1060123, 0.124651864, 0.12682113, 0.11407881, 0.097268716, 0.08073171, 0.0642761, 0.050071668, 0.03655497, 0.02431645, 0.014704819, 0.008855069, 0.0054859067, 0.0025243564, 7.2627567E-4, 9.488473E-5 ],
  "d4" : [ 1.4235605E-6, 1.0066607E-5, 4.7180863E-5, 2.431238E-4, 9.2927995E-4, 0.0032117558, 0.010163713, 0.030307502, 0.090301424, 0.31426674, 0.39310342, 0.10535202, 0.035296164, 0.011710107, 0.0036557033, 0.0010481472, 2.7800104E-4, 6.0399638E-5, 1.16935325E-5, 2.1353408E-6 ],
  "lightfield_0.0_0.8_0.0_y" : [ 0.0, 0.0, 0.0, 0.0, 0.00816004, 0.021947185, 0.023246884, 0.06580463, 0.20561086, 0.18675785, 0.189756, 0.19759113, 0.048317775, 0.024325043, 0.022286879, 0.0061957226, 0.0, 0.0, 0.0, 0.0 ],
  "lightfield_0.0_0.8_0.0_x" : [ 2.5846282E-4, 0.029442606, 0.041080818, 0.031266615, 0.04176759, 0.04204821, 0.0457553, 0.050636556, 0.06326431, 0.09597832, 0.09806818, 0.10111065, 0.09255184, 0.100460805, 0.07300467, 0.02608259, 0.03760265, 0.028888758, 7.3108054E-4, 0.0 ],
  "lightfield_0.8_0.0_0.0_x" : [ 0.026290093, 0.031619933, 0.021672158, 0.04281511, 0.0677444, 0.07455474, 0.069218606, 0.07685426, 0.07796937, 0.07612976, 0.07854267, 0.054230794, 0.04627384, 0.040754996, 0.036137063, 0.036628466, 0.033472143, 0.023732273, 0.028463608, 0.056895714 ],
  "lightfield_0.8_0.0_0.0_y" : [ 0.0, 0.0, 0.0, 0.0, 0.0, 0.018307934, 0.028369106, 0.042909615, 0.20976003, 0.23155189, 0.21345817, 0.1920002, 0.03677967, 0.025231684, 0.001631712, 0.0, 0.0, 0.0, 0.0, 0.0 ],
  "lightfield_0.0_0.6_0.0_x" : [ 0.0, 0.0, 0.0, 0.0, 0.0, 0.0069574276, 0.062015917, 0.11195983, 0.12635542, 0.16422734, 0.2622189, 0.16118263, 0.075463384, 0.029619144, 0.0, 0.0, 0.0, 0.0, 0.0, 0.0 ],
  "lightfield_0.0_0.6_0.0_y" : [ 0.0, 0.0, 0.0, 0.0, 0.012686288, 0.024851771, 0.02645425, 0.085558996, 0.18198813, 0.17543134, 0.16675124, 0.18559372, 0.07691897, 0.027883125, 0.02407724, 0.011804925, 0.0, 0.0, 0.0, 0.0 ],
  "lightfield_0.6_0.0_0.0_y" : [ 0.0, 0.0, 0.0, 0.0, 0.0, 0.0, 0.0, 0.015551816, 0.14311005, 0.35746154, 0.382635, 0.1012416, 0.0, 0.0, 0.0, 0.0, 0.0, 0.0, 0.0, 0.0 ],
  "lightfield_0.6_0.0_0.0_x" : [ 0.03686709, 0.04526618, 0.03176254, 0.035247605, 0.053490624, 0.05992093, 0.054657605, 0.05899211, 0.06452535, 0.07129702, 0.0753616, 0.052966673, 0.049187876, 0.04509947, 0.043503802, 0.043853104, 0.040915802, 0.032207105, 0.039605927, 0.06527158 ],
  "lightfield_0.0_0.4_0.0_x" : [ 0.0, 0.0, 0.0, 0.0, 0.0, 0.001580212, 0.05870292, 0.14153999, 0.20350781, 0.2058063, 0.15260148, 0.07027373, 0.055020113, 0.063548036, 0.04741942, 0.0, 0.0, 0.0, 0.0, 0.0 ],
  "lightfield_0.0_0.4_0.0_y" : [ 0.0, 0.0, 0.0, 0.0, 0.013373034, 0.02375542, 0.030650891, 0.10514287, 0.18754898, 0.15701562, 0.15496527, 0.18105835, 0.0791412, 0.03067701, 0.024395341, 0.012276027, 0.0, 0.0, 0.0, 0.0 ],
  "lightfield_0.0_0.2_0.0_y" : [ 0.0, 0.0, 0.0, 0.0, 0.008579558, 0.020446137, 0.025724195, 0.0771581, 0.20493197, 0.17711538, 0.18232104, 0.19770633, 0.051187743, 0.02550699, 0.021604558, 0.0077179824, 0.0, 0.0, 0.0, 0.0 ],
  "lightfield_0.0_0.2_0.0_x" : [ 0.0, 0.0071387715, 0.035903823, 0.027881755, 0.06421998, 0.09468646, 0.09504847, 0.089212924, 0.0979228, 0.090501666, 0.0889016, 0.056212395, 0.04513499, 0.040964674, 0.04067507, 0.030430282, 0.025000181, 0.03262404, 0.035317373, 0.002222721 ],
  "a3" : [ 0.17560628, 0.18230204, 0.124977976, 0.08819742, 0.06804533, 0.058215152, 0.03564617, 0.0, 0.0, 0.0, 0.0, 0.0, 0.0, 0.0067802835, 0.030384343, 0.041798886, 0.046589106, 0.04599605, 0.04662885, 0.04883213 ],
  "lightfield_0.4_0.0_0.0_y" : [ 0.0, 0.0, 0.0, 0.0, 0.0, 0.0, 0.0, 0.016404526, 0.13482621, 0.36700097, 0.37265965, 0.10910862, 0.0, 0.0, 0.0, 0.0, 0.0, 0.0, 0.0, 0.0 ],
  "lightfield_0.4_0.0_0.0_x" : [ 0.03760645, 0.046299726, 0.03261587, 0.034982372, 0.05176522, 0.059758198, 0.056240644, 0.061360013, 0.066930145, 0.070753574, 0.0734501, 0.04671024, 0.043772236, 0.040834233, 0.041188404, 0.04518892, 0.043055847, 0.032833204, 0.042387754, 0.072266854 ],