{
  "eccentricity_minmax" : 0.010221386,
  "compactness" : 6.277655,
  "eccentricity" : 5.7961235,
  "compactness_standardized" : -0.065053485,
  "convexity_minmax" : 0.2250428,
  "diameter_standardized" : -0.58284485,
  "surface_area_minmax" : 0.03444493,
  "convexity" : 0.43150765,
  "diameter_minmax" : 0.014331361,
  "rectangularity _standardized" : -0.34808537,
  "convexity_standardized" : 0.34718397,
  "diameter" : 1.007602,
  "surface_area" : 0.7188976,
  "rectangularity " : 0.002803404,
  "compactness_minmax" : 1.4783526E-6,
  "surface_area_standardized" : -0.5349794,
  "rectangularity _minmax" : 0.005051863,
  "eccentricity_standardized" : -0.14771087,
  "lightfield_0.0_0.0_0.6_y" : [ 0.0059075393, 0.022050504, 0.025907263, 0.052013136, 0.07238699, 0.08556002, 0.08747223, 0.08267322, 0.0821051, 0.074354626, 0.06777273, 0.06569424, 0.054110106, 0.04519568, 0.040202677, 0.03887244, 0.036558386, 0.025348378, 0.02242463, 0.0133901145 ],
  "lightfield_0.0_0.0_0.6_x" : [ 0.0, 0.0, 0.0, 0.0, 0.0070807333, 0.037703864, 0.06535244, 0.106358804, 0.1598823, 0.16017792, 0.12891738, 0.1199891, 0.09693168, 0.0828395, 0.03476626, 0.0, 0.0, 0.0, 0.0, 0.0 ],
  "lightfield_0.0_0.0_0.8_y" : [ 0.0, 0.0, 0.0, 0.0020717976, 0.06817091, 0.11520395, 0.074247874, 0.084237725, 0.1022656, 0.106007755, 0.10158268, 0.10135198, 0.08971484, 0.06850314, 0.04691307, 0.023509597, 0.013639719, 0.0025793652, 0.0, 0.0 ],
  "lightfield_0.0_0.0_0.8_x" : [ 0.0050941305, 0.01176172, 0.028294574, 0.03410391, 0.04254799, 0.048126616, 0.06375046, 0.06911222, 0.07569675, 0.081196934, 0.08127999, 0.08870432, 0.09437984, 0.09228036, 0.07599206, 0.060428202, 0.032922667, 0.014327243, 0.0, 0.0 ],
  "lightfield_0.0_0.0_0.2_y" : [ 0.0, 0.0, 0.0, 0.0055029015, 0.06444673, 0.10451358, 0.08828648, 0.08716467, 0.102948576, 0.106609486, 0.09978625, 0.0977873, 0.08788023, 0.06774294, 0.049189106, 0.02330885, 0.012833948, 0.0019989568, 0.0, 0.0 ],
  "lightfield_0.0_0.0_0.2_x" : [ 0.0, 0.0023682788, 0.02209932, 0.05285463, 0.06898478, 0.08912669, 0.09148112, 0.08752014, 0.0808631, 0.083840765, 0.080332205, 0.07288113, 0.06792759, 0.05647399, 0.043543093, 0.0389358, 0.03253729, 0.016411757, 0.01077036, 0.0010479519 ],
  "lightfield_0.0_0.0_0.4_y" : [ 0.0072851502, 0.021980101, 0.024763972, 0.05227488, 0.07173888, 0.08268507, 0.08860368, 0.08666467, 0.08204797, 0.074453495, 0.06653586, 0.06584797, 0.054098476, 0.044578843, 0.03958819, 0.039375823, 0.036467303, 0.02517024, 0.023161978, 0.012677454 ],
  "lightfield_0.0_0.0_0.4_x" : [ 0.0, 0.0, 0.0, 0.0, 0.009302648, 0.076531015, 0.06871494, 0.11449412, 0.122199394, 0.14344083, 0.16664435, 0.13874103, 0.087634176, 0.056840792, 0.015359757, 9.695067E-5, 0.0, 0.0, 0.0, 0.0 ],
  "lightfield_0.0_0.0_0.0_y" : [ 0.0, 0.0, 0.0, 0.0, 0.001979869, 0.028761175, 0.03970814, 0.09010481, 0.19958833, 0.17728828, 0.19543938, 0.16713971, 0.044360142, 0.03017339, 0.023656897, 0.0017998809, 0.0, 0.0, 0.0, 0.0 ],
  "lightfield_0.0_0.0_0.0_x" : [ 0.017121945, 0.02154319, 0.024584528, 0.06004218, 0.07487505, 0.08136846, 0.08269299, 0.08573894, 0.079263985, 0.07246136, 0.07029689, 0.055256344, 0.049672097, 0.042135675, 0.03751598, 0.03757136, 0.037566744, 0.027238198, 0.01866338, 0.024390694 ],
  "d1" : [ 0.0320058, 0.1202864, 0.0800545, 0.0626162, 0.0612632, 0.0715879, 0.0834993, 0.0865664, 0.058083, 0.0474146, 0.0449382, 0.0459704, 0.0319068, 0.0230297, 0.0233959, 0.0205267, 0.0189836, 0.0262324, 0.0206015, 0.0410375 ],
  "d2" : [ 0.014230099, 0.042439952, 0.073986195, 0.10317742, 0.122130945, 0.115698114, 0.10584379, 0.09039877, 0.073077835, 0.06240156, 0.04893349, 0.038720097, 0.03007148, 0.024346475, 0.018581264, 0.013849432, 0.009907439, 0.0059875515, 0.0042583477, 0.0019597441 ],
  "d3" : [ 0.0011151723, 0.010187682, 0.02843986, 0.052581634, 0.07941329, 0.105084285, 0.12374025, 0.12953807, 0.12278426, 0.105248496, 0.083671324, 0.061192397, 0.04136461, 0.025254732, 0.014939766, 0.008287069, 0.0048161796, 0.0018360144, 4.5993435E-4, 4.4977172E-5 ],
  "d4" : [ 1.7286092E-6, 6.711071E-6, 3.44705E-5, 2.0428094E-4, 0.0010121515, 0.003584932, 0.0111839995, 0.033875555, 0.09781579, 0.28696784, 0.3797853, 0.12227531, 0.042827412, 0.014247197, 0.004543802, 0.0012941181, 2.822717E-4, 4.5553938E-5, 1.0269972E-5, 1.3218776E-6 ],
  "lightfield_0.0_0.8_0.0_y" : [ 0.0, 0.0, 0.0, 0.0, 0.0020925743, 0.023591548, 0.036464218, 0.093620434, 0.20078695, 0.17990015, 0.1973086, 0.16988808, 0.046520818, 0.029073425, 0.019111436, 0.0016417803, 0.0, 0.0, 0.0, 0.0 ],
  "lightfield_0.0_0.8_0.0_x" : [ 0.0016807377, 0.02923482, 0.03479461, 0.039937, 0.046520818, 0.044656422, 0.050455526, 0.060228292, 0.06700133, 0.078638494, 0.09360374, 0.10682702, 0.10397756, 0.09372061, 0.07886667, 0.028099487, 0.025951259, 0.015805613, 0.0, 0.0 ],
  "lightfield_0.8_0.0_0.0_x" : [ 0.020555686, 0.025764346, 0.025990391, 0.05373143, 0.067606755, 0.07193528, 0.07805774, 0.08518057, 0.08086647, 0.0748883, 0.0752442, 0.054135427, 0.04890272, 0.042294502, 0.03729746, 0.038648922, 0.038341116, 0.02818351, 0.021075109, 0.03130005 ],
  "lightfield_0.8_0.0_0.0_y" : [ 0.0, 0.0, 0.0, 0.0, 0.0040207193, 0.018487614, 0.026832048, 0.07302704, 0.17423277, 0.22560756, 0.2095343, 0.17534856, 0.07995267, 0.01295672, 0.0, 0.0, 0.0, 0.0, 0.0, 0.0 ],
  "lightfield_0.0_0.6_0.0_x" : [ 0.0, 0.0, 0.0, 0.0, 0.0, 0.012330852, 0.06523557, 0.10652784, 0.11913748, 0.13804121, 0.27187923, 0.17331818, 0.09702773, 0.016501898, 0.0, 0.0, 0.0, 0.0, 0.0, 0.0 ],
  "lightfield_0.0_0.6_0.0_y" : [ 0.0, 0.0, 0.0, 0.0, 0.004171045, 0.030912912, 0.036938947, 0.10405096, 0.18627094, 0.16886835, 0.18270035, 0.16509403, 0.056335915, 0.032660678, 0.02826446, 0.0037314233, 0.0, 0.0, 0.0, 0.0 ],
  "lightfield_0.6_0.0_0.0_y" : [ 0.0, 0.0, 0.0, 0.0, 0.0, 0.0, 0.0050428547, 0.06460408, 0.16600396, 0.29432222, 0.3107446, 0.15718055, 0.0021017154, 0.0, 0.0, 0.0, 0.0, 0.0, 0.0, 0.0 ],
  "lightfield_0.6_0.0_0.0_x" : [ 0.030225571, 0.038291615, 0.0358049, 0.04441373, 0.061012864, 0.06722965, 0.06838465, 0.07037906, 0.07258177, 0.077877074, 0.07874806, 0.056525417, 0.049753223, 0.04057005, 0.03567236, 0.036335062, 0.03545777, 0.03082516, 0.027770415, 0.042141605 ],
  "lightfield_0.0_0.4_0.0_x" : [ 0.0, 0.0, 0.0, 0.0, 0.0, 0.0023999542, 0.08912211, 0.15379708, 0.18456791, 0.17305385, 0.1511876, 0.11780728, 0.043275367, 0.055056095, 0.029732767, 0.0, 0.0, 0.0, 0.0, 0.0 ],
  "lightfield_0.0_0.4_0.0_y" : [ 0.0, 0.0, 0.0, 0.0, 0.0042475383, 0.0470372, 0.047370527, 0.1074551, 0.18138702, 0.14386393, 0.15606369, 0.1753776, 0.057208434, 0.034504104, 0.041361116, 0.004123731, 0.0, 0.0, 0.0, 0.0 ],
  "lightfield_0.0_0.2_0.0_y" : [ 0.0, 0.0, 0.0, 0.0, 0.0026462234, 0.03487775, 0.041307285, 0.09467192, 0.19733492, 0.16511387, 0.18440248, 0.17181589, 0.045598883, 0.030104067, 0.029758224, 0.002368501, 0.0, 0.0, 0.0, 0.0 ],
  "lightfield_0.0_0.2_0.0_x" : [ 0.0, 0.0069011413, 0.023910332, 0.03405506, 0.072365046, 0.087403975, 0.094781965, 0.09546841, 0.09391212, 0.08405035, 0.08436999, 0.07321393, 0.0520389, 0.04271162, 0.04406879, 0.034353744, 0.021704273, 0.024481498, 0.028689254, 0.0015196136 ],
  "a3" : [ 0.12059476, 0.17551541, 0.13999964, 0.10929322, 0.087032035, 0.07306446, 0.043043256, 0.0, 0.0, 0.0, 0.0, 0.0, 0.0, 0.002795628, 0.017186109, 0.03225326, 0.04234143, 0.047654573, 0.05177245, 0.05745376 ],
  "lightfield_0.4_0.0_0.0_y" : [ 0.0, 0.0, 0.0, 0.0, 0.0, 0.0, 0.005627791, 0.06619959, 0.16805243, 0.29548442, 0.30966824, 0.1545991, 3.684107E-4, 0.0, 0.0, 0.0, 0.0, 0.0, 0.0, 0.0 ],
  "lightfield_0.4_0.0_0.0_x" : [ 0.028945647, 0.037025273, 0.03557069, 0.044323616, 0.061124414, 0.06681573, 0.06729847, 0.07000438, 0.07248798, 0.07696608, 0.080605716, 0.05634143, 0.050504025, 0.04267847, 0.038124155, 0.037984412, 0.035932746, 0.030012768, 0.026068233, 0.041185774 ],