{
  "eccentricity_minmax" : 0.010182897,
  "compactness" : 10.942828,
  "eccentricity" : 5.7780657,
  "compactness_standardized" : -0.06503858,
  "convexity_minmax" : 0.11768579,
  "diameter_standardized" : -0.19248737,
  "surface_area_minmax" : 0.03012569,
  "convexity" : 0.22614542,
  "diameter_minmax" : 0.07718574,
  "rectangularity _standardized" : -0.3582842,
  "convexity_standardized" : -0.38718405,
  "diameter" : 1.0409427,
  "surface_area" : 0.6307363,
  "rectangularity " : 0.0022893848,
  "compactness_minmax" : 2.6634677E-6,
  "surface_area_standardized" : -0.5885235,
  "rectangularity _minmax" : 0.004125567,
  "eccentricity_standardized" : -0.14864172,
  "lightfield_0.0_0.0_0.6_y" : [ 0.026757892, 0.040084492, 0.029652301, 0.051132515, 0.09568179, 0.09187595, 0.057543322, 0.0602653, 0.062149744, 0.07132564, 0.05832543, 0.056040693, 0.055086154, 0.044093557, 0.05244424, 0.049124904, 0.052117847, 0.026628567, 0.013523666, 0.0061460016 ],
  "lightfield_0.0_0.0_0.6_x" : [ 0.0, 0.0, 1.1084972E-4, 0.0072113904, 0.01460753, 0.023574041, 0.027903339, 0.039382443, 0.04331761, 0.065081105, 0.11251247, 0.13462083, 0.15212893, 0.15969135, 0.11450161, 0.06602949, 0.037658114, 0.0016689042, 0.0, 0.0 ],
  "lightfield_0.0_0.0_0.8_y" : [ 0.0, 3.5018707E-5, 0.03692139, 0.07046931, 0.08668297, 0.06451029, 0.087120704, 0.11148205, 0.13479283, 0.18094748, 0.0994648, 0.023637626, 0.020789439, 0.020147428, 0.017042438, 0.014089192, 0.018454857, 0.0134121645, 0.0, 0.0 ],
  "lightfield_0.0_0.0_0.8_x" : [ 0.013861571, 0.01896263, 0.014188413, 0.017129984, 0.020795275, 0.022429481, 0.032579068, 0.11779125, 0.08079399, 0.04688421, 0.039180096, 0.050736267, 0.07844774, 0.07774736, 0.0734459, 0.07222024, 0.067953795, 0.09171983, 0.037055627, 0.026077263 ],
  "lightfield_0.0_0.0_0.2_y" : [ 0.0021140864, 0.05792279, 0.08454227, 0.080308795, 0.08205729, 0.08638083, 0.07915903, 0.06815412, 0.08641792, 0.119485624, 0.08594106, 0.036061335, 0.024558373, 0.02608963, 0.022285333, 0.017188212, 0.016361652, 0.016515307, 0.0082656015, 1.9074464E-4 ],
  "lightfield_0.0_0.0_0.2_x" : [ 0.02587769, 0.038858924, 0.05520468, 0.06897538, 0.07846493, 0.06798987, 0.06458296, 0.065383025, 0.083826974, 0.09919781, 0.074210264, 0.05758369, 0.053042907, 0.061043587, 0.033830684, 0.0186082, 0.0149045745, 0.015259571, 0.015974864, 0.0071794167 ],
  "lightfield_0.0_0.0_0.4_y" : [ 0.02775207, 0.03579624, 0.03798319, 0.08293292, 0.07210594, 0.0705719, 0.0861658, 0.07227075, 0.053165056, 0.044911698, 0.04034129, 0.046623223, 0.051865563, 0.06527885, 0.086267225, 0.042433154, 0.026617391, 0.01633556, 0.015004374, 0.025577798 ],
  "lightfield_0.0_0.0_0.4_x" : [ 0.0, 0.0, 0.0, 0.0033723393, 0.013793628, 0.021222917, 0.100244686, 0.14892174, 0.26347986, 0.16669625, 0.105487026, 0.08080302, 0.025660206, 0.019714238, 0.016329221, 0.020126272, 0.014148612, 0.0, 0.0, 0.0 ],
  "lightfield_0.0_0.0_0.0_y" : [ 0.0, 0.0, 0.0, 0.0, 0.021453278, 0.05490665, 0.06870143, 0.08189798, 0.18704985, 0.2282328, 0.14583136, 0.081199065, 0.070158504, 0.045021087, 0.011626943, 0.0039210576, 0.0, 0.0, 0.0, 0.0 ],
  "lightfield_0.0_0.0_0.0_x" : [ 0.026541177, 0.036817666, 0.024385188, 0.051974744, 0.07658501, 0.07862846, 0.09353085, 0.051027056, 0.055054728, 0.056855336, 0.04650185, 0.043830555, 0.047976688, 0.050576907, 0.044286627, 0.06020778, 0.05074275, 0.043564018, 0.027749479, 0.033163145 ],
  "d1" : [ 0.0233691, 0.0418321, 0.0714144, 0.0858008, 0.1367724, 0.1573127, 0.0938203, 0.1260466, 0.090532, 0.0285698, 0.0149252, 0.0185172, 0.0174477, 0.0151549, 0.0139783, 0.0139345, 0.0135651, 0.0107407, 0.0096989, 0.0165673 ],
  "d2" : [ 0.035617054, 0.07252844, 0.07431095, 0.0962539, 0.113298595, 0.11763926, 0.09721507, 0.0819977, 0.06466976, 0.04339152, 0.03720163, 0.033928957, 0.031638857, 0.029007893, 0.023361702, 0.018777197, 0.0134525625, 0.009402051, 0.0057616117, 5.4529577E-4 ],
  "d3" : [ 0.010891922, 0.05008716, 0.090544984, 0.123254254, 0.1416147, 0.13785212, 0.12212047, 0.102090836, 0.08469926, 0.060212158, 0.034418, 0.019516068, 0.011264216, 0.0059449356, 0.002613405, 0.0013826204, 8.3152426E-4, 4.2220182E-4, 1.9298929E-4, 4.6184614E-5 ],
  "d4" : [ 1.0168289E-7, 1.016829E-6, 9.558192E-6, 3.9656326E-5, 1.4001735E-4, 5.167525E-4, 0.0019501762, 0.006597796, 0.023649102, 0.12405628, 0.7152299, 0.099406414, 0.020405317, 0.0057078674, 0.0016658708, 4.5503094E-4, 1.2029086E-4, 3.792772E-5, 9.253144E-6, 1.6269263E-6 ],
  "lightfield_0.0_0.8_0.0_y" : [ 0.0, 0.0, 0.0, 0.025309836, 0.050226144, 0.06316947, 0.054916147, 0.13660842, 0.18356775, 0.17240338, 0.10827435, 0.07629608, 0.061315034, 0.037449934, 0.018096937, 0.0118813375, 4.8517258E-4, 0.0, 0.0, 0.0 ],
  "lightfield_0.0_0.8_0.0_x" : [ 0.033649415, 0.01991364, 0.021751905, 0.031956702, 0.047493007, 0.053325858, 0.07264112, 0.05427464, 0.044166878, 0.04933127, 0.065924175, 0.057509124, 0.05486224, 0.05806977, 0.10474876, 0.081519775, 0.04725042, 0.037983622, 0.037595484, 0.026032204 ],
  "lightfield_0.8_0.0_0.0_x" : [ 0.025817886, 0.0328777, 0.02361883, 0.07253883, 0.09551477, 0.09102653, 0.078348905, 0.05551116, 0.061970137, 0.06389882, 0.058040675, 0.050428096, 0.038483493, 0.026785232, 0.02639469, 0.048415296, 0.049634993, 0.040880825, 0.027686484, 0.032126658 ],
  "lightfield_0.8_0.0_0.0_y" : [ 0.0, 0.0, 0.0, 0.0, 0.0, 5.347433E-4, 0.022321027, 0.073650375, 0.19123982, 0.22656292, 0.21092919, 0.13642563, 0.06874155, 0.066416316, 0.003178418, 0.0, 0.0, 0.0, 0.0, 0.0 ],
  "lightfield_0.0_0.6_0.0_x" : [ 2.4864773E-4, 0.02416856, 0.04526154, 0.03191872, 0.027060525, 0.036413506, 0.05166135, 0.07696221, 0.11122587, 0.0861354, 0.09278768, 0.08968915, 0.071817115, 0.06373798, 0.061783224, 0.062284347, 0.051906172, 0.014937991, 0.0, 0.0 ],
  "lightfield_0.0_0.6_0.0_y" : [ 0.015297574, 0.024952756, 0.036558867, 0.036061574, 0.040590785, 0.035965938, 0.06002739, 0.088614225, 0.0976191, 0.10847545, 0.11211335, 0.072360314, 0.054258764, 0.054580092, 0.04250346, 0.0382841, 0.03045361, 0.019991279, 0.01841141, 0.012879953 ],
  "lightfield_0.6_0.0_0.0_y" : [ 0.0, 0.0, 0.0, 0.0, 0.0, 0.0, 7.691895E-4, 0.0384237, 0.1554359, 0.22026248, 0.28619215, 0.20295273, 0.09449702, 0.0014668264, 0.0, 0.0, 0.0, 0.0, 0.0, 0.0 ],
  "lightfield_0.6_0.0_0.0_x" : [ 0.022175316, 0.027923368, 0.021203393, 0.070169166, 0.08408613, 0.08150427, 0.082184024, 0.05795157, 0.062954284, 0.0680047, 0.06585216, 0.06445689, 0.05742089, 0.048894215, 0.042597596, 0.046050005, 0.0380242, 0.02346326, 0.01837707, 0.016707512 ],
  "lightfield_0.0_0.4_0.0_x" : [ 0.0, 0.020215947, 0.06166996, 0.07105079, 0.067836955, 0.084043324, 0.07800667, 0.08452695, 0.08014351, 0.09226827, 0.10638583, 0.050436974, 0.039097656, 0.061954644, 0.07667243, 0.021244925, 0.004410877, 3.42992E-5, 0.0, 0.0 ],
  "lightfield_0.0_0.4_0.0_y" : [ 0.014923581, 0.025782708, 0.034844555, 0.04396814, 0.04593349, 0.05143508, 0.097107895, 0.10704437, 0.11197317, 0.10625206, 0.08642712, 0.054947317, 0.04225318, 0.03032392, 0.027573125, 0.042222314, 0.033925336, 0.01667284, 0.01537633, 0.011013472 ],
  "lightfield_0.0_0.2_0.0_y" : [ 0.0, 0.0, 3.7242123E-4, 0.027113246, 0.04965943, 0.058342725, 0.063385114, 0.14504337, 0.1964767, 0.1702504, 0.09204195, 0.06613417, 0.057235263, 0.047807124, 0.016783457, 0.008697996, 6.566374E-4, 0.0, 0.0, 0.0 ],
  "lightfield_0.0_0.2_0.0_x" : [ 0.0245602, 0.036031753, 0.04616063, 0.056568824, 0.06251286, 0.07332778, 0.07963934, 0.082530506, 0.052085068, 0.05066399, 0.052192874, 0.05117852, 0.052187975, 0.045719605, 0.04246582, 0.058881756, 0.060748763, 0.056745235, 0.0110746315, 0.0047238693 ],
  "a3" : [ 0.14184059, 0.1608773, 0.13662556, 0.10562451, 0.08386794, 0.07056183, 0.042539045, 0.0, 0.0, 0.0, 0.0, 0.0, 0.0, 0.0034499604, 0.01834817, 0.03195432, 0.041527513, 0.049764674, 0.054537285, 0.05848129 ],