{
  "eccentricity_minmax" : 0.017130282,
  "compactness" : 12.919368,
  "eccentricity" : 9.037453,
  "compactness_standardized" : -0.06500914,
  "convexity_minmax" : 0.32382128,
  "diameter_standardized" : -0.37527618,
  "surface_area_minmax" : 0.056593563,
  "convexity" : 0.62046,
  "diameter_minmax" : 0.047813755,
  "rectangularity _standardized" : -0.35508907,
  "convexity_standardized" : 1.0234452,
  "diameter" : 1.0253625,
  "surface_area" : 1.1709802,
  "rectangularity " : 0.0024666048,
  "compactness_minmax" : 3.1655773E-6,
  "surface_area_standardized" : -0.25830624,
  "rectangularity _minmax" : 0.0044449293,
  "eccentricity_standardized" : -0.0011503524,
  "lightfield_0.0_0.0_0.6_y" : [ 0.0, 0.011970468, 0.04706204, 0.060667694, 0.057572037, 0.044624936, 0.045014694, 0.07393735, 0.07048778, 0.032121353, 0.040978245, 0.061581608, 0.06823884, 0.05627285, 0.056308687, 0.056241486, 0.056201167, 0.05625941, 0.05987026, 0.0445891 ],
  "lightfield_0.0_0.0_0.6_x" : [ 0.0, 0.0, 0.0, 0.0, 0.014528529, 0.062768795, 0.11547111, 0.13043869, 0.16104132, 0.17757687, 0.13840854, 0.08774461, 0.059081785, 0.03773475, 0.015205003, 0.0, 0.0, 0.0, 0.0, 0.0 ],
  "lightfield_0.0_0.0_0.8_y" : [ 0.0, 0.0, 0.0, 0.00890128, 0.04534775, 0.061149873, 0.09702799, 0.09456659, 0.07585108, 0.0854147, 0.09197542, 0.08016523, 0.093913205, 0.09179641, 0.07279896, 0.050216828, 0.028668478, 0.017847313, 0.0043588975, 0.0 ],
  "lightfield_0.0_0.0_0.8_x" : [ 0.009827658, 0.032526147, 0.055224635, 0.072082914, 0.084788166, 0.07552886, 0.07185915, 0.066869244, 0.06354413, 0.06490014, 0.06097086, 0.052100908, 0.06814917, 0.07689829, 0.057453312, 0.038411107, 0.024470689, 0.019167513, 0.005227097, 0.0 ],
  "lightfield_0.0_0.0_0.2_y" : [ 0.0, 0.0, 5.3282705E-4, 0.016875843, 0.023784684, 0.03050547, 0.074237585, 0.07432714, 0.08533293, 0.09389398, 0.07512414, 0.08792542, 0.11278471, 0.109050445, 0.091489546, 0.066473536, 0.041296337, 0.016141526, 2.2387692E-4, 0.0 ],
  "lightfield_0.0_0.0_0.2_x" : [ 0.0, 1.7014646E-4, 0.023520509, 0.06746307, 0.060688555, 0.064019844, 0.062219873, 0.07100481, 0.068895884, 0.053855833, 0.055834904, 0.06666607, 0.078244984, 0.06470939, 0.06408701, 0.064078055, 0.06153929, 0.041067984, 0.029220415, 0.0027133883 ],
  "lightfield_0.0_0.0_0.4_y" : [ 0.0046992735, 0.016249403, 0.033070464, 0.044337016, 0.04708276, 0.059695177, 0.07067815, 0.050359648, 0.04232497, 0.053262934, 0.06132912, 0.050472178, 0.059510626, 0.059470117, 0.059479117, 0.059501626, 0.06206282, 0.074184604, 0.05815126, 0.034078736 ],
  "lightfield_0.0_0.0_0.4_x" : [ 0.0, 0.0, 0.0, 0.0, 0.0049828505, 0.038760003, 0.085473664, 0.11380884, 0.1564579, 0.15067384, 0.14478624, 0.12494036, 0.0915098, 0.05395162, 0.02159235, 0.010361808, 0.0027007319, 0.0, 0.0, 0.0 ],
  "lightfield_0.0_0.0_0.0_y" : [ 0.0, 0.0, 0.0, 0.0, 0.0, 0.0, 0.01185227, 0.047023714, 0.13814056, 0.20314208, 0.19543026, 0.19823538, 0.16825743, 0.037918303, 0.0, 0.0, 0.0, 0.0, 0.0, 0.0 ],
  "lightfield_0.0_0.0_0.0_x" : [ 0.008115108, 0.025635855, 0.053678013, 0.050447203, 0.051746696, 0.044801135, 0.062021654, 0.05372282, 0.055071607, 0.041740604, 0.03982273, 0.066955246, 0.054860998, 0.054928213, 0.054896846, 0.05485204, 0.054843076, 0.055161227, 0.072023265, 0.044675663 ],
  "d1" : [ 0.0083982, 0.0178428, 0.0226868, 0.0537628, 0.0799374, 0.0823779, 0.0871979, 0.0700776, 0.0524418, 0.0432085, 0.0434967, 0.038755, 0.0496485, 0.0518233, 0.0795797, 0.0613605, 0.046245, 0.0378509, 0.0405068, 0.0328019 ],
  "d2" : [ 0.011412004, 0.042397346, 0.075943135, 0.10676265, 0.11438368, 0.10723853, 0.0871443, 0.07612196, 0.07071432, 0.061761644, 0.04800673, 0.045710426, 0.03673465, 0.028830063, 0.025278838, 0.023457618, 0.02192575, 0.013310737, 0.002647765, 2.1783826E-4 ],
  "d3" : [ 6.970959E-4, 0.007134164, 0.023004968, 0.04456936, 0.06843704, 0.09128776, 0.10775755, 0.115395926, 0.11444426, 0.10619231, 0.092934914, 0.07695081, 0.059359, 0.040891696, 0.025182487, 0.014271649, 0.0073610623, 0.0031434717, 9.099073E-4, 7.455947E-5 ],
  "d4" : [ 2.3387065E-6, 1.5862532E-5, 1.04224964E-4, 4.991613E-4, 0.001955362, 0.0064213765, 0.017893443, 0.045053553, 0.109109096, 0.30242485, 0.32607222, 0.114579335, 0.04736928, 0.018912815, 0.0068229223, 0.002089685, 5.4491864E-4, 1.0900406E-4, 1.7997872E-5, 2.5420723E-6 ],
  "lightfield_0.0_0.8_0.0_y" : [ 0.0, 0.0, 0.0, 0.0, 0.0, 0.0, 0.021404238, 0.08763953, 0.1613781, 0.17406209, 0.17489341, 0.17589612, 0.15674159, 0.047984917, 0.0, 0.0, 0.0, 0.0, 0.0, 0.0 ],
  "lightfield_0.0_0.8_0.0_x" : [ 0.014085231, 0.05562531, 0.06770938, 0.069650546, 0.0537827, 0.05390697, 0.05388983, 0.05958477, 0.06719945, 0.07117605, 0.059271958, 0.074642725, 0.062897176, 0.06024468, 0.06006899, 0.056375206, 0.052342895, 0.007546119, 0.0, 0.0 ],
  "lightfield_0.8_0.0_0.0_x" : [ 0.00849885, 0.032398432, 0.050639965, 0.04812876, 0.049274497, 0.045856908, 0.056431424, 0.05264108, 0.056274474, 0.04416577, 0.041505467, 0.062422995, 0.056317635, 0.05637649, 0.056278396, 0.056215618, 0.056282323, 0.056435347, 0.06516178, 0.048693784 ],
  "lightfield_0.8_0.0_0.0_y" : [ 0.0, 0.0, 0.0, 0.0, 0.0, 0.0, 0.021882774, 0.13911276, 0.172653, 0.17776959, 0.18369053, 0.18290184, 0.103983395, 0.018006105, 0.0, 0.0, 0.0, 0.0, 0.0, 0.0 ],
  "lightfield_0.0_0.6_0.0_x" : [ 0.0, 0.0, 0.0, 0.0, 0.0, 0.08624144, 0.11419178, 0.10809577, 0.13018993, 0.1299733, 0.13260357, 0.121726684, 0.10805709, 0.06853363, 3.868023E-4, 0.0, 0.0, 0.0, 0.0, 0.0 ],
  "lightfield_0.0_0.6_0.0_y" : [ 0.0, 0.0, 0.0, 0.0, 0.0, 0.0, 0.022380382, 0.096847564, 0.17126833, 0.16421305, 0.16677368, 0.16925696, 0.14429273, 0.06496731, 0.0, 0.0, 0.0, 0.0, 0.0, 0.0 ],
  "lightfield_0.6_0.0_0.0_y" : [ 0.0, 0.0, 0.0, 0.0, 0.0, 0.0, 0.0, 0.06475241, 0.20770393, 0.22040915, 0.23233485, 0.21846035, 0.0563393, 0.0, 0.0, 0.0, 0.0, 0.0, 0.0, 0.0 ],
  "lightfield_0.6_0.0_0.0_x" : [ 0.011631002, 0.0348835, 0.049285598, 0.049760915, 0.049870238, 0.04986073, 0.051847555, 0.051624157, 0.05627751, 0.045734983, 0.04262641, 0.05666727, 0.056800358, 0.056738567, 0.05674332, 0.056809865, 0.056800358, 0.056738567, 0.05663875, 0.05266035 ],
  "lightfield_0.0_0.4_0.0_x" : [ 0.0, 0.0, 0.0, 0.0, 0.0, 0.018190637, 0.09061969, 0.113956764, 0.12208192, 0.13138188, 0.12649314, 0.13073763, 0.09807028, 0.11360054, 0.05486751, 0.0, 0.0, 0.0, 0.0, 0.0 ],
  "lightfield_0.0_0.4_0.0_y" : [ 0.0, 0.0, 0.0, 0.0, 0.0, 0.0, 0.023526559, 0.10190547, 0.16965802, 0.16227564, 0.1660881, 0.16855142, 0.1438273, 0.06416748, 0.0, 0.0, 0.0, 0.0, 0.0, 0.0 ],
  "lightfield_0.0_0.2_0.0_y" : [ 0.0, 0.0, 0.0, 0.0, 0.0, 0.0, 0.021608736, 0.08750726, 0.16184336, 0.17374142, 0.1747411, 0.17571944, 0.15710123, 0.04773745, 0.0, 0.0, 0.0, 0.0, 0.0, 0.0 ],
  "lightfield_0.0_0.2_0.0_x" : [ 0.0, 2.093373E-4, 0.023155268, 0.058635805, 0.05879815, 0.05583752, 0.06094706, 0.06777829, 0.07179842, 0.059776478, 0.071302846, 0.06882071, 0.053684335, 0.053620253, 0.053697154, 0.05749513, 0.068295226, 0.06798763, 0.04760074, 5.596569E-4 ],
  "a3" : [ 0.13246773, 0.18523984, 0.1297682, 0.0919588, 0.07517094, 0.06795618, 0.0431153, 0.0, 0.0, 0.0, 0.0, 0.0, 0.0, 0.0044785994, 0.022161974, 0.036855623, 0.046403058, 0.050976846, 0.054063667, 0.05938325 ],
  "lightfield_0.4_0.0_0.0_y" : [ 0.0, 0.0, 0.0, 0.0, 0.0, 0.0, 0.0, 0.030303746, 0.211611, 0.2302111, 0.22103631, 0.20785789, 0.09897995, 0.0, 0.0, 0.0, 0.0, 0.0, 0.0, 0.0 ],
  "lightfield_0.4_0.0_0.0_x" : [ 0.011212056, 0.034605168, 0.049324535, 0.049995746, 0.050099738, 0.050435342, 0.05359287, 0.052434795, 0.05701037, 0.045694325, 0.041629247, 0.056466784, 0.056509327, 0.05659441, 0.056523506, 0.05653296, 0.05653296, 0.056514055, 0.056528233, 0.051763583 ],
  "lightfield_0.2_0.0_0.0_x" : [ 0.008680153, 0.031757712, 0.050782435, 0.04821695, 0.049672823, 0.046351857, 0.057711605, 0.05220683, 0.056420993, 0.043215826, 0.040866755, 0.06247664, 0.056487884, 0.056432795, 0.05651936, 0.056342296, 0.056405254, 0.056857754, 0.065230995, 0.0473631 ],