{
  "eccentricity_minmax" : 0.0062032025,
  "compactness" : 11729.985,
  "eccentricity" : 3.91098,
  "compactness_standardized" : 0.013190485,
  "convexity_minmax" : 0.008535222,
  "diameter_standardized" : -0.4458862,
  "surface_area_minmax" : 0.08139016,
  "convexity" : 0.017352343,
  "diameter_minmax" : 0.036324844,
  "rectangularity _standardized" : -0.39805892,
  "convexity_standardized" : -1.1346892,
  "diameter" : 1.0192683,
  "surface_area" : 1.6771111,
  "rectangularity " : 3.7664047E-4,
  "compactness_minmax" : 0.002979705,
  "surface_area_standardized" : 0.05176418,
  "rectangularity _minmax" : 6.786783E-4,
  "eccentricity_standardized" : -0.23304503,
  "lightfield_0.0_0.0_0.6_y" : [ 0.00939006, 0.032981552, 0.06071003, 0.078606755, 0.0734365, 0.055342592, 0.0607613, 0.060449746, 0.051237155, 0.07127533, 0.08778779, 0.08809935, 0.05851731, 0.052349288, 0.06667692, 0.041318633, 0.018634202, 0.01794799, 0.010857134, 0.003620359 ],
  "lightfield_0.0_0.0_0.6_x" : [ 0.0, 0.0, 8.321305E-4, 0.021382993, 0.028446242, 0.027618056, 0.030449666, 0.043554734, 0.05590655, 0.11467231, 0.1499294, 0.13944298, 0.13039209, 0.08963741, 0.064933784, 0.05339438, 0.045585766, 0.0038214903, 0.0, 0.0 ],
  "lightfield_0.0_0.0_0.8_y" : [ 0.0036781265, 0.017772282, 0.03362554, 0.04107508, 0.044129524, 0.058431573, 0.06807999, 0.07410093, 0.08595888, 0.09511955, 0.10041019, 0.09991711, 0.080593616, 0.06069975, 0.04000629, 0.036986496, 0.028899947, 0.01839863, 0.010757187, 0.0013593077 ],
  "lightfield_0.0_0.0_0.8_x" : [ 0.03251144, 0.05655786, 0.08175036, 0.076624975, 0.048943073, 0.043945618, 0.049537435, 0.044995748, 0.037993982, 0.03960916, 0.04576336, 0.05524919, 0.06913812, 0.070747964, 0.07603861, 0.06987374, 0.053156927, 0.03108017, 0.012151144, 0.0043311273 ],
  "lightfield_0.0_0.0_0.2_y" : [ 0.0, 0.003504799, 0.03229571, 0.048004597, 0.05757486, 0.067228734, 0.08535196, 0.10015155, 0.088184364, 0.08256136, 0.074377686, 0.055979237, 0.064009614, 0.07578867, 0.058849964, 0.04605362, 0.035034057, 0.022272546, 0.002776665, 0.0 ],
  "lightfield_0.0_0.0_0.2_x" : [ 0.008040831, 0.022666225, 0.0401728, 0.059191387, 0.05813925, 0.050906684, 0.058052152, 0.08379814, 0.0992318, 0.10117233, 0.08059644, 0.06866062, 0.058107898, 0.06036546, 0.0571115, 0.04036093, 0.018652778, 0.018969811, 0.0119393105, 0.0038636404 ],
  "lightfield_0.0_0.0_0.4_y" : [ 0.0050500953, 0.011300073, 0.061126973, 0.084009446, 0.08629275, 0.08305307, 0.060827002, 0.04448036, 0.03957849, 0.039624367, 0.039670244, 0.039666716, 0.04389101, 0.079262845, 0.09921267, 0.07709247, 0.050631527, 0.038685635, 0.012411729, 0.0041325376 ],
  "lightfield_0.0_0.0_0.4_x" : [ 0.0, 0.0, 0.0, 0.0018209986, 0.04588493, 0.070270784, 0.05780965, 0.05515226, 0.062542126, 0.113286585, 0.151157, 0.14036512, 0.12973909, 0.09793514, 0.048602313, 0.025433987, 0.0, 0.0, 0.0, 0.0 ],
  "lightfield_0.0_0.0_0.0_y" : [ 0.0, 0.0, 0.0, 0.006040583, 0.033605736, 0.07768258, 0.15231632, 0.16261233, 0.14585704, 0.1323904, 0.08976755, 0.06636648, 0.054034095, 0.021018336, 0.027572766, 0.025597302, 0.0051384917, 0.0, 0.0, 0.0 ],
  "lightfield_0.0_0.0_0.0_x" : [ 0.010695675, 0.051898766, 0.076651074, 0.08133662, 0.08678342, 0.059648376, 0.04647861, 0.041218318, 0.04119548, 0.041218318, 0.046071336, 0.07647979, 0.09797391, 0.081922784, 0.051141318, 0.04673744, 0.031032685, 0.017470872, 0.010520587, 0.0035246247 ],
  "d1" : [ 0.006355, 0.0103265, 0.0306369, 0.0349767, 0.0677021, 0.0738672, 0.0675441, 0.0640519, 0.0832525, 0.0865542, 0.0763572, 0.104275, 0.1479374, 0.0689783, 0.0353182, 0.0199028, 0.0103097, 0.0056747, 0.0043023, 0.0016773 ],
  "d2" : [ 0.008277654, 0.029851843, 0.051356617, 0.07250843, 0.09935594, 0.105591744, 0.09158308, 0.087199815, 0.07626839, 0.06565273, 0.0728841, 0.06711248, 0.057336967, 0.044849277, 0.03907806, 0.018535255, 0.007827074, 0.0035378214, 0.0010769891, 1.1572032E-4 ],
  "d3" : [ 9.5528696E-4, 0.008184437, 0.024892299, 0.04722794, 0.071862556, 0.095434114, 0.11292752, 0.1206327, 0.11940916, 0.11125179, 0.097988255, 0.07709681, 0.05287615, 0.03275143, 0.017148478, 0.0067987978, 0.0020132065, 4.6768208E-4, 7.506257E-5, 6.3390644E-6 ],
  "d4" : [ 1.931975E-6, 9.558192E-6, 6.253498E-5, 3.056588E-4, 0.0013444512, 0.0051210555, 0.015652047, 0.04246827, 0.114414, 0.36749652, 0.2997875, 0.0981304, 0.036474977, 0.013248772, 0.004122326, 0.0010585189, 2.4200529E-4, 4.819769E-5, 1.0066607E-5, 1.2201947E-6 ],
  "lightfield_0.0_0.8_0.0_y" : [ 0.0, 0.0, 0.015779642, 0.04563015, 0.07828794, 0.11339213, 0.1205138, 0.1173377, 0.10922367, 0.10765818, 0.084823206, 0.07924846, 0.056315307, 0.01705857, 0.019624388, 0.02146318, 0.013643673, 0.0, 0.0, 0.0 ],
  "lightfield_0.0_0.8_0.0_x" : [ 0.0091515025, 0.01779621, 0.037253436, 0.054113, 0.054351807, 0.050857306, 0.08064944, 0.079641156, 0.04997373, 0.036863387, 0.04132637, 0.0499472, 0.065567635, 0.0678522, 0.06818652, 0.06954505, 0.06650428, 0.06025292, 0.036866043, 0.003300803 ],
  "lightfield_0.8_0.0_0.0_x" : [ 0.021005234, 0.0510368, 0.0667138, 0.0717876, 0.07685253, 0.06800371, 0.050501317, 0.045489643, 0.04548077, 0.045495562, 0.04932384, 0.06824038, 0.07447687, 0.06776111, 0.053871028, 0.046297308, 0.040880326, 0.031558145, 0.018916544, 0.006307487 ],
  "lightfield_0.8_0.0_0.0_y" : [ 0.0, 0.0, 0.0, 0.0014733248, 0.01707341, 0.027028706, 0.052924313, 0.071260996, 0.113709316, 0.12511723, 0.12886563, 0.1349246, 0.14034751, 0.10931597, 0.054518934, 0.021877985, 0.0015620793, 0.0, 0.0, 0.0 ],
  "lightfield_0.0_0.6_0.0_x" : [ 1.2105561E-5, 0.017306916, 0.036403436, 0.05299411, 0.049184892, 0.058429506, 0.095613755, 0.100742474, 0.09332782, 0.07403962, 0.067674115, 0.06775886, 0.06704059, 0.06664918, 0.07104754, 0.067450166, 0.013035671, 0.0012892422, 0.0, 0.0 ],
  "lightfield_0.0_0.6_0.0_y" : [ 0.017089017, 0.037462674, 0.05571786, 0.06445807, 0.07570414, 0.07557703, 0.07558107, 0.07294609, 0.06924986, 0.06920749, 0.06967557, 0.06942337, 0.07074086, 0.05776572, 0.03419619, 0.0142946495, 0.017825438, 0.02146114, 0.018343959, 0.0132798 ],
  "lightfield_0.6_0.0_0.0_y" : [ 0.0, 0.0, 0.0, 0.0, 0.0, 0.003312411, 0.046670184, 0.118881434, 0.15166086, 0.15997808, 0.16857794, 0.16018833, 0.13628452, 0.051526777, 0.0029194716, 0.0, 0.0, 0.0, 0.0, 0.0 ],
  "lightfield_0.6_0.0_0.0_x" : [ 0.031221455, 0.056031793, 0.06367688, 0.0693745, 0.071625285, 0.06520727, 0.053077854, 0.04846943, 0.048462536, 0.048465986, 0.04851424, 0.051430266, 0.054559994, 0.057100315, 0.055297617, 0.047824875, 0.05115107, 0.043602496, 0.026206307, 0.0086998185 ],
  "lightfield_0.0_0.4_0.0_x" : [ 0.0, 0.0015538353, 0.031002043, 0.06860082, 0.070342325, 0.06592903, 0.0669582, 0.067563586, 0.067963146, 0.081493616, 0.09657995, 0.100561395, 0.084944345, 0.053145204, 0.049442235, 0.052152365, 0.028636985, 0.013130918, 0.0, 0.0 ],
  "lightfield_0.0_0.4_0.0_y" : [ 0.017146675, 0.03716088, 0.055518337, 0.064189546, 0.07602493, 0.07600273, 0.07602493, 0.07359731, 0.06968851, 0.06971272, 0.06999927, 0.06992461, 0.07018291, 0.056640327, 0.033122927, 0.014149992, 0.017852962, 0.021412658, 0.018375617, 0.013272176 ],
  "lightfield_0.0_0.2_0.0_y" : [ 0.0, 0.0, 0.01647029, 0.045943998, 0.07870753, 0.113223, 0.12055311, 0.11747204, 0.10932013, 0.107134834, 0.084248714, 0.07865204, 0.05615436, 0.01727359, 0.019641211, 0.02147506, 0.013730086, 0.0, 0.0, 0.0 ],
  "lightfield_0.0_0.2_0.0_x" : [ 0.00448421, 0.04166325, 0.060517017, 0.06690642, 0.069464296, 0.067720294, 0.06807174, 0.063465975, 0.049416155, 0.040104218, 0.03647087, 0.052608214, 0.08140017, 0.079904556, 0.04830105, 0.054339007, 0.053538352, 0.035310842, 0.017659385, 0.00865397 ],
  "a3" : [ 0.08923199, 0.15954298, 0.14842033, 0.120414555, 0.10682592, 0.09513356, 0.055390544, 0.0, 0.0, 0.0, 0.0, 0.0, 0.0, 0.0018279648, 0.009384633, 0.018795125, 0.029368784, 0.04105289, 0.054115385, 0.07049533 ],