{
  "eccentricity_minmax" : 0.0022601483,
  "compactness" : 209.73181,
  "eccentricity" : 2.061084,
  "compactness_standardized" : -0.06369501,
  "convexity_minmax" : 0.05347887,
  "diameter_standardized" : 0.274823,
  "surface_area_minmax" : 0.081601426,
  "convexity" : 0.10332462,
  "diameter_minmax" : 0.15267968,
  "rectangularity _standardized" : -0.32026696,
  "convexity_standardized" : -0.8273847,
  "diameter" : 1.0809879,
  "surface_area" : 1.6814234,
  "rectangularity " : 0.0041411617,
  "compactness_minmax" : 5.3162737E-5,
  "surface_area_standardized" : 0.054083463,
  "rectangularity _minmax" : 0.0074625886,
  "eccentricity_standardized" : -0.31659508,
  "lightfield_0.0_0.0_0.6_y" : [ 0.0, 0.0, 0.038702708, 0.059026986, 0.06834152, 0.06773544, 0.07756492, 0.08407233, 0.08925821, 0.09247546, 0.092530146, 0.08789111, 0.0770363, 0.04351947, 0.03281049, 0.02463521, 0.017494371, 0.016806263, 0.0153070055, 0.014792063 ],
  "lightfield_0.0_0.0_0.6_x" : [ 0.026262065, 0.0290464, 0.028189681, 0.021923788, 0.021477202, 0.06534301, 0.09230685, 0.12537253, 0.12838928, 0.12270213, 0.15045889, 0.15780024, 0.030490972, 2.3696467E-4, 0.0, 0.0, 0.0, 0.0, 0.0, 0.0 ],
  "lightfield_0.0_0.0_0.8_y" : [ 0.0, 0.0, 0.0, 0.009893673, 0.03626744, 0.077563584, 0.10557928, 0.13584504, 0.14819926, 0.11787737, 0.094993286, 0.08313959, 0.060133882, 0.016176037, 0.015179653, 0.018865807, 0.021012943, 0.02136846, 0.019562807, 0.018341886 ],
  "lightfield_0.0_0.0_0.8_x" : [ 0.018659981, 0.017948946, 0.016269594, 0.015006572, 0.04164698, 0.087957785, 0.10385315, 0.11084655, 0.104596935, 0.0995121, 0.094581634, 0.1005038, 0.08733095, 0.05816918, 0.036543436, 0.0065723923, 0.0, 0.0, 0.0, 0.0 ],
  "lightfield_0.0_0.0_0.2_y" : [ 0.0, 0.0, 0.0, 0.0076043117, 0.031745475, 0.08102176, 0.09766417, 0.12627819, 0.1410646, 0.14206298, 0.11384038, 0.0777056, 0.054131795, 0.016206993, 0.015015108, 0.018252108, 0.02032801, 0.0205831, 0.018938212, 0.017557207 ],
  "lightfield_0.0_0.0_0.2_x" : [ 0.009187628, 0.036693335, 0.056168113, 0.076289415, 0.09166956, 0.08919343, 0.094954945, 0.10335531, 0.107476324, 0.10351804, 0.0811757, 0.031217702, 0.012402637, 0.014711639, 0.016206993, 0.017113, 0.01634773, 0.015278993, 0.014197061, 0.012842447 ],
  "lightfield_0.0_0.0_0.4_y" : [ 0.0, 0.0, 0.035121772, 0.056049254, 0.065191485, 0.06825912, 0.07773065, 0.07796462, 0.08323765, 0.08712851, 0.08400889, 0.0825314, 0.07302521, 0.041720647, 0.032998696, 0.033180673, 0.03260008, 0.030082714, 0.024038441, 0.015130179 ],
  "lightfield_0.0_0.0_0.4_x" : [ 0.0, 0.0, 0.0011048671, 0.026191847, 0.16974658, 0.1346118, 0.117804825, 0.12204665, 0.11593738, 0.08634861, 0.061915882, 0.02094048, 0.021720387, 0.026742116, 0.027127735, 0.024571376, 0.021867702, 0.017881515, 0.0034402527, 0.0 ],
  "lightfield_0.0_0.0_0.0_y" : [ 0.0, 0.0, 0.0043351995, 0.035508346, 0.04557625, 0.058984734, 0.037959225, 0.09473649, 0.11441065, 0.12065536, 0.120134965, 0.11329433, 0.08257862, 0.039453253, 0.051699247, 0.04304983, 0.03350232, 0.0041211676, 0.0, 0.0 ],
  "lightfield_0.0_0.0_0.0_x" : [ 0.042420324, 0.060957186, 0.057683755, 0.059030898, 0.06530497, 0.07787831, 0.08233102, 0.077609725, 0.07837352, 0.07668645, 0.07175531, 0.04074584, 0.030258266, 0.0322559, 0.03291478, 0.030040037, 0.02829001, 0.025155067, 0.020119019, 0.010189607 ],
  "d1" : [ 0.0272546, 0.0764726, 0.1318158, 0.1162406, 0.0984991, 0.093232, 0.0678557, 0.0869772, 0.0496035, 0.0634617, 0.0456968, 0.0196997, 0.0177223, 0.0150587, 0.0174215, 0.0160336, 0.0146587, 0.0163359, 0.014674, 0.011286 ],
  "d2" : [ 0.010455636, 0.033068106, 0.061302666, 0.08716541, 0.10899874, 0.113033846, 0.09924283, 0.084066264, 0.07410882, 0.06628094, 0.05905677, 0.05118739, 0.046547875, 0.03445485, 0.025859341, 0.019286886, 0.013052792, 0.008115125, 0.0036944489, 0.0010212794 ],
  "d3" : [ 0.0025652081, 0.020601055, 0.051760975, 0.09022169, 0.1259551, 0.14425065, 0.14152998, 0.12014006, 0.09367155, 0.06879384, 0.049057014, 0.03417118, 0.022702202, 0.014450552, 0.009101991, 0.005639151, 0.0032062586, 0.001521778, 5.538129E-4, 1.0595293E-4 ],
  "d4" : [ 2.5420723E-6, 1.6777678E-5, 7.026288E-5, 2.2949828E-4, 5.962685E-4, 0.0016449242, 0.0047407616, 0.014900509, 0.056510266, 0.3600169, 0.47219867, 0.064590804, 0.01651137, 0.0051553226, 0.0017952115, 6.7303906E-4, 2.4830963E-4, 7.687227E-5, 2.0234897E-5, 1.4235605E-6 ],
  "lightfield_0.0_0.8_0.0_y" : [ 0.0, 0.0, 0.0, 0.0072293025, 0.021507176, 0.039500106, 0.044272784, 0.11351344, 0.14215621, 0.16233131, 0.15202287, 0.13586403, 0.09643756, 0.036594998, 0.023214094, 0.018943451, 0.0064126593, 0.0, 0.0, 0.0 ],
  "lightfield_0.0_0.8_0.0_x" : [ 0.012999358, 0.015455982, 0.015496144, 0.015937936, 0.017812198, 0.03485461, 0.08983078, 0.104376405, 0.10514619, 0.09934267, 0.108573414, 0.13919754, 0.11739585, 0.08321062, 0.03370997, 0.0066603296, 0.0, 0.0, 0.0, 0.0 ],
  "lightfield_0.8_0.0_0.0_x" : [ 0.033747446, 0.04761889, 0.050286476, 0.05281157, 0.05994943, 0.063445464, 0.07126596, 0.069151774, 0.06530449, 0.0627098, 0.06424408, 0.048967596, 0.044010192, 0.04720798, 0.04831147, 0.045080543, 0.04261178, 0.03766101, 0.029976374, 0.015637685 ],
  "lightfield_0.8_0.0_0.0_y" : [ 0.0, 0.0, 0.0, 0.0, 0.036342125, 0.0750304, 0.06786272, 0.0693009, 0.09065815, 0.093494736, 0.09186436, 0.08382515, 0.11037177, 0.103045024, 0.08678103, 0.06418112, 0.027242512, 0.0, 0.0, 0.0 ],
  "lightfield_0.0_0.6_0.0_x" : [ 0.0, 0.0, 0.0054985946, 0.04047717, 0.05833857, 0.07550633, 0.14794904, 0.17737122, 0.12997927, 0.09838221, 0.11336064, 0.07858438, 0.07455256, 0.0, 0.0, 0.0, 0.0, 0.0, 0.0, 0.0 ],
  "lightfield_0.0_0.6_0.0_y" : [ 0.0, 0.0, 0.004718242, 0.037124544, 0.04875758, 0.07260168, 0.053873222, 0.09129401, 0.09495011, 0.10740685, 0.10404699, 0.0959111, 0.083331525, 0.057442613, 0.057955623, 0.048714224, 0.03721125, 0.0046604383, 0.0, 0.0 ],
  "lightfield_0.6_0.0_0.0_y" : [ 0.0, 0.0, 0.0, 0.0, 0.0, 0.025952343, 0.068958215, 0.13432303, 0.12604126, 0.13234787, 0.13421413, 0.14712377, 0.1446586, 0.08009534, 0.006285427, 0.0, 0.0, 0.0, 0.0, 0.0 ],
  "lightfield_0.6_0.0_0.0_x" : [ 0.030105323, 0.037446387, 0.044300467, 0.048510917, 0.054690477, 0.057727326, 0.05445757, 0.055945747, 0.052028697, 0.05343218, 0.052334197, 0.049811557, 0.054357756, 0.05782109, 0.059759956, 0.059436306, 0.059115686, 0.054554366, 0.0429847, 0.021179289 ],
  "lightfield_0.0_0.4_0.0_x" : [ 0.0, 0.0, 0.029737132, 0.06664495, 0.06334892, 0.062170237, 0.09882089, 0.12419474, 0.13939334, 0.14652546, 0.1478113, 0.1091333, 0.012219741, 0.0, 0.0, 0.0, 0.0, 0.0, 0.0, 0.0 ],
  "lightfield_0.0_0.4_0.0_y" : [ 0.0, 0.0, 0.005537673, 0.041725423, 0.054862395, 0.060978692, 0.047773145, 0.09172306, 0.098147966, 0.10396852, 0.10356134, 0.09740218, 0.08410233, 0.049097557, 0.061540175, 0.053276528, 0.040928204, 0.0053748, 0.0, 0.0 ],
  "lightfield_0.0_0.2_0.0_y" : [ 0.0, 0.0, 0.0053549823, 0.04192122, 0.054614097, 0.06101095, 0.029960267, 0.09096001, 0.10839545, 0.11346662, 0.11326124, 0.10711085, 0.07866671, 0.03634218, 0.06087278, 0.05237352, 0.040517125, 0.0051720017, 0.0, 0.0 ],
  "lightfield_0.0_0.2_0.0_x" : [ 0.041092206, 0.05388591, 0.05095075, 0.052239086, 0.054124903, 0.059311844, 0.073009245, 0.079753384, 0.078943044, 0.08149357, 0.08547807, 0.07325198, 0.047328483, 0.04792597, 0.047948375, 0.03940057, 0.026677819, 0.007184788, 0.0, 0.0 ],
  "a3" : [ 0.10232236, 0.15070522, 0.13769676, 0.13490103, 0.11435401, 0.09176309, 0.050785165, 0.0, 0.0, 0.0, 0.0, 0.0, 0.0, 0.0034816556, 0.013818255, 0.022276882, 0.028812658, 0.037261624, 0.048570618, 0.06325068 ],
  "lightfield_0.4_0.0_0.0_y" : [ 0.0, 0.0, 0.0, 0.0, 0.0010486768, 0.027460136, 0.06573228, 0.1336531, 0.12641875, 0.1361456, 0.13470177, 0.14629498, 0.14391494, 0.078723714, 0.0059060263, 0.0, 0.0, 0.0, 0.0, 0.0 ],