{
  "eccentricity_minmax" : 0.005890016,
  "compactness" : 21.013773,
  "eccentricity" : 3.7640474,
  "compactness_standardized" : -0.064955086,
  "convexity_minmax" : 0.1003465,
  "diameter_standardized" : 1.0297918,
  "surface_area_minmax" : 0.055714786,
  "convexity" : 0.19297725,
  "diameter_minmax" : 0.27446187,
  "rectangularity _standardized" : -0.18222718,
  "convexity_standardized" : -0.5065175,
  "diameter" : 1.1455865,
  "surface_area" : 1.1530433,
  "rectangularity " : 0.010779343,
  "compactness_minmax" : 5.2218356E-6,
  "surface_area_standardized" : -0.2692836,
  "rectangularity _minmax" : 0.01942502,
  "eccentricity_standardized" : -0.23959357,
  "lightfield_0.0_0.0_0.6_y" : [ 9.606862E-4, 0.0029392424, 0.022959257, 0.050413154, 0.06605861, 0.0800629, 0.09530236, 0.08758828, 0.08865761, 0.0921401, 0.08972695, 0.08699357, 0.08275625, 0.068900645, 0.055039313, 0.020837741, 0.002796283, 0.003242316, 0.0011608292, 0.0014639028 ],
  "lightfield_0.0_0.0_0.6_x" : [ 3.7169407E-4, 0.0029563974, 0.007571122, 0.01659471, 0.039776985, 0.11742673, 0.14722516, 0.14788277, 0.15460186, 0.14094067, 0.12568405, 0.08829164, 0.010321658, 1.6011437E-4, 1.9442459E-4, 0.0, 0.0, 0.0, 0.0, 0.0 ],
  "lightfield_0.0_0.0_0.8_y" : [ 0.0, 0.0013120879, 0.006612006, 0.007540208, 0.008743432, 0.07466295, 0.11852336, 0.12822364, 0.13578103, 0.1365488, 0.12502077, 0.11295415, 0.09459065, 0.04199827, 0.0010886318, 0.0010771726, 0.001054254, 0.0013808435, 0.001501166, 0.0013865732 ],
  "lightfield_0.0_0.0_0.8_x" : [ 0.0016787848, 0.0034893514, 0.035311777, 0.05925595, 0.08777237, 0.09550166, 0.0881448, 0.10171259, 0.10595825, 0.099208735, 0.08894122, 0.07731005, 0.06652686, 0.053033557, 0.033942394, 0.0022116415, 0.0, 0.0, 0.0, 0.0 ],
  "lightfield_0.0_0.0_0.2_y" : [ 0.0, 0.0, 0.0, 0.013822304, 0.055117797, 0.07623695, 0.09522476, 0.10586434, 0.11305262, 0.123829335, 0.13240042, 0.10062455, 0.09123064, 0.07432845, 0.00878822, 0.0045483895, 0.0019427794, 0.0015427954, 0.0014456564, 0.0 ],
  "lightfield_0.0_0.0_0.2_x" : [ 0.0039426996, 0.0046455283, 0.036472827, 0.07304851, 0.09875605, 0.102498755, 0.10229305, 0.10606433, 0.099641725, 0.10229877, 0.0983675, 0.07679121, 0.067637295, 0.01994206, 0.0014513705, 0.0010342443, 0.0010970989, 0.001302805, 0.0014685127, 0.0012456644 ],
  "lightfield_0.0_0.0_0.4_y" : [ 0.0, 0.0072142826, 0.034730148, 0.052132323, 0.06263983, 0.071126886, 0.078814894, 0.08812383, 0.09698758, 0.08925392, 0.08257043, 0.089602076, 0.08098945, 0.06789073, 0.061098807, 0.024251176, 0.0037041688, 0.0040751565, 0.0034416236, 0.0013526779 ],
  "lightfield_0.0_0.0_0.4_x" : [ 0.0011757454, 0.0013241405, 0.010730104, 0.015267568, 0.02531848, 0.10085156, 0.16615109, 0.19052783, 0.18107049, 0.16006689, 0.1079574, 0.031157253, 0.0020946532, 0.0016780056, 0.0018321081, 0.001615223, 0.0011814529, 0.0, 0.0, 0.0 ],
  "lightfield_0.0_0.0_0.0_y" : [ 0.0, 0.0, 0.0, 2.736493E-4, 0.002354524, 0.0065390775, 0.06085276, 0.17719361, 0.19616663, 0.19441071, 0.16805486, 0.11695656, 0.046839636, 0.024007024, 0.0028049052, 0.002314617, 0.0012314218, 0.0, 0.0, 0.0 ],
  "lightfield_0.0_0.0_0.0_x" : [ 0.018682264, 0.043983422, 0.05695326, 0.06642836, 0.07536187, 0.08470015, 0.09181504, 0.08253376, 0.08554961, 0.09397572, 0.075111024, 0.07066993, 0.075772345, 0.045653824, 0.019394893, 0.0032609873, 0.0030101421, 0.002987338, 0.002764998, 0.0013910505 ],
  "d1" : [ 0.0090984, 0.0628863, 0.1549098, 0.1837557, 0.1477069, 0.0965581, 0.092013, 0.0873007, 0.0607124, 0.0347744, 0.0211815, 0.0109401, 0.0058479, 0.0040079, 0.0035919, 0.0041478, 0.0053415, 0.0049549, 0.0069152, 0.0033556 ],
  "d2" : [ 0.019869689, 0.0706124, 0.1337639, 0.1731137, 0.16201206, 0.12601952, 0.09584843, 0.071765006, 0.05107477, 0.033458475, 0.02226611, 0.013813226, 0.009488266, 0.0069981287, 0.005130501, 0.003041334, 0.00125322, 3.24657E-4, 1.05018444E-4, 4.1607305E-5 ],
  "d3" : [ 0.0031963978, 0.03134597, 0.08515778, 0.14639023, 0.18815148, 0.18632302, 0.14510511, 0.092427485, 0.052410178, 0.029614499, 0.017832896, 0.010467908, 0.0059002605, 0.0031267686, 0.0015036664, 6.5503665E-4, 2.797238E-4, 8.9954345E-5, 1.9419675E-5, 2.2136417E-6 ],
  "d4" : [ 2.0336579E-7, 1.0168289E-7, 9.15146E-7, 2.745438E-6, 1.2812045E-5, 5.2265008E-5, 2.216687E-4, 0.0010566886, 0.0075917463, 0.24552758, 0.7289439, 0.014468764, 0.0016634305, 3.4989082E-4, 8.043117E-5, 2.0234897E-5, 4.677413E-6, 1.3218776E-6, 5.084145E-7, 1.0168289E-7 ],
  "lightfield_0.0_0.8_0.0_y" : [ 0.0, 0.0, 0.0, 2.9711795E-4, 0.0018012776, 0.0055895317, 0.064338416, 0.1853397, 0.19796722, 0.1945937, 0.1662994, 0.112521045, 0.041850302, 0.022550015, 0.0032497277, 0.0024388433, 0.001163712, 0.0, 0.0, 0.0 ],
  "lightfield_0.0_0.8_0.0_x" : [ 0.0, 0.005379073, 0.03620506, 0.071908735, 0.076161236, 0.090410516, 0.09703377, 0.09209418, 0.096253835, 0.09809226, 0.08645514, 0.07751684, 0.06825666, 0.057628505, 0.039844755, 0.0067594335, 0.0, 0.0, 0.0, 0.0 ],
  "lightfield_0.8_0.0_0.0_x" : [ 0.018659038, 0.04404285, 0.05796812, 0.066478334, 0.074665524, 0.0809968, 0.08538992, 0.082341745, 0.08707552, 0.0958324, 0.07595175, 0.07335581, 0.0749768, 0.0471615, 0.01944017, 0.003277225, 0.0035121515, 0.0033300836, 0.0040172436, 0.0015270225 ],
  "lightfield_0.8_0.0_0.0_y" : [ 0.0, 1.1746326E-5, 0.001403686, 0.0016268662, 0.0029248353, 0.0055090273, 0.01795426, 0.14749862, 0.19815466, 0.21229136, 0.19404931, 0.1525378, 0.054150563, 0.0096731, 0.0014154323, 1.9381438E-4, 1.6444857E-4, 4.4048723E-4, 0.0, 0.0 ],
  "lightfield_0.0_0.6_0.0_x" : [ 0.0, 2.9137247E-4, 0.0035644565, 0.0065073185, 0.035557155, 0.12932082, 0.14442362, 0.17480405, 0.15706918, 0.1296219, 0.10860423, 0.08241956, 0.027816357, 0.0, 0.0, 0.0, 0.0, 0.0, 0.0, 0.0 ],
  "lightfield_0.0_0.6_0.0_y" : [ 0.0, 0.0, 0.0, 5.5360765E-4, 0.0039820904, 0.009722128, 0.073008224, 0.19171336, 0.19689009, 0.18311788, 0.15265003, 0.10486495, 0.049164247, 0.02500947, 0.004069502, 0.003438195, 0.0018162216, 0.0, 0.0, 0.0 ],
  "lightfield_0.6_0.0_0.0_y" : [ 0.0, 6.014185E-4, 0.0015830442, 0.0018388198, 0.0013756584, 0.0018457327, 0.0044657052, 0.12360879, 0.22543517, 0.23629527, 0.20220105, 0.14934535, 0.044871353, 0.0029033998, 0.0027305784, 3.8711997E-4, 5.115514E-4, 0.0, 0.0, 0.0 ],
  "lightfield_0.6_0.0_0.0_x" : [ 0.01766926, 0.044705443, 0.058869887, 0.06662611, 0.0765668, 0.08515948, 0.08930028, 0.08571251, 0.081523314, 0.08233212, 0.075861685, 0.07405743, 0.074762546, 0.04583224, 0.019079484, 0.0041684527, 0.004631614, 0.0043689255, 0.0063390895, 0.0024333254 ],
  "lightfield_0.0_0.4_0.0_x" : [ 0.0, 0.0, 4.9370195E-4, 3.469257E-4, 0.010167592, 0.11912895, 0.21219844, 0.23083903, 0.19263718, 0.1443211, 0.043886103, 0.008726516, 0.007739112, 0.0071253204, 0.0067383647, 0.0070852903, 0.006351409, 0.0022149873, 0.0, 0.0 ],
  "lightfield_0.0_0.4_0.0_y" : [ 0.0, 0.0, 0.0, 9.2068745E-4, 0.0077257687, 0.017279569, 0.06192624, 0.14812393, 0.16809885, 0.17339614, 0.1622011, 0.124039285, 0.08184778, 0.042391654, 0.0043766014, 0.0043365713, 0.003335824, 0.0, 0.0, 0.0 ],
  "lightfield_0.0_0.2_0.0_y" : [ 0.0, 0.0, 0.0, 4.4558977E-4, 0.0028294951, 0.009699004, 0.0572063, 0.16832153, 0.18569212, 0.18723683, 0.16533609, 0.12454977, 0.060629915, 0.030931357, 0.0026809652, 0.0025027292, 0.0019383156, 0.0, 0.0, 0.0 ],
  "lightfield_0.0_0.2_0.0_x" : [ 6.832377E-4, 0.0035350122, 0.014251446, 0.061075505, 0.08489228, 0.10815206, 0.11646974, 0.11482848, 0.11447944, 0.10804067, 0.098854095, 0.087892585, 0.049943186, 0.011882394, 0.005042591, 0.004418765, 0.003906337, 0.0037503806, 0.0039880285, 0.0039137634 ],
  "a3" : [ 0.08501702, 0.16019008, 0.15294804, 0.12268243, 0.09850172, 0.0824021, 0.04850129, 0.0, 0.0, 0.0, 0.0, 0.0, 0.0, 0.002332675, 0.012666256, 0.02470112, 0.03730137, 0.048860703, 0.05807247, 0.065822735 ],