{
  "eccentricity_minmax" : 0.0059281513,
  "compactness" : 8.322676,
  "eccentricity" : 3.7819388,
  "compactness_standardized" : -0.06505606,
  "convexity_minmax" : 0.069974296,
  "diameter_standardized" : -0.016033065,
  "surface_area_minmax" : 0.02764373,
  "convexity" : 0.13487856,
  "diameter_minmax" : 0.105639234,
  "rectangularity _standardized" : -0.34777546,
  "convexity_standardized" : -0.7139307,
  "diameter" : 1.0560356,
  "surface_area" : 0.5800762,
  "rectangularity " : 0.0027947447,
  "compactness_minmax" : 1.9978584E-6,
  "surface_area_standardized" : -0.6195229,
  "rectangularity _minmax" : 0.0050362586,
  "eccentricity_standardized" : -0.23887847,
  "lightfield_0.0_0.0_0.6_y" : [ 0.00359808, 0.0046250164, 0.025277844, 0.07054671, 0.097779535, 0.116089426, 0.121748984, 0.115800366, 0.08806548, 0.07195399, 0.05731825, 0.07285922, 0.038993146, 0.03226101, 0.024912711, 0.021558052, 0.01734381, 0.01029979, 0.005332461, 0.0036361148 ],
  "lightfield_0.0_0.0_0.6_x" : [ 0.0, 0.0, 0.0, 0.0018484851, 0.0153584005, 0.021390699, 0.026289565, 0.056861836, 0.084908605, 0.17346853, 0.1886824, 0.15788953, 0.15344708, 0.08604204, 0.01049757, 0.01230802, 0.011007234, 0.0, 0.0, 0.0 ],
  "lightfield_0.0_0.0_0.8_y" : [ 0.0, 0.002466995, 0.009057396, 0.008239764, 0.010375476, 0.08423731, 0.11618842, 0.123427294, 0.1260564, 0.15801457, 0.13517724, 0.094640985, 0.044391815, 0.025931643, 0.01763549, 0.016733276, 0.014400203, 0.010417768, 0.0026079663, 0.0 ],
  "lightfield_0.0_0.0_0.8_x" : [ 0.0045956597, 0.0053780493, 0.011207206, 0.01626807, 0.020807343, 0.024846165, 0.029300854, 0.04324995, 0.067905806, 0.08198177, 0.11356636, 0.112840354, 0.11195224, 0.11281216, 0.107483454, 0.088071726, 0.03375554, 0.00518069, 0.004511077, 0.0042855227 ],
  "lightfield_0.0_0.0_0.2_y" : [ 0.0, 0.0060893144, 0.005613587, 0.0074553327, 0.01972231, 0.09295719, 0.113053285, 0.119570754, 0.12115425, 0.15085325, 0.13582705, 0.08955914, 0.044888306, 0.028530069, 0.017615518, 0.016297072, 0.015168917, 0.011084455, 0.00456019, 0.0 ],
  "lightfield_0.0_0.0_0.2_x" : [ 0.0046757236, 0.005674752, 0.0059058196, 0.039077632, 0.08998729, 0.106957175, 0.11205426, 0.11155815, 0.11220378, 0.11034843, 0.081668854, 0.06700285, 0.041170835, 0.030344632, 0.02473784, 0.019994155, 0.015039791, 0.010968922, 0.005885431, 0.0047436845 ],
  "lightfield_0.0_0.0_0.4_y" : [ 0.0031948632, 0.003421394, 0.01834117, 0.0670062, 0.095947444, 0.11606181, 0.12219375, 0.11524942, 0.09354153, 0.076450184, 0.05574216, 0.07400522, 0.040220905, 0.03215954, 0.026105704, 0.022262495, 0.018192755, 0.010482901, 0.0058741737, 0.0035463762 ],
  "lightfield_0.0_0.0_0.4_x" : [ 0.0, 0.0, 0.0, 9.373682E-5, 0.019520693, 0.014412036, 0.045079596, 0.14474528, 0.16318017, 0.18224, 0.19219172, 0.10600072, 0.062600575, 0.02775391, 0.02413723, 0.016036807, 0.0020075303, 0.0, 0.0, 0.0 ],
  "lightfield_0.0_0.0_0.0_y" : [ 0.0, 0.0, 0.0, 0.0, 0.0, 0.03324242, 0.036140803, 0.10430627, 0.15454733, 0.18514773, 0.18182206, 0.14506882, 0.08861796, 0.044230647, 0.02687594, 0.0, 0.0, 0.0, 0.0, 0.0 ],
  "lightfield_0.0_0.0_0.0_x" : [ 0.0049422104, 0.0120777935, 0.05386582, 0.08099101, 0.10276806, 0.115522385, 0.12107703, 0.10113728, 0.06409206, 0.04467929, 0.08635338, 0.047898136, 0.04180939, 0.03059328, 0.027815957, 0.02411998, 0.015481794, 0.01110217, 0.008794855, 0.004878118 ],
  "d1" : [ 0.0088549, 0.0393178, 0.0619999, 0.0940343, 0.1022018, 0.099374, 0.0995225, 0.0963825, 0.081983, 0.0685404, 0.0597178, 0.0266402, 0.0324026, 0.0296446, 0.029941, 0.0250981, 0.0096473, 0.0069924, 0.0142562, 0.0134487 ],
  "d2" : [ 0.018153887, 0.052377198, 0.079531565, 0.11242404, 0.14310303, 0.13299406, 0.103408456, 0.08801836, 0.08060066, 0.055509347, 0.038967744, 0.029031597, 0.02174992, 0.015476517, 0.010927219, 0.00791639, 0.005432854, 0.002527444, 0.0014396528, 4.10072E-4 ],
  "d3" : [ 0.0021328437, 0.020278266, 0.052079037, 0.08345791, 0.11241053, 0.13241088, 0.13715109, 0.124948196, 0.10595404, 0.079971425, 0.05708418, 0.03786303, 0.023664432, 0.014497843, 0.008388695, 0.004340448, 0.0020872627, 8.401776E-4, 3.9030524E-4, 4.9404454E-5 ],
  "d4" : [ 9.15146E-7, 6.3043394E-6, 2.8267845E-5, 7.951602E-5, 2.0356916E-4, 6.083687E-4, 0.0020838892, 0.0067897732, 0.027572028, 0.15681353, 0.67073053, 0.10697264, 0.020502727, 0.005271343, 0.0015840161, 4.8207858E-4, 1.7519962E-4, 6.772081E-5, 2.4505576E-5, 3.0504868E-6 ],
  "lightfield_0.0_0.8_0.0_y" : [ 0.0, 0.0, 1.4246435E-5, 0.03324643, 0.036261924, 0.06105072, 0.10154859, 0.12241962, 0.1370127, 0.13447684, 0.124376126, 0.09876104, 0.06939913, 0.037871774, 0.03939614, 0.004164708, 0.0, 0.0, 0.0, 0.0 ],
  "lightfield_0.0_0.8_0.0_x" : [ 0.002673581, 0.0042026984, 0.0076408377, 0.014075478, 0.017147958, 0.021602344, 0.027685571, 0.033317663, 0.0659325, 0.064731054, 0.059350647, 0.045650326, 0.05521918, 0.083688304, 0.10162457, 0.10079827, 0.096244164, 0.086822525, 0.07519743, 0.03639489 ],
  "lightfield_0.8_0.0_0.0_x" : [ 0.008150174, 0.018186104, 0.06307992, 0.08152317, 0.10131646, 0.11040237, 0.10678086, 0.09354486, 0.05994414, 0.040208004, 0.08402323, 0.044572383, 0.044000942, 0.033557862, 0.03172925, 0.027036294, 0.017371802, 0.0137574375, 0.012285978, 0.008528754 ],
  "lightfield_0.8_0.0_0.0_y" : [ 0.0, 0.0, 0.0, 0.0, 0.0, 0.033350714, 0.11782395, 0.14528169, 0.17740381, 0.21870469, 0.16532497, 0.06157989, 0.051951114, 0.022814775, 0.0057644094, 0.0, 0.0, 0.0, 0.0, 0.0 ],
  "lightfield_0.0_0.6_0.0_x" : [ 0.002927751, 0.008785707, 0.011173555, 0.013485325, 0.01897271, 0.021537254, 0.03922892, 0.083707176, 0.08297585, 0.06680819, 0.0852778, 0.09355306, 0.086715914, 0.08220772, 0.07861736, 0.06901688, 0.06118828, 0.051570628, 0.03685825, 0.0053916755 ],
  "lightfield_0.0_0.6_0.0_y" : [ 0.017333366, 0.027223421, 0.028185433, 0.022597428, 0.057291154, 0.060488857, 0.067284286, 0.07363797, 0.07739521, 0.07943212, 0.07882841, 0.07629086, 0.07115687, 0.065195836, 0.057261705, 0.03922401, 0.030033376, 0.03611711, 0.022160597, 0.012861981 ],
  "lightfield_0.6_0.0_0.0_y" : [ 0.0, 0.0, 0.0, 0.0, 0.0, 0.022441829, 0.12018584, 0.17030592, 0.23545809, 0.24579708, 0.15496673, 0.026733335, 0.016150242, 0.006386078, 0.0015748652, 0.0, 0.0, 0.0, 0.0, 0.0 ],
  "lightfield_0.6_0.0_0.0_x" : [ 0.011197291, 0.024930116, 0.072995, 0.08385369, 0.09465727, 0.10084649, 0.100019686, 0.09236584, 0.063215084, 0.030733494, 0.06638844, 0.03294618, 0.0432143, 0.040033072, 0.036198277, 0.039332256, 0.020646483, 0.016646326, 0.016307728, 0.0134729715 ],
  "lightfield_0.0_0.4_0.0_x" : [ 0.0030789662, 0.005379698, 0.0055711684, 0.006222785, 0.018878354, 0.029841574, 0.04550817, 0.06632284, 0.08937649, 0.11568821, 0.10115191, 0.08900899, 0.085482225, 0.10158117, 0.089308545, 0.052342422, 0.03356289, 0.020326735, 0.022584232, 0.01878262 ],
  "lightfield_0.0_0.4_0.0_y" : [ 0.008804546, 0.027337018, 0.02813687, 0.021509526, 0.05030419, 0.07007504, 0.08078194, 0.07878694, 0.092359714, 0.097742505, 0.088610604, 0.07542386, 0.074790776, 0.066316664, 0.042389054, 0.026580403, 0.038130384, 0.024758346, 0.007161607, 0.0 ],
  "lightfield_0.0_0.2_0.0_y" : [ 0.0, 0.0, 0.0, 0.0, 0.02652122, 0.034327637, 0.07138398, 0.13214274, 0.16160505, 0.17014512, 0.15260804, 0.12384078, 0.06326222, 0.04200534, 0.022157867, 0.0, 0.0, 0.0, 0.0, 0.0 ],
  "lightfield_0.0_0.2_0.0_x" : [ 0.0045886026, 0.0063455286, 0.0090163145, 0.033124175, 0.053447887, 0.078765646, 0.101258166, 0.11914277, 0.11186408, 0.097113624, 0.10357499, 0.058641437, 0.054586995, 0.04526177, 0.037365254, 0.023213308, 0.016803423, 0.017086592, 0.016372237, 0.012427197 ],
  "a3" : [ 0.09877611, 0.15782982, 0.14738546, 0.1220601, 0.09617306, 0.07953654, 0.047205403, 0.0, 0.0, 0.0, 0.0, 0.0, 0.0, 0.003325091, 0.016358107, 0.027957086, 0.03802946, 0.046684995, 0.05534577, 0.06333299 ],