{
  "eccentricity_minmax" : 0.004194628,
  "compactness" : 3865.2537,
  "eccentricity" : 2.968651,
  "compactness_standardized" : -0.039286964,
  "convexity_minmax" : 0.06254725,
  "diameter_standardized" : 1.0269804,
  "surface_area_minmax" : 0.21714364,
  "convexity" : 0.120671436,
  "diameter_minmax" : 0.27400833,
  "rectangularity _standardized" : -0.27925777,
  "convexity_standardized" : -0.7653004,
  "diameter" : 1.1453459,
  "surface_area" : 4.4480176,
  "rectangularity " : 0.0061132484,
  "compactness_minmax" : 9.817915E-4,
  "surface_area_standardized" : 1.7472306,
  "rectangularity _minmax" : 0.011016416,
  "eccentricity_standardized" : -0.27555838,
  "lightfield_0.0_0.0_0.6_y" : [ 0.0, 1.1006663E-4, 0.01752639, 0.04112536, 0.059129853, 0.060436897, 0.060430016, 0.060417976, 0.06040766, 0.06039906, 0.06039046, 0.060371544, 0.05997427, 0.059375785, 0.0587773, 0.05817881, 0.057578605, 0.056981836, 0.05638335, 0.052004762 ],
  "lightfield_0.0_0.0_0.6_x" : [ 0.048898816, 0.07380483, 0.07694689, 0.076869495, 0.07604916, 0.07522366, 0.07439816, 0.07357094, 0.07274716, 0.07192166, 0.07109272, 0.070268944, 0.06930414, 0.050241973, 0.018547947, 1.13506205E-4, 0.0, 0.0, 0.0, 0.0 ],
  "lightfield_0.0_0.0_0.8_y" : [ 0.007155582, 0.016768806, 0.025484795, 0.034308527, 0.04313783, 0.051961564, 0.060787152, 0.068706214, 0.07335586, 0.07749837, 0.075677894, 0.07119172, 0.06670369, 0.062226813, 0.057746213, 0.053260043, 0.048786875, 0.043628246, 0.035218764, 0.026395032 ],
  "lightfield_0.0_0.0_0.8_x" : [ 0.051688492, 0.06147819, 0.070385516, 0.07562588, 0.08046314, 0.08539329, 0.09032529, 0.0901934, 0.08280933, 0.07310508, 0.06333953, 0.053573985, 0.043825153, 0.034074467, 0.024325635, 0.014571232, 0.0048224013, 0.0, 0.0, 0.0 ],
  "lightfield_0.0_0.0_0.2_y" : [ 0.0, 0.0036272185, 0.01435117, 0.025268057, 0.036184944, 0.047098476, 0.058013685, 0.068930574, 0.079369314, 0.08325993, 0.082147606, 0.07980049, 0.07749363, 0.075186774, 0.07153774, 0.061369117, 0.050445516, 0.03952695, 0.028596641, 0.017792162 ],
  "lightfield_0.0_0.0_0.2_x" : [ 0.025360331, 0.03501558, 0.0447027, 0.05440157, 0.06326325, 0.06491748, 0.06492251, 0.06492251, 0.064915806, 0.06492251, 0.0649762, 0.06465576, 0.06275826, 0.060714807, 0.05707081, 0.047878616, 0.03820827, 0.028534567, 0.018869255, 0.0089891935 ],
  "lightfield_0.0_0.0_0.4_y" : [ 0.0, 0.005237786, 0.01670691, 0.028193345, 0.03967805, 0.051135056, 0.057347354, 0.05965295, 0.061960276, 0.0642676, 0.06657147, 0.06818642, 0.06824354, 0.068233155, 0.06823488, 0.06821412, 0.066838026, 0.05911117, 0.04679216, 0.035395734 ],
  "lightfield_0.0_0.0_0.4_x" : [ 0.028018521, 0.038166948, 0.04831191, 0.0584638, 0.06832663, 0.07213813, 0.07417889, 0.07621793, 0.078260414, 0.08029945, 0.080162704, 0.072394304, 0.062503785, 0.052350167, 0.042198278, 0.032042928, 0.02189277, 0.012265352, 0.0018070881, 0.0 ],
  "lightfield_0.0_0.0_0.0_y" : [ 0.0, 0.0019233304, 0.021410475, 0.044563662, 0.06680563, 0.072298996, 0.07229574, 0.07229574, 0.07229737, 0.07229737, 0.07229574, 0.07230551, 0.07230063, 0.07229574, 0.07260328, 0.06947258, 0.047035355, 0.02319224, 0.0023106, 0.0 ],
  "lightfield_0.0_0.0_0.0_x" : [ 0.01639387, 0.047409605, 0.05722315, 0.0575795, 0.05752906, 0.057488378, 0.057488378, 0.057490006, 0.057490006, 0.057488378, 0.057490006, 0.057491634, 0.057490006, 0.057491634, 0.057490006, 0.05753231, 0.05755509, 0.051332746, 0.021185923, 0.001360325 ],
  "d1" : [ 0.1002629, 0.2606697, 0.1359496, 0.1352436, 0.04244, 0.0014561, 0.0012275, 0.0061499, 0.0466907, 0.049143, 0.0958819, 0.0218958, 0.0730481, 0.0070577, 0.0048795, 0.0017087, 9.58E-4, 0.0034227, 0.0080255, 0.0038891 ],
  "d2" : [ 0.1167763, 0.18475135, 0.11135726, 0.073186055, 0.044514917, 0.047014255, 0.04651797, 0.04693194, 0.11766546, 0.095413454, 0.04468395, 0.046664495, 0.012059618, 0.006919015, 0.0029740222, 0.0010129779, 0.0012400177, 2.4234256E-4, 4.0907184E-5, 3.3705917E-5 ],
  "d3" : [ 0.10983747, 0.21537475, 0.13913673, 0.07371134, 0.11093735, 0.057473782, 0.069139674, 0.052472662, 0.07047742, 0.03432704, 0.025343781, 0.022223553, 0.012097853, 0.0048869154, 0.0019233527, 3.4371816E-4, 2.205592E-4, 4.5882753E-5, 2.3343857E-5, 2.817362E-6 ],
  "d4" : [ 8.1346315E-7, 2.6437551E-6, 7.8295825E-6, 6.2026564E-5, 2.948804E-4, 6.7303906E-4, 0.0018580515, 0.0023207087, 0.02069013, 0.05040258, 0.8792891, 0.030393932, 0.009789521, 0.0023260978, 0.0012466323, 4.4862492E-4, 1.6076065E-4, 2.3488748E-5, 6.9144367E-6, 2.2370236E-6 ],
  "lightfield_0.0_0.8_0.0_y" : [ 0.0, 6.2448E-4, 0.018017912, 0.042887487, 0.0668683, 0.077582344, 0.07803847, 0.07662702, 0.07522537, 0.07381589, 0.072414234, 0.07100475, 0.06960113, 0.06819557, 0.06688201, 0.06557627, 0.050326433, 0.023963196, 0.002349141, 0.0 ],
  "lightfield_0.0_0.8_0.0_x" : [ 0.069389716, 0.069336854, 0.06933294, 0.06933294, 0.06933294, 0.06933098, 0.06933294, 0.06933098, 0.06932707, 0.06932315, 0.0693486, 0.06939559, 0.06757696, 0.052231196, 0.03371605, 0.014012626, 3.4845594E-4, 0.0, 0.0, 0.0 ],
  "lightfield_0.8_0.0_0.0_x" : [ 0.013509516, 0.04014316, 0.057925306, 0.059168972, 0.058956485, 0.058764834, 0.058748167, 0.05873567, 0.058721084, 0.058708586, 0.058694005, 0.058677338, 0.05866484, 0.05865234, 0.05864609, 0.058810662, 0.058862742, 0.045301147, 0.018492518, 0.0018165456 ],
  "lightfield_0.8_0.0_0.0_y" : [ 0.0, 0.0, 0.00224985, 0.020284064, 0.043109626, 0.06649973, 0.08968985, 0.09282298, 0.09257716, 0.093531266, 0.09257091, 0.09255633, 0.09256049, 0.08791289, 0.06762049, 0.043284614, 0.020067412, 0.0026623225, 0.0, 0.0 ],
  "lightfield_0.0_0.6_0.0_x" : [ 0.021791974, 0.043227084, 0.06465961, 0.08629901, 0.09330182, 0.093658686, 0.09406468, 0.09404916, 0.09367937, 0.093335435, 0.087302364, 0.065950006, 0.043630496, 0.02208936, 0.0029609364, 0.0, 0.0, 0.0, 0.0, 0.0 ],
  "lightfield_0.0_0.6_0.0_y" : [ 0.0, 0.0013498766, 0.016883802, 0.036619928, 0.055670775, 0.073648445, 0.07787909, 0.077894606, 0.07790236, 0.077915296, 0.07792822, 0.07794633, 0.07795667, 0.07672834, 0.07369499, 0.058520515, 0.039500702, 0.019984381, 0.0019756816, 0.0 ],
  "lightfield_0.6_0.0_0.0_y" : [ 0.0, 0.0, 0.0, 0.0, 0.0, 0.0, 0.023016436, 0.08652203, 0.1513478, 0.22468902, 0.22918606, 0.1617883, 0.09579487, 0.02765549, 0.0, 0.0, 0.0, 0.0, 0.0, 0.0 ],
  "lightfield_0.6_0.0_0.0_x" : [ 0.031047994, 0.051571336, 0.05564234, 0.057309665, 0.054890204, 0.054295857, 0.05425378, 0.054201182, 0.054148585, 0.054101247, 0.054038133, 0.054001316, 0.05394346, 0.05389612, 0.053838264, 0.05584747, 0.05655753, 0.05341223, 0.03948455, 0.0035187376 ],
  "lightfield_0.0_0.4_0.0_x" : [ 0.0, 0.0, 0.0, 0.00852125, 0.052834615, 0.101115346, 0.1486522, 0.16550872, 0.16469808, 0.16092622, 0.11562579, 0.0650562, 0.017061574, 0.0, 0.0, 0.0, 0.0, 0.0, 0.0, 0.0 ],
  "lightfield_0.0_0.4_0.0_y" : [ 0.0, 0.0027609423, 0.039888225, 0.0570261, 0.06395945, 0.065666564, 0.065666564, 0.06567133, 0.06666317, 0.065747626, 0.065666564, 0.0662197, 0.06748334, 0.067359366, 0.0673546, 0.06636275, 0.058394648, 0.043350134, 0.0047589303, 0.0 ],
  "lightfield_0.0_0.2_0.0_y" : [ 0.0, 0.0020912641, 0.026122112, 0.047833487, 0.06621615, 0.0707587, 0.0707646, 0.0707587, 0.07075673, 0.070762634, 0.07076067, 0.07075673, 0.07076067, 0.07076067, 0.0707587, 0.068753995, 0.050097875, 0.02840224, 0.002884095, 0.0 ],
  "lightfield_0.0_0.2_0.0_x" : [ 0.0, 0.015008706, 0.060855195, 0.06807724, 0.0694701, 0.06939141, 0.06932846, 0.069330424, 0.06932452, 0.06932255, 0.06932452, 0.069304846, 0.069298945, 0.06942682, 0.069330424, 0.06566333, 0.026897237, 6.4528186E-4, 0.0, 0.0 ],
  "a3" : [ 0.19454429, 0.14540899, 0.089874856, 0.08329641, 0.07474653, 0.07906433, 0.057800192, 0.0, 0.0, 0.0, 0.0, 0.0, 0.0, 0.00510506, 0.018370004, 0.028112644, 0.0339144, 0.043955173, 0.0661421, 0.079665035 ],