{
  "eccentricity_minmax" : 0.0014190922,
  "compactness" : 306.44672,
  "eccentricity" : 1.6665,
  "compactness_standardized" : -0.06304924,
  "convexity_minmax" : 0.16995263,
  "diameter_standardized" : 3.33527,
  "surface_area_minmax" : 0.3560697,
  "convexity" : 0.32612616,
  "diameter_minmax" : 0.64635295,
  "rectangularity _standardized" : 0.31060705,
  "convexity_standardized" : -0.0299769,
  "diameter" : 1.3428537,
  "surface_area" : 7.283681,
  "rectangularity " : 0.0344792,
  "compactness_minmax" : 7.773166E-5,
  "surface_area_standardized" : 3.482648,
  "rectangularity _minmax" : 0.062133692,
  "eccentricity_standardized" : -0.33443666,
  "lightfield_0.0_0.0_0.6_y" : [ 0.028114466, 0.039190732, 0.0498458, 0.053474862, 0.05454676, 0.055252228, 0.055283524, 0.05529787, 0.055290043, 0.05528613, 0.05528613, 0.055287436, 0.055273093, 0.055280916, 0.05515573, 0.05425727, 0.053186677, 0.04910121, 0.0383027, 0.02728642 ],
  "lightfield_0.0_0.0_0.6_x" : [ 0.014316731, 0.02540734, 0.036469262, 0.04751423, 0.058205813, 0.061991353, 0.063068464, 0.064140365, 0.06507012, 0.06520052, 0.06520052, 0.0651288, 0.064312495, 0.063265376, 0.062190868, 0.05773376, 0.046810064, 0.035710327, 0.02466275, 0.013600829 ],
  "lightfield_0.0_0.0_0.8_y" : [ 0.021143029, 0.028306555, 0.035500064, 0.04262679, 0.0498312, 0.05700018, 0.06408193, 0.068020776, 0.06814616, 0.06814616, 0.06814616, 0.06814616, 0.06783542, 0.063330956, 0.056220587, 0.04903798, 0.041885357, 0.034694575, 0.027547406, 0.020352533 ],
  "lightfield_0.0_0.0_0.8_x" : [ 0.023998354, 0.031178234, 0.0383622, 0.04554617, 0.052653816, 0.05712693, 0.059604727, 0.062077068, 0.0645426, 0.06698495, 0.066518836, 0.06405876, 0.06157006, 0.059111346, 0.056648545, 0.05230763, 0.045189086, 0.03799694, 0.030856583, 0.023667164 ],
  "lightfield_0.0_0.0_0.2_y" : [ 0.02084225, 0.028000044, 0.0351592, 0.04232381, 0.049517043, 0.05665439, 0.0637045, 0.067928836, 0.06815647, 0.06815647, 0.06815647, 0.06815647, 0.06793565, 0.06362134, 0.05652898, 0.049360283, 0.042197037, 0.035033792, 0.027869184, 0.02069776 ],
  "lightfield_0.0_0.0_0.2_x" : [ 0.023958365, 0.031162504, 0.038302578, 0.045461733, 0.05257863, 0.056909293, 0.059413362, 0.06189017, 0.06435198, 0.06684242, 0.06680016, 0.06433153, 0.06182883, 0.059360202, 0.056867037, 0.05230873, 0.045142762, 0.037991785, 0.030827174, 0.023670744 ],
  "lightfield_0.0_0.0_0.4_y" : [ 0.027964443, 0.03912702, 0.049782496, 0.053274795, 0.054318964, 0.055163685, 0.055222344, 0.055226255, 0.055226255, 0.055235382, 0.05521974, 0.05522756, 0.05522495, 0.055223648, 0.05520931, 0.054484516, 0.053431224, 0.049425315, 0.03855735, 0.027454743 ],
  "lightfield_0.0_0.0_0.4_x" : [ 0.014252063, 0.025367707, 0.036506817, 0.04761855, 0.058401782, 0.062193904, 0.0632485, 0.064301796, 0.06511523, 0.0651791, 0.0651791, 0.06502398, 0.06407758, 0.06301776, 0.061969686, 0.057743475, 0.046900276, 0.035745524, 0.024646826, 0.013510325 ],
  "lightfield_0.0_0.0_0.0_y" : [ 0.0, 0.004053186, 0.062108677, 0.062065188, 0.062065188, 0.062065188, 0.062065188, 0.062065188, 0.062065188, 0.062065188, 0.062065188, 0.062065188, 0.062065188, 0.062065188, 0.062065188, 0.062065188, 0.062065188, 0.062065188, 0.0028603415, 0.0 ],
  "lightfield_0.0_0.0_0.0_x" : [ 0.05003237, 0.050074615, 0.050074615, 0.050074615, 0.050074615, 0.050070886, 0.050012488, 0.050012488, 0.050012488, 0.050012488, 0.050012488, 0.050012488, 0.050012488, 0.050060946, 0.050074615, 0.050074615, 0.050074615, 0.050074615, 0.050074615, 0.04907685 ],
  "d1" : [ 0.0019046, 0.0033443, 0.0058983, 0.0095393, 0.0179092, 0.0360996, 0.0501349, 0.0511635, 0.0499853, 0.0514592, 0.0600122, 0.0825585, 0.094185, 0.0937036, 0.1109015, 0.1049829, 0.0719007, 0.0578513, 0.0381877, 0.0082784 ],
  "d2" : [ 0.004396172, 0.015932297, 0.031568043, 0.0569448, 0.069216855, 0.08628305, 0.1002139, 0.0927984, 0.09353933, 0.092093475, 0.07789208, 0.0734342, 0.06437641, 0.050048888, 0.04481877, 0.027527735, 0.012143432, 0.0051155984, 0.0015697756, 8.681524E-5 ],
  "d3" : [ 4.1586274E-4, 0.0045169354, 0.015732048, 0.032039545, 0.05225633, 0.07482481, 0.09559953, 0.11102962, 0.118042335, 0.11555944, 0.104651116, 0.08795311, 0.068661526, 0.0484869, 0.032958005, 0.020294666, 0.010809413, 0.005017822, 0.0011192977, 3.1695323E-5 ],
  "d4" : [ 5.084145E-7, 3.1521697E-6, 1.5354117E-5, 7.9719386E-5, 5.3454697E-4, 0.0027709606, 0.011328897, 0.039770212, 0.13194901, 0.45993185, 0.25180477, 0.07300395, 0.021561349, 0.00571407, 0.0012710361, 2.1699129E-4, 3.558901E-5, 6.9144367E-6, 7.117803E-7, 4.0673157E-7 ],
  "lightfield_0.0_0.8_0.0_y" : [ 0.0, 0.0042083506, 0.062044602, 0.062044602, 0.062044602, 0.062044602, 0.062044602, 0.062044602, 0.062044602, 0.062044602, 0.062044602, 0.062044602, 0.062044602, 0.062044602, 0.062044602, 0.062044602, 0.062044602, 0.062044602, 0.0030780085, 0.0 ],
  "lightfield_0.0_0.8_0.0_x" : [ 0.048993498, 0.050058007, 0.050058007, 0.050058007, 0.050058007, 0.050058007, 0.050058007, 0.050058007, 0.050058007, 0.050058007, 0.050008323, 0.05001205, 0.050058007, 0.050058007, 0.050058007, 0.050058007, 0.050058007, 0.050058007, 0.050058007, 0.050058007 ],
  "lightfield_0.8_0.0_0.0_x" : [ 0.049846463, 0.05008901, 0.05008901, 0.05008901, 0.05008901, 0.05008901, 0.050073214, 0.050032604, 0.050032604, 0.050032604, 0.050032604, 0.050061934, 0.05008901, 0.05008901, 0.05008901, 0.05008901, 0.05008901, 0.050085627, 0.050032604, 0.048879653 ],
  "lightfield_0.8_0.0_0.0_y" : [ 0.02294167, 0.05629373, 0.05629373, 0.05631629, 0.056350134, 0.056350134, 0.056350134, 0.056350134, 0.056350134, 0.056350134, 0.056350134, 0.056350134, 0.056350134, 0.056350134, 0.056344494, 0.05629373, 0.05629373, 0.05632306, 0.01939821, 0.0 ],
  "lightfield_0.0_0.6_0.0_x" : [ 0.0, 0.0, 0.0, 0.011561171, 0.07237236, 0.07243707, 0.07243707, 0.07243707, 0.07247661, 0.07252694, 0.07252694, 0.07252694, 0.07252694, 0.072489195, 0.07243707, 0.07243707, 0.07242628, 0.04638129, 0.0, 0.0 ],
  "lightfield_0.0_0.6_0.0_y" : [ 0.0, 0.0044289064, 0.06210175, 0.062022667, 0.062011883, 0.062011883, 0.062011883, 0.062011883, 0.062011883, 0.062011883, 0.062011883, 0.062011883, 0.062011883, 0.062011883, 0.062011883, 0.062011883, 0.062011883, 0.062011883, 0.0032803386, 0.0 ],
  "lightfield_0.6_0.0_0.0_y" : [ 0.0, 0.0, 0.008946749, 0.07918461, 0.07918461, 0.07924332, 0.07926395, 0.07926395, 0.07926395, 0.07926395, 0.07926395, 0.07926395, 0.07923538, 0.07918461, 0.07922427, 0.040212765, 0.0, 0.0, 0.0, 0.0 ],
  "lightfield_0.6_0.0_0.0_x" : [ 0.049799025, 0.050065618, 0.050065618, 0.050065618, 0.050065618, 0.050065618, 0.050065618, 0.05011005, 0.050065618, 0.050065618, 0.050065618, 0.050065618, 0.050065618, 0.050065618, 0.050065618, 0.050065618, 0.050065618, 0.050065618, 0.050073553, 0.048967507 ],
  "lightfield_0.0_0.4_0.0_x" : [ 0.0, 0.0, 0.0, 0.012962306, 0.072143584, 0.072191946, 0.072191946, 0.072191946, 0.072191946, 0.072191946, 0.07223136, 0.072191946, 0.072191946, 0.072191946, 0.072191946, 0.072191946, 0.072191946, 0.048551325, 0.0, 0.0 ],
  "lightfield_0.0_0.4_0.0_y" : [ 0.0, 0.0042903153, 0.062070746, 0.062070746, 0.062070746, 0.062070746, 0.062070746, 0.062070746, 0.062070746, 0.062070746, 0.062070746, 0.062070746, 0.062033124, 0.061981175, 0.061981175, 0.061981175, 0.061981175, 0.061981175, 0.0030632315, 0.0 ],
  "lightfield_0.0_0.2_0.0_y" : [ 0.0, 0.004029743, 0.062067732, 0.062067732, 0.062067732, 0.062067732, 0.062067732, 0.062067732, 0.062067732, 0.062067732, 0.062067732, 0.062067732, 0.062067732, 0.062067732, 0.062067732, 0.062093828, 0.062129863, 0.062129863, 0.0027361992, 0.0 ],
  "lightfield_0.0_0.2_0.0_x" : [ 0.0491646, 0.050076667, 0.050076667, 0.050076667, 0.050076667, 0.050038148, 0.050014537, 0.050014537, 0.050014537, 0.050014537, 0.050014537, 0.050014537, 0.050014537, 0.050014537, 0.050014537, 0.05005306, 0.050076667, 0.050076667, 0.050076667, 0.050076667 ],