{
  "eccentricity_minmax" : 9.698872E-4,
  "compactness" : 159.3214,
  "eccentricity" : 1.455754,
  "compactness_standardized" : -0.06404809,
  "convexity_minmax" : 0.116212234,
  "diameter_standardized" : 2.184352,
  "surface_area_minmax" : 0.14509042,
  "convexity" : 0.22332667,
  "diameter_minmax" : 0.46045426,
  "rectangularity _standardized" : -0.25703835,
  "convexity_standardized" : -0.39727554,
  "diameter" : 1.2442449,
  "surface_area" : 2.9773169,
  "rectangularity " : 0.007158242,
  "compactness_minmax" : 4.035675E-5,
  "surface_area_standardized" : 0.8473736,
  "rectangularity _minmax" : 0.012899563,
  "eccentricity_standardized" : -0.34403577,
  "lightfield_0.0_0.0_0.6_y" : [ 0.041369043, 0.09337949, 0.09369919, 0.088812366, 0.037660535, 0.04800051, 0.048311077, 0.048055317, 0.036007233, 0.04846636, 0.048228867, 0.047370248, 0.03679278, 0.047854364, 0.047854364, 0.044100184, 0.034627963, 0.03956046, 0.03977968, 0.030069968 ],
  "lightfield_0.0_0.0_0.6_x" : [ 0.0, 0.0026672026, 0.036071174, 0.044438154, 0.052056123, 0.060395695, 0.06533733, 0.063117705, 0.06322732, 0.06357442, 0.06342827, 0.063318655, 0.06315424, 0.07048905, 0.078965634, 0.070991434, 0.06328212, 0.054577176, 0.020908311, 0.0 ],
  "lightfield_0.0_0.0_0.8_y" : [ 0.006635489, 0.043351177, 0.047668863, 0.052550614, 0.059319425, 0.061585955, 0.071308434, 0.07127766, 0.08161549, 0.08351281, 0.06472422, 0.06212951, 0.055606835, 0.050253317, 0.04706377, 0.038489938, 0.03802843, 0.02704449, 0.026490677, 0.0113428915 ],
  "lightfield_0.0_0.0_0.8_x" : [ 0.020316698, 0.026675282, 0.026747072, 0.036920805, 0.04257174, 0.042746086, 0.052376263, 0.05425307, 0.05343261, 0.063165344, 0.05490944, 0.053494144, 0.06799582, 0.07208787, 0.070313625, 0.0701085, 0.056314483, 0.05446844, 0.05469407, 0.026408631 ],
  "lightfield_0.0_0.0_0.2_y" : [ 0.0035594855, 0.040118583, 0.047237553, 0.05222288, 0.059229016, 0.061947357, 0.07049217, 0.07188725, 0.08226822, 0.081591204, 0.07006134, 0.061690908, 0.058275033, 0.04995589, 0.04864288, 0.0385799, 0.038600415, 0.027439838, 0.026998749, 0.009201321 ],
  "lightfield_0.0_0.0_0.2_x" : [ 0.02780912, 0.056674805, 0.056603, 0.057659563, 0.07293355, 0.073425926, 0.07194879, 0.058162197, 0.054654002, 0.054930963, 0.05766982, 0.054500133, 0.054336008, 0.050273884, 0.04356523, 0.04366781, 0.036518063, 0.027306486, 0.027029522, 0.020331124 ],
  "lightfield_0.0_0.0_0.4_y" : [ 0.038478844, 0.085187756, 0.08575955, 0.08478469, 0.059963256, 0.04578092, 0.045274742, 0.045227874, 0.047543164, 0.0452185, 0.045640316, 0.04601526, 0.04798373, 0.045668434, 0.045799665, 0.046671417, 0.038047656, 0.036744718, 0.036463507, 0.027746012 ],
  "lightfield_0.0_0.0_0.4_x" : [ 0.0, 0.0056523127, 0.04857427, 0.05654187, 0.063300274, 0.07154909, 0.07986352, 0.06879324, 0.064996906, 0.06494066, 0.06482818, 0.064771935, 0.0652125, 0.06442511, 0.059803903, 0.053364202, 0.04512476, 0.03669785, 0.0215594, 0.0 ],
  "lightfield_0.0_0.0_0.0_y" : [ 0.0, 0.0, 0.08198909, 0.1002496, 0.05265887, 0.052880127, 0.05249293, 0.05255516, 0.05239613, 0.052548245, 0.053101383, 0.052838642, 0.0525759, 0.052686527, 0.052755672, 0.05245836, 0.108761035, 0.07705232, 0.0, 0.0 ],
  "lightfield_0.0_0.0_0.0_x" : [ 0.21551003, 0.10535231, 0.014340139, 0.014236426, 0.014374711, 0.11247399, 0.02227769, 0.014277911, 0.014347053, 0.014381625, 0.12014879, 0.014312482, 0.014305568, 0.014291739, 0.06423331, 0.07029711, 0.014222597, 0.014340139, 0.014298654, 0.11797772 ],
  "d1" : [ 0.0034318, 0.0064595, 0.0132386, 0.0138972, 0.0123822, 0.0121665, 0.0256326, 0.0488452, 0.0589923, 0.0466796, 0.0577386, 0.0967769, 0.0837785, 0.0669265, 0.0788988, 0.1038594, 0.0889358, 0.0783227, 0.0597944, 0.0432429 ],
  "d2" : [ 0.008171235, 0.02363045, 0.03502405, 0.05556756, 0.08263241, 0.070250936, 0.062094104, 0.09275759, 0.09016173, 0.07048718, 0.06581776, 0.11376268, 0.067154594, 0.041958768, 0.03712942, 0.04435769, 0.02084356, 0.011579533, 0.005586581, 0.0010321812 ],
  "d3" : [ 8.648295E-4, 0.006950633, 0.020105299, 0.037306603, 0.058165245, 0.07930984, 0.09628616, 0.10707414, 0.10788977, 0.099228896, 0.086274266, 0.07413657, 0.063783765, 0.05004269, 0.039103273, 0.031328965, 0.021219466, 0.01346538, 0.0066825813, 7.816167E-4 ],
  "d4" : [ 3.0504867E-7, 1.016829E-6, 6.507705E-6, 3.9859693E-5, 2.252276E-4, 0.0013419092, 0.0060538943, 0.02165815, 0.068255454, 0.20675783, 0.44602987, 0.1701106, 0.056107298, 0.017511828, 0.0047202217, 9.808332E-4, 1.6635322E-4, 2.6844284E-5, 4.779096E-6, 1.2201947E-6 ],
  "lightfield_0.0_0.8_0.0_y" : [ 0.0, 0.0, 0.05527959, 0.0644113, 0.063890755, 0.06467075, 0.065048434, 0.0644113, 0.06370684, 0.064593576, 0.065325946, 0.06551971, 0.06507964, 0.06436532, 0.06477913, 0.064751215, 0.06527504, 0.038891453, 0.0, 0.0 ],
  "lightfield_0.0_0.8_0.0_x" : [ 0.047134787, 0.062421076, 0.06253931, 0.026652895, 0.053576738, 0.062488403, 0.06251796, 0.023679055, 0.054681867, 0.06254095, 0.06251139, 0.020757763, 0.05741432, 0.0625311, 0.06256558, 0.01866573, 0.058780544, 0.06244735, 0.062363602, 0.013729583 ],
  "lightfield_0.8_0.0_0.0_x" : [ 0.084515914, 0.06397464, 0.042345386, 0.041687597, 0.041559927, 0.06529577, 0.0433168, 0.042159427, 0.042628482, 0.042045634, 0.06688056, 0.04265069, 0.04267289, 0.04200678, 0.053638782, 0.05525966, 0.042653464, 0.041623764, 0.04270342, 0.060380407 ],
  "lightfield_0.8_0.0_0.0_y" : [ 0.0, 0.0, 0.035986777, 0.13664484, 0.13663651, 0.11344744, 0.020510742, 0.020077769, 0.020152707, 0.020061117, 0.020141605, 0.020041687, 0.020044463, 0.021434974, 0.123117186, 0.13666427, 0.13605367, 0.018984232, 0.0, 0.0 ],
  "lightfield_0.0_0.6_0.0_x" : [ 0.0, 1.6473403E-4, 0.061713662, 0.070049204, 0.07023686, 0.07046176, 0.07067806, 0.07089293, 0.07108631, 0.07107915, 0.07104334, 0.070849955, 0.07063079, 0.070403025, 0.07019389, 0.06998474, 0.02053159, 0.0, 0.0, 0.0 ],
  "lightfield_0.0_0.6_0.0_y" : [ 0.044320617, 0.05057478, 0.050649267, 0.05070943, 0.050654996, 0.05080684, 0.05074524, 0.050007522, 0.05016939, 0.050829757, 0.050828326, 0.050815433, 0.05086557, 0.050672185, 0.050828326, 0.05093433, 0.05087703, 0.050826892, 0.050973006, 0.042911064 ],
  "lightfield_0.6_0.0_0.0_y" : [ 0.0, 0.0, 0.0, 0.0, 0.0, 0.0580922, 0.11154028, 0.1115063, 0.11148591, 0.11201602, 0.11258917, 0.11228787, 0.11196845, 0.11173738, 0.046776418, 0.0, 0.0, 0.0, 0.0, 0.0 ],
  "lightfield_0.6_0.0_0.0_x" : [ 0.04338735, 0.050453197, 0.050727315, 0.050765827, 0.05062084, 0.050607245, 0.050634433, 0.050711457, 0.050885893, 0.05087683, 0.051073924, 0.051128294, 0.05092667, 0.049963865, 0.049766775, 0.050772622, 0.050833788, 0.050097525, 0.050580062, 0.04518609 ],
  "lightfield_0.0_0.4_0.0_x" : [ 0.0, 0.0, 0.029428788, 0.07232122, 0.07255065, 0.07278007, 0.073037624, 0.07328481, 0.07350388, 0.073495, 0.07348908, 0.07325521, 0.073025785, 0.07278304, 0.07254028, 0.07229902, 0.022205546, 0.0, 0.0, 0.0 ],
  "lightfield_0.0_0.4_0.0_y" : [ 0.044277877, 0.050901648, 0.050386548, 0.050567128, 0.05083504, 0.050805435, 0.050814316, 0.05066778, 0.049713068, 0.050385065, 0.050809875, 0.05076991, 0.050726987, 0.050641138, 0.050716624, 0.050968256, 0.05092681, 0.050738826, 0.050698865, 0.0436488 ],
  "lightfield_0.0_0.2_0.0_y" : [ 0.0, 0.0, 0.058494758, 0.06420243, 0.064142376, 0.06411158, 0.06411929, 0.064279415, 0.064083874, 0.06468897, 0.06465202, 0.0642363, 0.064313285, 0.064259395, 0.06439335, 0.06407309, 0.06444416, 0.041505706, 0.0, 0.0 ],
  "lightfield_0.0_0.2_0.0_x" : [ 0.030250493, 0.05905983, 0.059124496, 0.05921226, 0.022530437, 0.059181463, 0.05925383, 0.059230734, 0.022374926, 0.05926153, 0.059227657, 0.05842701, 0.023149395, 0.059243053, 0.05924459, 0.056209844, 0.024809193, 0.059184544, 0.059070606, 0.05195411 ],
  "a3" : [ 0.09498333, 0.15015292, 0.13946596, 0.12814349, 0.11149056, 0.09460581, 0.055924132, 0.0, 0.0, 0.0, 0.0, 0.0, 0.0, 0.0024861207, 0.011434666, 0.020328877, 0.02965052, 0.03977431, 0.052237414, 0.06932189 ],