{
  "eccentricity_minmax" : 0.0039768782,
  "compactness" : 13.87168,
  "eccentricity" : 2.8664932,
  "compactness_standardized" : -0.06500278,
  "convexity_minmax" : 0.12550882,
  "diameter_standardized" : -0.20726632,
  "surface_area_minmax" : 0.03811582,
  "convexity" : 0.24111001,
  "diameter_minmax" : 0.074915014,
  "rectangularity _standardized" : -0.35181546,
  "convexity_standardized" : -0.33425012,
  "diameter" : 1.0397382,
  "surface_area" : 0.7938253,
  "rectangularity " : 0.0026240284,
  "compactness_minmax" : 3.4074974E-6,
  "surface_area_standardized" : -0.48912388,
  "rectangularity _minmax" : 0.0047286167,
  "eccentricity_standardized" : -0.28017756,
  "lightfield_0.0_0.0_0.6_y" : [ 0.0, 0.016469192, 0.03993895, 0.051908106, 0.06716183, 0.04197092, 0.06482831, 0.060949925, 0.07797582, 0.070891745, 0.056607626, 0.08990786, 0.051727176, 0.049815822, 0.06173859, 0.056157622, 0.05767928, 0.043650314, 0.025715133, 0.014905778 ],
  "lightfield_0.0_0.0_0.6_x" : [ 0.0, 0.0, 0.009723782, 0.027352775, 0.041121945, 0.05136068, 0.07575828, 0.103969306, 0.13124321, 0.14935468, 0.13534892, 0.09250582, 0.0846702, 0.065691195, 0.027542982, 0.004356217, 0.0, 0.0, 0.0, 0.0 ],
  "lightfield_0.0_0.0_0.8_y" : [ 0.0, 0.0, 0.017462362, 0.012939262, 0.018934015, 0.08491861, 0.10576154, 0.090805225, 0.0787593, 0.11223588, 0.072435424, 0.08653602, 0.09847851, 0.08905146, 0.054361828, 0.033627037, 0.011933085, 0.01101624, 0.010950415, 0.009793781 ],
  "lightfield_0.0_0.0_0.8_x" : [ 0.0106448, 0.011232521, 0.013042701, 0.044262435, 0.0665253, 0.10480709, 0.09280818, 0.07302314, 0.07020208, 0.102827646, 0.0990051, 0.056562256, 0.06303659, 0.044158995, 0.042983554, 0.04446461, 0.035244446, 0.022653112, 0.0025154452, 0.0 ],
  "lightfield_0.0_0.0_0.2_y" : [ 0.0, 0.0, 0.004526378, 0.035756066, 0.042543314, 0.05803049, 0.055328593, 0.08074595, 0.08641901, 0.07818332, 0.1251973, 0.13653414, 0.10088949, 0.072886296, 0.05410763, 0.024396019, 0.020570649, 0.010329427, 0.010742605, 0.0028133183 ],
  "lightfield_0.0_0.0_0.2_x" : [ 0.0, 0.0, 0.028444225, 0.069590166, 0.0688938, 0.05660062, 0.059140034, 0.093577646, 0.06228761, 0.09032794, 0.07865221, 0.05804906, 0.06006388, 0.06362928, 0.081043065, 0.07626599, 0.016503872, 0.012548514, 0.012223543, 0.012158548 ],
  "lightfield_0.0_0.0_0.4_y" : [ 0.011318545, 0.027640486, 0.032250356, 0.043301865, 0.0437235, 0.03460214, 0.042135343, 0.112037666, 0.067742616, 0.04827247, 0.099023215, 0.07261483, 0.049096998, 0.06108079, 0.072319694, 0.08440187, 0.060757536, 0.013183107, 0.012339838, 0.012157129 ],
  "lightfield_0.0_0.0_0.4_x" : [ 0.0, 2.014476E-4, 0.017221428, 0.014279356, 0.023616219, 0.03350589, 0.07008035, 0.13299759, 0.13782765, 0.13117051, 0.14735658, 0.104537256, 0.06984142, 0.057136163, 0.021414349, 0.016926285, 0.010564287, 0.010034902, 0.0012883277, 0.0 ],
  "lightfield_0.0_0.0_0.0_y" : [ 0.0, 0.0, 0.0, 0.0039611757, 0.019398179, 0.043809216, 0.049313165, 0.089411385, 0.14818041, 0.18015243, 0.17721513, 0.12015567, 0.048859134, 0.0464361, 0.03583127, 0.030382914, 0.006893836, 0.0, 0.0, 0.0 ],
  "lightfield_0.0_0.0_0.0_x" : [ 0.019754916, 0.03301443, 0.03701267, 0.035951726, 0.047612872, 0.06955917, 0.063944034, 0.046222985, 0.0847321, 0.07680048, 0.05098103, 0.0684936, 0.06790521, 0.054224096, 0.05562325, 0.055257246, 0.05639232, 0.042530518, 0.021390349, 0.012597002 ],
  "d1" : [ 0.0052171, 0.0127015, 0.0273277, 0.0824832, 0.0740252, 0.0707348, 0.0670208, 0.0719827, 0.0802872, 0.0867443, 0.0986891, 0.0784599, 0.0714049, 0.0514233, 0.0330349, 0.0321068, 0.0287494, 0.0116242, 0.0111806, 0.0048024 ],
  "d2" : [ 0.013231523, 0.035577346, 0.070529886, 0.1024882, 0.1122141, 0.11312156, 0.111033395, 0.10013299, 0.08410247, 0.07053208, 0.055880614, 0.04235444, 0.03321303, 0.021538282, 0.014193692, 0.0099244425, 0.0059765493, 0.0026550663, 0.0010126778, 2.876505E-4 ],
  "d3" : [ 0.0014257864, 0.013996151, 0.039169583, 0.07227399, 0.10415184, 0.12821744, 0.1376235, 0.12975834, 0.11009003, 0.086849205, 0.06335794, 0.043607432, 0.029232243, 0.018850869, 0.0111659095, 0.0059026754, 0.0028327568, 0.0011108456, 3.3818407E-4, 4.5279034E-5 ],
  "d4" : [ 1.6269263E-6, 7.2194853E-6, 3.5182282E-5, 1.4225437E-4, 6.3968706E-4, 0.0028186499, 0.011372113, 0.04199127, 0.16863102, 0.5464184, 0.17006555, 0.042488195, 0.011617982, 0.0029122997, 6.5544795E-4, 1.5720175E-4, 3.44705E-5, 8.948095E-6, 1.830292E-6, 6.1009735E-7 ],
  "lightfield_0.0_0.8_0.0_y" : [ 0.0, 0.0, 0.0, 0.004245042, 0.02359073, 0.058974348, 0.05379698, 0.089354165, 0.14039882, 0.16889416, 0.15985857, 0.11619315, 0.05027102, 0.048059233, 0.0386765, 0.041294936, 0.006392359, 0.0, 0.0, 0.0 ],
  "lightfield_0.0_0.8_0.0_x" : [ 0.0057427087, 0.016980167, 0.032482505, 0.0726418, 0.059385955, 0.05883053, 0.08012517, 0.09249828, 0.07253765, 0.09978824, 0.06757353, 0.08024419, 0.07801256, 0.05356886, 0.05398543, 0.0439828, 0.03038478, 0.0012348312, 0.0, 0.0 ],
  "lightfield_0.8_0.0_0.0_x" : [ 0.023764318, 0.04073607, 0.044813544, 0.043277245, 0.054596577, 0.073312365, 0.058398675, 0.044726584, 0.08080544, 0.075394586, 0.059877, 0.054557927, 0.06866482, 0.059732065, 0.051325902, 0.05047079, 0.04844172, 0.03692914, 0.018706128, 0.011469098 ],
  "lightfield_0.8_0.0_0.0_y" : [ 0.0, 0.0, 0.0, 0.0060775587, 0.030977191, 0.034112595, 0.03678421, 0.07704683, 0.17282876, 0.1911774, 0.16483325, 0.12394742, 0.09065128, 0.057026636, 0.014536864, 0.0, 0.0, 0.0, 0.0, 0.0 ],
  "lightfield_0.0_0.6_0.0_x" : [ 0.0, 0.0, 0.0, 0.0, 0.0, 0.017377678, 0.098908775, 0.15622264, 0.18313617, 0.18369378, 0.14698325, 0.117521666, 0.08131935, 0.01483667, 0.0, 0.0, 0.0, 0.0, 0.0, 0.0 ],
  "lightfield_0.0_0.6_0.0_y" : [ 0.0, 0.0, 0.0, 0.0060913633, 0.037606936, 0.10032045, 0.06902369, 0.083380386, 0.122088425, 0.1288221, 0.12239194, 0.1001087, 0.056876253, 0.05302239, 0.04621813, 0.060087807, 0.013961433, 0.0, 0.0, 0.0 ],
  "lightfield_0.6_0.0_0.0_y" : [ 0.0, 0.0, 0.0, 0.0, 0.0, 2.1280735E-4, 0.026436754, 0.063161224, 0.19764939, 0.2837695, 0.21708174, 0.17874601, 0.03294258, 0.0, 0.0, 0.0, 0.0, 0.0, 0.0, 0.0 ],
  "lightfield_0.6_0.0_0.0_x" : [ 0.03299122, 0.055317752, 0.061391883, 0.05818761, 0.0612642, 0.0660554, 0.06400637, 0.044403773, 0.06728361, 0.057701193, 0.06265049, 0.051943235, 0.06486368, 0.060358245, 0.048179585, 0.047608044, 0.035763796, 0.030467933, 0.017541407, 0.012020576 ],
  "lightfield_0.0_0.4_0.0_x" : [ 0.0, 0.0, 0.0, 0.0, 0.0015929216, 0.041179456, 0.069114715, 0.1630623, 0.17738469, 0.15216227, 0.14724438, 0.16589339, 0.08236587, 0.0, 0.0, 0.0, 0.0, 0.0, 0.0, 0.0 ],
  "lightfield_0.0_0.4_0.0_y" : [ 0.0, 0.0, 0.0, 0.006114315, 0.0370476, 0.07724626, 0.06356383, 0.09478927, 0.13246986, 0.12945792, 0.112401836, 0.07968086, 0.06115706, 0.05799904, 0.055731386, 0.076112434, 0.016228324, 0.0, 0.0, 0.0 ],
  "lightfield_0.0_0.2_0.0_y" : [ 0.0, 0.0, 0.0, 0.0041249953, 0.027165974, 0.07236768, 0.051002923, 0.087898456, 0.14704368, 0.15844476, 0.15078473, 0.10641645, 0.049649775, 0.044419784, 0.03822995, 0.052042365, 0.010408473, 0.0, 0.0, 0.0 ],
  "lightfield_0.0_0.2_0.0_x" : [ 0.0, 0.01718826, 0.03361801, 0.038398508, 0.04339907, 0.08275743, 0.0745683, 0.0790866, 0.09960857, 0.078838445, 0.07750871, 0.07236768, 0.06993763, 0.068060085, 0.055146646, 0.062183954, 0.03913829, 0.008193805, 0.0, 0.0 ],
  "a3" : [ 0.102948114, 0.16551599, 0.14424491, 0.116854414, 0.09453316, 0.07781825, 0.04536798, 0.0, 0.0, 0.0, 0.0, 0.0, 0.0, 0.0032451986, 0.016996542, 0.030136516, 0.04040228, 0.047882877, 0.053647704, 0.06040605 ],
  "lightfield_0.4_0.0_0.0_y" : [ 0.0, 0.0, 0.0, 0.0, 0.0, 0.0, 0.018492902, 0.058208376, 0.22761394, 0.259663, 0.25374255, 0.15353781, 0.02842177, 3.1969114E-4, 0.0, 0.0, 0.0, 0.0, 0.0, 0.0 ],