{
  "eccentricity_minmax" : 0.002930142,
  "compactness" : 7.3848147,
  "eccentricity" : 2.3754137,
  "compactness_standardized" : -0.06504609,
  "convexity_minmax" : 0.15696679,
  "diameter_standardized" : -0.6571851,
  "surface_area_minmax" : 0.03404702,
  "convexity" : 0.30128568,
  "diameter_minmax" : 0.0023397177,
  "rectangularity _standardized" : -0.33799866,
  "convexity_standardized" : -0.118881084,
  "diameter" : 1.0012411,
  "surface_area" : 0.71077573,
  "rectangularity " : 0.003288462,
  "compactness_minmax" : 1.7596094E-6,
  "surface_area_standardized" : -0.53994995,
  "rectangularity _minmax" : 0.005925969,
  "eccentricity_standardized" : -0.3023823,
  "lightfield_0.0_0.0_0.6_y" : [ 0.0095815975, 0.011181338, 0.029233135, 0.021324247, 0.024697734, 0.033100575, 0.043030187, 0.07516531, 0.115591004, 0.11880171, 0.11577062, 0.1159727, 0.121322006, 0.0548851, 0.022862243, 0.024675282, 0.038876478, 0.023928735, 0.0, 0.0 ],
  "lightfield_0.0_0.0_0.6_x" : [ 0.0, 0.0, 7.85837E-5, 0.005321239, 0.031607486, 0.09138162, 0.13050507, 0.09149949, 0.0733242, 0.08174388, 0.08028448, 0.089675225, 0.13216095, 0.13410307, 0.050388988, 0.007925727, 0.0, 0.0, 0.0, 0.0 ],
  "lightfield_0.0_0.0_0.8_y" : [ 0.012772887, 0.020820798, 0.015610079, 0.016123423, 0.01749234, 0.024612922, 0.03144095, 0.059840478, 0.12792206, 0.16355257, 0.16270252, 0.14280352, 0.12589076, 0.071619794, 0.006794911, 0.0, 0.0, 0.0, 0.0, 0.0 ],
  "lightfield_0.0_0.0_0.8_x" : [ 0.014191483, 0.019992825, 0.0519692, 0.051240582, 0.02857616, 0.045345403, 0.06840725, 0.08928325, 0.13249248, 0.10860266, 0.08544697, 0.06426186, 0.05492231, 0.062898465, 0.05154969, 0.041056495, 0.029762924, 0.0, 0.0, 0.0 ],
  "lightfield_0.0_0.0_0.2_y" : [ 0.0, 0.0, 0.0047685388, 0.08352101, 0.103019156, 0.076649025, 0.08066319, 0.08822347, 0.08105414, 0.07118118, 0.112886615, 0.095706664, 0.047415573, 0.06977705, 0.062960126, 0.016249374, 0.005924882, 0.0, 0.0, 0.0 ],
  "lightfield_0.0_0.0_0.2_x" : [ 0.003298331, 0.017427742, 0.022146724, 0.015346325, 0.017780151, 0.021507982, 0.023600413, 0.032498747, 0.047079682, 0.108916506, 0.13061722, 0.14440523, 0.1453413, 0.115689375, 0.06835089, 0.03140848, 0.048863754, 0.0057211453, 0.0, 0.0 ],
  "lightfield_0.0_0.0_0.4_y" : [ 0.0264943, 0.024576658, 0.014723954, 0.024444407, 0.042805266, 0.051225252, 0.06659393, 0.098455414, 0.098554604, 0.114821486, 0.10781218, 0.08214996, 0.062957026, 0.039234485, 0.025607115, 0.036931112, 0.04178583, 0.023469057, 0.017357955, 0.0 ],
  "lightfield_0.0_0.0_0.4_x" : [ 8.3759014E-4, 0.01098786, 0.008822249, 0.0071195164, 0.016994264, 0.021303445, 0.023105366, 0.032258242, 0.09492321, 0.14522271, 0.16711576, 0.17285216, 0.13543062, 0.09687942, 0.060807943, 0.0053396374, 0.0, 0.0, 0.0, 0.0 ],
  "lightfield_0.0_0.0_0.0_y" : [ 0.0, 0.0, 0.0, 0.04510943, 0.09872539, 0.115628354, 0.13918237, 0.10651067, 0.114962146, 0.12297316, 0.13266896, 0.074367516, 0.015559532, 0.009695802, 0.009145217, 0.011314522, 0.004156917, 0.0, 0.0, 0.0 ],
  "lightfield_0.0_0.0_0.0_x" : [ 0.014337233, 0.016633173, 0.015955953, 0.011843083, 0.014568479, 0.03709842, 0.048225738, 0.055895388, 0.07899793, 0.099969715, 0.10750172, 0.1038128, 0.10640055, 0.0942051, 0.05674329, 0.024308328, 0.026422573, 0.033189263, 0.029384721, 0.02450654 ],
  "d1" : [ 0.0144685, 0.0223872, 0.0319227, 0.0487637, 0.0779616, 0.0860278, 0.0846169, 0.0989656, 0.1272585, 0.0717286, 0.0306535, 0.0257294, 0.02815, 0.0363629, 0.0329317, 0.047148, 0.0483725, 0.0423532, 0.0334561, 0.0107416 ],
  "d2" : [ 0.013194417, 0.04065054, 0.06329511, 0.0825772, 0.09866522, 0.09940816, 0.09894048, 0.10625766, 0.09376687, 0.07638271, 0.061312467, 0.050130304, 0.039145373, 0.02864503, 0.01867188, 0.00962019, 0.0067281816, 0.0064688358, 0.0051695076, 9.698703E-4 ],
  "d3" : [ 0.0016874992, 0.0142778875, 0.037140477, 0.06553254, 0.09430063, 0.11812716, 0.13001129, 0.12575033, 0.10974531, 0.09093096, 0.06829185, 0.048675764, 0.034577485, 0.024044173, 0.015885696, 0.00987918, 0.006334436, 0.0035677864, 0.0011497856, 8.9753106E-5 ],
  "d4" : [ 2.3387065E-6, 2.9182991E-5, 1.7601308E-4, 6.5107556E-4, 0.0022717991, 0.0072820205, 0.020570653, 0.05393342, 0.14451529, 0.43218118, 0.21729279, 0.076210715, 0.029170483, 0.010741882, 0.0035584946, 0.001041843, 2.9569384E-4, 6.690734E-5, 7.8295825E-6, 4.0673157E-7 ],
  "lightfield_0.0_0.8_0.0_y" : [ 0.0, 0.0, 0.0, 0.038798615, 0.087268196, 0.10153971, 0.12306717, 0.10409131, 0.1148168, 0.12251533, 0.13453574, 0.081848085, 0.020778922, 0.015107473, 0.017921343, 0.024057217, 0.013654096, 0.0, 0.0, 0.0 ],
  "lightfield_0.0_0.8_0.0_x" : [ 0.0, 0.018090721, 0.034012303, 0.036831636, 0.026412126, 0.048032477, 0.09291779, 0.105725, 0.10683415, 0.11668543, 0.10508026, 0.07822557, 0.07449377, 0.046185706, 0.017582586, 0.029985467, 0.036121342, 0.024286699, 0.0024969676, 0.0 ],
  "lightfield_0.8_0.0_0.0_x" : [ 0.027016342, 0.025255667, 0.020231945, 0.018439641, 0.023447549, 0.05759093, 0.06390617, 0.06372694, 0.07943068, 0.10050079, 0.09490248, 0.089330524, 0.08930944, 0.0759515, 0.046916183, 0.022150764, 0.023494992, 0.029230364, 0.027907223, 0.021259883 ],
  "lightfield_0.8_0.0_0.0_y" : [ 0.0, 0.007870321, 0.012556668, 0.018371113, 0.019161835, 0.058618873, 0.13374802, 0.14420664, 0.12785451, 0.16043754, 0.13827096, 0.10917765, 0.06806009, 0.0016657881, 0.0, 0.0, 0.0, 0.0, 0.0, 0.0 ],
  "lightfield_0.0_0.6_0.0_x" : [ 0.0, 0.0, 0.0, 0.0, 0.0, 0.0, 0.05304764, 0.11682038, 0.15706262, 0.18879104, 0.22038077, 0.17050752, 0.05114455, 0.03808489, 0.0041605993, 0.0, 0.0, 0.0, 0.0, 0.0 ],
  "lightfield_0.0_0.6_0.0_y" : [ 0.0, 0.0, 0.0, 0.033770196, 0.07936728, 0.09143302, 0.101087146, 0.107767224, 0.11886215, 0.12541124, 0.1287012, 0.078650735, 0.027706508, 0.01999399, 0.026388986, 0.035619352, 0.025240969, 0.0, 0.0, 0.0 ],
  "lightfield_0.6_0.0_0.0_y" : [ 0.0, 0.0, 0.0, 0.0, 0.005128858, 0.019891925, 0.10108209, 0.23330607, 0.28539917, 0.19704202, 0.12962268, 0.02852718, 0.0, 0.0, 0.0, 0.0, 0.0, 0.0, 0.0, 0.0 ],
  "lightfield_0.6_0.0_0.0_x" : [ 0.03518464, 0.02605326, 0.024926921, 0.022258574, 0.025785085, 0.076463565, 0.07771729, 0.080184504, 0.07874306, 0.08526643, 0.08328864, 0.081103005, 0.0751428, 0.060098153, 0.038416155, 0.026120303, 0.024256483, 0.027146075, 0.031503927, 0.020341119 ],
  "lightfield_0.0_0.4_0.0_x" : [ 0.0, 0.0, 0.0, 0.0, 0.0, 0.020959407, 0.041802585, 0.12197522, 0.19023858, 0.22247964, 0.16685392, 0.1430431, 0.07749944, 0.015148111, 0.0, 0.0, 0.0, 0.0, 0.0, 0.0 ],
  "lightfield_0.0_0.4_0.0_y" : [ 0.0, 0.0, 0.0, 0.033473063, 0.0793668, 0.09171774, 0.10122502, 0.10808235, 0.11797705, 0.12567121, 0.12870857, 0.078607455, 0.02788647, 0.019758405, 0.026088843, 0.03624699, 0.02519003, 0.0, 0.0, 0.0 ],
  "lightfield_0.0_0.2_0.0_y" : [ 0.0, 0.0, 0.0, 0.038480695, 0.087206855, 0.10129984, 0.12270476, 0.104643844, 0.1145062, 0.12234902, 0.13478369, 0.08194182, 0.020999918, 0.01519306, 0.017650438, 0.024475276, 0.013764606, 0.0, 0.0, 0.0 ],
  "lightfield_0.0_0.2_0.0_x" : [ 0.0, 0.014558191, 0.027189886, 0.041545577, 0.018953014, 0.030194566, 0.060246833, 0.07926552, 0.09503872, 0.11561175, 0.11076814, 0.10559067, 0.104501545, 0.069397695, 0.025936568, 0.033686344, 0.034567498, 0.0315464, 0.0014010891, 0.0 ],
  "a3" : [ 0.101623654, 0.1604225, 0.14936265, 0.12607081, 0.100280374, 0.081032366, 0.045967273, 0.0, 0.0, 0.0, 0.0, 0.0, 0.0, 0.002237388, 0.012344875, 0.024661174, 0.036071893, 0.04561651, 0.053680304, 0.06062822 ],
  "lightfield_0.4_0.0_0.0_y" : [ 0.0, 0.0, 0.0, 0.0, 0.0, 0.025321225, 0.12745374, 0.19550623, 0.28306088, 0.23910528, 0.10406996, 0.019973092, 0.005509586, 0.0, 0.0, 0.0, 0.0, 0.0, 0.0, 0.0 ],
  "lightfield_0.4_0.0_0.0_x" : [ 0.035405315, 0.026135217, 0.024883956, 0.0220518, 0.025899764, 0.07697948, 0.07737639, 0.07981164, 0.07904474, 0.08511941, 0.083094515, 0.08119744, 0.07508241, 0.059946183, 0.038425833, 0.026263034, 0.024305416, 0.027077027, 0.031490076, 0.02041036 ],