{
  "eccentricity_minmax" : 0.0018270783,
  "compactness" : 6.3810453,
  "eccentricity" : 1.8579079,
  "compactness_standardized" : -0.06505279,
  "convexity_minmax" : 0.15234694,
  "diameter_standardized" : -0.64249647,
  "surface_area_minmax" : 0.035637785,
  "convexity" : 0.2924484,
  "diameter_minmax" : 0.0047091004,
  "rectangularity _standardized" : -0.29322493,
  "convexity_standardized" : -0.15050976,
  "diameter" : 1.0024979,
  "surface_area" : 0.74324536,
  "rectangularity " : 0.0054415828,
  "compactness_minmax" : 1.5046172E-6,
  "surface_area_standardized" : -0.52007866,
  "rectangularity _minmax" : 0.009806031,
  "eccentricity_standardized" : -0.32578194,
  "lightfield_0.0_0.0_0.6_y" : [ 0.018469296, 0.025932707, 0.048983023, 0.063628204, 0.06827963, 0.07277704, 0.09308579, 0.11429225, 0.11115903, 0.10686405, 0.068284035, 0.034364246, 0.02463893, 0.027939377, 0.034241028, 0.042034484, 0.031552266, 0.012717719, 7.5690233E-4, 0.0 ],
  "lightfield_0.0_0.0_0.6_x" : [ 0.0, 0.0056987703, 0.017487964, 0.018764136, 0.018922558, 0.030491723, 0.06925216, 0.13073288, 0.12218692, 0.10516102, 0.09077987, 0.08150782, 0.068064004, 0.081485815, 0.10986965, 0.044688042, 0.004906663, 0.0, 0.0, 0.0 ],
  "lightfield_0.0_0.0_0.8_y" : [ 0.017524509, 0.030434992, 0.039131332, 0.04354322, 0.05767532, 0.06253982, 0.07104721, 0.11417736, 0.11574613, 0.115636274, 0.11051251, 0.07960732, 0.056330662, 0.041886564, 0.02703819, 0.0147736715, 0.002394899, 0.0, 0.0, 0.0 ],
  "lightfield_0.0_0.0_0.8_x" : [ 0.0, 0.0, 0.009096222, 0.021549698, 0.036358524, 0.07812205, 0.12381408, 0.09049203, 0.06468864, 0.09689454, 0.060470104, 0.05441035, 0.07600399, 0.10659718, 0.06964542, 0.037114345, 0.024203861, 0.030865636, 0.018495651, 0.0011776751 ],
  "lightfield_0.0_0.0_0.2_y" : [ 0.0015550605, 0.030162059, 0.07114839, 0.069846675, 0.06357839, 0.08183288, 0.074520595, 0.06564015, 0.04996724, 0.07760014, 0.15012012, 0.11556371, 0.08589088, 0.045079283, 0.017057616, 4.3681473E-4, 0.0, 0.0, 0.0, 0.0 ],
  "lightfield_0.0_0.0_0.2_x" : [ 0.0, 0.0, 0.00532914, 0.06686323, 0.059900407, 0.057541605, 0.060874503, 0.062023327, 0.097151965, 0.10500153, 0.107565634, 0.10821212, 0.09792076, 0.026387978, 0.028668152, 0.03329402, 0.039077446, 0.02968593, 0.01450225, 0.0 ],
  "lightfield_0.0_0.0_0.4_y" : [ 0.02068978, 0.019128032, 0.019857148, 0.07176387, 0.08739035, 0.07155234, 0.09164803, 0.0858016, 0.09142749, 0.1311733, 0.06901394, 0.042684767, 0.04284679, 0.051974237, 0.054692667, 0.027863916, 0.015288923, 0.0052028247, 0.0, 0.0 ],
  "lightfield_0.0_0.0_0.4_x" : [ 0.007547696, 0.015369936, 0.017944343, 0.027197812, 0.033723846, 0.04012836, 0.042153683, 0.050133444, 0.070485674, 0.11203176, 0.14585912, 0.14503099, 0.12081715, 0.09592821, 0.046523873, 0.027332833, 0.001791284, 0.0, 0.0, 0.0 ],
  "lightfield_0.0_0.0_0.0_y" : [ 0.0, 1.7469614E-5, 0.017286183, 0.038000777, 0.07227616, 0.118854515, 0.1335683, 0.14416799, 0.13131909, 0.088828616, 0.06986972, 0.055684395, 0.034463182, 0.032711852, 0.022247553, 0.014879744, 0.016032739, 0.009791719, 0.0, 0.0 ],
  "lightfield_0.0_0.0_0.0_x" : [ 0.012984291, 0.019212209, 0.016775196, 0.020557368, 0.050002404, 0.059348647, 0.06510925, 0.076940544, 0.124257, 0.13162917, 0.101922095, 0.06625351, 0.047377594, 0.03295206, 0.029445034, 0.03235809, 0.044949315, 0.04223716, 0.017050343, 0.008638724 ],
  "d1" : [ 0.0280948, 0.0533973, 0.0631562, 0.068937, 0.0662244, 0.0680969, 0.0671353, 0.0728183, 0.0712228, 0.0836988, 0.0607857, 0.0498318, 0.0477712, 0.0501906, 0.0477648, 0.0327926, 0.0223097, 0.0209871, 0.017635, 0.0071497 ],
  "d2" : [ 0.016636422, 0.038570672, 0.06366768, 0.093834475, 0.107437864, 0.10206322, 0.10185809, 0.1013889, 0.097200066, 0.08395814, 0.062455866, 0.047237895, 0.03342427, 0.02226341, 0.013377849, 0.007352691, 0.004310757, 0.0022285914, 5.9330417E-4, 1.3982455E-4 ],
  "d3" : [ 0.0022615367, 0.01909457, 0.049925465, 0.08707409, 0.12128884, 0.1424112, 0.14657627, 0.13079906, 0.10482609, 0.07504738, 0.04846778, 0.029957714, 0.018643491, 0.011713384, 0.0066636647, 0.0031737583, 0.0013735646, 5.457633E-4, 1.4076749E-4, 1.5596112E-5 ],
  "d4" : [ 7.117803E-7, 4.779096E-6, 3.4978915E-5, 1.7814843E-4, 6.2514644E-4, 0.0019530234, 0.005944382, 0.01800133, 0.05892544, 0.24932279, 0.5139117, 0.10660069, 0.030124573, 0.009687227, 0.0032485651, 0.0010398093, 3.085059E-4, 7.483861E-5, 1.16935325E-5, 1.6269263E-6 ],
  "lightfield_0.0_0.8_0.0_y" : [ 0.0, 9.504619E-6, 0.018092042, 0.038227577, 0.06654659, 0.103158385, 0.1324231, 0.15055317, 0.12515208, 0.089704596, 0.07741512, 0.06281603, 0.035875186, 0.032752916, 0.024659734, 0.01465137, 0.015963009, 0.011999582, 0.0, 0.0 ],
  "lightfield_0.0_0.8_0.0_x" : [ 0.0, 0.003041478, 0.012465308, 0.03407406, 0.05489393, 0.043445613, 0.04070353, 0.05242273, 0.08865434, 0.13613941, 0.14641866, 0.10083926, 0.070277154, 0.058586475, 0.0666559, 0.059532184, 0.029768467, 0.0020815115, 0.0, 0.0 ],
  "lightfield_0.8_0.0_0.0_x" : [ 0.014148303, 0.017692555, 0.016683327, 0.021576403, 0.048557665, 0.064614415, 0.07633292, 0.08101076, 0.11603714, 0.116974615, 0.08488982, 0.06189763, 0.048194155, 0.03551425, 0.030807717, 0.03748009, 0.05477087, 0.048021965, 0.016291117, 0.008504288 ],
  "lightfield_0.8_0.0_0.0_y" : [ 0.0, 0.007839442, 0.031042086, 0.038250163, 0.046874028, 0.049021624, 0.08627213, 0.12478058, 0.15613356, 0.14736143, 0.1504465, 0.10711672, 0.04420986, 0.010651884, 0.0, 0.0, 0.0, 0.0, 0.0, 0.0 ],
  "lightfield_0.0_0.6_0.0_x" : [ 0.0, 0.0, 0.0, 0.0, 0.0, 0.0, 0.024410183, 0.09513471, 0.19445059, 0.19586441, 0.1558955, 0.13146521, 0.10398617, 0.08917121, 0.009622021, 0.0, 0.0, 0.0, 0.0, 0.0 ],
  "lightfield_0.0_0.6_0.0_y" : [ 0.0, 1.3401143E-5, 0.021555739, 0.049168795, 0.077532314, 0.09193854, 0.10351043, 0.11749452, 0.10607675, 0.09362709, 0.09000878, 0.080855794, 0.04500774, 0.037328884, 0.03259828, 0.016222084, 0.01886881, 0.018192051, 0.0, 0.0 ],
  "lightfield_0.6_0.0_0.0_y" : [ 0.0, 0.0, 0.0, 1.3450228E-4, 0.023134392, 0.075737014, 0.12003717, 0.17803822, 0.19990706, 0.23808126, 0.14993335, 0.0149970045, 0.0, 0.0, 0.0, 0.0, 0.0, 0.0, 0.0, 0.0 ],
  "lightfield_0.6_0.0_0.0_x" : [ 0.017650368, 0.01688615, 0.017613685, 0.024026997, 0.04125552, 0.06662142, 0.08685791, 0.08829463, 0.09066676, 0.080799185, 0.06983725, 0.05839233, 0.047100253, 0.038308695, 0.037617844, 0.059529487, 0.0767091, 0.05674162, 0.01766871, 0.0074220803 ],
  "lightfield_0.0_0.4_0.0_x" : [ 0.0, 0.0, 0.0, 0.0, 0.0023260135, 0.02919904, 0.030706132, 0.07199631, 0.2218659, 0.18219292, 0.1988191, 0.11356176, 0.075912, 0.043285873, 0.026515178, 0.0036197724, 0.0, 0.0, 0.0, 0.0 ],
  "lightfield_0.0_0.4_0.0_y" : [ 0.0, 1.3763393E-5, 0.019647244, 0.047394246, 0.07664834, 0.10661813, 0.13611996, 0.13097246, 0.12238409, 0.07692361, 0.06295376, 0.055500884, 0.0426734, 0.036803313, 0.03167645, 0.01561457, 0.019420149, 0.018635634, 0.0, 0.0 ],
  "lightfield_0.0_0.2_0.0_y" : [ 0.0, 1.536295E-5, 0.018092433, 0.03993343, 0.07539624, 0.1239534, 0.1435258, 0.13586481, 0.13548586, 0.09134298, 0.06916912, 0.04771732, 0.02646524, 0.027571375, 0.020601716, 0.014784278, 0.017442068, 0.012638587, 0.0, 0.0 ],
  "lightfield_0.0_0.2_0.0_x" : [ 0.0021712969, 0.021118935, 0.021272564, 0.020227883, 0.019352196, 0.019910382, 0.071642555, 0.13001664, 0.14042248, 0.14640892, 0.102112405, 0.066598386, 0.043497633, 0.03801818, 0.039595444, 0.055644605, 0.046851877, 0.015137627, 0.0, 0.0 ],
  "a3" : [ 0.09042203, 0.15295559, 0.1510591, 0.13002759, 0.106382884, 0.0860682, 0.048161596, 0.0, 0.0, 0.0, 0.0, 0.0, 0.0, 0.002504635, 0.012946483, 0.023629718, 0.034734752, 0.04484033, 0.05343429, 0.06283281 ],
  "lightfield_0.4_0.0_0.0_y" : [ 0.0, 0.0, 0.0, 0.0, 0.0, 0.05321989, 0.14430456, 0.1974282, 0.2869857, 0.18945228, 0.06947332, 0.033514284, 0.023863608, 0.0017581685, 0.0, 0.0, 0.0, 0.0, 0.0, 0.0 ],