{
  "eccentricity_minmax" : 0.0031470621,
  "compactness" : 137.14877,
  "eccentricity" : 2.4771824,
  "compactness_standardized" : -0.06417965,
  "convexity_minmax" : 0.08604605,
  "diameter_standardized" : -0.6098996,
  "surface_area_minmax" : 0.0768519,
  "convexity" : 0.16562206,
  "diameter_minmax" : 0.009967229,
  "rectangularity _standardized" : -0.3240631,
  "convexity_standardized" : -0.6044219,
  "diameter" : 1.005287,
  "surface_area" : 1.5844795,
  "rectangularity " : 0.0039586085,
  "compactness_minmax" : 3.4724137E-5,
  "surface_area_standardized" : -0.0052459543,
  "rectangularity _minmax" : 0.007133616,
  "eccentricity_standardized" : -0.2977807,
  "lightfield_0.0_0.0_0.6_y" : [ 0.0, 0.0, 0.0, 0.0, 0.0, 0.011255215, 0.07736857, 0.104132794, 0.11180852, 0.103269435, 0.090955496, 0.0853657, 0.09876356, 0.08955017, 0.08451494, 0.0873445, 0.041491788, 0.0076442193, 0.0031005407, 0.003434542 ],
  "lightfield_0.0_0.0_0.6_x" : [ 0.019977061, 0.07536457, 0.123983815, 0.13225192, 0.1275507, 0.13881221, 0.14496288, 0.13773459, 0.08830239, 0.011059855, 0.0, 0.0, 0.0, 0.0, 0.0, 0.0, 0.0, 0.0, 0.0, 0.0 ],
  "lightfield_0.0_0.0_0.8_y" : [ 0.0, 0.0, 0.0, 0.0, 0.0, 0.008459986, 0.060073975, 0.0995427, 0.124431744, 0.13558844, 0.1336651, 0.11885003, 0.11018157, 0.09348352, 0.058823135, 0.038527235, 0.016960323, 0.0014122394, 0.0, 0.0 ],
  "lightfield_0.0_0.0_0.8_x" : [ 0.07113652, 0.081096165, 0.099078685, 0.12806322, 0.1229119, 0.13161398, 0.123154, 0.10587761, 0.08596503, 0.045131136, 0.0059717554, 0.0, 0.0, 0.0, 0.0, 0.0, 0.0, 0.0, 0.0, 0.0 ],
  "lightfield_0.0_0.0_0.2_y" : [ 0.0, 0.0, 0.0, 0.0, 0.0, 0.0016274443, 0.050579738, 0.08925764, 0.118508644, 0.13557532, 0.12313919, 0.12234082, 0.11596001, 0.09835905, 0.07397195, 0.05630957, 0.013277489, 0.0010931513, 0.0, 0.0 ],
  "lightfield_0.0_0.0_0.2_x" : [ 0.0029109758, 0.059367936, 0.10701828, 0.10807458, 0.09819937, 0.108461484, 0.0968053, 0.103548445, 0.10895278, 0.07688906, 0.06281935, 0.030952146, 0.0075230915, 0.00345141, 0.0037953227, 0.004268203, 0.0046305396, 0.005017441, 0.005932495, 0.0013817922 ],
  "lightfield_0.0_0.0_0.4_y" : [ 0.0, 0.0, 0.0, 0.0, 5.3803466E-4, 0.022628738, 0.06261222, 0.09008953, 0.10250186, 0.110441, 0.11224905, 0.10013701, 0.0823631, 0.09208526, 0.09061505, 0.060028404, 0.0427675, 0.019807184, 0.006224936, 0.0049111303 ],
  "lightfield_0.0_0.0_0.4_x" : [ 0.0042542275, 0.043411892, 0.080949195, 0.12717013, 0.14942974, 0.15699351, 0.14394304, 0.12244668, 0.08719915, 0.0499121, 0.028503325, 0.005787001, 0.0, 0.0, 0.0, 0.0, 0.0, 0.0, 0.0, 0.0 ],
  "lightfield_0.0_0.0_0.0_y" : [ 0.0, 0.0, 0.0, 0.0, 5.351146E-4, 0.0071840673, 0.049513478, 0.121926166, 0.15052097, 0.1449115, 0.13646652, 0.13868694, 0.13690938, 0.091523044, 0.021595256, 2.2757748E-4, 0.0, 0.0, 0.0, 0.0 ],
  "lightfield_0.0_0.0_0.0_x" : [ 0.017228229, 0.062263966, 0.09098178, 0.10837608, 0.10474099, 0.09378037, 0.09020679, 0.07679202, 0.08148503, 0.09420477, 0.07799141, 0.054151136, 0.015499871, 0.004656112, 0.0033460038, 0.0038134602, 0.0044100825, 0.004828333, 0.0054065026, 0.0058370545 ],
  "d1" : [ 0.0050198, 0.0367733, 0.1127632, 0.202513, 0.2675516, 0.1906288, 0.0750827, 0.0551701, 0.034341, 0.0148612, 0.0038589, 3.886E-4, 8.07E-5, 1.244E-4, 5.22E-5, 1.52E-4, 0.0, 2.025E-4, 0.0, 4.36E-4 ],
  "d2" : [ 0.0140617695, 0.06289274, 0.11385379, 0.15516675, 0.16890585, 0.15209721, 0.12349819, 0.091036186, 0.06247077, 0.035736475, 0.014607365, 0.003962696, 8.115425E-4, 2.4534308E-4, 1.6602916E-4, 1.4732587E-4, 1.3862434E-4, 1.2992282E-4, 6.281103E-5, 8.601511E-6 ],
  "d3" : [ 0.0017304639, 0.016953275, 0.05033046, 0.09101659, 0.12520769, 0.14522636, 0.1486416, 0.13682579, 0.11249112, 0.08219986, 0.050845336, 0.025526708, 0.00965037, 0.00258825, 5.418391E-4, 1.3422717E-4, 5.604538E-5, 2.4752537E-5, 7.747745E-6, 1.5093011E-6 ],
  "d4" : [ 5.084145E-7, 1.016829E-6, 6.609388E-6, 4.463879E-5, 2.524786E-4, 0.0011728104, 0.0052391095, 0.022496324, 0.09526233, 0.5262337, 0.27524573, 0.05654901, 0.013485083, 0.0031333584, 6.929689E-4, 1.4550822E-4, 3.1623378E-5, 5.0841445E-6, 1.931975E-6, 2.0336579E-7 ],
  "lightfield_0.0_0.8_0.0_y" : [ 0.0, 0.0, 0.0, 0.0, 7.1914506E-4, 0.01139845, 0.053691372, 0.100284785, 0.14254893, 0.15566614, 0.14675593, 0.15018626, 0.12633222, 0.090044156, 0.02206337, 3.092324E-4, 0.0, 0.0, 0.0, 0.0 ],
  "lightfield_0.0_0.8_0.0_x" : [ 0.07103715, 0.09779654, 0.11240238, 0.101061456, 0.11260374, 0.13391201, 0.12840335, 0.10447021, 0.080083996, 0.053022567, 0.0052066105, 0.0, 0.0, 0.0, 0.0, 0.0, 0.0, 0.0, 0.0, 0.0 ],
  "lightfield_0.8_0.0_0.0_x" : [ 0.020832162, 0.061209314, 0.092038915, 0.10687261, 0.09900588, 0.099249564, 0.08990196, 0.06951344, 0.08084179, 0.097418785, 0.07974832, 0.055479534, 0.01553352, 0.0050549544, 0.0036053262, 0.0039302427, 0.0043988726, 0.004542586, 0.005011216, 0.005811011 ],
  "lightfield_0.8_0.0_0.0_y" : [ 0.0, 0.0, 0.0, 0.0, 0.0, 0.007060691, 0.053211365, 0.104666926, 0.13039158, 0.14673115, 0.1451753, 0.16243337, 0.14796834, 0.08940834, 0.012952931, 0.0, 0.0, 0.0, 0.0, 0.0 ],
  "lightfield_0.0_0.6_0.0_x" : [ 0.012524326, 0.06626345, 0.11474576, 0.13560349, 0.16942966, 0.16017571, 0.13370585, 0.11046601, 0.088574685, 0.008511051, 0.0, 0.0, 0.0, 0.0, 0.0, 0.0, 0.0, 0.0, 0.0, 0.0 ],
  "lightfield_0.0_0.6_0.0_y" : [ 0.0, 0.0, 0.0, 0.0, 5.6525005E-4, 0.014438101, 0.053827953, 0.09098103, 0.1412802, 0.15365918, 0.14084417, 0.14726378, 0.13857509, 0.09618941, 0.022182027, 1.9380002E-4, 0.0, 0.0, 0.0, 0.0 ],
  "lightfield_0.6_0.0_0.0_y" : [ 0.0, 0.0, 0.0, 0.0, 0.0, 0.007591786, 0.05260538, 0.1085776, 0.13705172, 0.13688795, 0.20744768, 0.16253234, 0.1197, 0.055860873, 0.01174467, 0.0, 0.0, 0.0, 0.0, 0.0 ],
  "lightfield_0.6_0.0_0.0_x" : [ 0.018818982, 0.06259457, 0.09442898, 0.0971539, 0.1005797, 0.09864736, 0.086070806, 0.07657944, 0.08362755, 0.09852291, 0.07758164, 0.053149052, 0.018910687, 0.0057642553, 0.003458553, 0.003995677, 0.0045065996, 0.004637605, 0.0050502736, 0.005921462 ],
  "lightfield_0.0_0.4_0.0_x" : [ 0.0011815185, 0.020334557, 0.08943784, 0.1361467, 0.14399758, 0.15039487, 0.15662117, 0.118392825, 0.0907826, 0.06466482, 0.027190473, 8.550463E-4, 0.0, 0.0, 0.0, 0.0, 0.0, 0.0, 0.0, 0.0 ],
  "lightfield_0.0_0.4_0.0_y" : [ 0.0, 0.0, 0.0, 0.0, 2.720602E-4, 0.014644612, 0.052383248, 0.112321995, 0.13219017, 0.13269542, 0.13979231, 0.15622474, 0.14160344, 0.09583515, 0.02199801, 3.8865743E-5, 0.0, 0.0, 0.0, 0.0 ],
  "lightfield_0.0_0.2_0.0_y" : [ 0.0, 0.0, 0.0, 0.0, 2.7494662E-4, 0.00934179, 0.05651112, 0.12366203, 0.13843882, 0.13698097, 0.14060003, 0.14721793, 0.13691701, 0.090585314, 0.019342175, 1.2788214E-4, 0.0, 0.0, 0.0, 0.0 ],
  "lightfield_0.0_0.2_0.0_x" : [ 0.00275586, 0.055149175, 0.098117575, 0.11564382, 0.10813714, 0.10412164, 0.11059887, 0.09728634, 0.09501004, 0.08726038, 0.05990639, 0.031829864, 0.010409607, 0.0037917055, 0.0044247224, 0.0050385566, 0.005786667, 0.0047316393, 0.0, 0.0 ],
  "a3" : [ 0.058687765, 0.129121, 0.15543789, 0.15062614, 0.13295352, 0.11093031, 0.060767982, 0.0, 0.0, 0.0, 0.0, 0.0, 0.0, 0.0012475883, 0.006812482, 0.013719848, 0.022610739, 0.03459348, 0.050918587, 0.07157267 ],
  "lightfield_0.4_0.0_0.0_y" : [ 0.0, 0.0, 0.0, 0.0, 0.0, 0.0036093376, 0.031550013, 0.098392814, 0.18487681, 0.16997913, 0.15792353, 0.15284644, 0.12694727, 0.066142276, 0.0077323886, 0.0, 0.0, 0.0, 0.0, 0.0 ],
  "lightfield_0.4_0.0_0.0_x" : [ 0.016712368, 0.0637405, 0.09799252, 0.106992505, 0.1030229, 0.09028681, 0.08507629, 0.08395546, 0.08312151, 0.08629052, 0.06983168, 0.056728646, 0.022083009, 0.0059177126, 0.0034825772, 0.004009634, 0.004269826, 0.00478354, 0.0054440284, 0.0062579643 ],
  "lightfield_0.2_0.0_0.0_x" : [ 0.015617448, 0.064572625, 0.089674786, 0.10504115, 0.103942655, 0.09189688, 0.09620298, 0.08681242, 0.08252516, 0.08612194, 0.06929301, 0.05441626, 0.018756002, 0.0059946394, 0.0036281692, 0.004243326, 0.00482082, 0.0049651936, 0.005410868, 0.0060636876 ],