{
  "eccentricity_minmax" : 2.250839E-4,
  "compactness" : 52.553505,
  "eccentricity" : 1.1063273,
  "compactness_standardized" : -0.064744495,
  "convexity_minmax" : 0.1940315,
  "diameter_standardized" : -0.26145935,
  "surface_area_minmax" : 0.22096437,
  "convexity" : 0.37218642,
  "diameter_minmax" : 0.06617327,
  "rectangularity _standardized" : 1.831983,
  "convexity_standardized" : 0.13487302,
  "diameter" : 1.0351012,
  "surface_area" : 4.526004,
  "rectangularity " : 0.107640505,
  "compactness_minmax" : 1.3234017E-5,
  "surface_area_standardized" : 1.794958,
  "rectangularity _minmax" : 0.19397509,
  "eccentricity_standardized" : -0.35976553,
  "lightfield_0.0_0.0_0.6_y" : [ 0.0041529885, 0.008992002, 0.031927824, 0.04590157, 0.05785868, 0.06858186, 0.066120915, 0.06776462, 0.07922677, 0.08116284, 0.078948215, 0.0755319, 0.07626167, 0.051016837, 0.050685335, 0.049492847, 0.03947871, 0.032344505, 0.024114497, 0.010435419 ],
  "lightfield_0.0_0.0_0.6_x" : [ 0.009544507, 0.024059247, 0.048896603, 0.058427297, 0.07254608, 0.06540956, 0.06091587, 0.06778533, 0.09215076, 0.087657064, 0.08514317, 0.07449596, 0.056065343, 0.056910213, 0.053459365, 0.04478275, 0.028011952, 0.01149899, 0.0022399432, 0.0 ],
  "lightfield_0.0_0.0_0.8_y" : [ 0.008561163, 0.016155107, 0.027873069, 0.039458822, 0.053192403, 0.062945776, 0.06952147, 0.06893697, 0.08410398, 0.08206284, 0.08946195, 0.07708062, 0.06748266, 0.06840581, 0.05319472, 0.0445315, 0.0439354, 0.030422166, 0.010755382, 0.0019182016 ],
  "lightfield_0.0_0.0_0.8_x" : [ 0.018103462, 0.026980074, 0.045568306, 0.05616828, 0.057903245, 0.062365904, 0.07509284, 0.086685546, 0.07512531, 0.0805204, 0.07731721, 0.062625684, 0.065968044, 0.06809036, 0.054143384, 0.035341762, 0.034972966, 0.01457091, 0.0024563186, 0.0 ],
  "lightfield_0.0_0.0_0.2_y" : [ 0.0012955511, 0.014313082, 0.036394875, 0.043665122, 0.043168955, 0.059893966, 0.0696083, 0.07392221, 0.06713895, 0.07375682, 0.08036551, 0.08488845, 0.08825367, 0.06697356, 0.05233429, 0.04356635, 0.045932338, 0.038335904, 0.016143853, 4.8238602E-5 ],
  "lightfield_0.0_0.0_0.2_x" : [ 0.017501425, 0.02379771, 0.035563335, 0.048888676, 0.06330283, 0.0660754, 0.08061589, 0.0799819, 0.0725187, 0.083379276, 0.07879661, 0.07092223, 0.063500375, 0.064766064, 0.04714979, 0.036744032, 0.03335125, 0.026974566, 0.0056002717, 5.6967494E-4 ],
  "lightfield_0.0_0.0_0.4_y" : [ 0.002244264, 0.012396665, 0.033638507, 0.04720589, 0.05048668, 0.054406047, 0.06909325, 0.08480541, 0.08313031, 0.07240412, 0.07764459, 0.064463586, 0.060162466, 0.07283446, 0.064725034, 0.052804984, 0.038744785, 0.030998604, 0.017789839, 0.010020522 ],
  "lightfield_0.0_0.0_0.4_x" : [ 0.015108291, 0.029529423, 0.036528286, 0.045609456, 0.06398928, 0.06356588, 0.0720455, 0.08298917, 0.07732762, 0.0895924, 0.08446993, 0.07322316, 0.06561117, 0.058704853, 0.061557613, 0.042000126, 0.025223674, 0.010733134, 0.0021910493, 0.0 ],
  "lightfield_0.0_0.0_0.0_y" : [ 0.003026919, 0.009640278, 0.03030588, 0.03451146, 0.051962107, 0.061549645, 0.07737218, 0.08416669, 0.07910807, 0.06947237, 0.07584037, 0.08421714, 0.07888793, 0.069362305, 0.055890225, 0.04750887, 0.04728185, 0.025682949, 0.010763907, 0.003448853 ],
  "lightfield_0.0_0.0_0.0_x" : [ 0.011344067, 0.024054833, 0.04304187, 0.048703585, 0.06471186, 0.07474656, 0.07744097, 0.07215762, 0.07206131, 0.0820983, 0.06846799, 0.07226311, 0.06685134, 0.057302784, 0.043826118, 0.0405309, 0.033479556, 0.030980056, 0.012341574, 0.0035956127 ],
  "d1" : [ 0.0039365, 0.0113893, 0.0185994, 0.0228772, 0.0334586, 0.0457921, 0.0655169, 0.0814277, 0.1098065, 0.1216565, 0.0995301, 0.0867516, 0.0895569, 0.0838855, 0.061633, 0.0364365, 0.0164377, 0.0081479, 0.0028034, 3.567E-4 ],
  "d2" : [ 0.0050386847, 0.016809352, 0.033122815, 0.055801198, 0.07699162, 0.09483125, 0.111545384, 0.11628162, 0.11271009, 0.10232517, 0.08559773, 0.06592878, 0.049118627, 0.03451326, 0.021345448, 0.01167385, 0.0049281656, 0.0012713233, 1.5932797E-4, 6.3011066E-6 ],
  "d3" : [ 8.1844366E-4, 0.006909681, 0.020423258, 0.040540732, 0.06510803, 0.09043621, 0.11298034, 0.127365, 0.12899774, 0.11914906, 0.09969789, 0.075905666, 0.051836643, 0.031856112, 0.016922988, 0.0075425813, 0.0026771983, 7.030324E-4, 1.19134165E-4, 1.02632475E-5 ],
  "d4" : [ 1.0168289E-7, 7.117803E-7, 6.2026566E-6, 4.779096E-5, 2.4515745E-4, 0.0011309171, 0.004398192, 0.01472226, 0.04744829, 0.16290902, 0.5083152, 0.1849142, 0.05290124, 0.016459106, 0.0048599336, 0.001284255, 2.9020297E-4, 5.806093E-5, 8.43968E-6, 7.117803E-7 ],
  "lightfield_0.0_0.8_0.0_y" : [ 0.0023167352, 0.009563407, 0.033254355, 0.03542764, 0.048529506, 0.062525555, 0.08213054, 0.07640205, 0.08091837, 0.07015237, 0.07724842, 0.081979915, 0.073855795, 0.066401124, 0.060701333, 0.04932805, 0.046843957, 0.02706205, 0.012281805, 0.003077026 ],
  "lightfield_0.0_0.8_0.0_x" : [ 0.0030698534, 0.014364237, 0.034887306, 0.061502267, 0.0612584, 0.063491456, 0.07505839, 0.0824007, 0.08158064, 0.07943605, 0.0788216, 0.064634286, 0.07551983, 0.08121723, 0.07187139, 0.047728572, 0.022249265, 9.085236E-4, 0.0, 0.0 ],
  "lightfield_0.8_0.0_0.0_x" : [ 0.012367849, 0.024069605, 0.040973227, 0.053331316, 0.06372285, 0.061056037, 0.07254064, 0.07062532, 0.07626149, 0.08818284, 0.08101441, 0.064906195, 0.06298356, 0.055968847, 0.04699734, 0.038901754, 0.036164187, 0.03194804, 0.01451252, 0.0034719766 ],
  "lightfield_0.8_0.0_0.0_y" : [ 0.0, 0.0070561883, 0.03440258, 0.059636015, 0.06308115, 0.055678498, 0.07091811, 0.06821226, 0.088124275, 0.090625174, 0.088243835, 0.090805724, 0.0809095, 0.077505834, 0.06863924, 0.04115378, 0.013739073, 0.0012687476, 0.0, 0.0 ],
  "lightfield_0.0_0.6_0.0_x" : [ 0.0, 0.0, 0.0032412657, 0.04180115, 0.060417302, 0.07233829, 0.086726345, 0.094765455, 0.095842235, 0.08806211, 0.087361515, 0.097736835, 0.10472641, 0.08653553, 0.041190516, 0.014930541, 0.0056592664, 0.006329873, 0.0067196973, 0.0056156497 ],
  "lightfield_0.0_0.6_0.0_y" : [ 0.002379836, 0.01110045, 0.030310879, 0.03522321, 0.049259607, 0.059602216, 0.07149594, 0.06827376, 0.0748408, 0.07182307, 0.08303801, 0.10093994, 0.06512791, 0.065340534, 0.068456404, 0.05252813, 0.043387707, 0.026767021, 0.017116828, 0.0029877438 ],
  "lightfield_0.6_0.0_0.0_y" : [ 0.006051023, 0.005296583, 0.0116188945, 0.047940534, 0.07049881, 0.066173695, 0.07911803, 0.09596375, 0.10697289, 0.10428326, 0.09191251, 0.08826691, 0.08074834, 0.06714, 0.05421892, 0.021628143, 0.0021677234, 0.0, 0.0, 0.0 ],
  "lightfield_0.6_0.0_0.0_x" : [ 0.011727409, 0.02228182, 0.03352091, 0.049707785, 0.060740177, 0.0716899, 0.0740669, 0.0732892, 0.07665318, 0.08583564, 0.083125345, 0.06863079, 0.057190176, 0.056262627, 0.04748322, 0.04180425, 0.034298602, 0.03431669, 0.01491311, 0.002462265 ],
  "lightfield_0.0_0.4_0.0_x" : [ 0.0, 0.0, 0.003031825, 0.02345152, 0.05111202, 0.06793224, 0.07869927, 0.09568953, 0.09353141, 0.09414615, 0.10427228, 0.09834989, 0.080608875, 0.063283786, 0.0517503, 0.04369595, 0.024913806, 0.012443824, 0.0064534186, 0.0066339155 ],
  "lightfield_0.0_0.4_0.0_y" : [ 0.0014701342, 0.010581304, 0.028560366, 0.032897525, 0.044768468, 0.057604674, 0.06860975, 0.07505794, 0.08026096, 0.08177295, 0.084255435, 0.093573265, 0.08039699, 0.07266701, 0.062480707, 0.04069813, 0.039322168, 0.025680264, 0.016229028, 0.0031129178 ],
  "lightfield_0.0_0.2_0.0_y" : [ 0.0029689285, 0.01270402, 0.036408044, 0.04020528, 0.049334113, 0.06225519, 0.072359525, 0.08321982, 0.081967376, 0.08002884, 0.083399445, 0.08988868, 0.07240443, 0.061179888, 0.0480667, 0.040649373, 0.03948675, 0.02737402, 0.0132928165, 0.0028067601 ],
  "lightfield_0.0_0.2_0.0_x" : [ 0.0, 0.0010079388, 0.017985718, 0.050456814, 0.06270676, 0.06345025, 0.075186245, 0.08710188, 0.08809734, 0.0815158, 0.095888905, 0.080525324, 0.0683128, 0.048865072, 0.04522751, 0.03646543, 0.044189632, 0.029721718, 0.020383317, 0.0029115458 ],