{
  "eccentricity_minmax" : 0.020674014,
  "compactness" : 341.1945,
  "eccentricity" : 10.7000065,
  "compactness_standardized" : -0.06281723,
  "convexity_minmax" : 0.010269042,
  "diameter_standardized" : -0.33203793,
  "surface_area_minmax" : 0.023138052,
  "convexity" : 0.02066895,
  "diameter_minmax" : 0.05478841,
  "rectangularity _standardized" : -0.3958097,
  "convexity_standardized" : -1.1232097,
  "diameter" : 1.0290622,
  "surface_area" : 0.4881094,
  "rectangularity " : 5.0839153E-4,
  "compactness_minmax" : 8.65588E-5,
  "surface_area_standardized" : -0.6762211,
  "rectangularity _minmax" : 9.1610214E-4,
  "eccentricity_standardized" : 0.07402398,
  "lightfield_0.0_0.0_0.6_y" : [ 0.0, 0.0, 0.0, 0.0, 0.05647759, 0.102032475, 0.15447128, 0.17690535, 0.060303807, 0.03335677, 0.035204474, 0.037967853, 0.040682178, 0.04228461, 0.042693395, 0.04308583, 0.04321664, 0.04360907, 0.04385434, 0.04385434 ],
  "lightfield_0.0_0.0_0.6_x" : [ 0.0036790555, 0.08201841, 0.15744722, 0.15617181, 0.18359305, 0.15121736, 0.06929705, 0.061579213, 0.061366647, 0.03649623, 0.029219877, 0.007914057, 0.0, 0.0, 0.0, 0.0, 0.0, 0.0, 0.0, 0.0 ],
  "lightfield_0.0_0.0_0.8_y" : [ 0.0, 0.0, 1.601217E-4, 0.026520155, 0.05542212, 0.065589845, 0.053400584, 0.07813939, 0.15083463, 0.1440695, 0.13910572, 0.11859013, 0.10578039, 0.05918498, 0.003202434, 0.0, 0.0, 0.0, 0.0, 0.0 ],
  "lightfield_0.0_0.0_0.8_x" : [ 0.05926504, 0.0586846, 0.05848445, 0.055862457, 0.056202713, 0.11188503, 0.1542172, 0.15798007, 0.100516394, 0.112205274, 0.07085385, 0.0038429205, 0.0, 0.0, 0.0, 0.0, 0.0, 0.0, 0.0, 0.0 ],
  "lightfield_0.0_0.0_0.2_y" : [ 0.0, 0.0, 0.0, 0.018377684, 0.037861016, 0.058883294, 0.066174604, 0.06220024, 0.11074422, 0.091634415, 0.059495885, 0.058360353, 0.058704, 0.059540708, 0.059869412, 0.060452122, 0.06103483, 0.061229065, 0.06069118, 0.0147469705 ],
  "lightfield_0.0_0.0_0.2_x" : [ 0.051188573, 0.075512856, 0.12841967, 0.105619386, 0.075512856, 0.047244094, 0.042403143, 0.045510914, 0.046646446, 0.047139507, 0.047602683, 0.047527976, 0.048260096, 0.048469275, 0.048633628, 0.04906692, 0.04309044, 0.0021515337, 0.0, 0.0 ],
  "lightfield_0.0_0.0_0.4_y" : [ 0.0, 0.0, 0.0, 0.0, 0.021058986, 0.15672646, 0.20082787, 0.1170921, 0.034787856, 0.036995515, 0.038634013, 0.040289756, 0.043066576, 0.043377027, 0.04399793, 0.04425664, 0.044549845, 0.04451535, 0.04470507, 0.045119006 ],
  "lightfield_0.0_0.0_0.4_x" : [ 0.043946188, 0.049948256, 0.047930323, 0.07785443, 0.16883408, 0.18356329, 0.21253881, 0.1696792, 0.042169712, 0.003535702, 0.0, 0.0, 0.0, 0.0, 0.0, 0.0, 0.0, 0.0, 0.0, 0.0 ],
  "lightfield_0.0_0.0_0.0_y" : [ 0.0, 0.0, 0.0, 0.0, 0.011623142, 0.02320531, 0.03254753, 0.045918927, 0.049989074, 0.33595115, 0.35586485, 0.042477053, 0.03533381, 0.033175807, 0.024830637, 0.009082714, 0.0, 0.0, 0.0, 0.0 ],
  "lightfield_0.0_0.0_0.0_x" : [ 0.22089434, 0.18922094, 0.032438263, 0.025773056, 0.027548622, 0.028982736, 0.030894887, 0.032506555, 0.033257756, 0.033694822, 0.033722136, 0.033981644, 0.0339953, 0.03424115, 0.034364074, 0.03478748, 0.03469187, 0.03501967, 0.03530649, 0.034678213 ],
  "d1" : [ 0.0173088, 0.029083, 0.0246819, 0.1266815, 0.1505933, 0.1486632, 0.1248592, 0.1038195, 0.0864453, 0.0280751, 0.0150693, 0.0151282, 0.0154161, 0.0169331, 0.0154984, 0.0154778, 0.0148013, 0.0157783, 0.0154553, 0.0202314 ],
  "d2" : [ 0.04521514, 0.0990717, 0.10693118, 0.10900924, 0.1042296, 0.086257346, 0.062012088, 0.04822867, 0.040353186, 0.036466103, 0.034273818, 0.032993395, 0.03210924, 0.031185376, 0.029714918, 0.02841619, 0.028380483, 0.026323322, 0.016133932, 0.0026950731 ],
  "d3" : [ 0.012488058, 0.077227615, 0.12913519, 0.1442918, 0.13638528, 0.11506811, 0.08988361, 0.072297335, 0.059309192, 0.048565283, 0.03849553, 0.029235967, 0.020301206, 0.012570163, 0.007159118, 0.004043518, 0.0021465279, 0.0010123386, 3.2922887E-4, 5.493856E-5 ],
  "d4" : [ 8.1346315E-7, 5.999291E-6, 1.616758E-5, 6.4466956E-5, 1.9940015E-4, 5.9718365E-4, 0.0017977535, 0.006128123, 0.024639087, 0.5253358, 0.4084505, 0.02413606, 0.0060496237, 0.0017554534, 5.586458E-4, 1.8313089E-4, 5.978954E-5, 1.6065896E-5, 4.8807788E-6, 1.016829E-6 ],
  "lightfield_0.0_0.8_0.0_y" : [ 0.0, 0.0, 0.0, 0.0, 0.016174084, 0.02936728, 0.04645771, 0.12945892, 0.13775021, 0.19171533, 0.14781898, 0.11663005, 0.08424876, 0.055433497, 0.033673007, 0.011272177, 0.0, 0.0, 0.0, 0.0 ],
  "lightfield_0.0_0.8_0.0_x" : [ 0.027269617, 0.027015688, 0.02611038, 0.024443291, 0.04203054, 0.08345386, 0.147002, 0.21918368, 0.21450257, 0.10127295, 0.07726023, 0.010455193, 0.0, 0.0, 0.0, 0.0, 0.0, 0.0, 0.0, 0.0 ],
  "lightfield_0.8_0.0_0.0_x" : [ 0.18835098, 0.17670783, 0.034443676, 0.028040685, 0.03002782, 0.031072905, 0.033236675, 0.035135493, 0.035444602, 0.03590091, 0.03646025, 0.036401372, 0.036636885, 0.036666322, 0.037843883, 0.037578933, 0.037829164, 0.037578933, 0.03796164, 0.03668104 ],
  "lightfield_0.8_0.0_0.0_y" : [ 0.0, 0.0, 0.0, 0.0, 0.0, 0.022108719, 0.029807027, 0.030572442, 0.035017736, 0.2822762, 0.45910183, 0.04309875, 0.03345747, 0.029689271, 0.024257768, 0.010612774, 0.0, 0.0, 0.0, 0.0 ],
  "lightfield_0.0_0.6_0.0_x" : [ 0.019215351, 0.04658186, 0.076104194, 0.10825449, 0.105590895, 0.18395782, 0.19825575, 0.08711494, 0.07687922, 0.06290199, 0.035027705, 1.1580879E-4, 0.0, 0.0, 0.0, 0.0, 0.0, 0.0, 0.0, 0.0 ],
  "lightfield_0.0_0.6_0.0_y" : [ 0.0, 0.0, 0.0, 0.0, 0.0140841305, 0.025584834, 0.041361555, 0.12695315, 0.14908154, 0.1340175, 0.15219948, 0.13949615, 0.09988954, 0.06463021, 0.039446257, 0.013255652, 0.0, 0.0, 0.0, 0.0 ],
  "lightfield_0.6_0.0_0.0_y" : [ 0.0, 0.0, 0.0, 0.0, 0.005634954, 0.020116495, 0.029313441, 0.03243748, 0.036860775, 0.2861856, 0.4598327, 0.04373659, 0.029109064, 0.025196712, 0.020919403, 0.010656779, 0.0, 0.0, 0.0, 0.0 ],
  "lightfield_0.6_0.0_0.0_x" : [ 0.19646429, 0.17304857, 0.034335267, 0.028233165, 0.029707596, 0.030422913, 0.032992218, 0.035123575, 0.035561524, 0.0357805, 0.035590723, 0.03610166, 0.03645202, 0.03715274, 0.037035957, 0.03716734, 0.03725493, 0.037649084, 0.03760529, 0.036320638 ],
  "lightfield_0.0_0.4_0.0_x" : [ 0.0736331, 0.09926694, 0.10935238, 0.24047253, 0.14458607, 0.096969694, 0.09561563, 0.07788206, 0.030433768, 0.024223747, 0.0075640846, 0.0, 0.0, 0.0, 0.0, 0.0, 0.0, 0.0, 0.0, 0.0 ],
  "lightfield_0.0_0.4_0.0_y" : [ 0.0, 0.0, 0.0, 0.0, 0.013820796, 0.025045525, 0.036092825, 0.10688705, 0.14553858, 0.14386702, 0.16402857, 0.14005697, 0.10332913, 0.066330485, 0.040986132, 0.014016902, 0.0, 0.0, 0.0, 0.0 ],
  "lightfield_0.0_0.2_0.0_y" : [ 0.0, 0.0, 0.0, 0.0, 0.009155365, 0.016179264, 0.023932058, 0.0664399, 0.09155365, 0.24782436, 0.27388787, 0.10472898, 0.07866546, 0.04518046, 0.028382735, 0.014069886, 0.0, 0.0, 0.0, 0.0 ],
  "lightfield_0.0_0.2_0.0_x" : [ 0.12971021, 0.24927111, 0.13741882, 0.10056545, 0.03986836, 0.024152935, 0.025886822, 0.026891815, 0.02722313, 0.027311482, 0.027388789, 0.027686972, 0.027731149, 0.028084552, 0.028062465, 0.028460043, 0.028482132, 0.015803773, 0.0, 0.0 ],
  "a3" : [ 0.20276363, 0.14717256, 0.08801821, 0.074407436, 0.084940344, 0.08583818, 0.04970018, 0.0, 0.0, 0.0, 0.0, 0.0, 0.0, 0.011115197, 0.03596081, 0.034102857, 0.030490397, 0.03586673, 0.052413095, 0.06721038 ],
  "lightfield_0.4_0.0_0.0_y" : [ 0.0, 0.0, 0.0, 0.0, 0.006176386, 0.022105716, 0.029560471, 0.03481758, 0.05106291, 0.2817294, 0.44403908, 0.04365125, 0.034630854, 0.03386958, 0.016776789, 0.0015800057, 0.0, 0.0, 0.0, 0.0 ],
  "lightfield_0.4_0.0_0.0_x" : [ 0.22493537, 0.15448147, 0.034343578, 0.02721919, 0.028985923, 0.03029302, 0.0324763, 0.034300487, 0.034918126, 0.035406493, 0.03566504, 0.035262857, 0.03573686, 0.03606722, 0.03618213, 0.036541224, 0.03648377, 0.03715886, 0.03711577, 0.036426313 ],