{
  "eccentricity_minmax" : 0.015980814,
  "compactness" : 626.4727,
  "eccentricity" : 8.498177,
  "compactness_standardized" : -0.060929675,
  "convexity_minmax" : 0.008344182,
  "diameter_standardized" : -0.5596479,
  "surface_area_minmax" : 0.030238688,
  "convexity" : 0.016986903,
  "diameter_minmax" : 0.017980611,
  "rectangularity _standardized" : -0.3926689,
  "convexity_standardized" : -1.1359975,
  "diameter" : 1.0095377,
  "surface_area" : 0.6330427,
  "rectangularity " : 6.358446E-4,
  "compactness_minmax" : 1.5902931E-4,
  "surface_area_standardized" : -0.5871122,
  "rectangularity _minmax" : 0.0011457808,
  "eccentricity_standardized" : -0.025676608,
  "lightfield_0.0_0.0_0.6_y" : [ 0.06363636, 0.1122616, 0.10924984, 0.08539415, 0.06863477, 0.06137953, 0.050858233, 0.034265734, 0.026772091, 0.027932296, 0.029664654, 0.031174507, 0.032589003, 0.034075014, 0.035553083, 0.036991417, 0.03869199, 0.03990782, 0.04152098, 0.039446916 ],
  "lightfield_0.0_0.0_0.6_x" : [ 0.0, 0.0, 0.0, 0.0, 0.0045136684, 0.0988398, 0.20634933, 0.17633502, 0.12606484, 0.09483471, 0.0597028, 0.030006357, 0.05673077, 0.085251115, 0.038779404, 0.022592181, 0.0, 0.0, 0.0, 0.0 ],
  "lightfield_0.0_0.0_0.8_y" : [ 0.015634026, 0.04054118, 0.047998585, 0.09345634, 0.042368684, 0.040558863, 0.05952367, 0.06454047, 0.068513826, 0.07274657, 0.07370158, 0.06627365, 0.0552025, 0.047320638, 0.044632435, 0.04560514, 0.046566054, 0.04605907, 0.027218062, 0.0015386429 ],
  "lightfield_0.0_0.0_0.8_x" : [ 0.020031834, 0.04581147, 0.051388316, 0.047155574, 0.043323703, 0.040040087, 0.037068915, 0.03408595, 0.031710193, 0.029092731, 0.02697636, 0.03138006, 0.047285266, 0.056599658, 0.05790839, 0.05710075, 0.06823085, 0.095083416, 0.1126039, 0.06712256 ],
  "lightfield_0.0_0.0_0.2_y" : [ 0.0, 0.0, 0.05155896, 0.083426885, 0.087063424, 0.03602102, 0.062282618, 0.07240018, 0.07221422, 0.075106926, 0.072241776, 0.058177736, 0.05365961, 0.06243414, 0.07442508, 0.08149842, 0.04948586, 0.008003141, 0.0, 0.0 ],
  "lightfield_0.0_0.0_0.2_x" : [ 0.06385983, 0.05840502, 0.102098584, 0.06954881, 0.05300531, 0.058287933, 0.06374963, 0.06302646, 0.05702754, 0.044093035, 0.034271624, 0.033369377, 0.03471242, 0.035848837, 0.03726075, 0.038431603, 0.03960246, 0.04096616, 0.042047482, 0.030387139 ],
  "lightfield_0.0_0.0_0.4_y" : [ 0.06266011, 0.15211533, 0.12729709, 0.09170603, 0.06234174, 0.040433284, 0.02561046, 0.023515126, 0.025114391, 0.026869142, 0.028734952, 0.030593358, 0.032747924, 0.034784026, 0.036997825, 0.039226428, 0.041640136, 0.04432779, 0.046519376, 0.026765486 ],
  "lightfield_0.0_0.0_0.4_x" : [ 0.0, 0.0, 0.0, 0.016488723, 0.026965393, 0.056699887, 0.08022982, 0.04388355, 0.037782647, 0.11127482, 0.12008559, 0.11896018, 0.1223216, 0.121603414, 0.09316462, 0.048266724, 0.00227303, 0.0, 0.0, 0.0 ],
  "lightfield_0.0_0.0_0.0_y" : [ 0.0, 0.0, 0.0, 0.0, 0.026260588, 0.03417079, 0.05887816, 0.050247394, 0.0695105, 0.21558502, 0.31732878, 0.06552337, 0.06322557, 0.060823686, 0.022745833, 0.015700309, 0.0, 0.0, 0.0, 0.0 ],
  "lightfield_0.0_0.0_0.0_x" : [ 0.09292085, 0.12858881, 0.12958159, 0.10020656, 0.06332164, 0.030760115, 0.02242558, 0.024034843, 0.025604073, 0.027061217, 0.028830603, 0.030095596, 0.03189701, 0.033626363, 0.03531569, 0.03715713, 0.038910504, 0.04066388, 0.04264143, 0.036356505 ],
  "d1" : [ 0.0111213, 0.0319097, 0.0355332, 0.0284879, 0.0271702, 0.0254235, 0.0261128, 0.0266348, 0.0303101, 0.2755745, 0.1175652, 0.1648005, 0.0266134, 0.0200825, 0.0219968, 0.0220165, 0.0249334, 0.022927, 0.0273041, 0.0334826 ],
  "d2" : [ 0.018942825, 0.051549453, 0.056249477, 0.06217672, 0.07616468, 0.0899763, 0.08387453, 0.07047918, 0.061833758, 0.05382205, 0.04751174, 0.04317198, 0.040270872, 0.043180384, 0.04278701, 0.042056385, 0.041363765, 0.037971567, 0.027313996, 0.009303333 ],
  "d3" : [ 0.0029713106, 0.02348251, 0.054582164, 0.08172845, 0.09834696, 0.104499884, 0.107168324, 0.103095025, 0.09221769, 0.076686986, 0.0650377, 0.054211177, 0.043359905, 0.03236676, 0.023402316, 0.016635315, 0.011189958, 0.006377803, 0.0023458563, 2.9391123E-4 ],
  "d4" : [ 1.1896898E-5, 6.8330904E-5, 2.609183E-4, 7.5225E-4, 0.0018179885, 0.003867712, 0.0082294, 0.020605326, 0.061440364, 0.5103654, 0.30857748, 0.05238672, 0.018203983, 0.0073583843, 0.003502264, 0.0016286549, 6.501604E-4, 2.0539944E-4, 5.9586175E-5, 7.7279E-6 ],
  "lightfield_0.0_0.8_0.0_y" : [ 0.0, 0.0, 0.009183991, 0.028924095, 0.03219874, 0.036701374, 0.07724815, 0.115402356, 0.14421114, 0.23532464, 0.1655828, 0.0293046, 0.029131643, 0.02999066, 0.029148938, 0.028975982, 0.008670887, 0.0, 0.0, 0.0 ],
  "lightfield_0.0_0.8_0.0_x" : [ 0.027079226, 0.037940893, 0.03579047, 0.033599686, 0.031264775, 0.029391078, 0.02762692, 0.02603572, 0.024450287, 0.023020513, 0.021584973, 0.022916738, 0.034118555, 0.04766105, 0.072624445, 0.090283304, 0.09793951, 0.11314815, 0.12815501, 0.07536869 ],
  "lightfield_0.8_0.0_0.0_x" : [ 0.08959848, 0.15915276, 0.1291025, 0.08525984, 0.05672249, 0.030434504, 0.02164516, 0.023374211, 0.024887132, 0.026656207, 0.028353238, 0.02978611, 0.031507157, 0.03327623, 0.034693092, 0.036406133, 0.038351316, 0.04000032, 0.041857447, 0.038935672 ],
  "lightfield_0.8_0.0_0.0_y" : [ 0.0, 0.0, 0.0, 0.0, 0.020980757, 0.026696231, 0.029297814, 0.04052864, 0.027224552, 0.25915757, 0.3559044, 0.07285229, 0.03334027, 0.040424578, 0.066952705, 0.026640197, 0.0, 0.0, 0.0, 0.0 ],
  "lightfield_0.0_0.6_0.0_x" : [ 0.0012778261, 0.013688746, 0.035734527, 0.041357487, 0.043931507, 0.041674975, 0.046615727, 0.052703112, 0.070658274, 0.09060234, 0.10208703, 0.099292606, 0.083874725, 0.030801646, 0.04438806, 0.0594832, 0.07278624, 0.05606954, 0.012972428, 0.0 ],
  "lightfield_0.0_0.6_0.0_y" : [ 0.016540896, 0.02314256, 0.02648275, 0.03367216, 0.041667104, 0.07221948, 0.0941918, 0.09619118, 0.09580547, 0.08105144, 0.08746156, 0.07152416, 0.044377565, 0.046985693, 0.043333262, 0.03933973, 0.028180396, 0.02470114, 0.020450467, 0.012681179 ],
  "lightfield_0.6_0.0_0.0_y" : [ 0.0, 0.0, 0.0, 0.007945525, 0.0290205, 0.018218687, 0.07430289, 0.045211382, 0.082603484, 0.33405134, 0.23573041, 0.08822137, 0.040990073, 0.012892739, 0.016506493, 0.013295145, 0.0010099575, 0.0, 0.0, 0.0 ],
  "lightfield_0.6_0.0_0.0_x" : [ 0.07772728, 0.12874591, 0.13486089, 0.1089255, 0.07005002, 0.031884674, 0.022148054, 0.023591977, 0.025193706, 0.026755985, 0.028184127, 0.02986476, 0.03146649, 0.033123452, 0.03468573, 0.03630324, 0.03813379, 0.039988007, 0.04196058, 0.036405813 ],
  "lightfield_0.0_0.4_0.0_x" : [ 0.016275907, 0.02365821, 0.022846209, 0.025733043, 0.03842282, 0.061619956, 0.07449416, 0.09392843, 0.09077519, 0.061681435, 0.040336277, 0.05207829, 0.061494444, 0.069368556, 0.07070824, 0.068571925, 0.0588612, 0.03249802, 0.022249375, 0.014398311 ],
  "lightfield_0.0_0.4_0.0_y" : [ 0.0046594073, 0.016475705, 0.02175244, 0.044409096, 0.054475874, 0.06947614, 0.08268335, 0.10035016, 0.10979961, 0.10103408, 0.06757037, 0.050372317, 0.056158792, 0.05913016, 0.054460507, 0.045551535, 0.02820235, 0.019831298, 0.012810168, 7.9663313E-4 ],
  "lightfield_0.0_0.2_0.0_y" : [ 0.0, 0.0, 0.0, 0.008543461, 0.020473715, 0.05676703, 0.07576039, 0.077858016, 0.114419, 0.20960975, 0.19094962, 0.06799261, 0.07560197, 0.06544159, 0.02518245, 0.01124197, 1.5841455E-4, 0.0, 0.0, 0.0 ],
  "lightfield_0.0_0.2_0.0_x" : [ 0.035320982, 0.07895599, 0.10574444, 0.08314578, 0.09430035, 0.09789473, 0.087504916, 0.073182054, 0.054150462, 0.028388979, 0.02071953, 0.022085173, 0.023456277, 0.024767295, 0.026100162, 0.027383866, 0.02883691, 0.030191626, 0.031513568, 0.026356902 ],
  "a3" : [ 0.1732411, 0.16532491, 0.103964984, 0.07156542, 0.09039053, 0.10615307, 0.056672946, 0.0, 0.0, 0.0, 0.0, 0.0, 0.0, 0.006394003, 0.031057492, 0.041357063, 0.038181998, 0.031196145, 0.03098555, 0.053514786 ],