{
  "eccentricity_minmax" : 0.0023714646,
  "compactness" : 3.2622468,
  "eccentricity" : 2.1133084,
  "compactness_standardized" : -0.06507361,
  "convexity_minmax" : 0.31489038,
  "diameter_standardized" : 0.5039669,
  "surface_area_minmax" : 0.07444127,
  "convexity" : 0.6033762,
  "diameter_minmax" : 0.18964231,
  "rectangularity _standardized" : 0.2698817,
  "convexity_standardized" : 0.96230245,
  "diameter" : 1.1005945,
  "surface_area" : 1.5352753,
  "rectangularity " : 0.032520764,
  "compactness_minmax" : 7.123348E-7,
  "surface_area_standardized" : -0.03535872,
  "rectangularity _minmax" : 0.058604464,
  "eccentricity_standardized" : -0.3142337,
  "lightfield_0.0_0.0_0.6_y" : [ 0.0017123506, 0.029960819, 0.05443148, 0.07741952, 0.0705765, 0.0676304, 0.056969162, 0.051402427, 0.05121311, 0.056547984, 0.06381431, 0.061989218, 0.059513226, 0.053850766, 0.05108548, 0.040094532, 0.04401911, 0.04409994, 0.040717784, 0.02295188 ],
  "lightfield_0.0_0.0_0.6_x" : [ 0.0, 0.008274589, 0.031696565, 0.054129425, 0.07285467, 0.09167776, 0.09522371, 0.099354625, 0.09867394, 0.09812088, 0.080297545, 0.06877055, 0.068974756, 0.05511429, 0.025079023, 0.017540427, 0.01948889, 0.014598587, 1.2975576E-4, 0.0 ],
  "lightfield_0.0_0.0_0.8_y" : [ 0.013382868, 0.0222839, 0.026439587, 0.028875977, 0.041161604, 0.051693376, 0.07543522, 0.08566461, 0.091407835, 0.08694112, 0.08461705, 0.08244633, 0.06942201, 0.061037194, 0.057516523, 0.048857402, 0.035483174, 0.019510562, 0.0154175125, 0.0024061515 ],
  "lightfield_0.0_0.0_0.8_x" : [ 0.018946823, 0.0396475, 0.06475442, 0.06786686, 0.06288824, 0.05520757, 0.056615837, 0.0576418, 0.08097326, 0.090708025, 0.08947471, 0.06839604, 0.05789451, 0.049103633, 0.03883537, 0.027664263, 0.02607888, 0.024026956, 0.017091451, 0.0061838524 ],
  "lightfield_0.0_0.0_0.2_y" : [ 0.01883769, 0.020901568, 0.018480891, 0.023706818, 0.038371887, 0.054976914, 0.07372487, 0.077803485, 0.07729927, 0.07766461, 0.087522514, 0.09906613, 0.09454953, 0.07176141, 0.056726724, 0.042245395, 0.03600035, 0.020645186, 0.009714753, 0.0 ],
  "lightfield_0.0_0.0_0.2_x" : [ 0.024916088, 0.037322856, 0.039828993, 0.046473566, 0.06109377, 0.06984709, 0.07317365, 0.08544368, 0.074620076, 0.0676892, 0.052047748, 0.04911858, 0.052423775, 0.066283375, 0.06812933, 0.052357543, 0.031201728, 0.018664632, 0.018478755, 0.010885566 ],
  "lightfield_0.0_0.0_0.4_y" : [ 0.018944435, 0.03287725, 0.045091737, 0.043636613, 0.05524337, 0.066002734, 0.068005666, 0.0661782, 0.05504008, 0.06532439, 0.063873544, 0.05848958, 0.049555544, 0.05542954, 0.05636895, 0.050503515, 0.04153738, 0.043204356, 0.041498862, 0.023194255 ],
  "lightfield_0.0_0.0_0.4_x" : [ 0.015325883, 0.020249767, 0.020125654, 0.03806006, 0.06283783, 0.07412789, 0.07255079, 0.074662864, 0.0996803, 0.10300141, 0.1061663, 0.09637845, 0.08269172, 0.06139769, 0.041890465, 0.028274352, 0.002578566, 0.0, 0.0, 0.0 ],
  "lightfield_0.0_0.0_0.0_y" : [ 0.0, 0.0, 0.009845274, 0.030483125, 0.035284474, 0.075882636, 0.09919511, 0.10029715, 0.09486427, 0.09231304, 0.0950002, 0.098130696, 0.08784, 0.074004754, 0.04845263, 0.031831935, 0.0209348, 0.0056399116, 0.0, 0.0 ],
  "lightfield_0.0_0.0_0.0_x" : [ 0.023456762, 0.06355722, 0.07905077, 0.06997296, 0.060778044, 0.050817754, 0.050386973, 0.049826536, 0.048013482, 0.04860529, 0.06273957, 0.0705564, 0.06393781, 0.04382485, 0.035238467, 0.034782592, 0.03781062, 0.044912264, 0.039862067, 0.021869557 ],
  "d1" : [ 0.0368511, 0.0650523, 0.0693121, 0.0734945, 0.0650763, 0.0630714, 0.0615313, 0.058245, 0.0580618, 0.0694639, 0.0644733, 0.0653973, 0.0487571, 0.0476337, 0.0423932, 0.034208, 0.0297034, 0.0213006, 0.0185827, 0.007391 ],
  "d2" : [ 0.0062667006, 0.021167116, 0.039107468, 0.05626548, 0.07274687, 0.093558125, 0.10508245, 0.1076154, 0.10145021, 0.08958153, 0.07943455, 0.06609761, 0.050377745, 0.039562847, 0.030141093, 0.021723814, 0.012227047, 0.0055941823, 0.0017160013, 2.8374983E-4 ],
  "d3" : [ 9.75411E-4, 0.008859597, 0.024746902, 0.046232507, 0.0714637, 0.097213276, 0.11924625, 0.13329282, 0.1334852, 0.11853346, 0.09373122, 0.06513529, 0.040501088, 0.023613015, 0.012526293, 0.006031167, 0.0027468274, 0.0012296779, 3.8487176E-4, 5.1416857E-5 ],
  "d4" : [ 2.4403894E-6, 2.3793797E-5, 1.17647105E-4, 4.5208214E-4, 0.0016525504, 0.0059044207, 0.019940726, 0.060403705, 0.16226728, 0.41608557, 0.2146287, 0.07983002, 0.0271111, 0.008354673, 0.0023532473, 6.489402E-4, 1.8231742E-4, 3.5283963E-5, 4.57573E-6, 9.15146E-7 ],
  "lightfield_0.0_0.8_0.0_y" : [ 0.0, 0.0, 0.011779645, 0.038095374, 0.039454743, 0.06692488, 0.0896643, 0.09386022, 0.09221813, 0.09302857, 0.09316286, 0.09392147, 0.086707614, 0.07784932, 0.05195766, 0.035414327, 0.026478287, 0.009482615, 0.0, 0.0 ],
  "lightfield_0.0_0.8_0.0_x" : [ 0.042769536, 0.051745627, 0.044421043, 0.04270357, 0.056570567, 0.05915738, 0.061612256, 0.067601025, 0.06638773, 0.059550818, 0.056596484, 0.06899574, 0.08771595, 0.089287356, 0.08826253, 0.05367513, 0.0029472671, 0.0, 0.0, 0.0 ],
  "lightfield_0.8_0.0_0.0_x" : [ 0.028965663, 0.07047816, 0.08795277, 0.07622841, 0.064009145, 0.0546108, 0.053189736, 0.05274197, 0.050948553, 0.047496054, 0.048657883, 0.053547945, 0.05205147, 0.04589824, 0.038873047, 0.038408786, 0.03680626, 0.040609904, 0.037345935, 0.02117927 ],
  "lightfield_0.8_0.0_0.0_y" : [ 0.0, 0.0, 0.010183112, 0.019685151, 0.023158861, 0.061532296, 0.085975535, 0.110498905, 0.11109278, 0.105210565, 0.107425824, 0.11347065, 0.1130111, 0.07195343, 0.02213843, 0.020790422, 0.019970305, 0.003902623, 0.0, 0.0 ],
  "lightfield_0.0_0.6_0.0_x" : [ 0.0, 0.0, 0.0, 0.010083407, 0.054392193, 0.09757232, 0.10124224, 0.10427329, 0.1106016, 0.13343035, 0.13322094, 0.12133806, 0.09600355, 0.037842058, 0.0, 0.0, 0.0, 0.0, 0.0, 0.0 ],
  "lightfield_0.0_0.6_0.0_y" : [ 0.0, 0.0, 0.01326708, 0.04066016, 0.040834073, 0.052766636, 0.07200355, 0.08398225, 0.08972848, 0.091701865, 0.08953328, 0.08282165, 0.07606389, 0.070079856, 0.06895474, 0.06319432, 0.04758829, 0.016819876, 0.0, 0.0 ],
  "lightfield_0.6_0.0_0.0_y" : [ 0.0, 0.0, 0.0, 0.0, 0.0028207456, 0.034778688, 0.069900915, 0.11901655, 0.14469321, 0.15014876, 0.15186326, 0.1417338, 0.11193475, 0.034337457, 0.026549676, 0.01222218, 0.0, 0.0, 0.0, 0.0 ],
  "lightfield_0.6_0.0_0.0_x" : [ 0.03493312, 0.06935252, 0.08245087, 0.07259244, 0.06065706, 0.059673738, 0.060638152, 0.060114972, 0.05811051, 0.054180376, 0.047646962, 0.03947468, 0.039329704, 0.045535345, 0.048841447, 0.04817329, 0.04334493, 0.032147046, 0.025279554, 0.01752329 ],
  "lightfield_0.0_0.4_0.0_x" : [ 0.0, 0.0, 0.0066036116, 0.021379752, 0.0521022, 0.12372828, 0.13763984, 0.12027369, 0.11518309, 0.11710977, 0.10088396, 0.102452874, 0.07980607, 0.02283687, 0.0, 0.0, 0.0, 0.0, 0.0, 0.0 ],
  "lightfield_0.0_0.4_0.0_y" : [ 0.0, 0.0, 0.014403476, 0.06565227, 0.08136008, 0.089469254, 0.076753944, 0.07688065, 0.08261596, 0.08426686, 0.08208305, 0.07498379, 0.06774292, 0.05841141, 0.04316571, 0.043206703, 0.043471295, 0.015532649, 0.0, 0.0 ],
  "lightfield_0.0_0.2_0.0_y" : [ 0.0, 0.0, 0.01008701, 0.03615021, 0.0465473, 0.08590168, 0.09714679, 0.09330602, 0.08813567, 0.087668195, 0.088187344, 0.090334415, 0.08114476, 0.06654279, 0.050853193, 0.042675994, 0.028689487, 0.006629144, 0.0, 0.0 ],
  "lightfield_0.0_0.2_0.0_x" : [ 0.011811245, 0.024392994, 0.06839857, 0.08719603, 0.0727397, 0.069549635, 0.064489685, 0.05643699, 0.056702435, 0.06657098, 0.07453441, 0.0766345, 0.05915254, 0.049488366, 0.04047959, 0.048170526, 0.049746767, 0.023505036, 0.0, 0.0 ],
  "a3" : [ 0.06675146, 0.13630398, 0.15152739, 0.14115345, 0.120437495, 0.10116745, 0.057302628, 0.0, 0.0, 0.0, 0.0, 0.0, 0.0, 0.0012582539, 0.0072644674, 0.016331946, 0.028089903, 0.041949414, 0.05735646, 0.073105715 ],
  "lightfield_0.4_0.0_0.0_y" : [ 0.0, 0.0, 0.0, 0.0, 0.011316682, 0.037606064, 0.08671374, 0.12641458, 0.14811121, 0.14785656, 0.14918436, 0.13798591, 0.10858922, 0.039149113, 0.0070725475, 0.0, 0.0, 0.0, 0.0, 0.0 ],