{
  "eccentricity_minmax" : 0.005008653,
  "compactness" : 3.1713095,
  "eccentricity" : 3.3505535,
  "compactness_standardized" : -0.06507423,
  "convexity_minmax" : 0.31291437,
  "diameter_standardized" : -0.26496467,
  "surface_area_minmax" : 0.055676404,
  "convexity" : 0.59959626,
  "diameter_minmax" : 0.06560783,
  "rectangularity _standardized" : -0.12923065,
  "convexity_standardized" : 0.948774,
  "diameter" : 1.0348012,
  "surface_area" : 1.1522598,
  "rectangularity " : 0.013327888,
  "compactness_minmax" : 6.892335E-7,
  "surface_area_standardized" : -0.26976305,
  "rectangularity _minmax" : 0.024017664,
  "eccentricity_standardized" : -0.2582902,
  "lightfield_0.0_0.0_0.6_y" : [ 0.006095103, 0.0231025, 0.045252994, 0.053400766, 0.060336374, 0.05508464, 0.054638654, 0.05714874, 0.0589584, 0.059330054, 0.07193765, 0.073521465, 0.07620594, 0.062297557, 0.0431746, 0.042417, 0.044801295, 0.046962596, 0.044315286, 0.021018386 ],
  "lightfield_0.0_0.0_0.6_x" : [ 0.0, 0.0, 0.0, 0.015517927, 0.040029846, 0.059827495, 0.09187825, 0.12002379, 0.1391296, 0.12818013, 0.10083508, 0.07145165, 0.07316697, 0.0769664, 0.046127807, 0.024037348, 0.012693367, 1.3436672E-4, 0.0, 0.0 ],
  "lightfield_0.0_0.0_0.8_y" : [ 0.0, 0.016353428, 0.022224693, 0.019698253, 0.019313298, 0.0340157, 0.06758371, 0.10698307, 0.11640732, 0.09804643, 0.07672566, 0.08261119, 0.0890385, 0.084804, 0.07601564, 0.045216445, 0.02210493, 0.019085178, 0.003772552, 0.0 ],
  "lightfield_0.0_0.0_0.8_x" : [ 0.016458934, 0.020853115, 0.03139801, 0.0626563, 0.077994585, 0.06967957, 0.059844706, 0.057694666, 0.05787146, 0.068941034, 0.07599853, 0.092562966, 0.08465287, 0.079349056, 0.043916155, 0.022906205, 0.021454785, 0.02353639, 0.023308268, 0.008922385 ],
  "lightfield_0.0_0.0_0.2_y" : [ 8.23207E-4, 0.015603904, 0.024323061, 0.026160324, 0.027681405, 0.040801443, 0.06524699, 0.088296786, 0.10337942, 0.09734067, 0.08683267, 0.0842833, 0.090470165, 0.08048629, 0.06681935, 0.05171962, 0.03172623, 0.016908502, 0.0010966599, 0.0 ],
  "lightfield_0.0_0.0_0.2_x" : [ 0.015504207, 0.022824768, 0.020642841, 0.029444605, 0.05524887, 0.07652977, 0.07446178, 0.065044746, 0.07821606, 0.08236913, 0.07647565, 0.060723625, 0.06297392, 0.070790105, 0.064118996, 0.053272035, 0.046113838, 0.02237471, 0.018580552, 0.0042897915 ],
  "lightfield_0.0_0.0_0.4_y" : [ 0.022804834, 0.023863057, 0.021941623, 0.03756259, 0.06503622, 0.0723434, 0.06012079, 0.057238642, 0.05902242, 0.07096112, 0.07070875, 0.06118475, 0.04914568, 0.060089245, 0.064898565, 0.049704902, 0.049203034, 0.04839431, 0.036839902, 0.018936157 ],
  "lightfield_0.0_0.0_0.4_x" : [ 0.0, 0.0, 0.01629777, 0.023183385, 0.022056336, 0.05141125, 0.07849772, 0.07995457, 0.09684025, 0.1387906, 0.14339055, 0.12947308, 0.089940295, 0.06347039, 0.044792343, 0.021901473, 0.0, 0.0, 0.0, 0.0 ],
  "lightfield_0.0_0.0_0.0_y" : [ 0.0, 0.0, 0.0, 0.0, 0.009922618, 0.037212666, 0.09592814, 0.13471293, 0.12590106, 0.10931969, 0.11270887, 0.120552406, 0.118293904, 0.07651011, 0.041416395, 0.017521225, 0.0, 0.0, 0.0, 0.0 ],
  "lightfield_0.0_0.0_0.0_x" : [ 0.01896234, 0.038331952, 0.04784445, 0.06389038, 0.053745616, 0.049239997, 0.05380258, 0.05673038, 0.057616122, 0.056442723, 0.06376792, 0.07585221, 0.07291017, 0.05295101, 0.040129073, 0.041749615, 0.040898047, 0.047035605, 0.04573974, 0.022360068 ],
  "d1" : [ 0.0325522, 0.0737479, 0.0890053, 0.0996268, 0.0736772, 0.0664081, 0.0629225, 0.0538626, 0.0619684, 0.0525189, 0.0351472, 0.0350929, 0.0374068, 0.0377803, 0.0399092, 0.0401478, 0.037614, 0.0360759, 0.0250331, 0.0095029 ],
  "d2" : [ 0.009116601, 0.026050875, 0.046664994, 0.06399604, 0.084877305, 0.10550213, 0.1167473, 0.113241784, 0.097945996, 0.081845075, 0.06446092, 0.04993877, 0.039271597, 0.03178758, 0.025300343, 0.018741392, 0.012942873, 0.007869882, 0.003115047, 5.8350246E-4 ],
  "d3" : [ 7.6893857E-4, 0.0075226584, 0.021607155, 0.040940497, 0.06355043, 0.08791769, 0.10967215, 0.12511331, 0.13067207, 0.12265476, 0.104273885, 0.07859464, 0.051117916, 0.028810041, 0.015034752, 0.0071703875, 0.003041141, 0.0011571308, 3.4381877E-4, 3.6625705E-5 ],
  "d4" : [ 2.847121E-6, 2.6132504E-5, 1.2344304E-4, 4.95094E-4, 0.0017120348, 0.0056995293, 0.01689146, 0.043747947, 0.10155508, 0.23285423, 0.35022518, 0.14322229, 0.06381262, 0.026087051, 0.0093814675, 0.0030373696, 8.3420647E-4, 2.2258385E-4, 6.0704686E-5, 8.744729E-6 ],
  "lightfield_0.0_0.8_0.0_y" : [ 0.0, 0.0, 0.0, 0.0, 0.010352472, 0.045352615, 0.10444865, 0.1236907, 0.11409213, 0.109158106, 0.11043813, 0.11518288, 0.113216326, 0.07641966, 0.05047271, 0.027175639, 0.0, 0.0, 0.0, 0.0 ],
  "lightfield_0.0_0.8_0.0_x" : [ 0.0031439175, 0.021263149, 0.050264187, 0.052221112, 0.049683522, 0.054043304, 0.089499, 0.09135327, 0.07126106, 0.06302272, 0.06467809, 0.06383436, 0.060206022, 0.06361621, 0.08193755, 0.06831284, 0.04183977, 0.00981993, 0.0, 0.0 ],
  "lightfield_0.8_0.0_0.0_x" : [ 0.021260899, 0.054601364, 0.063615315, 0.06496989, 0.04918617, 0.04611126, 0.051052198, 0.05377064, 0.05474395, 0.05398452, 0.067858815, 0.07736252, 0.07519273, 0.05305151, 0.041610483, 0.043386616, 0.040847957, 0.03476323, 0.034075093, 0.018554853 ],
  "lightfield_0.8_0.0_0.0_y" : [ 0.0, 0.0, 0.0, 0.0, 0.006230414, 0.03646807, 0.06816878, 0.1157741, 0.13674054, 0.12718724, 0.12985608, 0.14892548, 0.12213471, 0.058401603, 0.03390151, 0.016075088, 1.3638717E-4, 0.0, 0.0, 0.0 ],
  "lightfield_0.0_0.6_0.0_x" : [ 0.0, 0.0, 0.0, 0.0, 9.135322E-4, 0.053287722, 0.10002681, 0.13545597, 0.13246217, 0.12496028, 0.13009393, 0.1333757, 0.12289987, 0.06652401, 0.0, 0.0, 0.0, 0.0, 0.0, 0.0 ],
  "lightfield_0.0_0.6_0.0_y" : [ 0.0, 0.0, 0.0, 0.0, 0.014879652, 0.06640486, 0.08790761, 0.09386543, 0.10660027, 0.1112573, 0.10927136, 0.10019562, 0.09328951, 0.0801128, 0.08410454, 0.052111052, 0.0, 0.0, 0.0, 0.0 ],
  "lightfield_0.6_0.0_0.0_y" : [ 0.0, 0.0, 0.0, 0.0, 0.0, 0.0, 0.029714616, 0.12898412, 0.16306876, 0.1789158, 0.18404715, 0.16797552, 0.11064374, 0.033521254, 0.0031290564, 0.0, 0.0, 0.0, 0.0, 0.0 ],
  "lightfield_0.6_0.0_0.0_x" : [ 0.022874087, 0.06540565, 0.06464433, 0.049973544, 0.042877972, 0.052398372, 0.05799794, 0.060997568, 0.061838835, 0.060693037, 0.06849284, 0.06708057, 0.06067781, 0.046905395, 0.048180617, 0.050559767, 0.048035964, 0.03829097, 0.019653672, 0.012421059 ],
  "lightfield_0.0_0.4_0.0_x" : [ 0.0, 0.0, 0.0, 0.0, 0.012281029, 0.052779723, 0.12709026, 0.14063515, 0.14326356, 0.13270964, 0.12599762, 0.11608316, 0.07597722, 0.06542329, 0.007759354, 0.0, 0.0, 0.0, 0.0, 0.0 ],
  "lightfield_0.0_0.4_0.0_y" : [ 0.0, 0.0, 0.0, 0.0, 0.016092729, 0.06494494, 0.10800659, 0.11655648, 0.098510064, 0.1022412, 0.10195419, 0.09511125, 0.08311724, 0.078253165, 0.084708385, 0.05050378, 0.0, 0.0, 0.0, 0.0 ],
  "lightfield_0.0_0.2_0.0_y" : [ 0.0, 0.0, 0.0, 0.0, 0.010984333, 0.03966099, 0.09214133, 0.13588838, 0.12058901, 0.105844334, 0.10685376, 0.11309735, 0.11200085, 0.081453696, 0.05514419, 0.026341759, 0.0, 0.0, 0.0, 0.0 ],
  "lightfield_0.0_0.2_0.0_x" : [ 0.0, 0.016537774, 0.040992912, 0.054605614, 0.07608086, 0.069543794, 0.057130788, 0.06247138, 0.06888267, 0.0770032, 0.0814279, 0.079428405, 0.068763345, 0.05420249, 0.047162328, 0.047678325, 0.053618766, 0.03703262, 0.0074368385, 0.0 ],
  "a3" : [ 0.07214861, 0.14521237, 0.15671949, 0.13553765, 0.110470474, 0.09130537, 0.05280934, 0.0, 0.0, 0.0, 0.0, 0.0, 0.0, 0.0014668393, 0.008724263, 0.019202033, 0.032355893, 0.04544435, 0.05849407, 0.07010925 ],
  "lightfield_0.4_0.0_0.0_y" : [ 0.0, 0.0, 0.0, 0.0, 0.0, 0.0018902383, 0.051590715, 0.12938894, 0.1702458, 0.16594303, 0.17076455, 0.16897024, 0.1259922, 0.015214286, 0.0, 0.0, 0.0, 0.0, 0.0, 0.0 ],
  "lightfield_0.4_0.0_0.0_x" : [ 0.020224128, 0.04270091, 0.04908224, 0.049227916, 0.049213704, 0.05610668, 0.062516436, 0.0657604, 0.066694856, 0.06561827, 0.061841346, 0.055776242, 0.050897863, 0.044289134, 0.047703646, 0.05054966, 0.047888406, 0.046154503, 0.044253606, 0.023500068 ],