{
  "eccentricity_minmax" : 0.003185398,
  "compactness" : 3.1779027,
  "eccentricity" : 2.4951677,
  "compactness_standardized" : -0.06507418,
  "convexity_minmax" : 0.31764024,
  "diameter_standardized" : -0.076099865,
  "surface_area_minmax" : 0.058439232,
  "convexity" : 0.6086364,
  "diameter_minmax" : 0.09607316,
  "rectangularity _standardized" : -0.058670126,
  "convexity_standardized" : 0.9811286,
  "diameter" : 1.0509614,
  "surface_area" : 1.2086527,
  "rectangularity " : 0.016721066,
  "compactness_minmax" : 6.9090845E-7,
  "surface_area_standardized" : -0.23525076,
  "rectangularity _minmax" : 0.030132387,
  "eccentricity_standardized" : -0.29696748,
  "lightfield_0.0_0.0_0.6_y" : [ 0.0, 0.007978979, 0.04310943, 0.078503974, 0.07704476, 0.06246332, 0.07388892, 0.0742864, 0.06753454, 0.060158458, 0.051856693, 0.045830444, 0.04846876, 0.058816627, 0.06248466, 0.049151685, 0.04336019, 0.04358694, 0.03513845, 0.016336765 ],
  "lightfield_0.0_0.0_0.6_x" : [ 0.0, 0.0, 2.7210158E-4, 0.022843195, 0.05624233, 0.08820626, 0.10194473, 0.118449554, 0.11787334, 0.10937683, 0.084162086, 0.08120365, 0.08131302, 0.061636344, 0.028234541, 0.022784507, 0.0199968, 0.005460705, 0.0, 0.0 ],
  "lightfield_0.0_0.0_0.8_y" : [ 0.004562401, 0.016562508, 0.023630073, 0.035909127, 0.04546308, 0.060633533, 0.06492771, 0.08906741, 0.09249256, 0.09163962, 0.08132393, 0.08362256, 0.08502803, 0.07309498, 0.06426253, 0.04762224, 0.029579164, 0.010578548, 0.0, 0.0 ],
  "lightfield_0.0_0.0_0.8_x" : [ 0.019183006, 0.023989486, 0.045492582, 0.050851595, 0.047496177, 0.051771585, 0.080060616, 0.079698525, 0.08155728, 0.094109915, 0.09788912, 0.07948395, 0.06621248, 0.053300433, 0.03852694, 0.02226484, 0.01783923, 0.019209828, 0.021275112, 0.009787302 ],
  "lightfield_0.0_0.0_0.2_y" : [ 0.017400151, 0.021165656, 0.018561225, 0.018806223, 0.033330314, 0.04824321, 0.06510809, 0.08910453, 0.0949392, 0.09263569, 0.09716549, 0.097085595, 0.10032116, 0.086641245, 0.058019143, 0.027764611, 0.020611748, 0.013096715, 0.0, 0.0 ],
  "lightfield_0.0_0.0_0.2_x" : [ 0.005669562, 0.01790346, 0.030150674, 0.034115907, 0.064703315, 0.09648375, 0.09504306, 0.07653243, 0.063161425, 0.058857992, 0.05572096, 0.058674242, 0.058242835, 0.060194828, 0.07240476, 0.06852741, 0.043146193, 0.020774191, 0.017290967, 0.0024020409 ],
  "lightfield_0.0_0.0_0.4_y" : [ 0.020436192, 0.021303296, 0.021516033, 0.034503743, 0.0551419, 0.076302476, 0.07892802, 0.06932794, 0.057915557, 0.07354767, 0.090114206, 0.08487388, 0.058082514, 0.037253164, 0.039598655, 0.04072158, 0.043260958, 0.04295128, 0.036709204, 0.017511735 ],
  "lightfield_0.0_0.0_0.4_x" : [ 0.0, 0.010973446, 0.026524771, 0.03775404, 0.040024128, 0.05468142, 0.05906272, 0.06469082, 0.090714715, 0.124943785, 0.13464351, 0.12613674, 0.097471125, 0.068258874, 0.041219763, 0.02148641, 0.0014137567, 0.0, 0.0, 0.0 ],
  "lightfield_0.0_0.0_0.0_y" : [ 0.0, 0.0, 0.0, 0.009723553, 0.03732822, 0.0773996, 0.102769785, 0.11702887, 0.113265686, 0.10644242, 0.11134548, 0.112775646, 0.08313891, 0.044452433, 0.039730478, 0.03687014, 0.0077287736, 0.0, 0.0, 0.0 ],
  "lightfield_0.0_0.0_0.0_x" : [ 0.011673058, 0.020800043, 0.037232343, 0.0762251, 0.07010227, 0.06471184, 0.053406306, 0.06905294, 0.07543944, 0.0696069, 0.057387877, 0.053315755, 0.05573133, 0.055379782, 0.04341909, 0.038987428, 0.037272293, 0.041509535, 0.042612124, 0.026134549 ],
  "d1" : [ 0.0590763, 0.0863181, 0.0738213, 0.0740991, 0.0672413, 0.0596836, 0.0620752, 0.0608515, 0.0628174, 0.0761173, 0.0477043, 0.0399979, 0.0380572, 0.0383685, 0.0381432, 0.0326057, 0.0232797, 0.02656, 0.0241195, 0.0090629 ],
  "d2" : [ 0.009028586, 0.02578953, 0.046570778, 0.063860916, 0.08460276, 0.10263402, 0.110069826, 0.104603365, 0.09300263, 0.0837105, 0.07369634, 0.05957026, 0.04571943, 0.034305423, 0.02579863, 0.017679805, 0.010921718, 0.0056932997, 0.0022288915, 5.132901E-4 ],
  "d3" : [ 0.0010342738, 0.009350422, 0.025555788, 0.047327455, 0.07291977, 0.09940569, 0.12134479, 0.13458085, 0.13408369, 0.11774279, 0.090994656, 0.06148752, 0.038081277, 0.022320248, 0.012407059, 0.0064396844, 0.0030557308, 0.0013259713, 4.7563107E-4, 6.671111E-5 ],
  "d4" : [ 2.0336579E-7, 1.931975E-6, 1.4540654E-5, 7.473693E-5, 3.9961378E-4, 0.001732168, 0.006942298, 0.025253454, 0.0783906, 0.20903562, 0.41146958, 0.17474551, 0.06478603, 0.020146634, 0.0053538075, 0.0013157766, 2.8186498E-4, 4.890947E-5, 5.795925E-6, 9.15146E-7 ],
  "lightfield_0.0_0.8_0.0_y" : [ 0.0, 0.0, 0.0, 0.01311931, 0.045914643, 0.07603076, 0.092309184, 0.10860234, 0.1071479, 0.10291121, 0.10855817, 0.11047778, 0.08486333, 0.049082592, 0.04659475, 0.044863567, 0.009524454, 0.0, 0.0, 0.0 ],
  "lightfield_0.0_0.8_0.0_x" : [ 0.017874178, 0.04199298, 0.04536702, 0.042310953, 0.043191265, 0.055486202, 0.061889816, 0.07131417, 0.07833606, 0.082095794, 0.08072086, 0.06193398, 0.072739154, 0.08831098, 0.09382839, 0.0525744, 0.010033799, 0.0, 0.0, 0.0 ],
  "lightfield_0.8_0.0_0.0_x" : [ 0.014528378, 0.029512182, 0.046984237, 0.083741, 0.07551922, 0.06810272, 0.05337226, 0.06705916, 0.069849014, 0.06268285, 0.051360548, 0.04934883, 0.05358942, 0.054826003, 0.047723174, 0.043042243, 0.03931137, 0.032947477, 0.03354466, 0.02295526 ],
  "lightfield_0.8_0.0_0.0_y" : [ 0.0, 0.0, 0.0033508467, 0.021037044, 0.03802653, 0.043714825, 0.068407334, 0.113696545, 0.12896688, 0.12709089, 0.13075842, 0.13312905, 0.10348717, 0.054608848, 0.025669716, 0.008055906, 0.0, 0.0, 0.0, 0.0 ],
  "lightfield_0.0_0.6_0.0_x" : [ 0.0, 0.0, 0.0, 0.0, 0.016956083, 0.057801526, 0.06815146, 0.11365392, 0.14659834, 0.14717534, 0.14255469, 0.14167325, 0.12188661, 0.04354878, 0.0, 0.0, 0.0, 0.0, 0.0, 0.0 ],
  "lightfield_0.0_0.6_0.0_y" : [ 0.0, 0.0, 0.0, 0.021472253, 0.06049578, 0.06600696, 0.075062014, 0.09018256, 0.099001355, 0.100727856, 0.09824715, 0.09622986, 0.08239057, 0.061931502, 0.06488019, 0.06631591, 0.017056039, 0.0, 0.0, 0.0 ],
  "lightfield_0.6_0.0_0.0_y" : [ 0.0, 0.0, 0.0, 0.0, 0.0, 0.020071043, 0.07797375, 0.13516141, 0.14832811, 0.17253177, 0.18073164, 0.16333623, 0.07537886, 0.022054696, 0.0044324673, 0.0, 0.0, 0.0, 0.0, 0.0 ],
  "lightfield_0.6_0.0_0.0_x" : [ 0.025214704, 0.04387105, 0.053604793, 0.06893198, 0.066644624, 0.06406895, 0.062396687, 0.06438034, 0.06429576, 0.06211221, 0.057468303, 0.04957213, 0.046000782, 0.049791254, 0.05197481, 0.05291282, 0.048341956, 0.035305966, 0.019532843, 0.013578035 ],
  "lightfield_0.0_0.4_0.0_x" : [ 0.0, 0.0, 0.0, 0.006983267, 0.027059555, 0.058117867, 0.12623262, 0.14395528, 0.1375592, 0.14604686, 0.12301518, 0.1094854, 0.07433613, 0.04664085, 5.6778477E-4, 0.0, 0.0, 0.0, 0.0, 0.0 ],
  "lightfield_0.0_0.4_0.0_y" : [ 0.0, 0.0, 0.0, 0.025535757, 0.08204733, 0.09825588, 0.092257746, 0.09090865, 0.10023585, 0.104059905, 0.101808175, 0.091995694, 0.067051984, 0.044733673, 0.043238994, 0.04450074, 0.013369633, 0.0, 0.0, 0.0 ],
  "lightfield_0.0_0.2_0.0_y" : [ 0.0, 0.0, 0.0, 0.012713158, 0.045143, 0.084417686, 0.10293812, 0.11170245, 0.10829987, 0.10389024, 0.102907605, 0.103160895, 0.079910405, 0.049116243, 0.045518354, 0.040406846, 0.009875126, 0.0, 0.0, 0.0 ],
  "lightfield_0.0_0.2_0.0_x" : [ 0.0036863885, 0.017214336, 0.024126314, 0.0422714, 0.08559257, 0.081936695, 0.08099679, 0.082580596, 0.086590454, 0.0764712, 0.06158222, 0.06396555, 0.06636109, 0.060111325, 0.044987366, 0.04758737, 0.04901859, 0.02293617, 0.00198357, 0.0 ],
  "a3" : [ 0.072131306, 0.14031047, 0.15356112, 0.13658239, 0.11445986, 0.09528258, 0.055315584, 0.0, 0.0, 0.0, 0.0, 0.0, 0.0, 0.0014607016, 0.008191179, 0.017800696, 0.030441597, 0.044521563, 0.058339417, 0.07160155 ],
  "lightfield_0.4_0.0_0.0_y" : [ 0.0, 0.0, 0.0, 0.0, 0.0, 0.017059898, 0.08663492, 0.14972611, 0.17707206, 0.17391428, 0.17013712, 0.1542408, 0.06731947, 0.0038953135, 0.0, 0.0, 0.0, 0.0, 0.0, 0.0 ],