{
  "eccentricity_minmax" : 0.005035408,
  "compactness" : 3.812359,
  "eccentricity" : 3.3631055,
  "compactness_standardized" : -0.06508617,
  "convexity_minmax" : 0.25330952,
  "diameter_standardized" : -0.10443374,
  "surface_area_minmax" : 0.05567581,
  "convexity" : 0.48557878,
  "diameter_minmax" : 0.09138451,
  "rectangularity _standardized" : -0.073951654,
  "convexity_standardized" : 0.5416196,
  "diameter" : 1.0484743,
  "surface_area" : 1.1522477,
  "rectangularity " : 0.015962781,
  "compactness_minmax" : 8.520823E-7,
  "surface_area_standardized" : -0.26940528,
  "rectangularity _minmax" : 0.02876591,
  "eccentricity_standardized" : -0.2578122,
  "lightfield_0.0_0.0_0.6_y" : [ 0.013185704, 0.019268582, 0.04940433, 0.06784486, 0.061885536, 0.05449092, 0.05817377, 0.060134802, 0.06024258, 0.058320977, 0.05653344, 0.059895586, 0.06470353, 0.05320284, 0.038305838, 0.04138145, 0.050342787, 0.06208532, 0.055947237, 0.014649906 ],
  "lightfield_0.0_0.0_0.6_x" : [ 0.0, 0.0, 0.0028179972, 0.016923757, 0.021353165, 0.05608656, 0.10359821, 0.11026729, 0.10933146, 0.109678455, 0.11275407, 0.09250759, 0.07788398, 0.0740066, 0.07520004, 0.026731543, 0.010859279, 0.0, 0.0, 0.0 ],
  "lightfield_0.0_0.0_0.8_y" : [ 0.0, 0.0014432895, 0.01863686, 0.029461531, 0.03750096, 0.07154724, 0.09359272, 0.09431436, 0.08859955, 0.08195735, 0.08675705, 0.104002826, 0.09802699, 0.07481767, 0.052815184, 0.02790769, 0.020823289, 0.016874203, 9.212486E-4, 0.0 ],
  "lightfield_0.0_0.0_0.8_x" : [ 0.014454391, 0.020807935, 0.021369897, 0.03465123, 0.045205668, 0.07430484, 0.07919667, 0.07226274, 0.060274225, 0.06915506, 0.096334964, 0.102482766, 0.08200648, 0.066289976, 0.052710775, 0.0349491, 0.017712539, 0.020067865, 0.021415958, 0.014346912 ],
  "lightfield_0.0_0.0_0.2_y" : [ 0.012220575, 0.019736, 0.022058824, 0.024619652, 0.037146885, 0.05402684, 0.07265292, 0.07441277, 0.072792515, 0.07290237, 0.09791106, 0.11203795, 0.09327914, 0.069433, 0.053617198, 0.040673457, 0.024077278, 0.016806724, 0.017868586, 0.011726259 ],
  "lightfield_0.0_0.0_0.2_x" : [ 0.014010179, 0.043907106, 0.059983797, 0.063606486, 0.062361546, 0.058727413, 0.05859468, 0.059331577, 0.061070833, 0.06439373, 0.059688583, 0.054505136, 0.059770968, 0.06223339, 0.062327217, 0.053486753, 0.04307638, 0.028924314, 0.01854598, 0.011453928 ],
  "lightfield_0.0_0.0_0.4_y" : [ 0.015890386, 0.021436775, 0.018499257, 0.019718988, 0.040508628, 0.06287714, 0.07979414, 0.084273264, 0.07596554, 0.080400616, 0.08099015, 0.059549987, 0.04726797, 0.055155568, 0.061555766, 0.06552667, 0.05706309, 0.0346878, 0.023445943, 0.01539233 ],
  "lightfield_0.0_0.0_0.4_x" : [ 0.0, 0.0, 0.0, 0.00862621, 0.023195222, 0.0328311, 0.05563668, 0.077957764, 0.10127496, 0.15919864, 0.1651821, 0.12088552, 0.10415488, 0.067922086, 0.039824225, 0.030479727, 0.012830894, 0.0, 0.0, 0.0 ],
  "lightfield_0.0_0.0_0.0_y" : [ 0.0, 0.0, 0.0, 0.0, 0.008088846, 0.035572752, 0.092852555, 0.1322849, 0.13564637, 0.1206466, 0.12048997, 0.12326248, 0.118190505, 0.07978258, 0.023270313, 0.009912126, 0.0, 0.0, 0.0, 0.0 ],
  "lightfield_0.0_0.0_0.0_x" : [ 0.0149026485, 0.020482136, 0.01796651, 0.032349117, 0.06311618, 0.07128648, 0.0721104, 0.06376467, 0.06484547, 0.063786596, 0.0641312, 0.07043749, 0.06318823, 0.04466409, 0.040419165, 0.04531884, 0.05726101, 0.06503344, 0.049031187, 0.01590514 ],
  "d1" : [ 0.0177781, 0.0224601, 0.0247143, 0.0377839, 0.1085788, 0.0938263, 0.0771914, 0.0766999, 0.077255, 0.0744814, 0.0752837, 0.0825004, 0.0463418, 0.042797, 0.048152, 0.0348899, 0.021059, 0.016161, 0.014557, 0.007489 ],
  "d2" : [ 0.010115976, 0.02932385, 0.04778749, 0.06684614, 0.09276679, 0.112459145, 0.12331645, 0.117013946, 0.099104404, 0.08393854, 0.0666422, 0.049379572, 0.03621786, 0.02773807, 0.018826306, 0.009668598, 0.0053225346, 0.0025727518, 7.7743654E-4, 1.8193194E-4 ],
  "d3" : [ 5.886274E-4, 0.005561271, 0.016273888, 0.031043002, 0.049084082, 0.06884878, 0.087702364, 0.101600915, 0.11206842, 0.114268884, 0.107790455, 0.095862255, 0.07797069, 0.056070335, 0.036252707, 0.0215496, 0.011429233, 0.00482272, 0.001135095, 7.667249E-5 ],
  "d4" : [ 2.948804E-6, 3.131833E-5, 1.2466323E-4, 4.629622E-4, 0.0015033815, 0.0047985176, 0.013788607, 0.03932362, 0.11074507, 0.35444206, 0.31719235, 0.10256621, 0.036300387, 0.0125167575, 0.004289086, 0.0013747527, 4.0073227E-4, 1.1063099E-4, 2.2980334E-5, 2.948804E-6 ],
  "lightfield_0.0_0.8_0.0_y" : [ 0.0, 6.164983E-4, 0.011309761, 0.030550472, 0.07230531, 0.08426935, 0.08775157, 0.091536075, 0.094465435, 0.095191315, 0.09379922, 0.0941015, 0.09428645, 0.08347387, 0.038268633, 0.019159175, 0.008915361, 0.0, 0.0, 0.0 ],
  "lightfield_0.0_0.8_0.0_x" : [ 0.014153607, 0.044620555, 0.05750537, 0.054027125, 0.052090127, 0.05649113, 0.05759486, 0.052993, 0.047933735, 0.045237053, 0.04880479, 0.055624057, 0.06375587, 0.06438231, 0.060808606, 0.05620476, 0.051071912, 0.048166417, 0.043510858, 0.025023865 ],
  "lightfield_0.8_0.0_0.0_x" : [ 0.01553639, 0.02690884, 0.029188048, 0.040658273, 0.049131136, 0.05465721, 0.061464492, 0.0652879, 0.066501684, 0.06551717, 0.07239526, 0.08944888, 0.068477444, 0.03391168, 0.041807994, 0.04685867, 0.053433314, 0.058510963, 0.04543922, 0.014865439 ],
  "lightfield_0.8_0.0_0.0_y" : [ 0.0, 0.0, 0.0, 0.0, 0.028405834, 0.07224017, 0.12160732, 0.13769665, 0.12987788, 0.13196827, 0.13555567, 0.115916036, 0.06407075, 0.03429941, 0.017876288, 0.010485714, 0.0, 0.0, 0.0, 0.0 ],
  "lightfield_0.0_0.6_0.0_x" : [ 0.009775912, 0.02781307, 0.05199987, 0.058866154, 0.062533915, 0.06640119, 0.07242155, 0.06725987, 0.063464426, 0.061620966, 0.060671307, 0.059241228, 0.057768058, 0.05740735, 0.055509623, 0.052271202, 0.047178153, 0.03943563, 0.026071759, 0.0022887604 ],
  "lightfield_0.0_0.6_0.0_y" : [ 0.007262106, 0.018929359, 0.027610367, 0.054489736, 0.05601079, 0.055156894, 0.061542757, 0.06554091, 0.06781051, 0.06897884, 0.068922974, 0.06751684, 0.070688225, 0.07250455, 0.070295595, 0.066600695, 0.05017876, 0.026172312, 0.016477799, 0.007309988 ],
  "lightfield_0.6_0.0_0.0_y" : [ 0.0, 0.0, 0.0, 0.0, 0.0035122395, 0.05543901, 0.08356632, 0.12841718, 0.15260607, 0.1524481, 0.15471122, 0.13487954, 0.06822783, 0.04252161, 0.021738412, 0.0019324665, 0.0, 0.0, 0.0, 0.0 ],
  "lightfield_0.6_0.0_0.0_x" : [ 0.01434287, 0.030034058, 0.039813954, 0.044505514, 0.0582973, 0.066501096, 0.06496174, 0.060946174, 0.061938126, 0.0607735, 0.06891852, 0.08639521, 0.07407299, 0.053818826, 0.043715626, 0.047981013, 0.047279302, 0.040148277, 0.025709888, 0.009846027 ],
  "lightfield_0.0_0.4_0.0_x" : [ 0.010637222, 0.025477177, 0.0368116, 0.039818622, 0.044640496, 0.060418926, 0.06203686, 0.07173383, 0.07168061, 0.06596639, 0.061823975, 0.062262166, 0.06387833, 0.06394929, 0.06473342, 0.06841104, 0.059822842, 0.039171092, 0.024439355, 0.0022867543 ],
  "lightfield_0.0_0.4_0.0_y" : [ 0.008779788, 0.022729168, 0.03824681, 0.062391672, 0.07218622, 0.075482406, 0.07892585, 0.07545225, 0.052485358, 0.05340077, 0.05305838, 0.05140851, 0.05449891, 0.056982584, 0.055964276, 0.06344014, 0.061146285, 0.031152371, 0.021721506, 0.010546746 ],
  "lightfield_0.0_0.2_0.0_y" : [ 0.0, 0.0, 0.0, 0.009951912, 0.03448882, 0.068580024, 0.1253987, 0.13460724, 0.10648603, 0.10021638, 0.09815916, 0.09976114, 0.09819373, 0.077791445, 0.029063385, 0.017166615, 1.3541976E-4, 0.0, 0.0, 0.0 ],
  "lightfield_0.0_0.2_0.0_x" : [ 0.01835658, 0.021010231, 0.019428413, 0.031005362, 0.0393841, 0.053346742, 0.06154972, 0.056524783, 0.06379135, 0.07680894, 0.07888057, 0.07125384, 0.061990555, 0.053378433, 0.04240655, 0.045132235, 0.05398062, 0.064364724, 0.06314594, 0.024260305 ],
  "a3" : [ 0.06802702, 0.13557678, 0.15587024, 0.14414307, 0.12052584, 0.09951959, 0.05661479, 0.0, 0.0, 0.0, 0.0, 0.0, 0.0, 0.0015200675, 0.008117926, 0.016297132, 0.026871294, 0.040153343, 0.05530683, 0.071456045 ],