{
  "eccentricity_minmax" : 0.004452814,
  "compactness" : 3.3232994,
  "eccentricity" : 3.0897796,
  "compactness_standardized" : -0.06507321,
  "convexity_minmax" : 0.29206,
  "diameter_standardized" : 0.047139227,
  "surface_area_minmax" : 0.054498773,
  "convexity" : 0.5597041,
  "diameter_minmax" : 0.11595256,
  "rectangularity _standardized" : -0.12682784,
  "convexity_standardized" : 0.8059998,
  "diameter" : 1.0615063,
  "surface_area" : 1.1282228,
  "rectangularity " : 0.0134434365,
  "compactness_minmax" : 7.278442E-7,
  "surface_area_standardized" : -0.28447363,
  "rectangularity _minmax" : 0.024225889,
  "eccentricity_standardized" : -0.27008137,
  "lightfield_0.0_0.0_0.6_y" : [ 2.4948342E-4, 0.023956278, 0.050771344, 0.072799265, 0.05888983, 0.056160185, 0.058992557, 0.06835552, 0.068076685, 0.06261447, 0.056888092, 0.050190195, 0.047748193, 0.057971142, 0.061772097, 0.06292266, 0.05730194, 0.058772422, 0.021978023, 0.0035896262 ],
  "lightfield_0.0_0.0_0.6_x" : [ 0.0, 0.0, 1.7317085E-4, 0.014880952, 0.020020312, 0.042429794, 0.087107874, 0.112540506, 0.11857507, 0.12030384, 0.11431037, 0.097228095, 0.09254955, 0.07600439, 0.05451066, 0.028564384, 0.017915845, 0.0028852024, 0.0, 0.0 ],
  "lightfield_0.0_0.0_0.8_y" : [ 0.0035403138, 0.016716182, 0.022666859, 0.02086425, 0.026375338, 0.05562423, 0.08380808, 0.09717277, 0.092245825, 0.075503096, 0.09179739, 0.10741607, 0.098066695, 0.07018082, 0.053157814, 0.041704897, 0.028210402, 0.0146568995, 2.9207589E-4, 0.0 ],
  "lightfield_0.0_0.0_0.8_x" : [ 0.01624414, 0.019557284, 0.0259269, 0.037724994, 0.054447077, 0.059863757, 0.061442148, 0.0643452, 0.07873068, 0.085174054, 0.08900939, 0.09159382, 0.086147636, 0.0693341, 0.052198976, 0.034928147, 0.018262118, 0.017079065, 0.01930651, 0.018684007 ],
  "lightfield_0.0_0.0_0.2_y" : [ 0.0070801703, 0.01996708, 0.022261605, 0.020627268, 0.03481695, 0.051263016, 0.062676966, 0.08740035, 0.10619376, 0.10754641, 0.101774886, 0.11133737, 0.09357386, 0.05881559, 0.040127814, 0.029790705, 0.018684844, 0.018834487, 0.0072268792, 0.0 ],
  "lightfield_0.0_0.0_0.2_x" : [ 7.306102E-4, 0.012443847, 0.024359543, 0.033432018, 0.049182683, 0.073275216, 0.0788971, 0.07498584, 0.06906467, 0.06649727, 0.06354549, 0.06059957, 0.06571384, 0.065405756, 0.077036835, 0.07636197, 0.056092672, 0.02741989, 0.018769935, 0.006185246 ],
  "lightfield_0.0_0.0_0.4_y" : [ 0.018816257, 0.016922984, 0.016893122, 0.033144206, 0.064825155, 0.083298, 0.0815391, 0.065544836, 0.06281841, 0.062295817, 0.07145758, 0.077352405, 0.06298265, 0.039725862, 0.042918146, 0.058174815, 0.05783737, 0.041872967, 0.025681607, 0.015898706 ],
  "lightfield_0.0_0.0_0.4_x" : [ 0.0, 3.045958E-4, 0.015791202, 0.020294443, 0.018102547, 0.03677248, 0.058425657, 0.06635411, 0.08837459, 0.13978261, 0.14681816, 0.13115837, 0.1020396, 0.07981605, 0.040594857, 0.03814316, 0.01722758, 0.0, 0.0, 0.0 ],
  "lightfield_0.0_0.0_0.0_y" : [ 0.0, 0.0, 0.0, 1.6434288E-4, 0.014688144, 0.07629618, 0.12668195, 0.12232392, 0.11302681, 0.11512512, 0.11390429, 0.11473187, 0.100859575, 0.0581539, 0.02446361, 0.019310288, 2.6999187E-4, 0.0, 0.0, 0.0 ],
  "lightfield_0.0_0.0_0.0_x" : [ 0.015345517, 0.019013884, 0.017285349, 0.05627863, 0.07337029, 0.068076104, 0.056137767, 0.059656464, 0.06179292, 0.0671458, 0.062194977, 0.053123835, 0.05214365, 0.056369606, 0.054192062, 0.044354968, 0.04655599, 0.059794396, 0.061000556, 0.01616723 ],
  "d1" : [ 0.0255979, 0.0743456, 0.1154041, 0.0862429, 0.0673395, 0.0622687, 0.0608182, 0.0552368, 0.0518553, 0.0611062, 0.0474863, 0.0443308, 0.0402001, 0.0407801, 0.0440778, 0.0453621, 0.0230313, 0.0179938, 0.0145337, 0.0219888 ],
  "d2" : [ 0.010461737, 0.029445171, 0.05086163, 0.071081385, 0.095532574, 0.109892696, 0.11660588, 0.1104766, 0.0922783, 0.07627089, 0.06382891, 0.051071867, 0.0415907, 0.031981017, 0.022510152, 0.012679626, 0.007450208, 0.004355265, 0.0013077296, 3.176558E-4 ],
  "d3" : [ 9.5166464E-4, 0.0085786665, 0.023770284, 0.04466223, 0.06843906, 0.09352736, 0.114133246, 0.12818947, 0.1320715, 0.12129941, 0.09949635, 0.0702959, 0.042955715, 0.024979033, 0.0143023385, 0.0074119763, 0.003341995, 0.0012375263, 3.2369478E-4, 3.2600903E-5 ],
  "d4" : [ 1.3218776E-6, 7.422851E-6, 2.6640917E-5, 1.2435818E-4, 5.9047254E-4, 0.0025906768, 0.010739747, 0.04157183, 0.13487747, 0.42216712, 0.2671591, 0.08731337, 0.024770055, 0.0061716433, 0.0014743003, 3.3148623E-4, 6.5483786E-5, 1.4540654E-5, 2.745438E-6, 2.0336579E-7 ],
  "lightfield_0.0_0.8_0.0_y" : [ 0.0, 0.0, 0.0, 9.841938E-5, 0.013168514, 0.08271165, 0.1344212, 0.11973702, 0.10666365, 0.10984588, 0.10892073, 0.10566305, 0.099324845, 0.0671089, 0.028715495, 0.023292588, 3.280646E-4, 0.0, 0.0, 0.0 ],
  "lightfield_0.0_0.8_0.0_x" : [ 0.0, 0.0, 0.017587544, 0.07131141, 0.072672874, 0.07002211, 0.0644975, 0.06497976, 0.070802905, 0.06713514, 0.06691862, 0.0679389, 0.06965468, 0.08325296, 0.08230485, 0.06640356, 0.019539528, 0.021350445, 0.019847909, 0.0037793044 ],
  "lightfield_0.8_0.0_0.0_x" : [ 0.019837372, 0.023366442, 0.020389168, 0.05068944, 0.067152366, 0.06384462, 0.057126053, 0.060840063, 0.062158916, 0.061340317, 0.058347885, 0.054324627, 0.057247326, 0.06319581, 0.056528777, 0.045092653, 0.04569599, 0.05755354, 0.05936962, 0.015899003 ],
  "lightfield_0.8_0.0_0.0_y" : [ 0.0, 0.0, 0.0, 0.0, 0.01430122, 0.048145723, 0.10217626, 0.117941864, 0.11763261, 0.11891205, 0.13468371, 0.13915569, 0.12587318, 0.055091683, 0.019106697, 0.006979311, 0.0, 0.0, 0.0, 0.0 ],
  "lightfield_0.0_0.6_0.0_x" : [ 0.0, 0.0, 0.0, 0.0, 0.0, 0.011045933, 0.098173074, 0.12584127, 0.11022549, 0.11492243, 0.13623147, 0.13295785, 0.13203269, 0.08713222, 0.032543056, 0.018894492, 0.0, 0.0, 0.0, 0.0 ],
  "lightfield_0.0_0.6_0.0_y" : [ 0.0, 0.0, 0.0, 3.2532887E-4, 0.026717635, 0.10149245, 0.11879588, 0.09463512, 0.09814766, 0.103723995, 0.10265143, 0.09465037, 0.08754905, 0.07967, 0.050278563, 0.04089994, 4.62577E-4, 0.0, 0.0, 0.0 ],
  "lightfield_0.6_0.0_0.0_y" : [ 0.0, 0.0, 0.0, 0.0, 0.0, 0.0, 0.075678885, 0.15382475, 0.1695578, 0.17554162, 0.17737795, 0.14117451, 0.083050154, 0.02071524, 0.003079092, 0.0, 0.0, 0.0, 0.0, 0.0 ],
  "lightfield_0.6_0.0_0.0_x" : [ 0.02664342, 0.03475664, 0.029837513, 0.041193057, 0.05033017, 0.0541104, 0.06066553, 0.06440496, 0.06546965, 0.064816736, 0.061756194, 0.055850275, 0.056121085, 0.06379285, 0.0656403, 0.052619085, 0.049469505, 0.04559282, 0.04362665, 0.013303161 ],
  "lightfield_0.0_0.4_0.0_x" : [ 0.0, 0.0, 0.0, 0.0, 0.0, 3.470665E-4, 0.090643086, 0.14687319, 0.15729587, 0.14365348, 0.115930885, 0.09785139, 0.100200765, 0.08728989, 0.059914354, 0.0, 0.0, 0.0, 0.0, 0.0 ],
  "lightfield_0.0_0.4_0.0_y" : [ 0.0, 0.0, 0.0, 4.5385616E-4, 0.030584566, 0.065066956, 0.088576704, 0.09902608, 0.1126471, 0.11688131, 0.11414216, 0.105070375, 0.105972745, 0.07252622, 0.045540463, 0.043116335, 3.9512184E-4, 0.0, 0.0, 0.0 ],
  "lightfield_0.0_0.2_0.0_y" : [ 0.0, 0.0, 0.0, 2.71987E-4, 0.019911438, 0.07797071, 0.11208186, 0.111753486, 0.11186294, 0.114748664, 0.11313, 0.11351145, 0.10558734, 0.064397894, 0.03095013, 0.023579946, 2.4213476E-4, 0.0, 0.0, 0.0 ],
  "lightfield_0.0_0.2_0.0_x" : [ 0.0, 8.5576397E-4, 0.016713932, 0.027294891, 0.07461068, 0.08280677, 0.07774516, 0.07434864, 0.074269034, 0.069618724, 0.067704864, 0.075075045, 0.069505945, 0.04693766, 0.046426855, 0.05650364, 0.06481583, 0.05758827, 0.0171783, 0.0 ],
  "a3" : [ 0.076015145, 0.1483482, 0.15882626, 0.1370715, 0.11126336, 0.09275983, 0.05328497, 0.0, 0.0, 0.0, 0.0, 0.0, 0.0, 0.001354648, 0.007947778, 0.017435849, 0.029449986, 0.04245523, 0.05551793, 0.06826931 ],
  "lightfield_0.4_0.0_0.0_y" : [ 0.0, 0.0, 0.0, 0.0, 0.0, 0.005466242, 0.06521298, 0.16494603, 0.19115932, 0.17722319, 0.15316218, 0.12935181, 0.06917143, 0.036119368, 0.008187427, 0.0, 0.0, 0.0, 0.0, 0.0 ],