{
  "eccentricity_minmax" : 0.003450379,
  "compactness" : 3.2892914,
  "eccentricity" : 2.6194844,
  "compactness_standardized" : -0.06507344,
  "convexity_minmax" : 0.2894647,
  "diameter_standardized" : 0.52442616,
  "surface_area_minmax" : 0.064779006,
  "convexity" : 0.55473965,
  "diameter_minmax" : 0.19294254,
  "rectangularity _standardized" : 0.13065523,
  "convexity_standardized" : 0.78823197,
  "diameter" : 1.1023451,
  "surface_area" : 1.3380558,
  "rectangularity " : 0.025825515,
  "compactness_minmax" : 7.19205E-7,
  "surface_area_standardized" : -0.15605645,
  "rectangularity _minmax" : 0.046539195,
  "eccentricity_standardized" : -0.29134634,
  "lightfield_0.0_0.0_0.6_y" : [ 6.794947E-4, 0.013713439, 0.028857933, 0.061872624, 0.07249745, 0.08132573, 0.07390277, 0.067231365, 0.06466524, 0.06127292, 0.060351484, 0.053708393, 0.045528717, 0.0400104, 0.03664381, 0.039300017, 0.043912344, 0.053754725, 0.061015535, 0.039755587 ],
  "lightfield_0.0_0.0_0.6_x" : [ 0.0, 0.007291699, 0.018284585, 0.032837097, 0.07675716, 0.10405792, 0.11472908, 0.112999454, 0.112196416, 0.106665224, 0.0830811, 0.06680411, 0.055291306, 0.046208214, 0.018063234, 0.01887657, 0.019393912, 0.0064629214, 0.0, 0.0 ],
  "lightfield_0.0_0.0_0.8_y" : [ 0.0065455046, 0.019310696, 0.022407293, 0.026709156, 0.041755076, 0.055828836, 0.06218362, 0.0676775, 0.08602928, 0.09664089, 0.09322377, 0.090720534, 0.087841146, 0.08255918, 0.051251486, 0.037397586, 0.026828358, 0.01924977, 0.018579591, 0.0072607156 ],
  "lightfield_0.0_0.0_0.8_x" : [ 0.022902643, 0.034634754, 0.04651255, 0.05794268, 0.0639531, 0.06806954, 0.07331177, 0.0717595, 0.068758264, 0.08083473, 0.09028611, 0.08556042, 0.070297286, 0.05054687, 0.035392348, 0.019255068, 0.019006068, 0.02142719, 0.0171942, 0.0023548983 ],
  "lightfield_0.0_0.0_0.2_y" : [ 0.015618084, 0.019951724, 0.017360289, 0.015473972, 0.031056028, 0.05181838, 0.059335336, 0.06750337, 0.07633535, 0.08423317, 0.09374968, 0.1136628, 0.109197915, 0.09742452, 0.04423966, 0.035178646, 0.024123237, 0.017923867, 0.01839223, 0.007421742 ],
  "lightfield_0.0_0.0_0.2_x" : [ 0.02058221, 0.027689995, 0.026467621, 0.05028977, 0.07242633, 0.09022924, 0.08972485, 0.07281491, 0.06291754, 0.060351837, 0.05763688, 0.06043676, 0.057842754, 0.052757677, 0.057315204, 0.05497339, 0.035924938, 0.025566924, 0.017952176, 0.0060990048 ],
  "lightfield_0.0_0.0_0.4_y" : [ 0.014722374, 0.022138456, 0.025147237, 0.035355132, 0.06135455, 0.07728462, 0.07938894, 0.06997049, 0.06567036, 0.0737112, 0.070634454, 0.059056796, 0.046365544, 0.03860702, 0.036076613, 0.045327764, 0.056704145, 0.055676818, 0.040125787, 0.02668169 ],
  "lightfield_0.0_0.0_0.4_x" : [ 0.010730708, 0.021105904, 0.029797645, 0.03647395, 0.051063005, 0.057490975, 0.0665513, 0.07723234, 0.110370755, 0.11825998, 0.12710072, 0.11910693, 0.094359644, 0.036709215, 0.018418651, 0.018337617, 0.0068906564, 0.0, 0.0, 0.0 ],
  "lightfield_0.0_0.0_0.0_y" : [ 0.0, 0.0, 0.0, 0.011688166, 0.024979891, 0.06287225, 0.08828995, 0.10107515, 0.10628036, 0.10869078, 0.10832425, 0.108871505, 0.10446044, 0.07589672, 0.04594325, 0.03529358, 0.017333714, 0.0, 0.0, 0.0 ],
  "lightfield_0.0_0.0_0.0_x" : [ 0.013011739, 0.041931804, 0.08560971, 0.07245034, 0.05677873, 0.056972176, 0.070699155, 0.07175546, 0.065453224, 0.057392154, 0.0503874, 0.042728495, 0.031485762, 0.031411946, 0.037912726, 0.040934034, 0.05049685, 0.05973895, 0.049135096, 0.013714251 ],
  "d1" : [ 0.021707, 0.0251221, 0.0307566, 0.1015745, 0.1182098, 0.0817842, 0.0688991, 0.0618779, 0.0607019, 0.0666506, 0.0648028, 0.0484437, 0.0445326, 0.0463057, 0.0462597, 0.0497014, 0.0305295, 0.0188573, 0.008266, 0.0050176 ],
  "d2" : [ 0.007773765, 0.024639728, 0.044836972, 0.06116774, 0.08228445, 0.10034462, 0.10904135, 0.10899654, 0.10146352, 0.087004974, 0.07150636, 0.057247553, 0.043875605, 0.0347263, 0.029734721, 0.020514103, 0.010086571, 0.0035501234, 0.001019579, 1.8543257E-4 ],
  "d3" : [ 7.3573395E-4, 0.007612915, 0.022337958, 0.042807702, 0.06682481, 0.0918781, 0.11295337, 0.12846969, 0.13340048, 0.11972822, 0.096072346, 0.06964468, 0.044473268, 0.028310262, 0.017716076, 0.010101853, 0.004723911, 0.0016594263, 4.907241E-4, 5.846026E-5 ],
  "d4" : [ 3.0504868E-6, 3.0403186E-5, 1.5160919E-4, 4.918401E-4, 0.0013069302, 0.0035412083, 0.010157105, 0.03240166, 0.10195795, 0.31878775, 0.36474234, 0.11295098, 0.03602106, 0.011369367, 0.003901776, 0.0014339321, 5.243787E-4, 1.8394436E-4, 3.8842863E-5, 3.86395E-6 ],
  "lightfield_0.0_0.8_0.0_y" : [ 0.0, 0.0, 0.0, 0.013575367, 0.028647648, 0.06717716, 0.08212679, 0.099401236, 0.108499795, 0.111253895, 0.11055143, 0.10781963, 0.09806879, 0.06897234, 0.04763644, 0.038822204, 0.017447274, 0.0, 0.0, 0.0 ],
  "lightfield_0.0_0.8_0.0_x" : [ 0.0475556, 0.062184658, 0.05797267, 0.047703337, 0.039739307, 0.03333073, 0.047335383, 0.06733047, 0.07719004, 0.0780932, 0.06872425, 0.08410874, 0.09415228, 0.09364216, 0.07037448, 0.030562695, 0.0, 0.0, 0.0, 0.0 ],
  "lightfield_0.8_0.0_0.0_x" : [ 0.015612957, 0.05205547, 0.09146756, 0.06917305, 0.05407864, 0.055968627, 0.05831482, 0.07217947, 0.07302104, 0.06441266, 0.0540418, 0.043682277, 0.032574695, 0.033801626, 0.04075237, 0.043226074, 0.04437367, 0.048181985, 0.041202907, 0.011878315 ],
  "lightfield_0.8_0.0_0.0_y" : [ 0.0, 0.0, 0.0, 0.0, 0.008152174, 0.04465136, 0.072029285, 0.11265415, 0.12831244, 0.121579885, 0.11961906, 0.11910618, 0.11130253, 0.06659167, 0.038255997, 0.03196831, 0.02038752, 0.0053894455, 0.0, 0.0 ],
  "lightfield_0.0_0.6_0.0_x" : [ 0.0, 0.0, 0.0, 0.017061299, 0.067802, 0.07732102, 0.10273647, 0.12960312, 0.12750478, 0.12187259, 0.11682479, 0.099124186, 0.076234594, 0.05478442, 0.009130737, 0.0, 0.0, 0.0, 0.0, 0.0 ],
  "lightfield_0.0_0.6_0.0_y" : [ 0.0, 0.0, 0.0, 0.015468911, 0.035875794, 0.06116966, 0.077658325, 0.0932802, 0.103375785, 0.10708613, 0.106168345, 0.10023808, 0.09175057, 0.07472849, 0.05958904, 0.05070932, 0.022901362, 0.0, 0.0, 0.0 ],
  "lightfield_0.6_0.0_0.0_y" : [ 0.0, 0.0, 0.0, 0.0, 0.0, 0.025297454, 0.072457805, 0.104991004, 0.14196181, 0.15598713, 0.15686566, 0.14448325, 0.095922105, 0.05044272, 0.035345186, 0.01624585, 0.0, 0.0, 0.0, 0.0 ],
  "lightfield_0.6_0.0_0.0_x" : [ 0.018684283, 0.05548907, 0.080108605, 0.057391394, 0.0538254, 0.05861234, 0.061445076, 0.07512106, 0.078168236, 0.06912701, 0.05543373, 0.045396376, 0.035953928, 0.039032236, 0.046907857, 0.04952269, 0.047928195, 0.040498756, 0.022948949, 0.008404815 ],
  "lightfield_0.0_0.4_0.0_x" : [ 0.0, 0.0, 0.013957299, 0.040335093, 0.06064323, 0.08520788, 0.14365499, 0.1326598, 0.11335518, 0.11096998, 0.10976768, 0.1020885, 0.073490344, 0.013870035, 0.0, 0.0, 0.0, 0.0, 0.0, 0.0 ],
  "lightfield_0.0_0.4_0.0_y" : [ 0.0, 0.0, 0.0, 0.015319578, 0.0452073, 0.10480337, 0.09746839, 0.08541635, 0.0882621, 0.09290645, 0.092062905, 0.08559087, 0.074993216, 0.07587554, 0.063459896, 0.052130196, 0.02650384, 0.0, 0.0, 0.0 ],
  "lightfield_0.0_0.2_0.0_y" : [ 0.0, 0.0, 0.0, 0.011118724, 0.028661922, 0.07624309, 0.09575747, 0.09687224, 0.09643969, 0.09938339, 0.09857924, 0.09656162, 0.09934275, 0.07857715, 0.056966767, 0.0446694, 0.02082656, 0.0, 0.0, 0.0 ],
  "lightfield_0.0_0.2_0.0_x" : [ 0.018025106, 0.03131822, 0.045139696, 0.06792582, 0.08123926, 0.07394967, 0.08406394, 0.07596149, 0.06984184, 0.06489503, 0.059997562, 0.051302895, 0.04164441, 0.04527033, 0.048356287, 0.06779518, 0.066166565, 0.0071066935, 0.0, 0.0 ],
  "a3" : [ 0.07591754, 0.14345534, 0.15650295, 0.14118989, 0.11849694, 0.100127436, 0.056617506, 0.0, 0.0, 0.0, 0.0, 0.0, 0.0, 0.0013104758, 0.0073386244, 0.015147345, 0.024899142, 0.037021644, 0.052349605, 0.069625564 ],
  "lightfield_0.4_0.0_0.0_y" : [ 0.0, 0.0, 0.0, 0.0, 0.0, 0.039951224, 0.07267281, 0.11051016, 0.14016551, 0.14317061, 0.14924519, 0.15558037, 0.111359574, 0.051598433, 0.02566891, 7.721908E-5, 0.0, 0.0, 0.0, 0.0 ],