{
  "eccentricity_minmax" : 0.003450379,
  "compactness" : 3.2892914,
  "eccentricity" : 2.6194844,
  "compactness_standardized" : -0.065089665,
  "convexity_minmax" : 0.2894647,
  "diameter_standardized" : 0.52537835,
  "surface_area_minmax" : 0.064779006,
  "convexity" : 0.55473965,
  "diameter_minmax" : 0.19294254,
  "rectangularity _standardized" : 0.13113977,
  "convexity_standardized" : 0.78922415,
  "diameter" : 1.1023451,
  "surface_area" : 1.3380558,
  "rectangularity " : 0.025825515,
  "compactness_minmax" : 7.19205E-7,
  "surface_area_standardized" : -0.1557073,
  "rectangularity _minmax" : 0.046539195,
  "eccentricity_standardized" : -0.29142827,
  "lightfield_0.0_0.0_0.6_y" : [ 0.011233571, 0.026215075, 0.055237263, 0.07226658, 0.07811346, 0.076252274, 0.067038395, 0.06451761, 0.061178733, 0.060012937, 0.054311786, 0.046289265, 0.040018, 0.036666334, 0.038478944, 0.042262666, 0.052471053, 0.059813526, 0.04462238, 0.013000161 ],
  "lightfield_0.0_0.0_0.6_x" : [ 0.0, 3.6047644E-4, 0.014199193, 0.020708222, 0.050809283, 0.0906202, 0.10897126, 0.11413042, 0.11143579, 0.11374182, 0.1001153, 0.07792171, 0.060626514, 0.050121564, 0.03297976, 0.017284973, 0.019547539, 0.01612429, 3.0167532E-4, 0.0 ],
  "lightfield_0.0_0.0_0.8_y" : [ 0.0, 0.009762445, 0.021659676, 0.02304189, 0.03393469, 0.052742988, 0.06252642, 0.068442054, 0.08431203, 0.10019099, 0.09763944, 0.09828108, 0.10684121, 0.09780735, 0.05020943, 0.035529785, 0.022900969, 0.020118553, 0.014059001, 0.0 ],
  "lightfield_0.0_0.0_0.8_x" : [ 0.014502748, 0.020385401, 0.022265332, 0.035017077, 0.04838647, 0.06058053, 0.06898475, 0.07149432, 0.076072715, 0.0736411, 0.0762706, 0.09134003, 0.09238344, 0.07740696, 0.056092083, 0.038282216, 0.020196509, 0.020166526, 0.022115417, 0.014415798 ],
  "lightfield_0.0_0.0_0.2_y" : [ 0.0067148176, 0.019841934, 0.019126154, 0.016028048, 0.022967052, 0.046712007, 0.05815637, 0.066011034, 0.07569431, 0.08445112, 0.096189894, 0.11921367, 0.11320653, 0.101019375, 0.04989925, 0.036348067, 0.024998244, 0.018278025, 0.018556233, 0.006587868 ],
  "lightfield_0.0_0.0_0.2_x" : [ 0.010701572, 0.021416647, 0.02837456, 0.028028825, 0.05441001, 0.078519605, 0.09242193, 0.089720875, 0.06933333, 0.06365031, 0.06008492, 0.059682462, 0.061405737, 0.05502315, 0.056776132, 0.05818068, 0.048032824, 0.030513795, 0.020584725, 0.013137921 ],
  "lightfield_0.0_0.0_0.4_y" : [ 0.014227599, 0.023426764, 0.027669977, 0.040007006, 0.072883606, 0.083339125, 0.08187136, 0.06795483, 0.07624193, 0.07707849, 0.0652277, 0.05068299, 0.041045915, 0.038499985, 0.050767552, 0.060534492, 0.056351684, 0.034933273, 0.02248752, 0.0147681935 ],
  "lightfield_0.0_0.0_0.4_x" : [ 0.0, 0.0, 0.0032888677, 0.020518428, 0.028557882, 0.035902716, 0.053549048, 0.060851604, 0.071038336, 0.0937584, 0.13089633, 0.13726568, 0.13389225, 0.11684691, 0.06369652, 0.020512387, 0.01987817, 0.009546475, 0.0, 0.0 ],
  "lightfield_0.0_0.0_0.0_y" : [ 0.0, 0.0, 0.0, 0.011688166, 0.024979891, 0.06287225, 0.08828995, 0.10107515, 0.10628036, 0.10869078, 0.10832425, 0.108871505, 0.10446044, 0.07589672, 0.04594325, 0.03529358, 0.017333714, 0.0, 0.0, 0.0 ],
  "lightfield_0.0_0.0_0.0_x" : [ 0.013011739, 0.041931804, 0.08560971, 0.07245034, 0.05677873, 0.056972176, 0.070699155, 0.07175546, 0.065453224, 0.057392154, 0.0503874, 0.042728495, 0.031485762, 0.031411946, 0.037912726, 0.040934034, 0.05049685, 0.05973895, 0.049135096, 0.013714251 ],
  "d1" : [ 0.0215697, 0.0251431, 0.0306236, 0.1014781, 0.118426, 0.0817001, 0.0690668, 0.0620375, 0.0607497, 0.0667202, 0.0648827, 0.0483939, 0.0443927, 0.0462306, 0.0461171, 0.0497418, 0.0305712, 0.0188464, 0.0083201, 0.0049887 ],
  "d2" : [ 0.009097897, 0.026236407, 0.04539527, 0.062275734, 0.08356728, 0.09937255, 0.10689937, 0.108108185, 0.09898538, 0.0860083, 0.07054209, 0.057089124, 0.044961695, 0.036039427, 0.030323425, 0.0204973, 0.009818624, 0.0035606252, 0.0010032762, 2.1803829E-4 ],
  "d3" : [ 0.0010867973, 0.009252619, 0.024884652, 0.046430226, 0.07155405, 0.097011335, 0.11817012, 0.13250326, 0.13387842, 0.11655939, 0.091188446, 0.06373889, 0.039946873, 0.024957702, 0.0150875775, 0.008197417, 0.0038540505, 0.0012953827, 3.6786697E-4, 3.4915163E-5 ],
  "d4" : [ 1.33204585E-5, 8.470185E-5, 2.96609E-4, 8.0685376E-4, 0.0020879565, 0.0055863564, 0.01556399, 0.046158645, 0.13290371, 0.3982311, 0.26046053, 0.09026624, 0.030826693, 0.010629117, 0.003853273, 0.0014447105, 5.485792E-4, 1.8496119E-4, 4.7994326E-5, 4.677413E-6 ],
  "lightfield_0.0_0.8_0.0_y" : [ 0.0, 0.0030428576, 0.01670301, 0.028525552, 0.058884747, 0.06753558, 0.08016295, 0.088980295, 0.09251675, 0.09370812, 0.09227094, 0.090815924, 0.08901003, 0.069061965, 0.05337787, 0.03375689, 0.030868651, 0.010777862, 0.0, 0.0 ],
  "lightfield_0.0_0.8_0.0_x" : [ 0.011897871, 0.033122547, 0.051500615, 0.04979582, 0.04764897, 0.037564922, 0.03327717, 0.02754827, 0.034629107, 0.050122906, 0.061368592, 0.06475241, 0.065452166, 0.05769139, 0.06639575, 0.07779804, 0.079280816, 0.07573247, 0.051298417, 0.023121754 ],
  "lightfield_0.8_0.0_0.0_x" : [ 0.015640229, 0.052066095, 0.091447175, 0.06915418, 0.054086294, 0.056001656, 0.058299523, 0.07215189, 0.07299907, 0.06442244, 0.054038126, 0.04367931, 0.032561146, 0.03378516, 0.0407836, 0.04319763, 0.044427317, 0.04820704, 0.04117177, 0.011880341 ],
  "lightfield_0.8_0.0_0.0_y" : [ 0.0, 0.0, 0.0, 0.006437428, 0.04008942, 0.07016286, 0.108336926, 0.12844256, 0.122158125, 0.11974692, 0.11906692, 0.11326983, 0.072055556, 0.038893737, 0.033226985, 0.02106331, 0.0070494367, 0.0, 0.0, 0.0 ],
  "lightfield_0.0_0.6_0.0_x" : [ 0.0, 0.009764697, 0.039178908, 0.049453646, 0.053506255, 0.06072814, 0.08341018, 0.08946045, 0.08853091, 0.08544665, 0.08309417, 0.0812887, 0.075460196, 0.0645978, 0.053563543, 0.045055468, 0.032110404, 0.005349886, 0.0, 0.0 ],
  "lightfield_0.0_0.6_0.0_y" : [ 0.010788475, 0.02011705, 0.029905772, 0.04288964, 0.05132934, 0.056991536, 0.06514295, 0.07002715, 0.072667904, 0.07371755, 0.0733036, 0.07131703, 0.067452915, 0.06325986, 0.057135675, 0.048708912, 0.041026883, 0.036309004, 0.032910578, 0.014998161 ],
  "lightfield_0.6_0.0_0.0_y" : [ 0.0, 0.0, 0.0, 0.0, 0.008548339, 0.06204116, 0.090082616, 0.13489223, 0.15060568, 0.16020873, 0.150374, 0.114787035, 0.061169725, 0.04228177, 0.022128163, 0.0028805688, 0.0, 0.0, 0.0, 0.0 ],
  "lightfield_0.6_0.0_0.0_x" : [ 0.018621685, 0.055481207, 0.080137216, 0.057400435, 0.053838626, 0.05860038, 0.06142908, 0.07508844, 0.07822836, 0.06913711, 0.055446625, 0.045421693, 0.035960425, 0.039072685, 0.04690866, 0.049439967, 0.047942623, 0.04053199, 0.022923518, 0.008389267 ],
  "lightfield_0.0_0.4_0.0_x" : [ 0.0, 0.0075386013, 0.020813392, 0.032685548, 0.04126356, 0.048162524, 0.07515757, 0.099648885, 0.09560317, 0.08371731, 0.07741915, 0.07641172, 0.07519869, 0.07577893, 0.070586435, 0.06716665, 0.04101456, 0.011833319, 0.0, 0.0 ],
  "lightfield_0.0_0.4_0.0_y" : [ 0.010378141, 0.023061266, 0.04057138, 0.077259235, 0.073174685, 0.059879337, 0.058643464, 0.059397325, 0.06278284, 0.06392277, 0.06360067, 0.061423607, 0.057428148, 0.051488645, 0.051077448, 0.05299865, 0.043856382, 0.036349762, 0.034033358, 0.018672887 ],
  "lightfield_0.0_0.2_0.0_y" : [ 0.0, 1.9718695E-4, 0.012351073, 0.026346866, 0.06448013, 0.08192445, 0.08700426, 0.08319273, 0.08602281, 0.08727987, 0.08616845, 0.08465146, 0.08791177, 0.07226677, 0.056659877, 0.04232125, 0.03352402, 0.007697013, 0.0, 0.0 ],
  "lightfield_0.0_0.2_0.0_x" : [ 0.011860346, 0.020243034, 0.03357108, 0.041933596, 0.06477143, 0.07110606, 0.063704826, 0.07401681, 0.0691454, 0.063341826, 0.05913816, 0.05595852, 0.05150613, 0.044382747, 0.036468383, 0.03925813, 0.040866993, 0.05225678, 0.062530674, 0.043939076 ],
  "a3" : [ 0.073694445, 0.14045615, 0.15349783, 0.14023228, 0.118964314, 0.101614, 0.05756917, 0.0, 0.0, 0.0, 0.0, 0.0, 0.0, 0.0014803224, 0.008080194, 0.016212711, 0.026002038, 0.0380691, 0.053149633, 0.0709778 ],