{
  "eccentricity_minmax" : 0.005897799,
  "compactness" : 3.3451629,
  "eccentricity" : 3.767699,
  "compactness_standardized" : -0.065073065,
  "convexity_minmax" : 0.30314887,
  "diameter_standardized" : -0.09130674,
  "surface_area_minmax" : 0.05253192,
  "convexity" : 0.5809159,
  "diameter_minmax" : 0.09362017,
  "rectangularity _standardized" : -0.15158322,
  "convexity_standardized" : 0.88191694,
  "diameter" : 1.0496602,
  "surface_area" : 1.0880768,
  "rectangularity " : 0.012252977,
  "compactness_minmax" : 7.333983E-7,
  "surface_area_standardized" : -0.30904284,
  "rectangularity _minmax" : 0.022080604,
  "eccentricity_standardized" : -0.23942846,
  "lightfield_0.0_0.0_0.6_y" : [ 0.016284566, 0.025283383, 0.03700471, 0.036054652, 0.04823616, 0.052740023, 0.055135947, 0.070090435, 0.08062716, 0.074131146, 0.065138265, 0.06521843, 0.06923835, 0.05568223, 0.037741, 0.041440286, 0.048135217, 0.053707894, 0.047621593, 0.020488566 ],
  "lightfield_0.0_0.0_0.6_x" : [ 0.0, 0.0, 0.0041772807, 0.031319212, 0.045846175, 0.059268694, 0.09018413, 0.10492486, 0.13891907, 0.14648984, 0.101567, 0.07080892, 0.07108799, 0.07909816, 0.041000884, 0.015307789, 0.0, 0.0, 0.0, 0.0 ],
  "lightfield_0.0_0.0_0.8_y" : [ 0.0, 0.003865645, 0.01723135, 0.024894038, 0.033857204, 0.05645154, 0.08617465, 0.102030955, 0.0906458, 0.0750132, 0.0731102, 0.08811642, 0.09546592, 0.088486284, 0.070899986, 0.044863556, 0.02048255, 0.019021, 0.009389699, 0.0 ],
  "lightfield_0.0_0.0_0.8_x" : [ 0.019056795, 0.022015683, 0.044571243, 0.058232244, 0.055857975, 0.077208504, 0.08136944, 0.058927223, 0.062798835, 0.070148334, 0.07680882, 0.082932405, 0.079526104, 0.07080752, 0.053603012, 0.030671626, 0.019856172, 0.021290874, 0.013917515, 3.996886E-4 ],
  "lightfield_0.0_0.0_0.2_y" : [ 0.0, 0.0044311364, 0.017762821, 0.025152955, 0.024870304, 0.054139357, 0.08721831, 0.103983015, 0.09145512, 0.073986724, 0.07007673, 0.083953105, 0.098665655, 0.09993464, 0.07328599, 0.039462138, 0.020477444, 0.018808039, 0.012336519, 0.0 ],
  "lightfield_0.0_0.0_0.2_x" : [ 0.01387932, 0.02081898, 0.019835591, 0.032192722, 0.053591724, 0.08067612, 0.0837735, 0.076786734, 0.07146642, 0.06635516, 0.061311617, 0.0571013, 0.07184624, 0.08041409, 0.063072294, 0.0574605, 0.03995972, 0.021092799, 0.018858092, 0.009507069 ],
  "lightfield_0.0_0.0_0.4_y" : [ 0.01709468, 0.02441289, 0.036847007, 0.03671011, 0.048617456, 0.052789938, 0.055548776, 0.059090327, 0.07494993, 0.079780124, 0.07544098, 0.079369426, 0.0682061, 0.042248618, 0.037314255, 0.041397456, 0.04835556, 0.053417895, 0.04782284, 0.020585636 ],
  "lightfield_0.0_0.0_0.4_x" : [ 0.0, 0.0, 1.4582856E-4, 0.024347417, 0.041329004, 0.07839922, 0.06822395, 0.07035186, 0.10978212, 0.14858443, 0.13762347, 0.10392517, 0.0888959, 0.05681064, 0.041686136, 0.028891912, 0.0010029434, 0.0, 0.0, 0.0 ],
  "lightfield_0.0_0.0_0.0_y" : [ 0.0, 0.0, 0.0, 0.006864383, 0.01580808, 0.02189897, 0.087987036, 0.13333195, 0.1315997, 0.11337702, 0.11369171, 0.13843466, 0.12778516, 0.06799092, 0.017490353, 0.01679921, 0.00694085, 0.0, 0.0, 0.0 ],
  "lightfield_0.0_0.0_0.0_x" : [ 0.035339512, 0.037418827, 0.0334249, 0.041215707, 0.04541257, 0.049244743, 0.055323865, 0.058950167, 0.06592337, 0.08792821, 0.091772154, 0.07146723, 0.044812597, 0.030886782, 0.035774786, 0.04088337, 0.0414804, 0.049562372, 0.0564297, 0.026748741 ],
  "d1" : [ 0.0535215, 0.0929634, 0.1148393, 0.0992719, 0.0690942, 0.0644326, 0.053468, 0.0567237, 0.0474613, 0.0359251, 0.0320154, 0.0331675, 0.0356048, 0.0351378, 0.0389784, 0.0438319, 0.0498591, 0.0265037, 0.0095169, 0.0076835 ],
  "d2" : [ 0.01019599, 0.029062804, 0.050027683, 0.06844882, 0.09427956, 0.11057462, 0.11565571, 0.10528219, 0.09302474, 0.079635784, 0.06369168, 0.048695453, 0.037378363, 0.026867818, 0.021284137, 0.017141711, 0.01361429, 0.010219394, 0.0040867175, 8.325462E-4 ],
  "d3" : [ 0.0010653653, 0.008903065, 0.023951098, 0.04350802, 0.06631235, 0.090135664, 0.11089368, 0.12702993, 0.13237043, 0.12138071, 0.10116281, 0.07536443, 0.04818343, 0.027182914, 0.0137696555, 0.0058289208, 0.0020674407, 6.506094E-4, 2.005358E-4, 3.893997E-5 ],
  "d4" : [ 3.5589012E-6, 2.5827454E-5, 1.7662319E-4, 9.5673435E-4, 0.0042790193, 0.014156292, 0.036650278, 0.0783004, 0.15340318, 0.320916, 0.205614, 0.10384071, 0.051058844, 0.021458853, 0.006991004, 0.0017642998, 3.3962086E-4, 5.551886E-5, 8.541363E-6, 7.117803E-7 ],
  "lightfield_0.0_0.8_0.0_y" : [ 0.0, 0.0, 0.0, 0.0088832695, 0.019935364, 0.025349174, 0.09125901, 0.13205074, 0.12282416, 0.11102272, 0.11052755, 0.12910946, 0.12806632, 0.07108597, 0.020314991, 0.019839633, 0.009731653, 0.0, 0.0, 0.0 ],
  "lightfield_0.0_0.8_0.0_x" : [ 0.0059981053, 0.05241162, 0.06126518, 0.04706053, 0.04648284, 0.041683033, 0.04588534, 0.08406591, 0.10552968, 0.09787442, 0.07501428, 0.06524301, 0.059515595, 0.052005585, 0.051857036, 0.040157925, 0.04340621, 0.024543704, 0.0, 0.0 ],
  "lightfield_0.8_0.0_0.0_x" : [ 0.043923426, 0.045407455, 0.040087834, 0.04256969, 0.044762366, 0.04899836, 0.05516963, 0.058633424, 0.06807146, 0.08253041, 0.08458962, 0.067432724, 0.042954203, 0.0315936, 0.037812535, 0.043141693, 0.04343405, 0.044613007, 0.04971654, 0.024557969 ],
  "lightfield_0.8_0.0_0.0_y" : [ 0.0, 0.0, 0.0, 0.0, 0.012002517, 0.019324148, 0.059402447, 0.14307687, 0.15569587, 0.1362891, 0.13157009, 0.15370658, 0.12150284, 0.041781597, 0.017821053, 0.007826899, 0.0, 0.0, 0.0, 0.0 ],
  "lightfield_0.0_0.6_0.0_x" : [ 0.0, 0.0, 0.0, 0.0, 0.0013642784, 0.060252953, 0.103513956, 0.1155089, 0.17163692, 0.17080766, 0.12476459, 0.1034016, 0.10553095, 0.0432182, 0.0, 0.0, 0.0, 0.0, 0.0, 0.0 ],
  "lightfield_0.0_0.6_0.0_y" : [ 0.0, 0.0, 0.0, 0.013808637, 0.035909947, 0.040125836, 0.09752183, 0.10626391, 0.105937555, 0.11149632, 0.11063495, 0.104937084, 0.10761749, 0.081862055, 0.032956686, 0.034294214, 0.016633496, 0.0, 0.0, 0.0 ],
  "lightfield_0.6_0.0_0.0_y" : [ 0.0, 0.0, 0.0, 0.0, 0.0, 0.0, 0.017350066, 0.116158694, 0.1931269, 0.20459034, 0.2014384, 0.1827499, 0.07707561, 0.0075101, 0.0, 0.0, 0.0, 0.0, 0.0, 0.0 ],
  "lightfield_0.6_0.0_0.0_x" : [ 0.04969968, 0.04880326, 0.042743128, 0.04041739, 0.043230582, 0.053917397, 0.06114246, 0.06512471, 0.066306174, 0.06688864, 0.069871195, 0.059076976, 0.04553566, 0.036930855, 0.04572569, 0.05281856, 0.052967273, 0.046237927, 0.032948602, 0.019613838 ],
  "lightfield_0.0_0.4_0.0_x" : [ 0.0, 0.0, 0.0, 0.0, 0.010040097, 0.057996448, 0.10394797, 0.10643672, 0.15895046, 0.17528158, 0.14275762, 0.099587336, 0.09150421, 0.05018985, 0.0033077013, 0.0, 0.0, 0.0, 0.0, 0.0 ],
  "lightfield_0.0_0.4_0.0_y" : [ 0.0, 0.0, 0.0, 0.011146209, 0.034810632, 0.037746083, 0.0929028, 0.111153655, 0.110526145, 0.108749986, 0.10868085, 0.11432841, 0.10869681, 0.08018783, 0.032970656, 0.033805557, 0.014294375, 0.0, 0.0, 0.0 ],
  "lightfield_0.0_0.2_0.0_y" : [ 0.0, 0.0, 0.0, 0.0067308526, 0.019095752, 0.02399304, 0.08997473, 0.13330689, 0.12519586, 0.11114074, 0.111224085, 0.13326354, 0.12835959, 0.07138237, 0.02002587, 0.019325782, 0.0069808844, 0.0, 0.0, 0.0 ],
  "lightfield_0.0_0.2_0.0_x" : [ 0.0022869564, 0.03593122, 0.044992365, 0.040855177, 0.05142318, 0.05251665, 0.059220836, 0.06558497, 0.079123355, 0.10721692, 0.10129283, 0.06962549, 0.043958902, 0.04192531, 0.04692261, 0.05231996, 0.06678179, 0.038021483, 0.0, 0.0 ],
  "a3" : [ 0.07711019, 0.15424071, 0.15508904, 0.1314569, 0.10739371, 0.08843448, 0.050794926, 0.0, 0.0, 0.0, 0.0, 0.0, 0.0, 0.0013137963, 0.008372798, 0.020075314, 0.0347262, 0.047191016, 0.057201706, 0.06659922 ],
  "lightfield_0.4_0.0_0.0_y" : [ 0.0, 0.0, 0.0, 0.0, 0.0, 0.0, 0.024051974, 0.121180415, 0.19130869, 0.19971937, 0.19539642, 0.18838482, 0.07825914, 0.0016991699, 0.0, 0.0, 0.0, 0.0, 0.0, 0.0 ],