{
  "eccentricity_minmax" : 0.006048216,
  "compactness" : 7.2330046,
  "eccentricity" : 3.8382676,
  "compactness_standardized" : -0.065063335,
  "convexity_minmax" : 0.45512265,
  "diameter_standardized" : 0.077018365,
  "surface_area_minmax" : 0.111194514,
  "convexity" : 0.8716251,
  "diameter_minmax" : 0.1206439,
  "rectangularity _standardized" : 0.14323153,
  "convexity_standardized" : 1.9237134,
  "diameter" : 1.0639948,
  "surface_area" : 2.2854571,
  "rectangularity " : 0.026407002,
  "compactness_minmax" : 1.7210443E-6,
  "surface_area_standardized" : 0.42401743,
  "rectangularity _minmax" : 0.04758707,
  "eccentricity_standardized" : -0.23633207,
  "lightfield_0.0_0.0_0.6_y" : [ 0.012453946, 0.039980777, 0.055775777, 0.05577832, 0.055775777, 0.055775777, 0.055775777, 0.05577832, 0.057942122, 0.058298096, 0.057881102, 0.055775777, 0.05577832, 0.05577832, 0.05493416, 0.05302462, 0.051862624, 0.050131075, 0.042312395, 0.019186908 ],
  "lightfield_0.0_0.0_0.6_x" : [ 0.0, 0.0, 0.0, 2.5426596E-6, 0.018457165, 0.053154297, 0.08197026, 0.110059015, 0.12375124, 0.12193324, 0.12158997, 0.11673858, 0.09774237, 0.07620604, 0.05530793, 0.021945694, 0.0011416541, 0.0, 0.0, 0.0 ],
  "lightfield_0.0_0.0_0.8_y" : [ 7.886303E-4, 0.010309898, 0.022216292, 0.03413711, 0.046276726, 0.058748145, 0.07121956, 0.080853835, 0.081498206, 0.08148618, 0.080808155, 0.07893756, 0.08123613, 0.076713525, 0.063705936, 0.05303779, 0.041742105, 0.024952454, 0.010588804, 7.429474E-4 ],
  "lightfield_0.0_0.0_0.8_x" : [ 0.0062657637, 0.020232694, 0.03497383, 0.047252897, 0.058416344, 0.06529281, 0.065369755, 0.06551642, 0.06883203, 0.06900034, 0.06901236, 0.06901957, 0.069113344, 0.07199136, 0.06943312, 0.055131987, 0.041843086, 0.029568827, 0.01776582, 0.005967623 ],
  "lightfield_0.0_0.0_0.2_y" : [ 0.0, 4.591321E-4, 0.010626728, 0.024700794, 0.039469972, 0.057660837, 0.068972416, 0.082033314, 0.09658447, 0.10249419, 0.097949035, 0.09789261, 0.089340955, 0.075238675, 0.06278824, 0.048732128, 0.031480048, 0.0126068955, 9.695639E-4, 0.0 ],
  "lightfield_0.0_0.0_0.2_x" : [ 0.006822857, 0.020604515, 0.034665756, 0.04967348, 0.062436838, 0.063932225, 0.06393735, 0.063942485, 0.06395018, 0.06441444, 0.06689991, 0.06687682, 0.06421437, 0.060808074, 0.060820896, 0.060828593, 0.053774886, 0.03875434, 0.025090672, 0.0075513124 ],
  "lightfield_0.0_0.0_0.4_y" : [ 0.008676596, 0.026336854, 0.045947116, 0.05913523, 0.059413426, 0.060510464, 0.062195394, 0.062148154, 0.05988846, 0.05943442, 0.05943442, 0.059437044, 0.059442293, 0.05887015, 0.056363754, 0.05636113, 0.055891346, 0.046834197, 0.032436192, 0.011243356 ],
  "lightfield_0.0_0.0_0.4_x" : [ 0.0, 0.0, 2.6244998E-6, 0.009526934, 0.02801391, 0.046511386, 0.064995736, 0.08375041, 0.101266325, 0.11457253, 0.12854275, 0.116186604, 0.09830589, 0.08585526, 0.06401155, 0.041537955, 0.016151171, 7.6897844E-4, 0.0, 0.0 ],
  "lightfield_0.0_0.0_0.0_y" : [ 0.0, 0.0, 0.0, 0.0, 0.0, 0.059761494, 0.11360549, 0.11537457, 0.11653338, 0.11639802, 0.115476675, 0.11457195, 0.11454821, 0.096515514, 0.037214693, 0.0, 0.0, 0.0, 0.0, 0.0 ],
  "lightfield_0.0_0.0_0.0_x" : [ 0.031886097, 0.05241924, 0.052416865, 0.052409742, 0.05241449, 0.052416865, 0.05379888, 0.054869823, 0.05487695, 0.05321473, 0.052412115, 0.052409742, 0.05241924, 0.052416865, 0.052409742, 0.051326927, 0.04778165, 0.047216497, 0.047188003, 0.033695538 ],
  "d1" : [ 0.0057125, 0.0834337, 0.1208441, 0.107822, 0.0822169, 0.1190373, 0.0859475, 0.0601954, 0.0863648, 0.0440557, 0.0433087, 0.044707, 0.0433897, 0.0090676, 0.0105761, 0.0090287, 0.0122327, 0.0106308, 0.0186059, 0.0028229 ],
  "d2" : [ 0.049448185, 0.075264014, 0.10822631, 0.07432275, 0.0643836, 0.06008685, 0.07033195, 0.14308932, 0.080153674, 0.06449352, 0.06312178, 0.04230443, 0.032901276, 0.024635825, 0.015525427, 0.013630793, 0.010380623, 0.005135202, 0.0025015392, 6.2911044E-5 ],
  "d3" : [ 0.029037243, 0.07597409, 0.09846449, 0.10233605, 0.096190475, 0.09987005, 0.09981622, 0.07699921, 0.060712844, 0.050911743, 0.04784706, 0.04843337, 0.038741745, 0.03108788, 0.02080501, 0.014826569, 0.0064227805, 0.0014169319, 9.981511E-5, 6.4396845E-6 ],
  "d4" : [ 8.1346315E-7, 8.032948E-6, 4.1689986E-5, 2.128223E-4, 6.24638E-4, 0.0014047491, 0.003816769, 0.0140854195, 0.055026513, 0.67311686, 0.18863966, 0.04599402, 0.011681636, 0.0032853743, 0.0012732731, 5.652552E-4, 1.7987704E-4, 3.5080597E-5, 6.812754E-6, 7.117803E-7 ],
  "lightfield_0.0_0.8_0.0_y" : [ 0.0, 0.0, 0.0, 0.0, 0.0, 0.019475441, 0.10312077, 0.1191678, 0.12565961, 0.12797737, 0.12925488, 0.12398321, 0.12009073, 0.09360986, 0.03766034, 0.0, 0.0, 0.0, 0.0, 0.0 ],
  "lightfield_0.0_0.8_0.0_x" : [ 0.02191313, 0.042637397, 0.044425905, 0.049783606, 0.05026593, 0.050359786, 0.054236624, 0.05541506, 0.055733133, 0.05621806, 0.056113776, 0.05537856, 0.055362917, 0.055355094, 0.05534727, 0.05532902, 0.05532902, 0.055308167, 0.053052977, 0.02243456 ],
  "lightfield_0.8_0.0_0.0_x" : [ 0.03448548, 0.052257653, 0.052253384, 0.052253384, 0.052249115, 0.05224698, 0.054806598, 0.0568496, 0.056851733, 0.053890772, 0.052232035, 0.052227765, 0.052227765, 0.052219227, 0.051997207, 0.050592512, 0.047418073, 0.046617523, 0.044057906, 0.032265294 ],
  "lightfield_0.8_0.0_0.0_y" : [ 0.0, 0.0, 0.0, 0.0, 0.015295808, 0.06975017, 0.092203945, 0.104342386, 0.10486968, 0.104970016, 0.10580899, 0.10496148, 0.10315757, 0.10249792, 0.07527288, 0.016869152, 0.0, 0.0, 0.0, 0.0 ],
  "lightfield_0.0_0.6_0.0_x" : [ 0.032218114, 0.044869237, 0.047941092, 0.04982673, 0.050917827, 0.055498566, 0.056598987, 0.05666986, 0.056507595, 0.059792075, 0.05980886, 0.058665544, 0.05773298, 0.05761175, 0.05761175, 0.05760802, 0.057391666, 0.04589319, 0.027583286, 0.0092528695 ],
  "lightfield_0.0_0.6_0.0_y" : [ 0.0, 0.0, 0.015282809, 0.062442414, 0.078286625, 0.08066279, 0.08513908, 0.08756374, 0.08994177, 0.09237016, 0.08989701, 0.087289564, 0.08461871, 0.07346342, 0.053939324, 0.018938446, 1.6413072E-4, 0.0, 0.0, 0.0 ],
  "lightfield_0.6_0.0_0.0_y" : [ 0.0, 0.0, 0.0, 0.0, 0.0, 0.033996303, 0.09799802, 0.11690207, 0.12001201, 0.11696015, 0.117456295, 0.1180565, 0.118131526, 0.11372195, 0.046765186, 0.0, 0.0, 0.0, 0.0, 0.0 ],
  "lightfield_0.6_0.0_0.0_x" : [ 0.03491839, 0.051966157, 0.051968575, 0.051958896, 0.051973417, 0.051961318, 0.05306492, 0.054078974, 0.05404993, 0.05251312, 0.051946796, 0.051951636, 0.051946796, 0.051944375, 0.051830627, 0.051196538, 0.046772446, 0.046089955, 0.04502265, 0.04284449 ],
  "lightfield_0.0_0.4_0.0_x" : [ 0.038307346, 0.052384283, 0.05670986, 0.06260277, 0.058706675, 0.05713078, 0.057813495, 0.057792965, 0.05948521, 0.06141358, 0.060792465, 0.060792465, 0.060795885, 0.060802728, 0.059878755, 0.05109243, 0.034631975, 0.01959855, 0.016665783, 0.0126020005 ],
  "lightfield_0.0_0.4_0.0_y" : [ 0.0, 0.008452666, 0.038794998, 0.058947936, 0.07033679, 0.0746367, 0.08407152, 0.08370364, 0.08424262, 0.08139541, 0.072997496, 0.07077482, 0.06855386, 0.066331185, 0.064108506, 0.05857321, 0.013847657, 2.309939E-4, 0.0, 0.0 ],
  "lightfield_0.0_0.2_0.0_y" : [ 0.0, 0.0, 0.0, 0.0, 2.4740412E-4, 0.061371066, 0.10126003, 0.116420954, 0.12203702, 0.12206919, 0.11717801, 0.11362034, 0.1115273, 0.0969453, 0.037323385, 0.0, 0.0, 0.0, 0.0, 0.0 ],
  "lightfield_0.0_0.2_0.0_x" : [ 0.033199158, 0.04770199, 0.048951376, 0.052951902, 0.05564366, 0.059649132, 0.059663977, 0.056469988, 0.055297293, 0.055299766, 0.055312138, 0.055322032, 0.055329457, 0.055336878, 0.055354197, 0.05321415, 0.049750492, 0.04915672, 0.03252869, 0.013867 ],
  "a3" : [ 0.19168928, 0.14490095, 0.11466482, 0.08961636, 0.06483796, 0.06323992, 0.045828518, 0.0, 0.0, 0.0, 0.0, 0.0, 0.0, 0.016890084, 0.029389614, 0.03527287, 0.041988857, 0.04815626, 0.052618563, 0.060905933 ],
  "lightfield_0.4_0.0_0.0_y" : [ 0.0, 0.0, 0.0, 0.0, 0.0, 0.026516763, 0.1069402, 0.11948654, 0.11947916, 0.11952343, 0.11977923, 0.12049497, 0.1193488, 0.11698514, 0.031445768, 0.0, 0.0, 0.0, 0.0, 0.0 ],