{
  "eccentricity_minmax" : 0.0068538976,
  "compactness" : 7.1041737,
  "eccentricity" : 4.2162557,
  "compactness_standardized" : -0.06504796,
  "convexity_minmax" : 0.46328607,
  "diameter_standardized" : 0.09792309,
  "surface_area_minmax" : 0.11221726,
  "convexity" : 0.8872409,
  "diameter_minmax" : 0.124144375,
  "rectangularity _standardized" : 0.14179066,
  "convexity_standardized" : 1.9782555,
  "diameter" : 1.0658516,
  "surface_area" : 2.3063328,
  "rectangularity " : 0.026361005,
  "compactness_minmax" : 1.6883168E-6,
  "surface_area_standardized" : 0.43652612,
  "rectangularity _minmax" : 0.04750418,
  "eccentricity_standardized" : -0.21914646,
  "lightfield_0.0_0.0_0.6_y" : [ 0.05833214, 0.059279993, 0.059295617, 0.05933468, 0.05931385, 0.059293013, 0.06031378, 0.062016796, 0.0614335, 0.05830089, 0.05553024, 0.0538767, 0.05224139, 0.050585248, 0.048955146, 0.04540069, 0.042674307, 0.038968816, 0.0148532, 0.0 ],
  "lightfield_0.0_0.0_0.6_x" : [ 0.07497168, 0.10344379, 0.11943754, 0.12, 0.120783806, 0.12223423, 0.109071024, 0.09376994, 0.06962307, 0.050014973, 0.01650153, 1.4842783E-4, 0.0, 0.0, 0.0, 0.0, 0.0, 0.0, 0.0, 0.0 ],
  "lightfield_0.0_0.0_0.8_y" : [ 0.05962098, 0.076416805, 0.09314488, 0.10827918, 0.108179174, 0.09880048, 0.089160465, 0.08003987, 0.074790776, 0.06407642, 0.050529428, 0.040934578, 0.031294562, 0.018376684, 0.0062427814, 1.12918526E-4, 0.0, 0.0, 0.0, 0.0 ],
  "lightfield_0.0_0.0_0.8_x" : [ 0.08800224, 0.088063546, 0.090983294, 0.09289, 0.092854515, 0.08985733, 0.08309835, 0.07868485, 0.07385194, 0.065725036, 0.05617535, 0.047867775, 0.032701205, 0.016786145, 0.0024583975, 0.0, 0.0, 0.0, 0.0, 0.0 ],
  "lightfield_0.0_0.0_0.2_y" : [ 0.0, 2.5404186E-4, 0.00939215, 0.022908162, 0.03635758, 0.053220537, 0.0620898, 0.068907, 0.07874804, 0.08858908, 0.094809406, 0.097172245, 0.09530516, 0.083291195, 0.07020928, 0.05796347, 0.04432907, 0.02631183, 0.009848438, 2.9350468E-4 ],
  "lightfield_0.0_0.0_0.2_x" : [ 0.041364428, 0.055677097, 0.06420353, 0.06427752, 0.06427999, 0.06427752, 0.06426766, 0.06501991, 0.06717804, 0.06720517, 0.064201064, 0.061164893, 0.061182156, 0.06117229, 0.054919902, 0.040676296, 0.0276363, 0.010839941, 4.5628878E-4, 0.0 ],
  "lightfield_0.0_0.0_0.4_y" : [ 0.01554983, 0.032893963, 0.045798782, 0.04846091, 0.050881017, 0.054542966, 0.05842248, 0.06048813, 0.05881361, 0.05824158, 0.058244027, 0.05820491, 0.058160912, 0.05819758, 0.055733465, 0.055256777, 0.05525922, 0.052438203, 0.039416045, 0.024995599 ],
  "lightfield_0.0_0.0_0.4_x" : [ 0.04111012, 0.058662046, 0.07620419, 0.09406168, 0.10607179, 0.12009377, 0.12044579, 0.10706673, 0.09165624, 0.079944365, 0.056393497, 0.03625034, 0.01184877, 1.9067548E-4, 0.0, 0.0, 0.0, 0.0, 0.0, 0.0 ],
  "lightfield_0.0_0.0_0.0_y" : [ 0.0, 0.0, 0.0, 0.0, 0.0, 0.0589852, 0.11397424, 0.11487935, 0.11602313, 0.11588134, 0.115373254, 0.114298, 0.114269644, 0.098648965, 0.037666872, 0.0, 0.0, 0.0, 0.0, 0.0 ],
  "lightfield_0.0_0.0_0.0_x" : [ 0.03362582, 0.05230919, 0.052351728, 0.052306827, 0.05227138, 0.052247748, 0.05346479, 0.054653473, 0.054677106, 0.053195387, 0.05225011, 0.052254837, 0.052259564, 0.05231628, 0.052313916, 0.05127884, 0.047667887, 0.0471149, 0.04707, 0.03437022 ],
  "d1" : [ 0.0025479, 0.0645666, 0.1040806, 0.1301177, 0.1096878, 0.1184345, 0.0867523, 0.0877048, 0.0947953, 0.0347932, 0.0331851, 0.0323168, 0.0425111, 0.0088722, 0.0091931, 0.0061644, 0.0110585, 0.0100041, 0.0114912, 0.0017228 ],
  "d2" : [ 0.05459739, 0.08340874, 0.12093194, 0.07695181, 0.06581616, 0.061306965, 0.07184902, 0.13646956, 0.08465177, 0.064537235, 0.05814401, 0.037392166, 0.027466223, 0.019513227, 0.013060694, 0.010928019, 0.0081461305, 0.0034902128, 0.0013007284, 3.8006674E-5 ],
  "d3" : [ 0.036911264, 0.09288772, 0.1151484, 0.114995964, 0.103709206, 0.1086893, 0.10600053, 0.08017287, 0.052710127, 0.040158577, 0.03556044, 0.035021823, 0.02934504, 0.022035595, 0.0137998415, 0.0079146745, 0.0038053505, 0.0010400091, 9.015558E-5, 3.1192221E-6 ],
  "d4" : [ 1.0168289E-7, 1.5252434E-6, 5.694242E-6, 2.4505576E-5, 7.483861E-5, 2.4403894E-4, 7.4919953E-4, 0.0026015567, 0.011801926, 0.057765033, 0.7833254, 0.10998337, 0.026691353, 0.004834208, 0.0012970669, 4.1334095E-4, 1.3228944E-4, 4.1588304E-5, 1.088007E-5, 2.1353408E-6 ],
  "lightfield_0.0_0.8_0.0_y" : [ 0.0, 0.0, 0.0, 0.0, 0.0, 0.05130392, 0.11082652, 0.11330687, 0.11518303, 0.11712568, 0.11842657, 0.1164579, 0.11400646, 0.10345197, 0.039911076, 0.0, 0.0, 0.0, 0.0, 0.0 ],
  "lightfield_0.0_0.8_0.0_x" : [ 0.058094524, 0.058328684, 0.06290779, 0.06395428, 0.06449198, 0.06500944, 0.064928494, 0.06391959, 0.06398608, 0.063942716, 0.063902244, 0.0639167, 0.06398319, 0.06402077, 0.06389646, 0.045507763, 0.005209312, 0.0, 0.0, 0.0 ],
  "lightfield_0.8_0.0_0.0_x" : [ 0.034309056, 0.050018813, 0.050476752, 0.050893847, 0.05130664, 0.05171943, 0.05448213, 0.057206128, 0.057315774, 0.054611128, 0.052618112, 0.052592315, 0.052579414, 0.052620262, 0.052581564, 0.050997045, 0.047748454, 0.04696802, 0.044998657, 0.033956464 ],
  "lightfield_0.8_0.0_0.0_y" : [ 0.06842032, 0.09303735, 0.10516098, 0.10569417, 0.105881214, 0.106818594, 0.10636496, 0.104128994, 0.10327332, 0.08107928, 0.020140823, 0.0, 0.0, 0.0, 0.0, 0.0, 0.0, 0.0, 0.0, 0.0 ],
  "lightfield_0.0_0.6_0.0_x" : [ 0.026023194, 0.063334264, 0.0695816, 0.07182961, 0.0795192, 0.07962958, 0.07978042, 0.08439418, 0.082595035, 0.08135881, 0.08125579, 0.08137721, 0.07350734, 0.039551724, 0.0062620495, 0.0, 0.0, 0.0, 0.0, 0.0 ],
  "lightfield_0.0_0.6_0.0_y" : [ 0.0, 0.0, 0.0, 0.0, 0.0, 0.041442845, 0.10857408, 0.114019334, 0.1212711, 0.12595108, 0.12868474, 0.1227943, 0.11615697, 0.09104623, 0.03005931, 0.0, 0.0, 0.0, 0.0, 0.0 ],
  "lightfield_0.6_0.0_0.0_y" : [ 0.0, 0.01003656, 0.085198544, 0.111915246, 0.119644776, 0.117953114, 0.117072284, 0.11785417, 0.1179145, 0.117827624, 0.08351171, 0.0010714673, 0.0, 0.0, 0.0, 0.0, 0.0, 0.0, 0.0, 0.0 ],
  "lightfield_0.6_0.0_0.0_x" : [ 0.034786493, 0.051859986, 0.051840678, 0.051850334, 0.051859986, 0.051881704, 0.05283251, 0.054014985, 0.054058425, 0.052629802, 0.051852744, 0.05181896, 0.051831026, 0.051835854, 0.051758632, 0.05106845, 0.046611242, 0.04599346, 0.045238122, 0.044376608 ],
  "lightfield_0.0_0.4_0.0_x" : [ 0.0, 0.0, 0.020530544, 0.08213501, 0.093828864, 0.09255853, 0.08975697, 0.09046271, 0.09592041, 0.09553974, 0.09555685, 0.09504786, 0.07869186, 0.039495632, 0.02625771, 0.004217316, 0.0, 0.0, 0.0, 0.0 ],
  "lightfield_0.0_0.4_0.0_y" : [ 0.0, 0.0, 0.0, 0.0, 0.0, 0.03800289, 0.09807612, 0.11676319, 0.13370517, 0.13360251, 0.12342279, 0.112815335, 0.10723359, 0.10103594, 0.035342474, 0.0, 0.0, 0.0, 0.0, 0.0 ],
  "lightfield_0.0_0.2_0.0_y" : [ 0.0, 0.0, 0.0, 0.0, 0.0, 0.053139262, 0.10080487, 0.116230376, 0.122940175, 0.12296274, 0.11895592, 0.114818715, 0.11272253, 0.09975177, 0.037673637, 0.0, 0.0, 0.0, 0.0, 0.0 ],
  "lightfield_0.0_0.2_0.0_x" : [ 0.033782158, 0.04794895, 0.04927536, 0.053695902, 0.055967603, 0.05974625, 0.059703626, 0.056662153, 0.055609047, 0.055619076, 0.05556391, 0.05556391, 0.055543855, 0.055573944, 0.05558648, 0.052865956, 0.050042626, 0.04909483, 0.029905722, 0.012248633 ],
  "a3" : [ 0.21093479, 0.15099733, 0.11385383, 0.08944319, 0.06478846, 0.060076218, 0.042537637, 0.0, 0.0, 0.0, 0.0, 0.0, 0.0, 0.018186675, 0.030952545, 0.03349622, 0.03799786, 0.04312516, 0.047864463, 0.05574563 ],
  "lightfield_0.4_0.0_0.0_y" : [ 0.0, 0.0, 0.0, 0.029216755, 0.10823847, 0.11936107, 0.11925306, 0.11924324, 0.119584456, 0.12034789, 0.1192997, 0.11667309, 0.02878226, 0.0, 0.0, 0.0, 0.0, 0.0, 0.0, 0.0 ],
  "lightfield_0.4_0.0_0.0_x" : [ 0.02843368, 0.052357934, 0.052362844, 0.052357934, 0.052301478, 0.052330934, 0.052357934, 0.052387394, 0.052367754, 0.05237512, 0.05241194, 0.052350573, 0.0523653, 0.0523653, 0.052367754, 0.051955353, 0.046591666, 0.046461564, 0.047129262, 0.04636828 ],