{
  "eccentricity_minmax" : 0.0068538976,
  "compactness" : 7.1041737,
  "eccentricity" : 4.2162557,
  "compactness_standardized" : -0.06506419,
  "convexity_minmax" : 0.46328607,
  "diameter_standardized" : 0.098726556,
  "surface_area_minmax" : 0.11221726,
  "convexity" : 0.8872409,
  "diameter_minmax" : 0.124144375,
  "rectangularity _standardized" : 0.14227507,
  "convexity_standardized" : 1.97962,
  "diameter" : 1.0658516,
  "surface_area" : 2.3063328,
  "rectangularity " : 0.026361005,
  "compactness_minmax" : 1.6883168E-6,
  "surface_area_standardized" : 0.43679148,
  "rectangularity _minmax" : 0.04750418,
  "eccentricity_standardized" : -0.21924476,
  "lightfield_0.0_0.0_0.6_y" : [ 0.012512955, 0.039361436, 0.05577735, 0.055930506, 0.055935614, 0.05590243, 0.055882007, 0.05590243, 0.057893474, 0.05835039, 0.058164053, 0.05590243, 0.055910088, 0.05590243, 0.054968167, 0.053194094, 0.052086256, 0.050286658, 0.04179919, 0.01833804 ],
  "lightfield_0.0_0.0_0.6_x" : [ 0.0, 0.0, 0.0, 2.2973602E-5, 0.018825589, 0.052502334, 0.08090792, 0.108284794, 0.12407276, 0.12248758, 0.122204244, 0.11670844, 0.097747564, 0.076144725, 0.055713534, 0.022909785, 0.0014677579, 0.0, 0.0, 0.0 ],
  "lightfield_0.0_0.0_0.8_y" : [ 5.224686E-4, 0.009597941, 0.021721147, 0.033776626, 0.04596756, 0.058487453, 0.07113313, 0.08136964, 0.08225252, 0.08230573, 0.08150026, 0.07955551, 0.08202756, 0.077141516, 0.06362748, 0.052933805, 0.04120487, 0.024195615, 0.010093803, 5.853583E-4 ],
  "lightfield_0.0_0.0_0.8_x" : [ 0.0063034864, 0.020356923, 0.034882035, 0.047411602, 0.058736593, 0.06525294, 0.065281965, 0.065415, 0.06859577, 0.068709455, 0.068750575, 0.068835236, 0.06899004, 0.071822494, 0.06950525, 0.05531394, 0.04222804, 0.029826665, 0.017824402, 0.0059575927 ],
  "lightfield_0.0_0.0_0.2_y" : [ 0.0, 6.433357E-4, 0.011177638, 0.025095219, 0.039663825, 0.05776437, 0.0693034, 0.08205734, 0.096408084, 0.1016086, 0.09702579, 0.0969976, 0.08920324, 0.0751575, 0.06269063, 0.048714098, 0.03209502, 0.013199916, 0.0011944001, 0.0 ],
  "lightfield_0.0_0.0_0.2_x" : [ 0.0068895873, 0.020714898, 0.03473244, 0.049490713, 0.062395874, 0.06414647, 0.06409777, 0.06410802, 0.06414134, 0.06440534, 0.06694792, 0.06696586, 0.06436689, 0.060991302, 0.061011806, 0.06096823, 0.05339943, 0.038474552, 0.024395496, 0.0073560695 ],
  "lightfield_0.0_0.0_0.4_y" : [ 0.009140532, 0.027232647, 0.04668941, 0.059081484, 0.059165463, 0.060081355, 0.06190264, 0.06189214, 0.059845164, 0.05926519, 0.059249442, 0.059238944, 0.059210077, 0.058693085, 0.056236714, 0.05628133, 0.05575646, 0.04726414, 0.03252854, 0.011245243 ],
  "lightfield_0.0_0.0_0.4_x" : [ 0.0, 0.0, 0.0, 0.008484451, 0.027303504, 0.046127804, 0.06490749, 0.08391287, 0.10151686, 0.11506889, 0.12881249, 0.117105365, 0.099013254, 0.08568429, 0.0642934, 0.04129642, 0.015795827, 6.770765E-4, 0.0, 0.0 ],
  "lightfield_0.0_0.0_0.0_y" : [ 0.0, 0.0, 0.0, 0.0, 0.0, 0.0589852, 0.11397424, 0.11487935, 0.11602313, 0.11588134, 0.115373254, 0.114298, 0.114269644, 0.098648965, 0.037666872, 0.0, 0.0, 0.0, 0.0, 0.0 ],
  "lightfield_0.0_0.0_0.0_x" : [ 0.03362582, 0.05230919, 0.052351728, 0.052306827, 0.05227138, 0.052247748, 0.05346479, 0.054653473, 0.054677106, 0.053195387, 0.05225011, 0.052254837, 0.052259564, 0.05231628, 0.052313916, 0.05127884, 0.047667887, 0.0471149, 0.04707, 0.03437022 ],
  "d1" : [ 0.0025465, 0.0646915, 0.1042679, 0.1301295, 0.1096905, 0.1183727, 0.0868535, 0.0875781, 0.09474, 0.034966, 0.0330781, 0.0321255, 0.0423976, 0.0088887, 0.0092171, 0.0061341, 0.0110965, 0.0100825, 0.0114465, 0.0016972 ],
  "d2" : [ 0.056273583, 0.08606021, 0.124043085, 0.07954047, 0.067458645, 0.061704036, 0.07300952, 0.13296674, 0.0831634, 0.06282183, 0.05670856, 0.03592851, 0.025938556, 0.018665478, 0.012313362, 0.01059266, 0.0077226562, 0.0037625607, 0.0012951274, 3.1005446E-5 ],
  "d3" : [ 0.038444918, 0.0961463, 0.117815234, 0.11600277, 0.10719227, 0.11089479, 0.101451196, 0.06990147, 0.050614312, 0.042675186, 0.040917452, 0.038042337, 0.028758423, 0.020409374, 0.011633491, 0.0068666157, 0.0020174324, 2.0727735E-4, 8.854567E-6, 3.018602E-7 ],
  "d4" : [ 1.5252434E-6, 5.389193E-6, 2.3082017E-5, 7.78891E-5, 2.3519254E-4, 8.383755E-4, 0.0034219343, 0.016703347, 0.0690862, 0.7835652, 0.09459682, 0.024929086, 0.0048481384, 0.0011993498, 3.2355497E-4, 9.670043E-5, 3.4165452E-5, 1.0371655E-5, 3.1521697E-6, 5.084145E-7 ],
  "lightfield_0.0_0.8_0.0_y" : [ 0.0, 0.0, 0.0, 0.0, 0.0, 0.017957395, 0.10328954, 0.119074225, 0.1251703, 0.12793179, 0.12952355, 0.12377395, 0.120731115, 0.09490091, 0.037647225, 0.0, 0.0, 0.0, 0.0, 0.0 ],
  "lightfield_0.0_0.8_0.0_x" : [ 0.02249559, 0.04269343, 0.04435031, 0.049711738, 0.050277058, 0.050305717, 0.054130096, 0.05531805, 0.0557974, 0.056308012, 0.056117836, 0.055364944, 0.05535192, 0.055312842, 0.055341497, 0.05538318, 0.055375364, 0.05535713, 0.053155765, 0.021852115 ],
  "lightfield_0.8_0.0_0.0_x" : [ 0.035136085, 0.05203833, 0.052080873, 0.052102145, 0.052089382, 0.052042585, 0.054348405, 0.05667762, 0.056664858, 0.053999554, 0.052074492, 0.052093636, 0.052110653, 0.052085128, 0.05196388, 0.05041745, 0.047241632, 0.046533294, 0.044625252, 0.03367474 ],
  "lightfield_0.8_0.0_0.0_y" : [ 0.0, 0.0, 0.0, 0.0, 0.015513225, 0.072988525, 0.094832115, 0.104172386, 0.10457654, 0.10485307, 0.10573158, 0.10493177, 0.102987565, 0.10159004, 0.074964635, 0.012858556, 0.0, 0.0, 0.0, 0.0 ],
  "lightfield_0.0_0.6_0.0_x" : [ 0.03289047, 0.044910777, 0.04812015, 0.05002316, 0.051055275, 0.0561306, 0.056656845, 0.056553077, 0.05634925, 0.059345525, 0.059549354, 0.058465358, 0.057735283, 0.057705633, 0.057663016, 0.05770193, 0.05741842, 0.045390703, 0.027216632, 0.009118536 ],
  "lightfield_0.0_0.6_0.0_y" : [ 0.0, 0.0, 0.016717624, 0.0636778, 0.077936515, 0.08030833, 0.084603556, 0.087207, 0.0895992, 0.09188393, 0.08939908, 0.0865844, 0.08419775, 0.07396001, 0.054820538, 0.018991236, 1.1303204E-4, 0.0, 0.0, 0.0 ],
  "lightfield_0.6_0.0_0.0_y" : [ 0.0, 0.0, 0.0, 0.0, 0.0, 0.032372445, 0.09947634, 0.1180083, 0.1197257, 0.116884276, 0.11732086, 0.11785875, 0.11785152, 0.115371905, 0.045129903, 0.0, 0.0, 0.0, 0.0, 0.0 ],
  "lightfield_0.6_0.0_0.0_x" : [ 0.034839995, 0.051912654, 0.05190783, 0.05186441, 0.051835466, 0.051857177, 0.052807532, 0.05395568, 0.05393156, 0.052566327, 0.05189577, 0.051893357, 0.05184753, 0.05184029, 0.05180411, 0.051044308, 0.046589207, 0.045971718, 0.045233622, 0.044401456 ],
  "lightfield_0.0_0.4_0.0_x" : [ 0.03889573, 0.05234363, 0.056141295, 0.062385768, 0.05883781, 0.056852274, 0.057270188, 0.05734649, 0.059581738, 0.061017565, 0.06084069, 0.060779996, 0.06083202, 0.06085803, 0.059951097, 0.05169681, 0.035229854, 0.019834567, 0.016702794, 0.0126016615 ],
  "lightfield_0.0_0.4_0.0_y" : [ 0.0, 0.0067005395, 0.036608458, 0.05943087, 0.07141519, 0.07463887, 0.0850313, 0.0849446, 0.08527234, 0.083118595, 0.07414986, 0.07191115, 0.06966549, 0.06741637, 0.06507708, 0.056874815, 0.007744464, 0.0, 0.0, 0.0 ],
  "lightfield_0.0_0.2_0.0_y" : [ 0.0, 0.0, 0.0, 0.0, 0.0, 0.057864364, 0.10170491, 0.11593686, 0.12224014, 0.12225253, 0.11797601, 0.11406619, 0.11207163, 0.098942265, 0.036945086, 0.0, 0.0, 0.0, 0.0, 0.0 ],
  "lightfield_0.0_0.2_0.0_x" : [ 0.03360266, 0.047554627, 0.04896444, 0.05329052, 0.05539409, 0.059375767, 0.059363376, 0.056516495, 0.05523056, 0.055240475, 0.05525782, 0.05527516, 0.05525534, 0.05522313, 0.055205785, 0.05308239, 0.049665634, 0.049358398, 0.033193838, 0.013949489 ],
  "a3" : [ 0.21848692, 0.15639961, 0.11578754, 0.08666015, 0.06381194, 0.05698638, 0.041761052, 0.0, 0.0, 0.0, 0.0, 0.0, 0.0, 0.017999522, 0.029963752, 0.03196428, 0.036194045, 0.04230621, 0.047000643, 0.054677952 ],
  "lightfield_0.4_0.0_0.0_y" : [ 0.0, 0.0, 0.0, 0.0, 0.0, 0.027201949, 0.107923895, 0.11938756, 0.119274616, 0.11926725, 0.11959626, 0.12036721, 0.11935318, 0.116814435, 0.030813653, 0.0, 0.0, 0.0, 0.0, 0.0 ],