{
  "eccentricity_minmax" : 0.0053886687,
  "compactness" : 591.41766,
  "eccentricity" : 3.528839,
  "compactness_standardized" : -0.06116368,
  "convexity_minmax" : 0.10623008,
  "diameter_standardized" : -0.48497793,
  "surface_area_minmax" : 0.16102207,
  "convexity" : 0.2042319,
  "diameter_minmax" : 0.030021247,
  "rectangularity _standardized" : -0.2660724,
  "convexity_standardized" : -0.46563715,
  "diameter" : 1.0159246,
  "surface_area" : 3.3025029,
  "rectangularity " : 0.006723801,
  "compactness_minmax" : 1.5012412E-4,
  "surface_area_standardized" : 1.0463583,
  "rectangularity _minmax" : 0.012116672,
  "eccentricity_standardized" : -0.25032005,
  "lightfield_0.0_0.0_0.6_y" : [ 0.0015191053, 0.0023581244, 0.0031343095, 0.0072111296, 0.018092506, 0.049598232, 0.07088049, 0.092809565, 0.09548556, 0.06784598, 0.059034426, 0.035841275, 0.03526468, 0.048064344, 0.07136098, 0.08035365, 0.09409212, 0.081699036, 0.05589642, 0.029458076 ],
  "lightfield_0.0_0.0_0.6_x" : [ 0.0, 0.0, 0.0, 0.01054503, 0.03508357, 0.05208572, 0.078723654, 0.09280587, 0.12310296, 0.13080569, 0.14217125, 0.113204755, 0.09228102, 0.061455384, 0.04740643, 0.019474855, 8.5380365E-4, 0.0, 0.0, 0.0 ],
  "lightfield_0.0_0.0_0.8_y" : [ 0.0, 9.539389E-5, 0.01812484, 0.04930804, 0.060214743, 0.061652716, 0.060080484, 0.05811608, 0.093666196, 0.12594819, 0.12458442, 0.08444832, 0.061822306, 0.056236465, 0.05320859, 0.049353972, 0.032663573, 0.010475663, 0.0, 0.0 ],
  "lightfield_0.0_0.0_0.8_x" : [ 0.015333684, 0.041259624, 0.059423327, 0.0650551, 0.059342064, 0.06999438, 0.08124733, 0.09925911, 0.09822037, 0.08303508, 0.06651074, 0.060207676, 0.06719969, 0.06498797, 0.039637927, 0.015552737, 0.005921487, 0.0022717877, 0.0037839576, 0.0017559541 ],
  "lightfield_0.0_0.0_0.2_y" : [ 6.9988513E-4, 0.0023890594, 0.007190803, 0.022641432, 0.033485223, 0.04841906, 0.05286643, 0.05563644, 0.072049774, 0.103379235, 0.1243876, 0.120338894, 0.09772995, 0.07229193, 0.047072444, 0.046960223, 0.043236364, 0.03185511, 0.017033491, 3.366536E-4 ],
  "lightfield_0.0_0.0_0.2_x" : [ 0.0014735978, 0.002755244, 0.019968875, 0.04052837, 0.06347988, 0.064785145, 0.06076893, 0.05806684, 0.066128805, 0.06779436, 0.060813226, 0.06040865, 0.06775597, 0.07455105, 0.064542994, 0.059014786, 0.05962017, 0.05384686, 0.03888054, 0.014815711 ],
  "lightfield_0.0_0.0_0.4_y" : [ 0.0016283257, 0.0023564713, 0.0034006801, 0.0034366874, 0.006333267, 0.016963392, 0.05940388, 0.06922185, 0.09085817, 0.090330064, 0.07468694, 0.06504501, 0.047069415, 0.048321664, 0.071610324, 0.07588718, 0.094622925, 0.082432486, 0.06325665, 0.033134628 ],
  "lightfield_0.0_0.0_0.4_x" : [ 0.0, 0.0, 0.0, 0.01259852, 0.037203442, 0.044792958, 0.063820764, 0.083024606, 0.1324825, 0.1355711, 0.1305061, 0.12025605, 0.09487498, 0.054170836, 0.044368874, 0.035823166, 0.010506101, 0.0, 0.0, 0.0 ],
  "lightfield_0.0_0.0_0.0_y" : [ 0.0, 0.0, 0.0, 0.0, 0.006643788, 0.05683451, 0.08120321, 0.092166275, 0.14655414, 0.14039072, 0.13721132, 0.12638667, 0.078003444, 0.077922024, 0.050418697, 0.0062651895, 0.0, 0.0, 0.0, 0.0 ],
  "lightfield_0.0_0.0_0.0_x" : [ 0.0015998827, 0.0021942412, 0.0034399515, 0.0021453898, 0.011638842, 0.018811854, 0.04305435, 0.09981152, 0.099787086, 0.09815464, 0.069263116, 0.03570629, 0.035685934, 0.045179386, 0.038836848, 0.08876296, 0.09881006, 0.09888334, 0.080999665, 0.027234646 ],
  "d1" : [ 0.0035296, 0.0077972, 0.015386, 0.0133034, 0.0431018, 0.0966744, 0.1338808, 0.1474627, 0.1105422, 0.0703943, 0.0624019, 0.0451401, 0.055335, 0.0488138, 0.052761, 0.0427495, 0.0241633, 0.0106043, 0.010532, 0.0054267 ],
  "d2" : [ 0.017581487, 0.039835393, 0.05513078, 0.08104463, 0.09621599, 0.10204982, 0.10289937, 0.08518836, 0.07967819, 0.08458456, 0.08365469, 0.07050178, 0.04647886, 0.021654202, 0.010987429, 0.008155732, 0.0064736367, 0.0047126277, 0.002590955, 5.815021E-4 ],
  "d3" : [ 0.0030211175, 0.01908813, 0.043191466, 0.061464373, 0.08030669, 0.101116635, 0.11155063, 0.11137827, 0.11077475, 0.1033673, 0.08887922, 0.06792911, 0.045483895, 0.025832694, 0.013593973, 0.0076355543, 0.003636007, 0.0013762814, 3.4251073E-4, 3.139346E-5 ],
  "d4" : [ 3.4572183E-6, 2.6945967E-5, 1.2425649E-4, 4.648942E-4, 0.0013391637, 0.0035768992, 0.009661298, 0.029059954, 0.09878005, 0.49307907, 0.2667775, 0.06611706, 0.019948862, 0.006960499, 0.0026397896, 0.001023845, 3.2426673E-4, 7.7584045E-5, 1.3117093E-5, 1.5252434E-6 ],
  "lightfield_0.0_0.8_0.0_y" : [ 0.0, 0.0, 0.0, 0.0, 0.034894492, 0.09561294, 0.097171314, 0.109354965, 0.12298074, 0.099005766, 0.10063316, 0.093749434, 0.09801044, 0.092042126, 0.048640147, 0.007904477, 0.0, 0.0, 0.0, 0.0 ],
  "lightfield_0.0_0.8_0.0_x" : [ 0.03689604, 0.09218016, 0.094781086, 0.09265966, 0.07532503, 0.04511292, 0.0706717, 0.09377123, 0.09463578, 0.09142822, 0.07829647, 0.06433286, 0.036561843, 0.006331574, 0.004733242, 0.005078336, 0.0064550815, 0.0048313215, 0.004326394, 0.0015910668 ],
  "lightfield_0.8_0.0_0.0_x" : [ 0.002021906, 0.0044675646, 0.0038057033, 0.0051455693, 0.012857869, 0.018717764, 0.04023633, 0.10508261, 0.1052844, 0.09814114, 0.06508842, 0.034093935, 0.034097973, 0.044316467, 0.03952604, 0.086481884, 0.09744699, 0.097568065, 0.078995585, 0.02662378 ],
  "lightfield_0.8_0.0_0.0_y" : [ 0.0, 0.0, 0.0, 0.0, 0.0063562915, 0.058223628, 0.082272604, 0.098250106, 0.14518577, 0.14906007, 0.14028235, 0.10678166, 0.07764765, 0.076897, 0.051318478, 0.007724407, 0.0, 0.0, 0.0, 0.0 ],
  "lightfield_0.0_0.6_0.0_x" : [ 0.01877939, 0.03752092, 0.05672436, 0.083881274, 0.10816323, 0.10811022, 0.100335956, 0.0900073, 0.08169539, 0.06822169, 0.0562473, 0.058064662, 0.03664253, 0.041334853, 0.022883596, 0.004689799, 0.0047200886, 0.006426388, 0.008203363, 0.007347689 ],
  "lightfield_0.0_0.6_0.0_y" : [ 0.0019435659, 0.03233387, 0.06366314, 0.07378483, 0.07119257, 0.062517196, 0.08602677, 0.08057469, 0.05672436, 0.047380097, 0.047498733, 0.047635034, 0.054588962, 0.07357281, 0.07062212, 0.05930905, 0.040244434, 0.028931366, 0.0014564124, 0.0 ],
  "lightfield_0.6_0.0_0.0_y" : [ 0.0, 0.0, 0.0, 0.0, 0.0022706566, 0.056832504, 0.08527, 0.09300723, 0.13486095, 0.16251953, 0.15812457, 0.11863591, 0.092124455, 0.05077585, 0.038553957, 0.0070244013, 0.0, 0.0, 0.0, 0.0 ],
  "lightfield_0.6_0.0_0.0_x" : [ 0.003885136, 0.008879636, 0.010036208, 0.010961465, 0.03203467, 0.042575993, 0.04754689, 0.107183486, 0.11439672, 0.09275703, 0.049194414, 0.025944967, 0.02657282, 0.046895433, 0.04173571, 0.074454874, 0.08782862, 0.088475354, 0.06654771, 0.022092875 ],
  "lightfield_0.0_0.4_0.0_x" : [ 0.010633415, 0.021420319, 0.029056422, 0.055185176, 0.06194298, 0.06262373, 0.06150525, 0.05728855, 0.060966615, 0.059450194, 0.05494073, 0.05566696, 0.0591958, 0.062103573, 0.06262373, 0.061414294, 0.056225494, 0.049307093, 0.041604195, 0.016845478 ],
  "lightfield_0.0_0.4_0.0_y" : [ 0.009314542, 0.02843678, 0.05224187, 0.06115137, 0.062150475, 0.064197004, 0.06388718, 0.062426187, 0.060375396, 0.05999025, 0.060194902, 0.058262073, 0.059535466, 0.057992045, 0.057091005, 0.058321763, 0.05586735, 0.04133985, 0.021785567, 0.0054389304 ],
  "lightfield_0.0_0.2_0.0_y" : [ 0.0, 0.0, 0.013035399, 0.05061363, 0.0702865, 0.06828642, 0.0802334, 0.102052875, 0.10445529, 0.103434324, 0.10392271, 0.08597549, 0.06775849, 0.066328205, 0.05436959, 0.026982462, 0.0022652058, 0.0, 0.0, 0.0 ],
  "lightfield_0.0_0.2_0.0_x" : [ 0.004900194, 0.016354134, 0.04099232, 0.06868643, 0.074302934, 0.0754495, 0.0752053, 0.06376531, 0.049222875, 0.033673424, 0.026970834, 0.027233634, 0.0372224, 0.053006746, 0.07254938, 0.074458756, 0.07369361, 0.06524211, 0.048629828, 0.018440263 ],
  "a3" : [ 0.08607685, 0.14318366, 0.146823, 0.12918903, 0.11393985, 0.104461245, 0.061381865, 0.0, 0.0, 0.0, 0.0, 0.0, 0.0, 0.0012746551, 0.007612512, 0.015726816, 0.024853863, 0.03721242, 0.053949162, 0.07431506 ],