{
  "eccentricity_minmax" : 0.015987884,
  "compactness" : 20.249626,
  "eccentricity" : 8.501493,
  "compactness_standardized" : -0.06496019,
  "convexity_minmax" : 0.2148157,
  "diameter_standardized" : -0.3429621,
  "surface_area_minmax" : 0.0717214,
  "convexity" : 0.41194433,
  "diameter_minmax" : 0.053026263,
  "rectangularity _standardized" : -0.30621237,
  "convexity_standardized" : 0.27716675,
  "diameter" : 1.0281274,
  "surface_area" : 1.4797592,
  "rectangularity " : 0.0048170313,
  "compactness_minmax" : 5.027716E-6,
  "surface_area_standardized" : -0.06933442,
  "rectangularity _minmax" : 0.008680549,
  "eccentricity_standardized" : -0.025384381,
  "lightfield_0.0_0.0_0.6_y" : [ 0.01779492, 0.043264225, 0.05247776, 0.053986374, 0.054239847, 0.054725412, 0.053977214, 0.05295722, 0.05184866, 0.05157076, 0.052483868, 0.05264267, 0.053396977, 0.05281063, 0.054249007, 0.054139066, 0.05454218, 0.054517746, 0.051039387, 0.03333608 ],
  "lightfield_0.0_0.0_0.6_x" : [ 0.0, 0.0, 0.0, 0.0062329555, 0.032710038, 0.057434198, 0.0816789, 0.10821095, 0.13127075, 0.14902596, 0.1381725, 0.1102601, 0.08324248, 0.058567185, 0.035806667, 0.0073873196, 0.0, 0.0, 0.0, 0.0 ],
  "lightfield_0.0_0.0_0.8_y" : [ 0.0, 4.257778E-4, 0.0133116385, 0.030026458, 0.047337368, 0.062172685, 0.07653964, 0.08428576, 0.08548098, 0.087509505, 0.08722059, 0.0868313, 0.08594325, 0.07847085, 0.066707216, 0.05071926, 0.036081627, 0.01925428, 0.0016818224, 0.0 ],
  "lightfield_0.0_0.0_0.8_x" : [ 0.018852834, 0.036121164, 0.05057936, 0.060037713, 0.06310635, 0.06264712, 0.062367324, 0.06130288, 0.061603967, 0.060791947, 0.061883762, 0.062200055, 0.061594844, 0.0614002, 0.062273044, 0.06067942, 0.04731304, 0.030211976, 0.014303093, 7.299048E-4 ],
  "lightfield_0.0_0.0_0.2_y" : [ 0.0, 5.286087E-4, 0.013868382, 0.030519556, 0.047328703, 0.06217228, 0.07646598, 0.08309181, 0.08395156, 0.08645789, 0.08585334, 0.085254855, 0.08484473, 0.07980776, 0.067482665, 0.051584914, 0.037221342, 0.02097118, 0.0025944356, 0.0 ],
  "lightfield_0.0_0.0_0.2_x" : [ 0.00838179, 0.024531696, 0.041204136, 0.05747556, 0.06289228, 0.062038608, 0.06176519, 0.062412277, 0.062400125, 0.061227467, 0.061920125, 0.061631516, 0.0625824, 0.063226454, 0.063888736, 0.061379366, 0.05342897, 0.03976717, 0.023492705, 0.0043534264 ],
  "lightfield_0.0_0.0_0.4_y" : [ 0.018121734, 0.043974552, 0.052506566, 0.053707954, 0.053906657, 0.054585308, 0.053949457, 0.052867286, 0.051629215, 0.05132352, 0.05232009, 0.052375115, 0.05335946, 0.0526105, 0.05398308, 0.053839404, 0.05427044, 0.054438572, 0.051598646, 0.034632444 ],
  "lightfield_0.0_0.0_0.4_x" : [ 0.0, 0.0, 0.0, 0.0016140817, 0.025751939, 0.052093875, 0.07540329, 0.103490755, 0.13240054, 0.15094109, 0.13864595, 0.11720434, 0.089135215, 0.063854046, 0.038499516, 0.010965361, 0.0, 0.0, 0.0, 0.0 ],
  "lightfield_0.0_0.0_0.0_y" : [ 0.0, 0.0, 0.0, 0.0, 0.0, 0.0, 0.050387327, 0.14995244, 0.15101002, 0.15121365, 0.15116502, 0.15113463, 0.14989774, 0.045239188, 0.0, 0.0, 0.0, 0.0, 0.0, 0.0 ],
  "lightfield_0.0_0.0_0.0_x" : [ 0.047023106, 0.049788635, 0.049967937, 0.05116228, 0.05218036, 0.052168205, 0.05064868, 0.049715698, 0.04679214, 0.049466494, 0.049569823, 0.049700502, 0.050095577, 0.05107415, 0.04995274, 0.05086142, 0.052110463, 0.05211958, 0.05127169, 0.044330515 ],
  "d1" : [ 0.01505, 0.0240549, 0.0284697, 0.0326475, 0.0747153, 0.0653901, 0.0447922, 0.0446863, 0.0689842, 0.0486972, 0.0508453, 0.040246, 0.03958, 0.0377284, 0.0393566, 0.0349734, 0.0888999, 0.0668515, 0.0363422, 0.1176893 ],
  "d2" : [ 0.013362247, 0.03901885, 0.05899826, 0.07395098, 0.084873304, 0.092812695, 0.093857884, 0.07994784, 0.06418517, 0.05363162, 0.050488066, 0.059745193, 0.04392471, 0.038528766, 0.035512134, 0.031022048, 0.026320921, 0.02072674, 0.03387905, 0.0052135154 ],
  "d3" : [ 0.0016301458, 0.008740765, 0.021935277, 0.039278455, 0.0573632, 0.07475528, 0.08997266, 0.0997474, 0.10325199, 0.100570366, 0.09457763, 0.08522087, 0.07310692, 0.0584503, 0.0418497, 0.0270833, 0.015174211, 0.006254644, 0.0010073076, 2.9582301E-5 ],
  "d4" : [ 4.067316E-6, 2.4302211E-5, 1.2710362E-4, 5.446136E-4, 0.0019089946, 0.0059486525, 0.016998125, 0.04625026, 0.124860086, 0.4156098, 0.25316396, 0.0856474, 0.03180946, 0.011531755, 0.003950177, 0.0012236519, 3.1104797E-4, 7.0466245E-5, 1.3727191E-5, 2.3387065E-6 ],
  "lightfield_0.0_0.8_0.0_y" : [ 0.0, 0.0, 0.0, 0.0, 0.0, 0.0, 0.05308521, 0.14920242, 0.15013392, 0.15016907, 0.15017259, 0.15010932, 0.14924109, 0.047886364, 0.0, 0.0, 0.0, 0.0, 0.0, 0.0 ],
  "lightfield_0.0_0.8_0.0_x" : [ 0.016619448, 0.0600135, 0.060273618, 0.060009982, 0.059440535, 0.05797825, 0.057665404, 0.06006974, 0.057767343, 0.0573385, 0.057349045, 0.060182225, 0.060192768, 0.059922107, 0.058885146, 0.05785522, 0.057514254, 0.04092293, 0.0, 0.0 ],
  "lightfield_0.8_0.0_0.0_x" : [ 0.04076904, 0.04568429, 0.04616664, 0.052398738, 0.058497667, 0.058027152, 0.050596576, 0.046980422, 0.045619186, 0.0508925, 0.050871782, 0.05091913, 0.050969437, 0.049756162, 0.047447976, 0.049294524, 0.057198577, 0.057530005, 0.051404443, 0.038975757 ],
  "lightfield_0.8_0.0_0.0_y" : [ 0.0, 0.0, 0.0, 0.0, 0.0, 2.9592102E-6, 0.053336807, 0.14039677, 0.14674132, 0.14736867, 0.14704612, 0.14656968, 0.14408691, 0.053150374, 0.021300396, 0.0, 0.0, 0.0, 0.0, 0.0 ],
  "lightfield_0.0_0.6_0.0_x" : [ 0.0, 0.0, 0.0, 0.0014978168, 0.033079017, 0.09884922, 0.11094543, 0.1135198, 0.11474346, 0.11524497, 0.116040684, 0.112202525, 0.10950779, 0.07436928, 0.0, 0.0, 0.0, 0.0, 0.0, 0.0 ],
  "lightfield_0.0_0.6_0.0_y" : [ 0.0, 0.0, 0.0, 0.0, 0.0, 0.0, 0.06509485, 0.15490368, 0.14164399, 0.14142333, 0.14168411, 0.1416373, 0.15364659, 0.059966166, 0.0, 0.0, 0.0, 0.0, 0.0, 0.0 ],
  "lightfield_0.6_0.0_0.0_y" : [ 0.0, 0.0, 0.0, 0.0, 0.0, 0.0, 0.038908385, 0.08107123, 0.18239065, 0.19024056, 0.19488305, 0.18555492, 0.069163054, 0.050549924, 0.0072382223, 0.0, 0.0, 0.0, 0.0, 0.0 ],
  "lightfield_0.6_0.0_0.0_x" : [ 0.030293882, 0.039821986, 0.04036309, 0.049961768, 0.063328564, 0.062430646, 0.04702884, 0.04273923, 0.047279786, 0.05845864, 0.058270432, 0.058043014, 0.057294097, 0.05383575, 0.046672024, 0.04440175, 0.060360342, 0.060607366, 0.04714255, 0.03166624 ],
  "lightfield_0.0_0.4_0.0_x" : [ 0.0, 0.0, 0.0, 0.0, 0.0073508043, 0.07211869, 0.12045537, 0.12056878, 0.12005841, 0.12156826, 0.12161788, 0.12081688, 0.121320166, 0.074124746, 0.0, 0.0, 0.0, 0.0, 0.0, 0.0 ],
  "lightfield_0.0_0.4_0.0_y" : [ 0.0, 0.0, 0.0, 0.0, 0.0, 0.0, 0.062428672, 0.14800848, 0.14611584, 0.14376245, 0.14440751, 0.1458323, 0.14889455, 0.060550213, 0.0, 0.0, 0.0, 0.0, 0.0, 0.0 ],
  "lightfield_0.0_0.2_0.0_y" : [ 0.0, 0.0, 0.0, 0.0, 0.0, 0.0, 0.051466327, 0.15000845, 0.15140119, 0.14954782, 0.1498681, 0.151394, 0.15003365, 0.04628047, 0.0, 0.0, 0.0, 0.0, 0.0, 0.0 ],
  "lightfield_0.0_0.2_0.0_x" : [ 0.0, 0.03569642, 0.05739714, 0.061096694, 0.061899226, 0.06156094, 0.06060006, 0.059196535, 0.058627926, 0.05855235, 0.058660313, 0.058858246, 0.058919426, 0.06269456, 0.061755273, 0.061553743, 0.06063965, 0.055856854, 0.0064346404, 0.0 ],
  "a3" : [ 0.14076084, 0.18084556, 0.13032512, 0.09220763, 0.07364343, 0.06956479, 0.04664193, 0.0, 0.0, 0.0, 0.0, 0.0, 0.0, 0.0033375677, 0.017201202, 0.03126346, 0.043560844, 0.050570842, 0.055460777, 0.064615995 ],
  "lightfield_0.4_0.0_0.0_y" : [ 0.0, 0.0, 0.0, 0.0, 0.0, 0.0, 0.03780928, 0.07941171, 0.18214223, 0.19147527, 0.1960097, 0.18579736, 0.069297954, 0.050781697, 0.0072748065, 0.0, 0.0, 0.0, 0.0, 0.0 ],
  "lightfield_0.4_0.0_0.0_x" : [ 0.030100742, 0.03971374, 0.040155355, 0.05050963, 0.063572735, 0.062393785, 0.046341896, 0.042584233, 0.047339473, 0.058285195, 0.058340397, 0.058127478, 0.057543915, 0.053991284, 0.04681111, 0.044819903, 0.060438067, 0.06055241, 0.0468742, 0.031504445 ],