{
  "eccentricity_minmax" : 0.0032687634,
  "compactness" : 21.60129,
  "eccentricity" : 2.5342789,
  "compactness_standardized" : -0.064967416,
  "convexity_minmax" : 0.24285808,
  "diameter_standardized" : 0.42473269,
  "surface_area_minmax" : 0.0883158,
  "convexity" : 0.4655863,
  "diameter_minmax" : 0.1767133,
  "rectangularity _standardized" : -0.26081416,
  "convexity_standardized" : 0.47004408,
  "diameter" : 1.0937364,
  "surface_area" : 1.8184726,
  "rectangularity " : 0.0069766664,
  "compactness_minmax" : 5.371085E-6,
  "surface_area_standardized" : 0.13826475,
  "rectangularity _minmax" : 0.012572352,
  "eccentricity_standardized" : -0.29528007,
  "lightfield_0.0_0.0_0.6_y" : [ 0.009465199, 0.029868629, 0.04853062, 0.05529669, 0.057555627, 0.058944914, 0.05896209, 0.05889338, 0.058831107, 0.05874951, 0.058659326, 0.05864644, 0.0592713, 0.059402283, 0.05942161, 0.057340898, 0.054867234, 0.050439548, 0.034322083, 0.0125315115 ],
  "lightfield_0.0_0.0_0.6_x" : [ 0.0, 0.0, 0.0, 0.0140474895, 0.03671415, 0.054817848, 0.07254577, 0.089369684, 0.09981404, 0.10367485, 0.10367485, 0.10090701, 0.09410873, 0.08322418, 0.06488214, 0.046671074, 0.028998982, 0.0065491963, 0.0, 0.0 ],
  "lightfield_0.0_0.0_0.8_y" : [ 0.0, 0.0058745975, 0.020219013, 0.03132772, 0.042658936, 0.05362624, 0.064543635, 0.075521335, 0.08649695, 0.09137963, 0.09203675, 0.08766979, 0.08176816, 0.07215253, 0.061183155, 0.050253283, 0.0394565, 0.028728342, 0.015103434, 0.0 ],
  "lightfield_0.0_0.0_0.8_x" : [ 0.011753354, 0.027422413, 0.038408432, 0.048818424, 0.058043104, 0.06261593, 0.06515293, 0.067627534, 0.067999765, 0.067852125, 0.06743206, 0.06732601, 0.06708478, 0.06501568, 0.06254315, 0.053472355, 0.04269429, 0.031820565, 0.020655708, 0.0062613855 ],
  "lightfield_0.0_0.0_0.2_y" : [ 0.0, 0.006861868, 0.021382626, 0.032123756, 0.042750724, 0.05361431, 0.06454432, 0.07539337, 0.085696556, 0.089716956, 0.0904434, 0.086281866, 0.08123821, 0.07223849, 0.061337546, 0.050430372, 0.03948584, 0.029707778, 0.016737478, 1.4529061E-5 ],
  "lightfield_0.0_0.0_0.2_x" : [ 0.0061769267, 0.019979535, 0.031117098, 0.042080313, 0.05323448, 0.06263063, 0.065372474, 0.06783411, 0.068247154, 0.06820564, 0.06854396, 0.068730764, 0.06868095, 0.065005094, 0.062593274, 0.057852644, 0.048367243, 0.037580453, 0.026399305, 0.011367952 ],
  "lightfield_0.0_0.0_0.4_y" : [ 0.009790911, 0.030746935, 0.04953125, 0.05568621, 0.057538487, 0.058228802, 0.058218084, 0.058305983, 0.058462482, 0.058537517, 0.05855038, 0.058591112, 0.058771193, 0.058764763, 0.058516078, 0.05738413, 0.05530032, 0.05124203, 0.03506677, 0.01276656 ],
  "lightfield_0.0_0.0_0.4_x" : [ 0.0, 0.0, 0.0, 0.015349885, 0.036766835, 0.055298176, 0.074849986, 0.09076156, 0.09748035, 0.102685586, 0.1035174, 0.10307148, 0.09619619, 0.08383053, 0.06474178, 0.04628119, 0.027475437, 0.0016936326, 0.0, 0.0 ],
  "lightfield_0.0_0.0_0.0_y" : [ 0.0, 0.0, 0.0, 0.0, 0.054047775, 0.088143386, 0.0905841, 0.090551436, 0.090613134, 0.09064217, 0.09064217, 0.09064217, 0.09062584, 0.090546, 0.08739938, 0.045562435, 0.0, 0.0, 0.0, 0.0 ],
  "lightfield_0.0_0.0_0.0_x" : [ 0.045005336, 0.04839693, 0.051133435, 0.05118606, 0.051202394, 0.051269535, 0.05126772, 0.051264092, 0.051264092, 0.051264092, 0.051264092, 0.05130946, 0.051354825, 0.051311273, 0.051953662, 0.05213331, 0.052013546, 0.050741468, 0.045246683, 0.039418004 ],
  "d1" : [ 3.439E-4, 0.0, 0.0038498, 0.0258122, 0.0321491, 0.0342111, 0.0335491, 0.0380049, 0.046296, 0.0662102, 0.0744098, 0.0817526, 0.0919431, 0.0890685, 0.0896502, 0.0885314, 0.0925358, 0.0652456, 0.0331284, 0.0133083 ],
  "d2" : [ 0.011751164, 0.03563856, 0.05723255, 0.06442411, 0.06588747, 0.0706203, 0.07790848, 0.08674713, 0.089362696, 0.08171365, 0.06860155, 0.059515253, 0.0558159, 0.053725936, 0.04664969, 0.03621966, 0.022952631, 0.011664548, 0.0033052803, 2.6344627E-4 ],
  "d3" : [ 8.778095E-4, 0.008922887, 0.025844365, 0.045795716, 0.064782016, 0.083387576, 0.097544014, 0.10384364, 0.099870555, 0.09150188, 0.08088717, 0.07042761, 0.061849046, 0.054035794, 0.04506461, 0.03336491, 0.020158628, 0.008939389, 0.0026713624, 2.3102369E-4 ],
  "d4" : [ 2.6437551E-6, 1.6777678E-5, 9.7208846E-5, 5.1909115E-4, 0.002441203, 0.008531601, 0.02370696, 0.05594857, 0.12974381, 0.38742056, 0.23689002, 0.09138425, 0.040070076, 0.016182527, 0.0053691617, 0.0013498404, 2.7037482E-4, 4.687581E-5, 6.609388E-6, 1.830292E-6 ],
  "lightfield_0.0_0.8_0.0_y" : [ 0.0, 0.0, 0.023533909, 0.070935205, 0.07567396, 0.07488214, 0.074538, 0.074538, 0.074538, 0.074538, 0.074538, 0.074538, 0.074538, 0.07493848, 0.0755963, 0.068064846, 0.014609144, 0.0, 0.0, 0.0 ],
  "lightfield_0.0_0.8_0.0_x" : [ 0.02932031, 0.048327122, 0.05249333, 0.05261058, 0.052595355, 0.052491806, 0.052066963, 0.051773075, 0.051773075, 0.05180201, 0.0518081, 0.051773075, 0.051773075, 0.051766984, 0.051773075, 0.051773075, 0.051326912, 0.049644288, 0.04799364, 0.045114145 ],
  "lightfield_0.8_0.0_0.0_x" : [ 0.04372838, 0.04759255, 0.05581942, 0.057339847, 0.056528952, 0.049501877, 0.047675293, 0.04790284, 0.04781182, 0.047776654, 0.047776654, 0.047791135, 0.047813892, 0.047296736, 0.053957667, 0.058328643, 0.05906093, 0.053281233, 0.04547843, 0.037537027 ],
  "lightfield_0.8_0.0_0.0_y" : [ 0.0, 0.0, 0.0, 0.0, 0.016104143, 0.07584151, 0.10145506, 0.10327544, 0.103327155, 0.103327155, 0.103327155, 0.10322786, 0.10325475, 0.10119028, 0.06651207, 0.019157413, 0.0, 0.0, 0.0, 0.0 ],
  "lightfield_0.0_0.6_0.0_x" : [ 0.0, 0.0036594027, 0.03838598, 0.07621265, 0.0767319, 0.076668724, 0.076570116, 0.07654238, 0.07646688, 0.07629585, 0.07602005, 0.07566104, 0.07313875, 0.07128825, 0.07035298, 0.04899902, 0.007006023, 0.0, 0.0, 0.0 ],
  "lightfield_0.0_0.6_0.0_y" : [ 0.038897526, 0.05471231, 0.056074377, 0.053897224, 0.051606055, 0.049182374, 0.049117662, 0.0490776, 0.049199324, 0.04928869, 0.04910225, 0.049214732, 0.04923014, 0.04924863, 0.04915772, 0.050929643, 0.054285508, 0.056373294, 0.05523772, 0.036167227 ],
  "lightfield_0.6_0.0_0.0_y" : [ 0.0, 0.0, 0.0, 0.0, 0.0, 0.0, 0.021891637, 0.08720407, 0.16683266, 0.18288432, 0.1827159, 0.1785785, 0.15886906, 0.02102388, 0.0, 0.0, 0.0, 0.0, 0.0, 0.0 ],
  "lightfield_0.6_0.0_0.0_x" : [ 0.043530636, 0.046877176, 0.059062384, 0.063009396, 0.06104321, 0.043867487, 0.04593985, 0.049491428, 0.049634226, 0.049169224, 0.048510168, 0.046463434, 0.04494028, 0.041165356, 0.05163702, 0.062332034, 0.06473392, 0.054785844, 0.04324138, 0.030565543 ],
  "lightfield_0.0_0.4_0.0_x" : [ 0.0, 0.020889519, 0.04227967, 0.06470685, 0.073028386, 0.07305074, 0.073029876, 0.07308947, 0.07304031, 0.07308202, 0.073835954, 0.0739924, 0.073651195, 0.07360501, 0.07360501, 0.057586234, 0.0075273784, 0.0, 0.0, 0.0 ],
  "lightfield_0.0_0.4_0.0_y" : [ 0.04349549, 0.048391566, 0.048002683, 0.047783654, 0.05165164, 0.052745286, 0.05269612, 0.052670788, 0.05268718, 0.052745286, 0.052716978, 0.052670788, 0.052670788, 0.05273933, 0.052745286, 0.049209565, 0.04743798, 0.048223197, 0.04883111, 0.03988527 ],
  "lightfield_0.0_0.2_0.0_y" : [ 0.0, 0.0, 0.0034599034, 0.066364914, 0.073938645, 0.07727064, 0.07978243, 0.07978243, 0.07980321, 0.07981281, 0.07978243, 0.07978243, 0.07978243, 0.07665029, 0.07401859, 0.06579252, 0.0039763306, 0.0, 0.0, 0.0 ],
  "lightfield_0.0_0.2_0.0_x" : [ 0.030091885, 0.04598282, 0.05214797, 0.05220233, 0.052207127, 0.052207127, 0.0522455, 0.0522439, 0.05220233, 0.05220233, 0.052255094, 0.052271083, 0.05220233, 0.05221512, 0.052945793, 0.05276033, 0.05260204, 0.05260204, 0.04702367, 0.03938918 ],
  "a3" : [ 0.11721665, 0.15382847, 0.1426203, 0.115461126, 0.099357896, 0.0879017, 0.050548706, 0.0, 0.0, 0.0, 0.0, 0.0, 0.0, 0.0026679412, 0.014306363, 0.026261033, 0.034609683, 0.04132738, 0.050265864, 0.0636269 ],
  "lightfield_0.4_0.0_0.0_y" : [ 0.0, 0.0, 0.0, 0.0, 0.0, 0.0, 0.021139722, 0.09089754, 0.16829368, 0.18133765, 0.18124326, 0.17715909, 0.15717381, 0.022755243, 0.0, 0.0, 0.0, 0.0, 0.0, 0.0 ],