{
  "eccentricity_minmax" : 0.029206725,
  "compactness" : 164.04103,
  "eccentricity" : 14.703154,
  "compactness_standardized" : -0.06400009,
  "convexity_minmax" : 0.06525225,
  "diameter_standardized" : -0.60969895,
  "surface_area_minmax" : 0.026236812,
  "convexity" : 0.1258458,
  "diameter_minmax" : 0.009999591,
  "rectangularity _standardized" : -0.40342206,
  "convexity_standardized" : -0.7467813,
  "diameter" : 1.0053042,
  "surface_area" : 0.5513592,
  "rectangularity " : 1.4232288E-4,
  "compactness_minmax" : 4.15557E-5,
  "surface_area_standardized" : -0.63751245,
  "rectangularity _minmax" : 2.5642285E-4,
  "eccentricity_standardized" : 0.255031,
  "lightfield_0.0_0.0_0.6_y" : [ 0.007532336, 0.032807212, 0.028262747, 0.044976354, 0.07290932, 0.08216314, 0.0840825, 0.08139803, 0.07840357, 0.073991016, 0.06490868, 0.058985706, 0.049916565, 0.04525997, 0.042390823, 0.039706357, 0.03735168, 0.031408917, 0.02499126, 0.018553818 ],
  "lightfield_0.0_0.0_0.6_x" : [ 0.0, 0.0, 0.0, 0.0, 0.0, 0.020908497, 0.047449756, 0.10959482, 0.1695435, 0.1870618, 0.15634543, 0.14211182, 0.13479714, 0.032187212, 0.0, 0.0, 0.0, 0.0, 0.0, 0.0 ],
  "lightfield_0.0_0.0_0.8_y" : [ 0.0, 0.0, 0.0, 0.0041901194, 0.038885627, 0.090876095, 0.0984843, 0.11019684, 0.11096887, 0.10717467, 0.10858018, 0.09676206, 0.07724996, 0.06246247, 0.051779315, 0.026592411, 0.015797079, 0.0, 0.0, 0.0 ],
  "lightfield_0.0_0.0_0.8_x" : [ 0.0050149458, 0.01622599, 0.031501777, 0.037315156, 0.04463302, 0.048209466, 0.052452374, 0.05922915, 0.07350195, 0.08354504, 0.088553384, 0.093231805, 0.09334398, 0.09046698, 0.071060464, 0.055692293, 0.037453726, 0.018568497, 0.0, 0.0 ],
  "lightfield_0.0_0.0_0.2_y" : [ 0.0, 0.0, 0.0, 0.0034567837, 0.04242476, 0.09151241, 0.09078675, 0.110729225, 0.11693692, 0.11073582, 0.109053604, 0.094982386, 0.07317958, 0.060724605, 0.05018933, 0.02739699, 0.01698046, 9.1037434E-4, 0.0, 0.0 ],
  "lightfield_0.0_0.0_0.2_x" : [ 0.0, 0.007375351, 0.033545315, 0.046626996, 0.064082436, 0.08826013, 0.09618962, 0.09351787, 0.08357632, 0.08202604, 0.078476906, 0.067565605, 0.05573734, 0.050354254, 0.04665998, 0.04146821, 0.034831714, 0.020364678, 0.0093412325, 0.0 ],
  "lightfield_0.0_0.0_0.4_y" : [ 0.007240632, 0.033791818, 0.028169759, 0.0454059, 0.07280271, 0.08082289, 0.08211775, 0.08219703, 0.08117964, 0.07746023, 0.06616326, 0.055493895, 0.049508482, 0.04492363, 0.042076264, 0.03948655, 0.03710824, 0.031036943, 0.024562655, 0.01845172 ],
  "lightfield_0.0_0.0_0.4_x" : [ 0.0, 0.0, 0.0, 0.0, 0.0, 0.0036071031, 0.11121902, 0.14071006, 0.1412716, 0.18036838, 0.1811215, 0.14581022, 0.061155595, 0.03419481, 5.417261E-4, 0.0, 0.0, 0.0, 0.0, 0.0 ],
  "lightfield_0.0_0.0_0.0_y" : [ 0.0, 0.0, 0.0, 0.0, 0.0, 0.0, 0.0, 0.05819428, 0.20231642, 0.2597183, 0.27308986, 0.16137637, 0.04530477, 0.0, 0.0, 0.0, 0.0, 0.0, 0.0, 0.0 ],
  "lightfield_0.0_0.0_0.0_x" : [ 0.028499547, 0.031893607, 0.02229251, 0.06502202, 0.074649535, 0.07973402, 0.078558646, 0.07757477, 0.079430275, 0.06848872, 0.06015544, 0.051908005, 0.046645228, 0.042511605, 0.04012784, 0.037763882, 0.035406526, 0.031279508, 0.022021778, 0.026036542 ],
  "d1" : [ 0.0115836, 0.0499216, 0.0728767, 0.075974, 0.0923636, 0.0795729, 0.0597589, 0.0586276, 0.0588889, 0.0552333, 0.0535259, 0.0503857, 0.045594, 0.0426602, 0.0496503, 0.0362786, 0.0282229, 0.0277953, 0.0303369, 0.0207491 ],
  "d2" : [ 0.023277787, 0.0729074, 0.109412715, 0.118143946, 0.11139396, 0.0962394, 0.08061646, 0.07088895, 0.06195968, 0.05462449, 0.04590686, 0.038745005, 0.03270224, 0.02682211, 0.020599518, 0.015194568, 0.010165385, 0.0058073197, 0.003343187, 0.0012490193 ],
  "d3" : [ 8.2810316E-4, 0.009184298, 0.027713284, 0.052209944, 0.07814658, 0.10028651, 0.113845274, 0.118615165, 0.114052646, 0.100876756, 0.08531918, 0.06841651, 0.050914057, 0.035149306, 0.022440087, 0.013042474, 0.0063142115, 0.0022447333, 3.7923706E-4, 2.1633316E-5 ],
  "d4" : [ 1.5252434E-6, 6.2026566E-6, 3.5182282E-5, 1.4754188E-4, 5.0007645E-4, 0.0016956639, 0.0061028036, 0.022321327, 0.07880526, 0.27100208, 0.44306347, 0.12584265, 0.036489416, 0.010088773, 0.0027610972, 8.119379E-4, 2.3986994E-4, 6.812754E-5, 1.4642336E-5, 2.3387065E-6 ],
  "lightfield_0.0_0.8_0.0_y" : [ 0.0, 0.0, 0.0, 0.0, 0.0, 0.0, 0.0, 0.057604626, 0.20449439, 0.26459047, 0.28164795, 0.15817456, 0.03348803, 0.0, 0.0, 0.0, 0.0, 0.0, 0.0, 0.0 ],
  "lightfield_0.0_0.8_0.0_x" : [ 9.688976E-4, 0.02870868, 0.0291972, 0.041385766, 0.044894967, 0.04842045, 0.051807523, 0.057677902, 0.06627585, 0.07596482, 0.09133691, 0.09836346, 0.099739455, 0.093689956, 0.07481681, 0.03091516, 0.042387232, 0.02344895, 0.0, 0.0 ],
  "lightfield_0.8_0.0_0.0_x" : [ 0.029442292, 0.036444783, 0.027241904, 0.055895377, 0.066350676, 0.06791448, 0.07104899, 0.07755328, 0.07848049, 0.07200387, 0.05409632, 0.04681013, 0.044741213, 0.043966234, 0.043675616, 0.042243287, 0.03930944, 0.034147523, 0.027484085, 0.041150015 ],
  "lightfield_0.8_0.0_0.0_y" : [ 0.0, 0.0, 0.0, 0.0, 0.0, 0.0, 0.007985054, 0.03250069, 0.14738445, 0.3243634, 0.32044008, 0.16437863, 0.0029476888, 0.0, 0.0, 0.0, 0.0, 0.0, 0.0, 0.0 ],
  "lightfield_0.0_0.6_0.0_x" : [ 0.0, 0.0, 0.0, 0.0, 0.0, 0.013975474, 0.076488316, 0.09310132, 0.118414745, 0.15951908, 0.22740974, 0.18659656, 0.10046585, 0.02402891, 0.0, 0.0, 0.0, 0.0, 0.0, 0.0 ],
  "lightfield_0.0_0.6_0.0_y" : [ 0.0, 0.0, 0.0, 0.0, 0.0, 0.0, 0.0, 0.05064397, 0.20624101, 0.2567651, 0.2761355, 0.16876756, 0.041446872, 0.0, 0.0, 0.0, 0.0, 0.0, 0.0, 0.0 ],
  "lightfield_0.6_0.0_0.0_y" : [ 0.0, 0.0, 0.0, 0.0, 0.0, 0.0, 0.0, 0.022410555, 0.078822635, 0.44292313, 0.43420452, 0.021639178, 0.0, 0.0, 0.0, 0.0, 0.0, 0.0, 0.0, 0.0 ],
  "lightfield_0.6_0.0_0.0_x" : [ 0.038335446, 0.050616596, 0.038528293, 0.046546564, 0.066703886, 0.06521188, 0.055904593, 0.06399391, 0.07924892, 0.07729003, 0.051256027, 0.045267697, 0.04102512, 0.041228116, 0.041268714, 0.040832277, 0.040517636, 0.038244102, 0.03402182, 0.043958385 ],
  "lightfield_0.0_0.4_0.0_x" : [ 0.0, 0.0, 0.0, 0.0, 0.0, 3.4411563E-4, 0.077003695, 0.17133829, 0.19473816, 0.18799663, 0.14861102, 0.10173309, 0.06855722, 0.048144903, 0.0015328787, 0.0, 0.0, 0.0, 0.0, 0.0 ],
  "lightfield_0.0_0.4_0.0_y" : [ 0.0, 0.0, 0.0, 0.0, 0.0, 0.0, 0.0, 0.06402115, 0.19860163, 0.24440031, 0.23501533, 0.1781424, 0.07981918, 0.0, 0.0, 0.0, 0.0, 0.0, 0.0, 0.0 ],
  "lightfield_0.0_0.2_0.0_y" : [ 0.0, 0.0, 0.0, 0.0, 0.0, 0.0, 0.0, 0.059136823, 0.20187481, 0.254247, 0.26506734, 0.1650903, 0.054583717, 0.0, 0.0, 0.0, 0.0, 0.0, 0.0, 0.0 ],
  "lightfield_0.0_0.2_0.0_x" : [ 0.0, 0.0077211508, 0.037228346, 0.035024486, 0.0790251, 0.08805479, 0.09249311, 0.08884297, 0.090863176, 0.08539945, 0.07643863, 0.058746558, 0.051530454, 0.047099784, 0.04348026, 0.039745945, 0.029354148, 0.032208446, 0.016743189, 0.0 ],
  "a3" : [ 0.2036026, 0.18597768, 0.11230166, 0.074630514, 0.057053693, 0.048300654, 0.029610677, 0.0, 0.0, 0.0, 0.0, 0.0, 0.0, 0.008694581, 0.04057766, 0.054421775, 0.05269946, 0.047022678, 0.042872302, 0.042234067 ],
  "lightfield_0.4_0.0_0.0_y" : [ 0.0, 0.0, 0.0, 0.0, 0.0, 0.0, 0.0, 0.0, 0.10039097, 0.41817325, 0.42094904, 0.06048676, 0.0, 0.0, 0.0, 0.0, 0.0, 0.0, 0.0, 0.0 ],
  "lightfield_0.4_0.0_0.0_x" : [ 0.037327986, 0.047895934, 0.035640743, 0.052277327, 0.07094585, 0.06864177, 0.06375239, 0.0548354, 0.056803852, 0.059334718, 0.05444534, 0.049410824, 0.04756937, 0.045111075, 0.04394996, 0.04292492, 0.042217363, 0.040167272, 0.038888235, 0.04785965 ],
  "lightfield_0.2_0.0_0.0_x" : [ 0.03072605, 0.033972472, 0.025234181, 0.06077576, 0.07077204, 0.07359237, 0.076135404, 0.074552774, 0.07171892, 0.06446857, 0.05886172, 0.05058334, 0.048892494, 0.045808394, 0.042974535, 0.039897196, 0.037015997, 0.0327483, 0.02584965, 0.035419837 ],
  "lightfield_0.2_0.0_0.0_y" : [ 0.0, 0.0, 0.0, 0.0, 0.0, 0.0, 0.0, 0.03250482, 0.18765007, 0.30200535, 0.29729128, 0.16395117, 0.016597342, 0.0, 0.0, 0.0, 0.0, 0.0, 0.0, 0.0 ]
}