{
  "eccentricity_minmax" : 0.015869522,
  "compactness" : 77.277115,
  "eccentricity" : 8.445964,
  "compactness_standardized" : -0.06457941,
  "convexity_minmax" : 0.14763297,
  "diameter_standardized" : -0.64432436,
  "surface_area_minmax" : 0.04068283,
  "convexity" : 0.2834311,
  "diameter_minmax" : 0.004414248,
  "rectangularity _standardized" : -0.39710152,
  "convexity_standardized" : -0.18278268,
  "diameter" : 1.0023415,
  "surface_area" : 0.8462213,
  "rectangularity " : 4.4627054E-4,
  "compactness_minmax" : 1.9514668E-5,
  "surface_area_standardized" : -0.45705768,
  "rectangularity _minmax" : 8.041562E-4,
  "eccentricity_standardized" : -0.027895216,
  "lightfield_0.0_0.0_0.6_y" : [ 0.0072182296, 0.023562452, 0.024500698, 0.033351474, 0.03870572, 0.037298355, 0.037298355, 0.04477304, 0.057501893, 0.07009939, 0.085686766, 0.08676887, 0.081189446, 0.07726133, 0.07807447, 0.07873125, 0.06193666, 0.029085586, 0.026295872, 0.020660149 ],
  "lightfield_0.0_0.0_0.6_x" : [ 0.0, 0.0, 0.0, 0.0, 0.0, 0.03884959, 0.13510723, 0.14918092, 0.15677445, 0.17281842, 0.15363444, 0.12393587, 0.057870936, 0.0118281385, 0.0, 0.0, 0.0, 0.0, 0.0, 0.0 ],
  "lightfield_0.0_0.0_0.8_y" : [ 0.0, 0.0, 0.0, 0.010643623, 0.025210558, 0.047467683, 0.05635927, 0.07470559, 0.093396075, 0.1015931, 0.10880774, 0.122824036, 0.12007083, 0.09256385, 0.087314, 0.051315904, 0.0077277333, 0.0, 0.0, 0.0 ],
  "lightfield_0.0_0.0_0.8_x" : [ 0.0010387074, 0.025767455, 0.03812557, 0.061696723, 0.07598834, 0.09081182, 0.0954422, 0.0943284, 0.09481022, 0.08479858, 0.07214637, 0.05961305, 0.04885054, 0.044745766, 0.041911222, 0.03280689, 0.025604766, 0.01150087, 1.2514548E-5, 0.0 ],
  "lightfield_0.0_0.0_0.2_y" : [ 0.0, 0.0, 0.0, 0.0070822593, 0.02242924, 0.04499612, 0.055926073, 0.07532095, 0.09147501, 0.102661476, 0.10737256, 0.12126805, 0.12258815, 0.09445932, 0.08696414, 0.059292026, 0.008164619, 0.0, 0.0, 0.0 ],
  "lightfield_0.0_0.0_0.2_x" : [ 0.0, 0.013420005, 0.024925549, 0.03376586, 0.042512324, 0.043256838, 0.047060736, 0.05957982, 0.07313121, 0.08578793, 0.093702294, 0.09419655, 0.0946345, 0.09106209, 0.07735429, 0.06066218, 0.037037965, 0.025726369, 0.002183488, 0.0 ],
  "lightfield_0.0_0.0_0.4_y" : [ 0.0055229957, 0.023574373, 0.024512595, 0.032281067, 0.039080042, 0.037991706, 0.03799796, 0.044196475, 0.05653096, 0.06915316, 0.08460879, 0.087754965, 0.08166903, 0.076677695, 0.079342246, 0.07735947, 0.063561365, 0.030729873, 0.02631398, 0.021141252 ],
  "lightfield_0.0_0.0_0.4_x" : [ 0.0, 0.0, 0.0, 0.0, 0.0, 0.01679416, 0.06175998, 0.12594056, 0.15277995, 0.16936144, 0.15581353, 0.14733201, 0.1352227, 0.034995653, 0.0, 0.0, 0.0, 0.0, 0.0, 0.0 ],
  "lightfield_0.0_0.0_0.0_y" : [ 0.0, 0.0, 0.0, 0.0, 0.0, 0.0, 0.0, 0.07233915, 0.18642084, 0.24302675, 0.23139891, 0.19237244, 0.07444192, 0.0, 0.0, 0.0, 0.0, 0.0, 0.0, 0.0 ],
  "lightfield_0.0_0.0_0.0_x" : [ 0.025978008, 0.022022793, 0.029088361, 0.036554456, 0.036886144, 0.0342389, 0.03836309, 0.045222137, 0.05882758, 0.07569357, 0.08368536, 0.08428615, 0.075099036, 0.072088815, 0.075318076, 0.07610036, 0.06162502, 0.02120922, 0.025170693, 0.022542227 ],
  "d1" : [ 0.0130095, 0.025635, 0.0399099, 0.0667466, 0.1418614, 0.1967658, 0.0480382, 0.0476726, 0.0383781, 0.0324769, 0.0376475, 0.0346259, 0.0380139, 0.0373935, 0.0230363, 0.0255619, 0.0283267, 0.0819914, 0.0301631, 0.0127458 ],
  "d2" : [ 0.030437645, 0.056860983, 0.09191324, 0.10723993, 0.11737081, 0.119151525, 0.083510764, 0.073136546, 0.08155472, 0.07124751, 0.040533017, 0.028465398, 0.024536408, 0.018955529, 0.015022538, 0.013766318, 0.011769767, 0.0068378006, 0.004470585, 0.0032189651 ],
  "d3" : [ 0.001869219, 0.010790597, 0.027998742, 0.047817376, 0.065891154, 0.07954842, 0.09091023, 0.09796531, 0.09905382, 0.095536344, 0.088126175, 0.077435896, 0.06469991, 0.053233452, 0.042033833, 0.030593734, 0.015830556, 0.008041858, 0.0024669024, 1.5646422E-4 ],
  "d4" : [ 4.0673157E-7, 1.6777678E-5, 1.4296615E-4, 6.936807E-4, 0.002562714, 0.0077245445, 0.018152734, 0.040531717, 0.09312841, 0.2429483, 0.37224704, 0.12716615, 0.05423623, 0.024263978, 0.010762625, 0.0039600404, 0.0011668112, 2.5217357E-4, 3.935128E-5, 3.3555355E-6 ],
  "lightfield_0.0_0.8_0.0_y" : [ 0.0, 0.0, 0.0, 0.0, 0.0, 0.0, 0.0, 0.0665431, 0.19021593, 0.247477, 0.23548041, 0.19304724, 0.067236334, 0.0, 0.0, 0.0, 0.0, 0.0, 0.0, 0.0 ],
  "lightfield_0.0_0.8_0.0_x" : [ 0.010369311, 0.030188486, 0.024533162, 0.04951145, 0.08663957, 0.08907683, 0.08568364, 0.09198111, 0.09794292, 0.090915725, 0.0667985, 0.05294843, 0.04323587, 0.041958857, 0.043761265, 0.036398396, 0.035873, 0.022183467, 0.0, 0.0 ],
  "lightfield_0.8_0.0_0.0_x" : [ 0.041048467, 0.025015963, 0.030568806, 0.037924603, 0.040190812, 0.038801037, 0.048210192, 0.05478972, 0.06351025, 0.06995205, 0.07170492, 0.07454081, 0.06936358, 0.06829934, 0.067623235, 0.06675306, 0.052392043, 0.02367627, 0.029529605, 0.026105247 ],
  "lightfield_0.8_0.0_0.0_y" : [ 0.0, 0.0, 0.0, 0.0, 0.0, 0.0, 0.0, 0.0463822, 0.24912043, 0.25061038, 0.28948027, 0.12121724, 0.043189473, 0.0, 0.0, 0.0, 0.0, 0.0, 0.0, 0.0 ],
  "lightfield_0.0_0.6_0.0_x" : [ 0.0, 0.0, 0.0, 0.0, 0.0, 0.04528818, 0.07245226, 0.1652923, 0.19767459, 0.18022667, 0.14048007, 0.093075216, 0.074216165, 0.03129456, 0.0, 0.0, 0.0, 0.0, 0.0, 0.0 ],
  "lightfield_0.0_0.6_0.0_y" : [ 0.0, 0.0, 0.0, 0.0, 0.0, 0.0, 0.0, 0.05765019, 0.18923727, 0.25619203, 0.24707854, 0.19445547, 0.055386513, 0.0, 0.0, 0.0, 0.0, 0.0, 0.0, 0.0 ],
  "lightfield_0.6_0.0_0.0_y" : [ 0.0, 0.0, 0.0, 0.0, 0.0, 0.0, 0.0, 0.0010682117, 0.2346748, 0.37496662, 0.2947698, 0.09452056, 0.0, 0.0, 0.0, 0.0, 0.0, 0.0, 0.0, 0.0 ],
  "lightfield_0.6_0.0_0.0_x" : [ 0.050659135, 0.030322649, 0.033373527, 0.037363134, 0.04104523, 0.042615175, 0.04880595, 0.057384014, 0.06686844, 0.0702673, 0.068592146, 0.062312353, 0.05511002, 0.05840367, 0.06418982, 0.05708459, 0.042639453, 0.033883356, 0.04201633, 0.037063714 ],
  "lightfield_0.0_0.4_0.0_x" : [ 0.0, 0.0, 0.0, 0.0, 0.0, 0.04286441, 0.078068405, 0.058863424, 0.1180197, 0.18969157, 0.20829545, 0.18636231, 0.11449005, 0.0033446879, 0.0, 0.0, 0.0, 0.0, 0.0, 0.0 ],
  "lightfield_0.0_0.4_0.0_y" : [ 0.0, 0.0, 0.0, 0.0, 0.0, 0.0, 0.0, 0.07902403, 0.19208065, 0.2251576, 0.21836033, 0.20051172, 0.084865674, 0.0, 0.0, 0.0, 0.0, 0.0, 0.0, 0.0 ],
  "lightfield_0.0_0.2_0.0_y" : [ 0.0, 0.0, 0.0, 0.0, 0.0, 0.0, 0.0, 0.07491917, 0.18502958, 0.24125062, 0.22935383, 0.19170429, 0.07774252, 0.0, 0.0, 0.0, 0.0, 0.0, 0.0, 0.0 ],
  "lightfield_0.0_0.2_0.0_x" : [ 0.0, 0.029268911, 0.03008835, 0.026460465, 0.03731432, 0.04487552, 0.04073362, 0.048659842, 0.06945872, 0.086510524, 0.10216183, 0.09884682, 0.08785143, 0.088596374, 0.08986278, 0.06117493, 0.030535318, 0.027421445, 1.7878693E-4, 0.0 ],
  "a3" : [ 0.15408425, 0.17416017, 0.122909024, 0.08691542, 0.07451037, 0.067996934, 0.0407785, 0.0, 0.0, 0.0, 0.0, 0.0, 0.0, 0.004812155, 0.02547801, 0.044594012, 0.04977031, 0.04921076, 0.050720967, 0.05405914 ],
  "lightfield_0.4_0.0_0.0_y" : [ 0.0, 0.0, 0.0, 0.0, 0.0, 0.0, 0.0, 9.799396E-4, 0.22472201, 0.37716335, 0.30980667, 0.087328, 0.0, 0.0, 0.0, 0.0, 0.0, 0.0, 0.0, 0.0 ],
  "lightfield_0.4_0.0_0.0_x" : [ 0.050171286, 0.03134187, 0.0329859, 0.037342988, 0.041667677, 0.04186205, 0.045247294, 0.05363752, 0.070328884, 0.074143365, 0.068587676, 0.059752017, 0.054034356, 0.058140382, 0.06450594, 0.058415737, 0.045328278, 0.034467958, 0.041084573, 0.03695425 ],
  "lightfield_0.2_0.0_0.0_x" : [ 0.04132893, 0.024233926, 0.030252391, 0.039120022, 0.0410152, 0.038409334, 0.04668152, 0.051112134, 0.06433355, 0.07167736, 0.073521316, 0.074084744, 0.06852727, 0.06905229, 0.068348, 0.06628635, 0.053013716, 0.023574457, 0.029407246, 0.026020259 ],
  "lightfield_0.2_0.0_0.0_y" : [ 0.0, 0.0, 0.0, 0.0, 0.0, 0.0, 0.0, 0.030489288, 0.23692264, 0.2380303, 0.3066024, 0.14492336, 0.043032024, 0.0, 0.0, 0.0, 0.0, 0.0, 0.0, 0.0 ]
}