{
  "eccentricity_minmax" : 0.04262713,
  "compactness" : 10.453127,
  "eccentricity" : 20.999378,
  "compactness_standardized" : -0.06504184,
  "convexity_minmax" : 0.22763872,
  "diameter_standardized" : -0.6213384,
  "surface_area_minmax" : 0.029162029,
  "convexity" : 0.43647334,
  "diameter_minmax" : 0.008032934,
  "rectangularity _standardized" : -0.38879165,
  "convexity_standardized" : 0.36581606,
  "diameter" : 1.004261,
  "surface_area" : 0.6110667,
  "rectangularity " : 8.222991E-4,
  "compactness_minmax" : 2.5390668E-6,
  "surface_area_standardized" : -0.60055953,
  "rectangularity _minmax" : 0.0014817838,
  "eccentricity_standardized" : 0.53945166,
  "lightfield_0.0_0.0_0.6_y" : [ 0.02824956, 0.040775307, 0.037654977, 0.03956493, 0.06507726, 0.08020143, 0.081950374, 0.07901882, 0.077336505, 0.074327216, 0.071912006, 0.06413338, 0.05255151, 0.040536564, 0.035128728, 0.03295782, 0.031830724, 0.025406837, 0.025867669, 0.01551838 ],
  "lightfield_0.0_0.0_0.6_x" : [ 0.0, 0.0, 0.0, 0.0, 0.0, 0.0037366261, 0.036922086, 0.098751314, 0.14409608, 0.16139671, 0.1436408, 0.14163645, 0.14523427, 0.11095503, 0.013630635, 0.0, 0.0, 0.0, 0.0, 0.0 ],
  "lightfield_0.0_0.0_0.8_y" : [ 0.0, 0.0015543427, 0.027578607, 0.055398706, 0.09034068, 0.0848917, 0.08418039, 0.09585113, 0.10031219, 0.09201796, 0.08648556, 0.07656235, 0.06898384, 0.04850076, 0.045510627, 0.026726792, 0.011868329, 0.0032360186, 0.0, 0.0 ],
  "lightfield_0.0_0.0_0.8_x" : [ 0.008987965, 0.016759679, 0.030177958, 0.030581912, 0.033242736, 0.035631333, 0.047258165, 0.053747766, 0.06253815, 0.06963368, 0.0770673, 0.077638105, 0.081936695, 0.08214306, 0.072329625, 0.0610804, 0.06131311, 0.03782673, 0.038195558, 0.021910084 ],
  "lightfield_0.0_0.0_0.2_y" : [ 0.0, 7.6695904E-4, 0.02590911, 0.052664522, 0.08947415, 0.086789794, 0.084643185, 0.09639441, 0.10096531, 0.09265218, 0.08751267, 0.07598184, 0.06903954, 0.048428614, 0.046453916, 0.026825935, 0.012385948, 0.0031119143, 0.0, 0.0 ],
  "lightfield_0.0_0.0_0.2_x" : [ 0.022096355, 0.038347952, 0.038184863, 0.062035527, 0.06138317, 0.072186716, 0.08161502, 0.08195883, 0.07754221, 0.07683255, 0.068977825, 0.06278486, 0.0537797, 0.04799665, 0.035346232, 0.033256933, 0.030427117, 0.030241989, 0.016463174, 0.008542337 ],
  "lightfield_0.0_0.0_0.4_y" : [ 0.02813403, 0.040747944, 0.03774728, 0.039197598, 0.064858854, 0.08094021, 0.082346074, 0.079456545, 0.076967105, 0.074399866, 0.07198266, 0.06426428, 0.05210047, 0.040208936, 0.03491887, 0.03291287, 0.031996, 0.02532785, 0.025994666, 0.015497888 ],
  "lightfield_0.0_0.0_0.4_x" : [ 0.0, 0.0, 0.0, 0.0, 0.0, 0.037697267, 0.12656146, 0.14521004, 0.13643588, 0.15207268, 0.15651256, 0.13841408, 0.085413426, 0.019971104, 0.0017114915, 0.0, 0.0, 0.0, 0.0, 0.0 ],
  "lightfield_0.0_0.0_0.0_y" : [ 0.0, 0.0, 0.0, 0.0, 0.0, 0.0, 0.0028512438, 0.08591902, 0.15997617, 0.25382432, 0.25527018, 0.15341195, 0.087255, 0.0014921316, 0.0, 0.0, 0.0, 0.0, 0.0, 0.0 ],
  "lightfield_0.0_0.0_0.0_x" : [ 0.031716473, 0.039657157, 0.037783317, 0.028657023, 0.06836623, 0.081610344, 0.07992736, 0.07693153, 0.07683899, 0.0723973, 0.069742694, 0.06829683, 0.052421242, 0.03882434, 0.034509882, 0.03239892, 0.03236422, 0.027616002, 0.021196365, 0.028743776 ],
  "d1" : [ 0.0153295, 0.0193394, 0.0474214, 0.0576882, 0.1001417, 0.0397395, 0.0325354, 0.0315026, 0.034757, 0.0396702, 0.0287478, 0.0253939, 0.0278496, 0.0229153, 0.0642366, 0.3113321, 0.0432463, 0.0287906, 0.0104174, 0.0189455 ],
  "d2" : [ 0.043368414, 0.049505092, 0.09193474, 0.069951884, 0.07066791, 0.06908793, 0.0597976, 0.07080963, 0.07310624, 0.059934225, 0.050479464, 0.042479258, 0.036011625, 0.033397965, 0.03137251, 0.023490025, 0.0307582, 0.05910768, 0.022988936, 0.011750664 ],
  "d3" : [ 0.0062241564, 0.017923454, 0.026229238, 0.037932962, 0.051667903, 0.061189078, 0.0692415, 0.078750804, 0.08823857, 0.09443747, 0.09113331, 0.08558321, 0.08102985, 0.0745471, 0.06086005, 0.040367767, 0.02125941, 0.009880891, 0.0032352372, 2.6805187E-4 ],
  "d4" : [ 4.779096E-6, 4.362196E-5, 2.8400033E-4, 0.001238701, 0.004087449, 0.011262499, 0.026278723, 0.05335881, 0.10366357, 0.27212405, 0.31757653, 0.10857089, 0.05576605, 0.027647374, 0.011946621, 0.0043726694, 0.001403224, 3.1287826E-4, 5.0638082E-5, 6.9144367E-6 ],
  "lightfield_0.0_0.8_0.0_y" : [ 0.0, 0.0, 0.0, 0.0, 0.0, 0.035035145, 0.06324226, 0.16786501, 0.22077471, 0.2039309, 0.19630843, 0.05998411, 0.052859426, 0.0, 0.0, 0.0, 0.0, 0.0, 0.0, 0.0 ],
  "lightfield_0.0_0.8_0.0_x" : [ 0.029076958, 0.031515542, 0.02241485, 0.024119345, 0.031208834, 0.032858018, 0.03463793, 0.04680068, 0.06660097, 0.06995968, 0.07179993, 0.076420665, 0.07831622, 0.08259003, 0.083821885, 0.074298844, 0.035316713, 0.039716218, 0.039997786, 0.028528906 ],
  "lightfield_0.8_0.0_0.0_x" : [ 0.035124738, 0.04588482, 0.04028328, 0.030560737, 0.058096293, 0.0707391, 0.06980648, 0.06952087, 0.06951504, 0.06996386, 0.0723537, 0.07267428, 0.057962228, 0.040236652, 0.03732222, 0.03532292, 0.033492655, 0.0275647, 0.024318023, 0.039257403 ],
  "lightfield_0.8_0.0_0.0_y" : [ 0.0, 0.0, 0.0, 0.0, 0.0, 0.0, 0.0, 0.063831896, 0.19193868, 0.26731172, 0.26571462, 0.16200162, 0.049201444, 0.0, 0.0, 0.0, 0.0, 0.0, 0.0, 0.0 ],
  "lightfield_0.0_0.6_0.0_x" : [ 0.01804099, 0.033997573, 0.035157967, 0.032791816, 0.028193226, 0.024043512, 0.026586346, 0.052026626, 0.06369262, 0.06750568, 0.07029444, 0.077753425, 0.085620694, 0.08473726, 0.08222308, 0.076387696, 0.045143068, 0.03900445, 0.0346494, 0.022150116 ],
  "lightfield_0.0_0.6_0.0_y" : [ 0.0, 0.031478617, 0.045587167, 0.026273565, 0.05539081, 0.09662531, 0.11452543, 0.09824891, 0.07835272, 0.106567435, 0.114673465, 0.08876282, 0.046205565, 0.027068648, 0.048058372, 0.022181155, 0.0, 0.0, 0.0, 0.0 ],
  "lightfield_0.6_0.0_0.0_y" : [ 0.0, 0.0, 0.0, 0.0, 0.0, 0.0, 0.0, 6.2727384E-5, 0.2155313, 0.36692384, 0.27789018, 0.13959196, 0.0, 0.0, 0.0, 0.0, 0.0, 0.0, 0.0, 0.0 ],
  "lightfield_0.6_0.0_0.0_x" : [ 0.049272362, 0.0659108, 0.05749749, 0.041407917, 0.044199284, 0.059841927, 0.0643191, 0.06602058, 0.06710262, 0.06209227, 0.05858738, 0.059457723, 0.050926797, 0.041635305, 0.03838916, 0.036248587, 0.034100175, 0.027317777, 0.027121754, 0.048550997 ],
  "lightfield_0.0_0.4_0.0_x" : [ 0.021496179, 0.032509703, 0.037326057, 0.040558048, 0.04349022, 0.05858293, 0.07725971, 0.083333105, 0.08643307, 0.08311856, 0.07687187, 0.06582809, 0.055466466, 0.04832583, 0.03982913, 0.040643316, 0.03610753, 0.032130115, 0.02517377, 0.015516307 ],
  "lightfield_0.0_0.4_0.0_y" : [ 0.0, 0.008455439, 0.035967246, 0.030078145, 0.05283686, 0.10803652, 0.13279769, 0.116340674, 0.10190536, 0.134151, 0.120023765, 0.07514723, 0.02752831, 0.03633308, 0.020398676, 0.0, 0.0, 0.0, 0.0, 0.0 ],
  "lightfield_0.0_0.2_0.0_y" : [ 0.0, 0.0, 0.0, 0.0, 0.0, 0.01992549, 0.06585275, 0.15246399, 0.23673977, 0.20579623, 0.21053357, 0.059556723, 0.049131487, 0.0, 0.0, 0.0, 0.0, 0.0, 0.0, 0.0 ],
  "lightfield_0.0_0.2_0.0_x" : [ 0.028551864, 0.03973344, 0.041777603, 0.030187195, 0.055233315, 0.079604864, 0.08170524, 0.078347705, 0.078148395, 0.07385565, 0.07104493, 0.064237855, 0.050071802, 0.039937858, 0.03535893, 0.03324833, 0.032665744, 0.02877672, 0.034725238, 0.02278732 ],
  "a3" : [ 0.22154668, 0.18026307, 0.091272466, 0.05752369, 0.051078875, 0.058648624, 0.051097088, 0.0, 0.0, 0.0, 0.0, 0.0, 0.0, 0.004434226, 0.02391749, 0.0477892, 0.054899517, 0.048245914, 0.04814137, 0.061141785 ],
  "lightfield_0.4_0.0_0.0_y" : [ 0.0, 0.0, 0.0, 0.0, 0.0, 0.0, 0.0, 2.155554E-4, 0.22252247, 0.36304918, 0.27481773, 0.13939506, 0.0, 0.0, 0.0, 0.0, 0.0, 0.0, 0.0, 0.0 ],
  "lightfield_0.4_0.0_0.0_x" : [ 0.048292108, 0.06432019, 0.055790357, 0.04045513, 0.045174252, 0.060586464, 0.06485138, 0.06659892, 0.06743035, 0.062657334, 0.05809218, 0.058754243, 0.051933456, 0.041779257, 0.03887696, 0.036544338, 0.034373388, 0.028006805, 0.027029108, 0.048453774 ],