{
  "eccentricity_minmax" : 0.013037954,
  "compactness" : 24.89328,
  "eccentricity" : 7.117525,
  "compactness_standardized" : -0.064945444,
  "convexity_minmax" : 0.2308938,
  "diameter_standardized" : -0.63835824,
  "surface_area_minmax" : 0.04523167,
  "convexity" : 0.44269997,
  "diameter_minmax" : 0.0052884677,
  "rectangularity _standardized" : -0.3766086,
  "convexity_standardized" : 0.38810816,
  "diameter" : 1.0028052,
  "surface_area" : 0.93906915,
  "rectangularity " : 0.0014081738,
  "compactness_minmax" : 6.2073645E-6,
  "surface_area_standardized" : -0.3998514,
  "rectangularity _minmax" : 0.0025375679,
  "eccentricity_standardized" : -0.088090226,
  "lightfield_0.0_0.0_0.6_y" : [ 0.014832074, 0.021111554, 0.02398136, 0.030724933, 0.030786498, 0.029981436, 0.04176375, 0.05299672, 0.059887104, 0.078877084, 0.076135136, 0.076802865, 0.07945957, 0.0824383, 0.080951296, 0.07235608, 0.052158512, 0.030942773, 0.0375206, 0.026292361 ],
  "lightfield_0.0_0.0_0.6_x" : [ 0.0, 0.0, 0.0, 0.0, 0.0, 0.043577503, 0.11028395, 0.14075316, 0.1296954, 0.13383436, 0.14315887, 0.12978537, 0.09306037, 0.06744047, 0.008410525, 0.0, 0.0, 0.0, 0.0, 0.0 ],
  "lightfield_0.0_0.0_0.8_y" : [ 0.0, 8.818173E-5, 0.008151059, 0.018786542, 0.033382535, 0.053606823, 0.062152784, 0.06907697, 0.07504649, 0.08638359, 0.10017445, 0.108363844, 0.095677175, 0.07793348, 0.08861497, 0.07617368, 0.03879996, 0.0075874627, 0.0, 0.0 ],
  "lightfield_0.0_0.0_0.8_x" : [ 0.019185277, 0.031266175, 0.050048884, 0.059200615, 0.063506186, 0.07614684, 0.08024921, 0.080686286, 0.08197451, 0.08225822, 0.073137164, 0.054595992, 0.048492283, 0.05058181, 0.0384434, 0.030610563, 0.029122975, 0.025216142, 0.015623502, 0.009653983 ],
  "lightfield_0.0_0.0_0.2_y" : [ 0.0, 0.0010033736, 0.013119583, 0.02054076, 0.036246397, 0.054242756, 0.06051668, 0.06925549, 0.07419285, 0.08550258, 0.09701676, 0.10695584, 0.091303214, 0.07636241, 0.087721355, 0.076051936, 0.040411346, 0.00955666, 0.0, 0.0 ],
  "lightfield_0.0_0.0_0.2_x" : [ 0.007894468, 0.015913883, 0.025019974, 0.02836329, 0.031078078, 0.039888833, 0.049805194, 0.04859736, 0.05483721, 0.07229212, 0.08062202, 0.083685145, 0.08372679, 0.0828408, 0.07537797, 0.062455274, 0.05668493, 0.050592747, 0.032028444, 0.018295476 ],
  "lightfield_0.0_0.0_0.4_y" : [ 0.014501473, 0.021277104, 0.024075216, 0.030965444, 0.030382901, 0.029824235, 0.04112173, 0.053130686, 0.060469758, 0.079254344, 0.07652309, 0.07734437, 0.07647056, 0.0805006, 0.08109747, 0.07420724, 0.054205045, 0.030974993, 0.03610327, 0.027570466 ],
  "lightfield_0.0_0.0_0.4_x" : [ 0.0, 0.0, 0.0, 0.0, 0.0, 0.013938031, 0.06978088, 0.10501034, 0.13697374, 0.14837629, 0.13178816, 0.13962384, 0.14007746, 0.09603824, 0.018393043, 0.0, 0.0, 0.0, 0.0, 0.0 ],
  "lightfield_0.0_0.0_0.0_y" : [ 0.0, 0.0, 0.0, 0.0, 0.0, 0.0, 0.039726246, 0.081487685, 0.1888543, 0.18721318, 0.1995341, 0.17815955, 0.08210124, 0.0429237, 0.0, 0.0, 0.0, 0.0, 0.0, 0.0 ],
  "lightfield_0.0_0.0_0.0_x" : [ 0.023763917, 0.01905503, 0.025873937, 0.031291153, 0.029330779, 0.02882198, 0.034154397, 0.059918594, 0.07083283, 0.070219286, 0.075327225, 0.07432459, 0.07834012, 0.078948684, 0.0805499, 0.07742228, 0.048754938, 0.025913844, 0.03686799, 0.03028852 ],
  "d1" : [ 0.0147646, 0.040219, 0.0574819, 0.0471068, 0.0708521, 0.1261362, 0.13507, 0.0685535, 0.0341572, 0.0299694, 0.0351897, 0.0392336, 0.0458785, 0.0300273, 0.0240193, 0.0260177, 0.0312262, 0.0297048, 0.0957497, 0.0186425 ],
  "d2" : [ 0.025828136, 0.04904361, 0.07937964, 0.09321917, 0.104187496, 0.1059513, 0.09859021, 0.091097794, 0.084418625, 0.06354076, 0.04750394, 0.037884254, 0.0335975, 0.01918977, 0.017096002, 0.016710635, 0.01270303, 0.00922692, 0.0065102433, 0.0043209586 ],
  "d3" : [ 0.0024919566, 0.014449344, 0.032920975, 0.05113814, 0.06946115, 0.08414132, 0.09443647, 0.09929309, 0.09924047, 0.09485394, 0.0866537, 0.074731335, 0.062816605, 0.05109648, 0.03694618, 0.024144994, 0.013941917, 0.0058514597, 0.0012948797, 9.5589065E-5 ],
  "d4" : [ 1.3218776E-6, 2.6539235E-5, 1.94316E-4, 6.5402436E-4, 0.0016482797, 0.0044048014, 0.011205454, 0.029610058, 0.0850555, 0.2844705, 0.41839144, 0.105958655, 0.036392916, 0.0136097465, 0.005298594, 0.0019981705, 7.6882436E-4, 2.5522406E-4, 5.1654908E-5, 3.965633E-6 ],
  "lightfield_0.0_0.8_0.0_y" : [ 0.0, 0.0, 0.0, 0.0, 4.4825965E-6, 0.049124774, 0.06509627, 0.15758568, 0.18675841, 0.14449649, 0.21232714, 0.08737477, 0.082260124, 0.014971872, 0.0, 0.0, 0.0, 0.0, 0.0, 0.0 ],
  "lightfield_0.0_0.8_0.0_x" : [ 0.027993813, 0.04006993, 0.034009457, 0.059797835, 0.08008607, 0.08235426, 0.08029226, 0.07952574, 0.078042, 0.075209, 0.07530314, 0.065006614, 0.03627765, 0.02962548, 0.03097474, 0.030517517, 0.02246229, 0.018849317, 0.02859, 0.025012888 ],
  "lightfield_0.8_0.0_0.0_x" : [ 0.035652816, 0.021679424, 0.027967712, 0.033685762, 0.03350789, 0.032247096, 0.038279038, 0.0627207, 0.07143119, 0.067293055, 0.07103882, 0.06909793, 0.07246703, 0.07247749, 0.07160383, 0.06866895, 0.04344255, 0.031692553, 0.042668287, 0.032377884 ],
  "lightfield_0.8_0.0_0.0_y" : [ 0.0, 0.0, 0.0, 0.0, 0.0, 0.0, 0.0010567672, 0.09136851, 0.15788206, 0.25575858, 0.20449492, 0.19922155, 0.08952179, 6.9579226E-4, 0.0, 0.0, 0.0, 0.0, 0.0, 0.0 ],
  "lightfield_0.0_0.6_0.0_x" : [ 0.017631898, 0.034384474, 0.041345764, 0.05832828, 0.075942494, 0.08714625, 0.0891702, 0.08843744, 0.08282798, 0.08448807, 0.075053066, 0.045504853, 0.033219628, 0.022819385, 0.022200324, 0.02771882, 0.032176066, 0.03568577, 0.030922782, 0.0149964625 ],
  "lightfield_0.0_0.6_0.0_y" : [ 1.6424095E-4, 0.012100768, 0.035084393, 0.031627756, 0.040898524, 0.08027845, 0.112270065, 0.11007176, 0.07802203, 0.08162017, 0.11582272, 0.11331615, 0.07028755, 0.036302306, 0.032375682, 0.037856277, 0.011651001, 2.501516E-4, 0.0, 0.0 ],
  "lightfield_0.6_0.0_0.0_y" : [ 0.0, 0.0, 0.0, 0.0, 0.0, 0.0, 0.0, 7.29927E-4, 0.06169436, 0.25031838, 0.3745302, 0.3070508, 0.0056763473, 0.0, 0.0, 0.0, 0.0, 0.0, 0.0, 0.0 ],
  "lightfield_0.6_0.0_0.0_x" : [ 0.04986799, 0.03063364, 0.033553347, 0.036946733, 0.039082155, 0.038088214, 0.042001862, 0.04758503, 0.051537506, 0.05566858, 0.05621991, 0.05509396, 0.053905886, 0.06330952, 0.067106694, 0.0637832, 0.03928405, 0.05382047, 0.071346484, 0.051164776 ],
  "lightfield_0.0_0.4_0.0_x" : [ 0.01028111, 0.019225096, 0.028115887, 0.03303641, 0.035161786, 0.03690029, 0.06184383, 0.08437184, 0.07988171, 0.08033629, 0.086477876, 0.08604023, 0.08279534, 0.07483304, 0.057256985, 0.042052932, 0.038648464, 0.032535896, 0.0240489, 0.006156093 ],
  "lightfield_0.0_0.4_0.0_y" : [ 1.8618192E-4, 0.013175393, 0.03844052, 0.034032602, 0.04151615, 0.075826816, 0.10474304, 0.102223545, 0.08251727, 0.089855745, 0.108338535, 0.10548052, 0.071051374, 0.042710613, 0.036349, 0.041134115, 0.012406486, 1.2089735E-5, 0.0, 0.0 ],
  "lightfield_0.0_0.2_0.0_y" : [ 0.0, 0.0, 0.0, 0.0, 2.593406E-4, 0.053674854, 0.06650789, 0.15972355, 0.18034545, 0.14955308, 0.2027006, 0.087082244, 0.08444562, 0.015707394, 0.0, 0.0, 0.0, 0.0, 0.0, 0.0 ],
  "lightfield_0.0_0.2_0.0_x" : [ 0.015971057, 0.030148342, 0.027174572, 0.031146804, 0.029309807, 0.028929442, 0.035663653, 0.061498296, 0.075459465, 0.07156071, 0.07453016, 0.07599976, 0.07832518, 0.0808451, 0.07926745, 0.07244247, 0.031998307, 0.035045557, 0.038810316, 0.025873546 ],
  "a3" : [ 0.15479915, 0.18244019, 0.12691541, 0.088624954, 0.07150344, 0.06312782, 0.038922157, 0.0, 0.0, 0.0, 0.0, 0.0, 0.0, 0.0049163974, 0.02501908, 0.041992076, 0.04961737, 0.049797777, 0.04937558, 0.052948594 ],
  "lightfield_0.4_0.0_0.0_y" : [ 0.0, 0.0, 0.0, 0.0, 0.0, 0.0, 0.0, 9.709794E-4, 0.07213988, 0.27550957, 0.37930337, 0.2667164, 0.005359806, 0.0, 0.0, 0.0, 0.0, 0.0, 0.0, 0.0 ],