{
  "eccentricity_minmax" : 0.024699124,
  "compactness" : 15.709339,
  "eccentricity" : 12.588398,
  "compactness_standardized" : -0.065006755,
  "convexity_minmax" : 0.2563127,
  "diameter_standardized" : -0.5292807,
  "surface_area_minmax" : 0.03799848,
  "convexity" : 0.49132353,
  "diameter_minmax" : 0.022877365,
  "rectangularity _standardized" : -0.38257375,
  "convexity_standardized" : 0.56218654,
  "diameter" : 1.0121351,
  "surface_area" : 0.79143023,
  "rectangularity " : 0.0011213141,
  "compactness_minmax" : 3.8743265E-6,
  "surface_area_standardized" : -0.49019322,
  "rectangularity _minmax" : 0.0020206282,
  "eccentricity_standardized" : 0.1592256,
  "lightfield_0.0_0.0_0.6_y" : [ 0.02962104, 0.045627996, 0.05102514, 0.055926844, 0.063374266, 0.06677911, 0.06679492, 0.06528224, 0.069419704, 0.0744479, 0.07093765, 0.06207242, 0.05197913, 0.04036789, 0.0367575, 0.040230855, 0.03679966, 0.027865915, 0.025884151, 0.018805671 ],
  "lightfield_0.0_0.0_0.6_x" : [ 0.0, 0.0, 0.0, 0.0, 0.0, 0.008032467, 0.05873083, 0.10963474, 0.13796447, 0.15576345, 0.15557899, 0.1501871, 0.13575608, 0.08361356, 0.004738312, 0.0, 0.0, 0.0, 0.0, 0.0 ],
  "lightfield_0.0_0.0_0.8_y" : [ 0.0, 6.8850245E-4, 0.027639639, 0.056287147, 0.07813673, 0.087547645, 0.08472727, 0.094851576, 0.091251455, 0.084851705, 0.083097264, 0.08021883, 0.071359545, 0.054022554, 0.04503884, 0.035453726, 0.020630186, 0.0041973763, 0.0, 0.0 ],
  "lightfield_0.0_0.0_0.8_x" : [ 0.011103138, 0.021998897, 0.02988764, 0.033566568, 0.039232194, 0.03981286, 0.044968333, 0.056448903, 0.06296894, 0.06592204, 0.07308909, 0.07190288, 0.07032679, 0.067701355, 0.0677138, 0.064798035, 0.05832362, 0.054391693, 0.041517526, 0.024325702 ],
  "lightfield_0.0_0.0_0.2_y" : [ 0.0, 6.426389E-4, 0.027596157, 0.056046404, 0.07829, 0.08760204, 0.084902965, 0.09486179, 0.09120911, 0.084803455, 0.083008215, 0.08022206, 0.071320474, 0.054052148, 0.044988867, 0.03565195, 0.020489816, 0.0043118997, 0.0, 0.0 ],
  "lightfield_0.0_0.0_0.2_x" : [ 0.024727086, 0.04165129, 0.054632597, 0.058409654, 0.06471166, 0.0676139, 0.06758903, 0.07032543, 0.07212896, 0.07294573, 0.065831095, 0.06282935, 0.05631175, 0.044926677, 0.039793856, 0.03904757, 0.033495996, 0.030175004, 0.02204044, 0.010812918 ],
  "lightfield_0.0_0.0_0.4_y" : [ 0.029626193, 0.045709737, 0.050886415, 0.05599983, 0.06342746, 0.066785455, 0.066896155, 0.06515127, 0.06927363, 0.07445558, 0.07110813, 0.062099032, 0.05200926, 0.040380184, 0.036911495, 0.040306382, 0.036969483, 0.027586099, 0.025683062, 0.01873514 ],
  "lightfield_0.0_0.0_0.4_x" : [ 0.0, 0.0, 0.0, 0.0, 0.0, 0.017127313, 0.10332267, 0.1384471, 0.15551643, 0.15845796, 0.14878464, 0.13483608, 0.09394456, 0.046479385, 0.0030838654, 0.0, 0.0, 0.0, 0.0, 0.0 ],
  "lightfield_0.0_0.0_0.0_y" : [ 0.0, 0.0, 0.0, 0.0, 0.0, 0.0, 0.0, 0.060747173, 0.20546448, 0.23437595, 0.23572773, 0.20385891, 0.05982576, 0.0, 0.0, 0.0, 0.0, 0.0, 0.0, 0.0 ],
  "lightfield_0.0_0.0_0.0_x" : [ 0.032939203, 0.046639044, 0.04809565, 0.056564942, 0.05888779, 0.06674465, 0.06518872, 0.062192746, 0.06918888, 0.06935992, 0.075015314, 0.06482457, 0.0485536, 0.040680192, 0.034715824, 0.038964264, 0.038600113, 0.029921155, 0.023245035, 0.029678388 ],
  "d1" : [ 0.0106241, 0.0312712, 0.0516419, 0.0632515, 0.1070624, 0.1087076, 0.163208, 0.115561, 0.0758645, 0.0833158, 0.0389875, 0.0373613, 0.024597, 0.0033295, 0.0026481, 0.0059642, 0.0040023, 0.0106444, 0.0199895, 0.0419682 ],
  "d2" : [ 0.040249366, 0.081124246, 0.10084911, 0.102583915, 0.10274464, 0.07634821, 0.06736383, 0.07862101, 0.092608266, 0.08236686, 0.047990926, 0.030160597, 0.014951025, 0.012422182, 0.01298278, 0.013846131, 0.016827855, 0.01610943, 0.0066282637, 0.0032213656 ],
  "d3" : [ 0.003730791, 0.0183365, 0.039340537, 0.062991485, 0.084091514, 0.09314893, 0.096182324, 0.09478632, 0.093862325, 0.08732092, 0.07600025, 0.06739613, 0.06022594, 0.0499147, 0.037943527, 0.021437509, 0.00953013, 0.0030618687, 6.553385E-4, 4.296477E-5 ],
  "d4" : [ 1.830292E-6, 1.7794506E-5, 1.3188271E-4, 6.139613E-4, 0.0021287315, 0.0050712307, 0.013617068, 0.039758924, 0.11902216, 0.4966518, 0.22084284, 0.06704777, 0.022473851, 0.00791703, 0.0031836913, 0.0011683365, 2.9528711E-4, 5.1146493E-5, 4.4740473E-6, 2.0336579E-7 ],
  "lightfield_0.0_0.8_0.0_y" : [ 0.0, 0.0, 0.0, 0.0, 0.0, 0.0, 0.041312754, 0.14371285, 0.24708985, 0.17863974, 0.24431853, 0.11876581, 0.02616046, 0.0, 0.0, 0.0, 0.0, 0.0, 0.0, 0.0 ],
  "lightfield_0.0_0.8_0.0_x" : [ 0.030618226, 0.028386772, 0.024088394, 0.028828949, 0.037646793, 0.040572364, 0.037271455, 0.047097053, 0.067437224, 0.07766386, 0.071334556, 0.06933447, 0.06531374, 0.07083068, 0.06688707, 0.055565268, 0.059118114, 0.04908171, 0.044526253, 0.028397055 ],
  "lightfield_0.8_0.0_0.0_x" : [ 0.04107971, 0.05004718, 0.04951038, 0.054754116, 0.057212118, 0.05921807, 0.05921807, 0.059014652, 0.06446181, 0.064846046, 0.06718539, 0.06448441, 0.050199747, 0.043356895, 0.0380284, 0.04113622, 0.039667066, 0.031428523, 0.025890956, 0.039260227 ],
  "lightfield_0.8_0.0_0.0_y" : [ 0.0, 0.0, 0.0, 0.0, 0.0, 0.0, 0.0, 0.035756867, 0.21772812, 0.26101157, 0.26778662, 0.18410154, 0.0336153, 0.0, 0.0, 0.0, 0.0, 0.0, 0.0, 0.0 ],
  "lightfield_0.0_0.6_0.0_x" : [ 0.025616098, 0.034164246, 0.029725784, 0.027719123, 0.0252193, 0.029929852, 0.037891306, 0.05209098, 0.078038685, 0.077239424, 0.07659888, 0.07350103, 0.07065826, 0.06671579, 0.05814497, 0.059239, 0.05965847, 0.05177354, 0.039849784, 0.026225466 ],
  "lightfield_0.0_0.6_0.0_y" : [ 0.0, 0.0, 0.017841706, 0.04776589, 0.080257915, 0.12848012, 0.13816197, 0.098689154, 0.111063555, 0.13865797, 0.11658187, 0.07256855, 0.0407114, 0.009219868, 0.0, 0.0, 0.0, 0.0, 0.0, 0.0 ],
  "lightfield_0.6_0.0_0.0_y" : [ 0.0, 0.0, 0.0, 0.0, 0.0, 0.0, 0.0, 0.016288921, 0.10100428, 0.3350936, 0.3518796, 0.18734781, 0.0083858045, 0.0, 0.0, 0.0, 0.0, 0.0, 0.0, 0.0 ],
  "lightfield_0.6_0.0_0.0_x" : [ 0.060184717, 0.06918289, 0.06561676, 0.063686006, 0.06335461, 0.06306644, 0.054853536, 0.049255796, 0.049320634, 0.053513538, 0.05298042, 0.04919816, 0.045351066, 0.040509775, 0.03929225, 0.0397101, 0.037981067, 0.031958275, 0.027758166, 0.0432258 ],
  "lightfield_0.0_0.4_0.0_x" : [ 0.01960743, 0.031586375, 0.038995236, 0.04448588, 0.047679797, 0.048941474, 0.060074627, 0.068025544, 0.07644141, 0.0789087, 0.07940636, 0.07444842, 0.06791806, 0.054619033, 0.04471952, 0.043520927, 0.04192747, 0.0379158, 0.023457889, 0.017320054 ],
  "lightfield_0.0_0.4_0.0_y" : [ 0.0, 0.013387819, 0.029469557, 0.038142435, 0.08353251, 0.1070091, 0.11000442, 0.09639697, 0.08392737, 0.104845546, 0.11074273, 0.09953949, 0.063280225, 0.030048994, 0.02713545, 0.0025373772, 0.0, 0.0, 0.0, 0.0 ],
  "lightfield_0.0_0.2_0.0_y" : [ 0.0, 0.0, 0.0, 0.0, 0.0, 0.007625542, 0.07640599, 0.20710875, 0.20377198, 0.19600073, 0.21404946, 0.08367697, 0.011360601, 0.0, 0.0, 0.0, 0.0, 0.0, 0.0, 0.0 ],
  "lightfield_0.0_0.2_0.0_x" : [ 0.025941415, 0.043723013, 0.04791949, 0.050314005, 0.057696696, 0.06426826, 0.06937786, 0.06479283, 0.07323921, 0.07257379, 0.075764865, 0.062378876, 0.050416004, 0.041848198, 0.03550491, 0.03901655, 0.04102736, 0.03151729, 0.032206986, 0.020472394 ],
  "a3" : [ 0.19072343, 0.18118787, 0.107878, 0.07695191, 0.06819294, 0.06632624, 0.03770566, 0.0, 0.0, 0.0, 0.0, 0.0, 0.0, 0.004285107, 0.025752097, 0.048440617, 0.05097272, 0.047056686, 0.046224155, 0.048302565 ],
  "lightfield_0.4_0.0_0.0_y" : [ 0.0, 0.0, 0.0, 0.0, 0.0, 0.0, 0.0, 0.01650234, 0.101216264, 0.3348111, 0.3515365, 0.18749191, 0.008441886, 0.0, 0.0, 0.0, 0.0, 0.0, 0.0, 0.0 ],
  "lightfield_0.4_0.0_0.0_x" : [ 0.060071968, 0.06911119, 0.06556315, 0.0636344, 0.06346887, 0.06302267, 0.055156533, 0.04929831, 0.049485426, 0.05345808, 0.052925512, 0.049147174, 0.045289673, 0.040575746, 0.039258726, 0.039668947, 0.037941705, 0.031925153, 0.027894925, 0.043101836 ],