{
  "eccentricity_minmax" : 0.02424975,
  "compactness" : 15.444757,
  "eccentricity" : 12.377573,
  "compactness_standardized" : -0.06499227,
  "convexity_minmax" : 0.26015794,
  "diameter_standardized" : -0.6264481,
  "surface_area_minmax" : 0.031385828,
  "convexity" : 0.49867907,
  "diameter_minmax" : 0.007297825,
  "rectangularity _standardized" : -0.39239392,
  "convexity_standardized" : 0.5875909,
  "diameter" : 1.0038711,
  "surface_area" : 0.65645736,
  "rectangularity " : 6.726554E-4,
  "compactness_minmax" : 3.8071134E-6,
  "surface_area_standardized" : -0.57319266,
  "rectangularity _minmax" : 0.0012121162,
  "eccentricity_standardized" : 0.14987712,
  "lightfield_0.0_0.0_0.6_y" : [ 0.012132772, 0.024936792, 0.020070257, 0.04532589, 0.06994384, 0.07834001, 0.07771911, 0.074967, 0.07356857, 0.077417046, 0.06994943, 0.067264445, 0.05542255, 0.048564654, 0.044100866, 0.04123129, 0.040951602, 0.04036426, 0.03020048, 0.0075291432 ],
  "lightfield_0.0_0.0_0.6_x" : [ 0.0, 0.0, 0.0, 0.0, 0.0, 0.0022262994, 0.042853467, 0.09193833, 0.1447654, 0.16967422, 0.16647461, 0.13524489, 0.1351498, 0.098891325, 0.012781643, 0.0, 0.0, 0.0, 0.0, 0.0 ],
  "lightfield_0.0_0.0_0.8_y" : [ 0.0, 0.0, 0.0, 0.0037242174, 0.04197445, 0.08700108, 0.083176054, 0.09726648, 0.11186093, 0.10847834, 0.10696625, 0.100576274, 0.08789714, 0.06928725, 0.056636106, 0.031137818, 0.014017618, 0.0, 0.0, 0.0 ],
  "lightfield_0.0_0.0_0.8_x" : [ 0.0, 0.0045306645, 0.020934023, 0.042036057, 0.04758598, 0.048532434, 0.052704677, 0.06250525, 0.07419873, 0.079513445, 0.083786495, 0.087908335, 0.08982924, 0.087348305, 0.077357315, 0.06424695, 0.039947134, 0.02704958, 0.009985384, 0.0 ],
  "lightfield_0.0_0.0_0.2_y" : [ 0.0, 0.0, 0.0, 0.0044246796, 0.039788555, 0.08545058, 0.083531916, 0.09916093, 0.11662471, 0.1089948, 0.10586788, 0.097298205, 0.08700006, 0.06819377, 0.05702299, 0.031498574, 0.015142362, 0.0, 0.0, 0.0 ],
  "lightfield_0.0_0.0_0.2_x" : [ 0.0, 0.0012362254, 0.023376405, 0.029193936, 0.059159815, 0.071796164, 0.082553, 0.08779997, 0.08789506, 0.085338704, 0.081691556, 0.07737316, 0.06986071, 0.056346145, 0.050439112, 0.048408568, 0.046282932, 0.029428875, 0.011819657, 0.0 ],
  "lightfield_0.0_0.0_0.4_y" : [ 0.012367017, 0.024929803, 0.019890146, 0.04380195, 0.069654666, 0.07985144, 0.07821816, 0.07444821, 0.07492365, 0.07658489, 0.07019163, 0.067243904, 0.054781802, 0.048148025, 0.044087213, 0.041312885, 0.040568963, 0.0404515, 0.030993054, 0.007551096 ],
  "lightfield_0.0_0.0_0.4_x" : [ 0.0, 0.0, 0.0, 0.0, 0.0, 3.915383E-5, 0.061751183, 0.12596346, 0.12745132, 0.15080936, 0.1776521, 0.16084953, 0.11704198, 0.06371447, 0.014727433, 0.0, 0.0, 0.0, 0.0, 0.0 ],
  "lightfield_0.0_0.0_0.0_y" : [ 0.0, 0.0, 0.0, 0.0, 0.0, 0.0, 1.343251E-4, 0.078809656, 0.1968982, 0.2254311, 0.2297407, 0.19233675, 0.07620711, 4.4215345E-4, 0.0, 0.0, 0.0, 0.0, 0.0, 0.0 ],
  "lightfield_0.0_0.0_0.0_x" : [ 0.017266372, 0.024217697, 0.017551813, 0.04054939, 0.07044232, 0.07824997, 0.07475192, 0.070335984, 0.07199825, 0.071080364, 0.07361016, 0.06476149, 0.05346139, 0.04797085, 0.04311276, 0.04029193, 0.038763985, 0.038853534, 0.03901025, 0.023719573 ],
  "d1" : [ 6.58E-4, 0.034442, 0.1084676, 0.081627, 0.0923447, 0.0699501, 0.056369, 0.0616289, 0.0676197, 0.0614626, 0.0470631, 0.0443389, 0.0455059, 0.0295712, 0.0289646, 0.0243656, 0.0455059, 0.0386564, 0.0390513, 0.0224075 ],
  "d2" : [ 0.018866513, 0.064143166, 0.10126598, 0.12364561, 0.11776458, 0.10130629, 0.08463516, 0.07321816, 0.063118786, 0.053974777, 0.047120374, 0.038460054, 0.032076333, 0.02687602, 0.019432513, 0.013152409, 0.008660821, 0.0065197446, 0.004379969, 0.0013827428 ],
  "d3" : [ 5.944634E-4, 0.006962003, 0.022072522, 0.042687964, 0.06583089, 0.0886814, 0.10665888, 0.11580847, 0.11608497, 0.1071157, 0.093875505, 0.07749939, 0.060255826, 0.042682834, 0.027071629, 0.015178236, 0.0071963477, 0.0028966507, 7.6179457E-4, 8.452086E-5 ],
  "d4" : [ 7.117803E-7, 6.1009737E-6, 4.0368108E-5, 2.4098846E-4, 0.0011478981, 0.0046484335, 0.016004074, 0.045674633, 0.11399486, 0.2913045, 0.32772154, 0.12437872, 0.050307103, 0.017652048, 0.005247549, 0.0013019477, 2.7057817E-4, 5.033303E-5, 6.711071E-6, 9.15146E-7 ],
  "lightfield_0.0_0.8_0.0_y" : [ 0.0, 0.0, 0.0, 0.0, 0.0, 0.0, 2.2969558E-4, 0.0762792, 0.19625461, 0.22858764, 0.2320736, 0.19238356, 0.073745795, 4.4587968E-4, 0.0, 0.0, 0.0, 0.0, 0.0, 0.0 ],
  "lightfield_0.0_0.8_0.0_x" : [ 0.0, 0.0023374904, 0.032002, 0.04708084, 0.0468579, 0.047465917, 0.050938375, 0.057342827, 0.06568618, 0.084575266, 0.084899545, 0.08621691, 0.08469687, 0.09668157, 0.08970288, 0.056086257, 0.021287376, 0.028975423, 0.017166367, 0.0 ],
  "lightfield_0.8_0.0_0.0_x" : [ 0.020777997, 0.026358986, 0.018760484, 0.03719864, 0.065652736, 0.07230217, 0.07293488, 0.07106063, 0.07174706, 0.06971164, 0.06586762, 0.059379347, 0.05198379, 0.05075418, 0.046826594, 0.04271994, 0.040505454, 0.039144527, 0.037706003, 0.038607318 ],
  "lightfield_0.8_0.0_0.0_y" : [ 0.0, 0.0, 0.0, 0.0, 0.0, 0.0, 0.0, 0.037186705, 0.18118222, 0.2757785, 0.26582822, 0.19001032, 0.050014026, 0.0, 0.0, 0.0, 0.0, 0.0, 0.0, 0.0 ],
  "lightfield_0.0_0.6_0.0_x" : [ 0.0, 0.0, 0.0, 0.0, 0.0, 0.0, 0.038601503, 0.10243609, 0.110857144, 0.15784962, 0.19675188, 0.21673684, 0.10616542, 0.059458647, 0.011142857, 0.0, 0.0, 0.0, 0.0, 0.0 ],
  "lightfield_0.0_0.6_0.0_y" : [ 0.0, 0.0, 0.0, 0.0, 0.0, 0.0, 8.1203005E-4, 0.068676695, 0.19264662, 0.2417594, 0.23864661, 0.19072181, 0.06627068, 4.6616542E-4, 0.0, 0.0, 0.0, 0.0, 0.0, 0.0 ],
  "lightfield_0.6_0.0_0.0_y" : [ 0.0, 0.0, 0.0, 0.0, 0.0, 0.0, 0.0, 0.0, 0.105509244, 0.39386508, 0.39273214, 0.107893534, 0.0, 0.0, 0.0, 0.0, 0.0, 0.0, 0.0, 0.0 ],
  "lightfield_0.6_0.0_0.0_x" : [ 0.03282209, 0.039053384, 0.03008269, 0.03446235, 0.0498588, 0.05874495, 0.064654954, 0.06467187, 0.06820603, 0.069271356, 0.059886366, 0.054179277, 0.05226846, 0.051372238, 0.048852663, 0.04549605, 0.043517593, 0.042629827, 0.041725148, 0.04824391 ],
  "lightfield_0.0_0.4_0.0_x" : [ 0.0, 0.0, 0.0, 0.0, 0.0, 0.0, 0.011844899, 0.11092021, 0.20189406, 0.18634763, 0.17655604, 0.12720695, 0.091895744, 0.05997877, 0.033355683, 0.0, 0.0, 0.0, 0.0, 0.0 ],
  "lightfield_0.0_0.4_0.0_y" : [ 0.0, 0.0, 0.0, 0.0, 0.0, 0.0, 7.822103E-4, 0.08380824, 0.19984077, 0.21837635, 0.21277517, 0.20221533, 0.08171304, 4.8888143E-4, 0.0, 0.0, 0.0, 0.0, 0.0, 0.0 ],
  "lightfield_0.0_0.2_0.0_y" : [ 0.0, 0.0, 0.0, 0.0, 0.0, 0.0, 3.2113458E-4, 0.081063546, 0.19725528, 0.22341792, 0.22497772, 0.19421433, 0.07828475, 4.6531745E-4, 0.0, 0.0, 0.0, 0.0, 0.0, 0.0 ],
  "lightfield_0.0_0.2_0.0_x" : [ 0.0, 9.1097364E-4, 0.023331411, 0.027263671, 0.047246106, 0.0857626, 0.09369921, 0.08405206, 0.08469433, 0.084386304, 0.086437635, 0.07378231, 0.059383683, 0.051538825, 0.04692497, 0.04542416, 0.045640435, 0.03397473, 0.0248781, 6.6848425E-4 ],
  "a3" : [ 0.16112262, 0.17994139, 0.11739535, 0.08193623, 0.06390451, 0.05460782, 0.033992376, 0.0, 0.0, 0.0, 0.0, 0.0, 0.0, 0.0064380746, 0.036960065, 0.056562364, 0.057206634, 0.052111235, 0.048892602, 0.048928723 ],
  "lightfield_0.4_0.0_0.0_y" : [ 0.0, 0.0, 0.0, 0.0, 0.0, 0.0, 0.0, 0.0, 0.10982923, 0.39215422, 0.39009887, 0.10791769, 0.0, 0.0, 0.0, 0.0, 0.0, 0.0, 0.0, 0.0 ],
  "lightfield_0.4_0.0_0.0_x" : [ 0.032741543, 0.039034415, 0.029823478, 0.03418789, 0.04992007, 0.05948625, 0.064594984, 0.06474723, 0.06841807, 0.06922159, 0.059739996, 0.054318316, 0.05259285, 0.05157787, 0.04917575, 0.04591936, 0.043787904, 0.042950545, 0.042172395, 0.04558949 ],
  "lightfield_0.2_0.0_0.0_x" : [ 0.020745052, 0.026464734, 0.018999863, 0.03714506, 0.066030346, 0.07250907, 0.072873645, 0.07007656, 0.070321605, 0.0688095, 0.067889094, 0.059521746, 0.052289963, 0.05068224, 0.047239672, 0.043145645, 0.040551767, 0.039260805, 0.037760656, 0.03768296 ],