{
  "eccentricity_minmax" : 0.027117483,
  "compactness" : 12.838403,
  "eccentricity" : 13.72298,
  "compactness_standardized" : -0.06500967,
  "convexity_minmax" : 0.25018054,
  "diameter_standardized" : -0.631472,
  "surface_area_minmax" : 0.033448532,
  "convexity" : 0.4795934,
  "diameter_minmax" : 0.00648743,
  "rectangularity _standardized" : -0.38222408,
  "convexity_standardized" : 0.5192831,
  "diameter" : 1.0034412,
  "surface_area" : 0.6985598,
  "rectangularity " : 0.0011617121,
  "compactness_minmax" : 3.1450093E-6,
  "surface_area_standardized" : -0.54742604,
  "rectangularity _minmax" : 0.002093428,
  "eccentricity_standardized" : 0.21071126,
  "lightfield_0.0_0.0_0.6_y" : [ 0.0, 0.009987179, 0.024712078, 0.023253895, 0.046920482, 0.0665922, 0.07645282, 0.08161423, 0.07971585, 0.07648033, 0.07864834, 0.07175361, 0.058327325, 0.05850891, 0.04853274, 0.04662334, 0.044427816, 0.039128833, 0.03511195, 0.033208057 ],
  "lightfield_0.0_0.0_0.6_x" : [ 0.0, 0.0, 0.0, 0.0, 0.027474372, 0.08718284, 0.14592837, 0.15465546, 0.162216, 0.13523136, 0.114272036, 0.15079814, 0.02224142, 0.0, 0.0, 0.0, 0.0, 0.0, 0.0, 0.0 ],
  "lightfield_0.0_0.0_0.8_y" : [ 0.0, 0.0, 0.0, 0.0, 0.01275309, 0.06629087, 0.09471689, 0.107639804, 0.10108248, 0.102189064, 0.09970199, 0.09652467, 0.08812122, 0.082895085, 0.07778946, 0.046624374, 0.020510124, 0.0031608818, 0.0, 0.0 ],
  "lightfield_0.0_0.0_0.8_x" : [ 0.035673592, 0.042471953, 0.047336534, 0.052633885, 0.064652905, 0.066383995, 0.07014199, 0.07790451, 0.08483982, 0.09272285, 0.09324875, 0.08761723, 0.071336225, 0.054896355, 0.031466387, 0.024136646, 0.0025363748, 0.0, 0.0, 0.0 ],
  "lightfield_0.0_0.0_0.2_y" : [ 0.0, 0.0, 0.0, 0.0, 0.016301608, 0.060103364, 0.082814984, 0.10424677, 0.10738128, 0.10631294, 0.100060195, 0.09623697, 0.088319354, 0.08128569, 0.07810237, 0.05588425, 0.02107929, 0.0018709429, 0.0, 0.0 ],
  "lightfield_0.0_0.0_0.2_x" : [ 0.0, 0.005460984, 0.025759358, 0.04156747, 0.061860424, 0.078205414, 0.09171958, 0.09000591, 0.087858394, 0.078530796, 0.07474552, 0.06677368, 0.064685814, 0.06051551, 0.051833253, 0.045884196, 0.040537097, 0.027749607, 0.0063069756, 0.0 ],
  "lightfield_0.0_0.0_0.4_y" : [ 0.0, 0.011118313, 0.024818448, 0.022077322, 0.044956658, 0.06568264, 0.075317785, 0.08061876, 0.08151416, 0.078058906, 0.07715802, 0.07340614, 0.06031575, 0.05855242, 0.048274573, 0.045923468, 0.043665748, 0.03851309, 0.03501939, 0.035008404 ],
  "lightfield_0.0_0.0_0.4_x" : [ 0.0, 0.0, 0.0, 0.0, 0.0, 0.07786115, 0.12946463, 0.120411776, 0.1427253, 0.1610068, 0.15368432, 0.13246393, 0.07195592, 0.010426166, 0.0, 0.0, 0.0, 0.0, 0.0, 0.0 ],
  "lightfield_0.0_0.0_0.0_y" : [ 0.0, 0.0, 0.0, 0.0, 0.0, 0.0, 0.034854464, 0.06091398, 0.1940691, 0.25326964, 0.25063983, 0.12581876, 0.04944042, 0.030993797, 0.0, 0.0, 0.0, 0.0, 0.0, 0.0 ],
  "lightfield_0.0_0.0_0.0_x" : [ 0.018056218, 0.024047846, 0.020328157, 0.047184747, 0.06589164, 0.07288097, 0.07618314, 0.07375396, 0.075884916, 0.07425823, 0.06726348, 0.06695441, 0.050497767, 0.04434889, 0.044023555, 0.042657137, 0.03832473, 0.034068234, 0.031980652, 0.031411313 ],
  "d1" : [ 0.062146, 0.0949822, 0.0522527, 0.0620911, 0.0909772, 0.0672876, 0.0702588, 0.0450833, 0.0367052, 0.0181983, 0.0368628, 0.0667564, 0.078894, 0.0173938, 0.0200943, 0.0015241, 0.0026826, 0.0336496, 0.061216, 0.080944 ],
  "d2" : [ 0.03148463, 0.079450354, 0.07832985, 0.0899861, 0.09855161, 0.089027435, 0.083223015, 0.05519019, 0.051374123, 0.04851422, 0.03866069, 0.049410075, 0.04624492, 0.033964165, 0.026687587, 0.014835405, 0.016263956, 0.03381654, 0.030653883, 0.0043312605 ],
  "d3" : [ 0.004368622, 0.020081753, 0.039950695, 0.058328047, 0.0819642, 0.09831688, 0.102240555, 0.10364894, 0.09664719, 0.089725435, 0.081247486, 0.067695476, 0.05317318, 0.03868892, 0.029778007, 0.020379791, 0.010233967, 0.0029465582, 5.4616574E-4, 3.8135007E-5 ],
  "d4" : [ 2.6437551E-6, 1.3727191E-5, 6.578883E-5, 2.7078154E-4, 9.990344E-4, 0.003297983, 0.010903559, 0.033221632, 0.09899216, 0.3928134, 0.32342216, 0.091627575, 0.030300384, 0.009868019, 0.002973106, 8.98165E-4, 2.4759784E-4, 6.304339E-5, 1.7489458E-5, 1.7286092E-6 ],
  "lightfield_0.0_0.8_0.0_y" : [ 0.0, 0.0, 0.0, 0.0, 0.0, 0.0, 0.03371818, 0.065437235, 0.19472934, 0.2508677, 0.24366564, 0.12905116, 0.052915014, 0.029615737, 0.0, 0.0, 0.0, 0.0, 0.0, 0.0 ],
  "lightfield_0.0_0.8_0.0_x" : [ 0.04534177, 0.040783502, 0.045511078, 0.050974492, 0.052231275, 0.059517995, 0.07718455, 0.08511594, 0.09544368, 0.09292361, 0.091673344, 0.087160654, 0.07710641, 0.04461896, 0.027284509, 0.02425, 0.0028782226, 0.0, 0.0, 0.0 ],
  "lightfield_0.8_0.0_0.0_x" : [ 0.020225871, 0.024280977, 0.02373478, 0.046084754, 0.062768616, 0.066707864, 0.06894782, 0.06925127, 0.073896706, 0.07429946, 0.07317396, 0.072716035, 0.051850177, 0.04612889, 0.04481029, 0.041626897, 0.037306968, 0.033296, 0.03151948, 0.037373174 ],
  "lightfield_0.8_0.0_0.0_y" : [ 0.0, 0.0, 0.0, 0.0, 0.0, 0.0, 0.009037091, 0.066531315, 0.19452368, 0.26987138, 0.26519287, 0.12159799, 0.06753543, 0.00571025, 0.0, 0.0, 0.0, 0.0, 0.0, 0.0 ],
  "lightfield_0.0_0.6_0.0_x" : [ 0.0, 0.0, 0.0, 0.0, 0.025965152, 0.07940659, 0.10358466, 0.16686815, 0.21911383, 0.18071799, 0.1529789, 0.06354629, 0.007818454, 0.0, 0.0, 0.0, 0.0, 0.0, 0.0, 0.0 ],
  "lightfield_0.0_0.6_0.0_y" : [ 0.0, 0.0, 0.0, 0.0, 0.0, 0.0, 0.040419437, 0.07671283, 0.17594807, 0.24965179, 0.22820687, 0.12790728, 0.06375654, 0.037397176, 0.0, 0.0, 0.0, 0.0, 0.0, 0.0 ],
  "lightfield_0.6_0.0_0.0_y" : [ 0.0, 0.0, 0.0, 0.0, 0.0, 0.0, 0.0, 0.0040199095, 0.18981282, 0.36098057, 0.32364658, 0.12148897, 5.1162486E-5, 0.0, 0.0, 0.0, 0.0, 0.0, 0.0, 0.0 ],
  "lightfield_0.6_0.0_0.0_x" : [ 0.02729884, 0.034688164, 0.03227622, 0.04580504, 0.059618913, 0.060832195, 0.060773723, 0.05828869, 0.057309292, 0.058771078, 0.06420161, 0.06944942, 0.05767474, 0.050029602, 0.04739839, 0.045987766, 0.042735294, 0.039665543, 0.037407085, 0.049788408 ],
  "lightfield_0.0_0.4_0.0_x" : [ 0.0, 0.0, 0.0, 0.0, 0.0, 0.0216143, 0.11950801, 0.17703825, 0.19771749, 0.14805135, 0.10410348, 0.09433329, 0.065430306, 0.06338037, 0.008823141, 0.0, 0.0, 0.0, 0.0, 0.0 ],
  "lightfield_0.0_0.4_0.0_y" : [ 0.0, 0.0, 0.0, 0.0, 0.0, 0.0, 0.041550282, 0.06059916, 0.20920196, 0.22086625, 0.24847454, 0.13162784, 0.049786016, 0.037893955, 0.0, 0.0, 0.0, 0.0, 0.0, 0.0 ],
  "lightfield_0.0_0.2_0.0_y" : [ 0.0, 0.0, 0.0, 0.0, 0.0, 0.0, 0.035931267, 0.05796166, 0.20143849, 0.24478562, 0.2545721, 0.1267027, 0.04674167, 0.031866502, 0.0, 0.0, 0.0, 0.0, 0.0, 0.0 ],
  "lightfield_0.0_0.2_0.0_x" : [ 0.0, 0.009271383, 0.027342513, 0.03465288, 0.06662488, 0.08020305, 0.08627227, 0.09045494, 0.08754445, 0.0818786, 0.08034579, 0.06202022, 0.050731968, 0.051526304, 0.049217764, 0.040703483, 0.036738012, 0.032331932, 0.03157483, 5.647228E-4 ],
  "a3" : [ 0.18950905, 0.15893061, 0.11058156, 0.07845971, 0.0643402, 0.0639508, 0.042228837, 0.0, 0.0, 0.0, 0.0, 0.0, 0.0, 0.0059294403, 0.030679261, 0.047134466, 0.05167877, 0.04792021, 0.05114166, 0.05751544 ],
  "lightfield_0.4_0.0_0.0_y" : [ 0.0, 0.0, 0.0, 0.0, 0.0, 0.0, 0.0, 0.0025176539, 0.17935826, 0.3735276, 0.3195001, 0.122926526, 0.0021698698, 0.0, 0.0, 0.0, 0.0, 0.0, 0.0, 0.0 ],
  "lightfield_0.4_0.0_0.0_x" : [ 0.028261231, 0.03574615, 0.033402387, 0.046421606, 0.05938034, 0.06065051, 0.06199628, 0.059266932, 0.059047677, 0.061285593, 0.068029575, 0.07069844, 0.05345289, 0.04807736, 0.045363132, 0.043971997, 0.041046076, 0.038173076, 0.036101494, 0.049627267 ],
  "lightfield_0.2_0.0_0.0_x" : [ 0.021074912, 0.025013724, 0.024589283, 0.04624709, 0.062749356, 0.06757667, 0.07017991, 0.068510436, 0.071374, 0.07366032, 0.07440734, 0.07231343, 0.052268494, 0.045296345, 0.043915495, 0.040604856, 0.03655286, 0.033208266, 0.031267155, 0.039190054 ],