{
  "eccentricity_minmax" : 0.016553828,
  "compactness" : 20.77822,
  "eccentricity" : 8.767008,
  "compactness_standardized" : -0.06495666,
  "convexity_minmax" : 0.18713799,
  "diameter_standardized" : -0.56339425,
  "surface_area_minmax" : 0.03802065,
  "convexity" : 0.35899988,
  "diameter_minmax" : 0.017468888,
  "rectangularity _standardized" : -0.38727087,
  "convexity_standardized" : 0.087678306,
  "diameter" : 1.0092663,
  "surface_area" : 0.79188275,
  "rectangularity " : 9.1901526E-4,
  "compactness_minmax" : 5.161997E-6,
  "surface_area_standardized" : -0.49031273,
  "rectangularity _minmax" : 0.0016560727,
  "eccentricity_standardized" : -0.013378835,
  "lightfield_0.0_0.0_0.6_y" : [ 0.008125897, 0.03188597, 0.02803495, 0.04497702, 0.07431381, 0.0897845, 0.08888835, 0.08153145, 0.07544611, 0.07435014, 0.062639646, 0.06741709, 0.053696316, 0.044619773, 0.038582873, 0.038346726, 0.03561589, 0.027417334, 0.023293834, 0.011032328 ],
  "lightfield_0.0_0.0_0.6_x" : [ 0.0, 0.0, 0.0, 9.930306E-4, 0.017256934, 0.031020097, 0.052751724, 0.073260225, 0.09876416, 0.21958692, 0.17293265, 0.13093472, 0.11331448, 0.08837367, 8.113787E-4, 0.0, 0.0, 0.0, 0.0, 0.0 ],
  "lightfield_0.0_0.0_0.8_y" : [ 0.0, 0.0, 0.0, 0.0043176385, 0.044483118, 0.10192517, 0.10123868, 0.09297074, 0.1091935, 0.11308961, 0.11172868, 0.10445433, 0.07848226, 0.05571982, 0.025646893, 0.0240752, 0.01676472, 0.014012754, 0.0018968704, 0.0 ],
  "lightfield_0.0_0.0_0.8_x" : [ 0.011893077, 0.011308961, 0.016403412, 0.03641389, 0.035920102, 0.04479625, 0.0535339, 0.06879919, 0.07730199, 0.08343219, 0.07897605, 0.090230815, 0.091164194, 0.09761958, 0.077536836, 0.06489706, 0.03605258, 0.023659695, 6.021811E-5, 0.0 ],
  "lightfield_0.0_0.0_0.2_y" : [ 0.0, 0.0, 0.0, 0.0038509907, 0.0431672, 0.100901976, 0.10057705, 0.09182206, 0.10892888, 0.114230014, 0.11203375, 0.106106825, 0.080239005, 0.056501254, 0.024790753, 0.024291327, 0.01640883, 0.013875601, 0.0022744914, 0.0 ],
  "lightfield_0.0_0.0_0.2_x" : [ 0.0, 0.0068294914, 0.03228815, 0.048155434, 0.06744047, 0.08852465, 0.098176196, 0.09268252, 0.08180346, 0.08151464, 0.08141235, 0.07153817, 0.061357114, 0.050453994, 0.04044142, 0.036530256, 0.02864776, 0.013382193, 0.011649247, 0.0071724704 ],
  "lightfield_0.0_0.0_0.4_y" : [ 0.0078232465, 0.031838372, 0.028050976, 0.044927616, 0.07380879, 0.089315906, 0.08967344, 0.081904724, 0.07329976, 0.074638985, 0.06496749, 0.067767136, 0.05387799, 0.045000333, 0.037849728, 0.038019404, 0.03624387, 0.02751165, 0.023021312, 0.010459275 ],
  "lightfield_0.0_0.0_0.4_x" : [ 0.0, 0.0, 0.0, 0.0, 0.0, 0.021494234, 0.12472958, 0.11440362, 0.14138806, 0.20171978, 0.17169936, 0.08469831, 0.0625072, 0.042437024, 0.026554195, 0.008368632, 0.0, 0.0, 0.0, 0.0 ],
  "lightfield_0.0_0.0_0.0_y" : [ 0.0, 0.0, 0.0, 0.0, 0.0, 0.0, 0.026069004, 0.09846752, 0.18347017, 0.1910483, 0.19192107, 0.18404199, 0.09669789, 0.028284056, 0.0, 0.0, 0.0, 0.0, 0.0, 0.0 ],
  "lightfield_0.0_0.0_0.0_x" : [ 0.027597873, 0.029812925, 0.022728367, 0.05883734, 0.08233616, 0.08542399, 0.0826612, 0.078194976, 0.07205542, 0.06619276, 0.06534406, 0.05652598, 0.051156882, 0.04182116, 0.0341708, 0.037029903, 0.03719844, 0.026333846, 0.0207601, 0.023817835 ],
  "d1" : [ 0.0059886, 0.0298742, 0.0369234, 0.0686549, 0.0329783, 0.0455731, 0.1221518, 0.0793091, 0.0484143, 0.0412807, 0.0442865, 0.035361, 0.0378801, 0.0157606, 0.0305169, 0.0727659, 0.0437921, 0.0351005, 0.0276809, 0.1457071 ],
  "d2" : [ 0.030944433, 0.04918964, 0.06588957, 0.083410844, 0.094078824, 0.09652385, 0.081679545, 0.0705902, 0.062280636, 0.07617538, 0.054241825, 0.049395274, 0.032425094, 0.027472224, 0.02472214, 0.02380278, 0.01970656, 0.02095018, 0.02756504, 0.008955972 ],
  "d3" : [ 0.003431245, 0.016321681, 0.039179746, 0.061729107, 0.07837901, 0.091505304, 0.1031728, 0.10481714, 0.09721609, 0.08683059, 0.07937072, 0.06510913, 0.054162174, 0.04011833, 0.030872552, 0.018718453, 0.015644107, 0.009662244, 0.0035044965, 2.5507188E-4 ],
  "d4" : [ 1.830292E-6, 1.4845702E-5, 1.01377846E-4, 5.472573E-4, 0.0020510457, 0.005991766, 0.014450562, 0.03305365, 0.07789947, 0.24012883, 0.43133345, 0.11578631, 0.045631215, 0.019941134, 0.008601356, 0.0032626989, 9.5836126E-4, 2.044843E-4, 3.6707523E-5, 3.660584E-6 ],
  "lightfield_0.0_0.8_0.0_y" : [ 0.0, 0.0, 0.0, 0.0, 0.0, 0.0, 0.03204278, 0.11291066, 0.17224914, 0.18071708, 0.1818131, 0.17259818, 0.11053712, 0.037131928, 0.0, 0.0, 0.0, 0.0, 0.0, 0.0 ],
  "lightfield_0.0_0.8_0.0_x" : [ 0.0, 0.028859444, 0.02756098, 0.025403852, 0.03632213, 0.045313656, 0.043763876, 0.0544448, 0.07842453, 0.08125183, 0.07619759, 0.0894196, 0.09284029, 0.099549025, 0.095185906, 0.06162825, 0.033969536, 0.029864708, 0.0, 0.0 ],
  "lightfield_0.8_0.0_0.0_x" : [ 0.028457789, 0.03322565, 0.026963942, 0.052241083, 0.072569855, 0.07505337, 0.0769518, 0.0782029, 0.072146595, 0.06525622, 0.06517531, 0.053672686, 0.05194231, 0.044653583, 0.037078533, 0.038734213, 0.036400076, 0.02727516, 0.024698274, 0.03930063 ],
  "lightfield_0.8_0.0_0.0_y" : [ 0.0, 0.0, 0.0, 0.0, 0.0, 0.0, 0.0029690214, 0.14129928, 0.19434953, 0.20099092, 0.25572175, 0.16146621, 0.02975868, 0.013444625, 0.0, 0.0, 0.0, 0.0, 0.0, 0.0 ],
  "lightfield_0.0_0.6_0.0_x" : [ 0.0, 0.0, 0.0, 0.0, 0.0, 0.009687438, 0.06197053, 0.058521114, 0.1303641, 0.16541333, 0.17955461, 0.20441419, 0.15658495, 0.033489723, 0.0, 0.0, 0.0, 0.0, 0.0, 0.0 ],
  "lightfield_0.0_0.6_0.0_y" : [ 0.0, 0.0, 0.0, 0.0, 0.0, 0.0, 0.05011564, 0.14757153, 0.145827, 0.15285799, 0.15383598, 0.14564197, 0.1473865, 0.056763366, 0.0, 0.0, 0.0, 0.0, 0.0, 0.0 ],
  "lightfield_0.6_0.0_0.0_y" : [ 0.0, 0.0, 0.0, 0.0, 0.0, 0.0, 0.0, 0.012412583, 0.27553585, 0.37699795, 0.2836569, 0.042993743, 0.008402967, 0.0, 0.0, 0.0, 0.0, 0.0, 0.0, 0.0 ],
  "lightfield_0.6_0.0_0.0_x" : [ 0.0360239, 0.04431723, 0.036407635, 0.041490138, 0.05803764, 0.0660647, 0.06349604, 0.05910269, 0.056134634, 0.06434965, 0.06272858, 0.049305756, 0.04791179, 0.04358109, 0.042382903, 0.04640035, 0.04388651, 0.0374257, 0.041247368, 0.0597057 ],
  "lightfield_0.0_0.4_0.0_x" : [ 0.0, 0.0, 0.0, 0.0, 0.0, 0.0010969865, 0.051764857, 0.095734656, 0.1880235, 0.21815835, 0.12506936, 0.109505065, 0.11967478, 0.075821124, 0.01515132, 0.0, 0.0, 0.0, 0.0, 0.0 ],
  "lightfield_0.0_0.4_0.0_y" : [ 0.0, 0.0, 0.0, 0.0, 0.0, 0.0, 0.029747693, 0.12081048, 0.17336258, 0.17642124, 0.17675678, 0.17456281, 0.11937794, 0.028960444, 0.0, 0.0, 0.0, 0.0, 0.0, 0.0 ],
  "lightfield_0.0_0.2_0.0_y" : [ 0.0, 0.0, 0.0, 0.0, 0.0, 0.0, 0.021948375, 0.09962286, 0.18466835, 0.19333462, 0.19412898, 0.18539828, 0.09870686, 0.022191688, 0.0, 0.0, 0.0, 0.0, 0.0, 0.0 ],
  "lightfield_0.0_0.2_0.0_x" : [ 0.0, 0.01114236, 0.03694798, 0.031380378, 0.038250428, 0.09391213, 0.10053887, 0.10146203, 0.0929031, 0.08281987, 0.06653213, 0.0672406, 0.057751346, 0.04567151, 0.04122745, 0.04605795, 0.033462863, 0.03324102, 0.019457981, 0.0 ],
  "a3" : [ 0.18567804, 0.180186, 0.11819578, 0.07643181, 0.06447664, 0.064257786, 0.041914698, 0.0, 0.0, 0.0, 0.0, 0.0, 0.0, 0.006346812, 0.029470513, 0.04251359, 0.04546991, 0.047628008, 0.045965664, 0.05146475 ],
  "lightfield_0.4_0.0_0.0_y" : [ 0.0, 0.0, 0.0, 0.0, 0.0, 0.0, 0.0, 0.01190069, 0.2724333, 0.37402058, 0.282997, 0.05127946, 0.0073689446, 0.0, 0.0, 0.0, 0.0, 0.0, 0.0, 0.0 ],
  "lightfield_0.4_0.0_0.0_x" : [ 0.03611405, 0.044617873, 0.035880852, 0.04135315, 0.057505753, 0.06547323, 0.063024685, 0.05851626, 0.05962005, 0.06711336, 0.06279927, 0.04886201, 0.047789317, 0.043467447, 0.042177103, 0.046086997, 0.043086562, 0.036720354, 0.040723525, 0.059068155 ],
  "lightfield_0.2_0.0_0.0_x" : [ 0.028387345, 0.033078186, 0.026871365, 0.052487697, 0.07234455, 0.07494781, 0.076849, 0.07879989, 0.073295146, 0.0650753, 0.06485785, 0.05349421, 0.051804263, 0.044516377, 0.03716636, 0.038750682, 0.036234405, 0.027101249, 0.024479348, 0.039458968 ],