{
  "eccentricity_minmax" : 0.014221418,
  "compactness" : 45.98735,
  "eccentricity" : 7.6727505,
  "compactness_standardized" : -0.06478834,
  "convexity_minmax" : 0.16122179,
  "diameter_standardized" : -0.5586183,
  "surface_area_minmax" : 0.052911066,
  "convexity" : 0.30942503,
  "diameter_minmax" : 0.01823928,
  "rectangularity _standardized" : -0.37403023,
  "convexity_standardized" : -0.089750335,
  "diameter" : 1.0096749,
  "surface_area" : 1.0958157,
  "rectangularity " : 0.0015557448,
  "compactness_minmax" : 1.1565987E-5,
  "surface_area_standardized" : -0.30430672,
  "rectangularity _minmax" : 0.0028035003,
  "eccentricity_standardized" : -0.06285697,
  "lightfield_0.0_0.0_0.6_y" : [ 0.0, 0.002662931, 0.023106476, 0.024488796, 0.040466383, 0.066638, 0.087030694, 0.08852859, 0.08166322, 0.07555143, 0.07403966, 0.070826575, 0.073429406, 0.06569488, 0.052306257, 0.042796448, 0.037997622, 0.03273186, 0.029306112, 0.030734664 ],
  "lightfield_0.0_0.0_0.6_x" : [ 0.0, 0.0, 0.003555198, 0.017461617, 0.062144306, 0.096013464, 0.0916261, 0.15613283, 0.15505102, 0.13108926, 0.111158885, 0.09108519, 0.075394236, 0.0092878975, 0.0, 0.0, 0.0, 0.0, 0.0, 0.0 ],
  "lightfield_0.0_0.0_0.8_y" : [ 0.0, 0.0, 0.0, 0.0, 0.010193949, 0.07410128, 0.10120969, 0.08213819, 0.08229523, 0.10756994, 0.11485397, 0.10124203, 0.098175064, 0.09186101, 0.05804592, 0.026184637, 0.021962946, 0.019764343, 0.010115427, 2.8637282E-4 ],
  "lightfield_0.0_0.0_0.8_x" : [ 0.024392497, 0.0400691, 0.039353166, 0.048318483, 0.06295583, 0.07361167, 0.0816532, 0.081976525, 0.08383795, 0.09056771, 0.08845687, 0.08693262, 0.075537756, 0.06772255, 0.037186895, 0.017168513, 2.586593E-4, 0.0, 0.0, 0.0 ],
  "lightfield_0.0_0.0_0.2_y" : [ 0.0, 0.0, 0.0, 0.0, 0.011684488, 0.071081005, 0.10094984, 0.07758087, 0.08454308, 0.1027768, 0.111242786, 0.09765951, 0.09812635, 0.08697155, 0.07315486, 0.033509295, 0.021555478, 0.019122519, 0.009835079, 2.064873E-4 ],
  "lightfield_0.0_0.0_0.2_x" : [ 0.0, 0.010337831, 0.028257336, 0.06060402, 0.07124709, 0.08141435, 0.08702542, 0.0875147, 0.08079938, 0.078245215, 0.08078142, 0.07474391, 0.06907, 0.050975427, 0.038833078, 0.038218103, 0.029788036, 0.013861582, 0.015733434, 0.0025496692 ],
  "lightfield_0.0_0.0_0.4_y" : [ 0.0, 0.0026078392, 0.022929566, 0.024672749, 0.042012107, 0.0674108, 0.08433863, 0.08725164, 0.083765276, 0.075581096, 0.0754655, 0.07295014, 0.071105234, 0.06305515, 0.052457333, 0.042969238, 0.03808185, 0.03277832, 0.029342815, 0.031224713 ],
  "lightfield_0.0_0.0_0.4_x" : [ 0.0, 0.0, 0.0, 0.0, 0.055009685, 0.09389608, 0.09712814, 0.13324949, 0.14548413, 0.16694795, 0.10253339, 0.09029412, 0.08215156, 0.026910681, 0.0063947546, 0.0, 0.0, 0.0, 0.0, 0.0 ],
  "lightfield_0.0_0.0_0.0_y" : [ 0.0, 0.0, 0.0, 0.0, 0.0, 0.0073186927, 0.06367397, 0.06707979, 0.18217757, 0.16492411, 0.15196945, 0.18412055, 0.101057194, 0.061349582, 0.016329076, 0.0, 0.0, 0.0, 0.0, 0.0 ],
  "lightfield_0.0_0.0_0.0_x" : [ 0.022144543, 0.02307789, 0.021440046, 0.058773905, 0.07902932, 0.08531146, 0.08037998, 0.072576664, 0.0702074, 0.06854712, 0.07355937, 0.05731555, 0.057598248, 0.042987786, 0.03739668, 0.034574207, 0.030423505, 0.026434347, 0.024352267, 0.03386971 ],
  "d1" : [ 0.0221977, 0.0531492, 0.041284, 0.0585686, 0.0829182, 0.1648943, 0.063246, 0.0472801, 0.0764143, 0.0368272, 0.0370192, 0.1388689, 0.0401862, 0.0158618, 0.0130533, 0.0063452, 0.0115579, 0.0168301, 0.027096, 0.0464018 ],
  "d2" : [ 0.025483174, 0.059901718, 0.07079643, 0.08299907, 0.09201456, 0.09142985, 0.08043793, 0.081886776, 0.08017488, 0.08972116, 0.06178815, 0.031223083, 0.029189825, 0.023545235, 0.0244913, 0.017635697, 0.017865136, 0.018458141, 0.018410834, 0.0025470473 ],
  "d3" : [ 0.0033439067, 0.015386016, 0.035103526, 0.054046158, 0.070858166, 0.08697287, 0.102946505, 0.114656165, 0.10779811, 0.096423306, 0.08570818, 0.069751844, 0.054058336, 0.04037612, 0.030321456, 0.017389564, 0.009733281, 0.0042496887, 8.3202735E-4, 4.477593E-5 ],
  "d4" : [ 1.3218776E-6, 8.744729E-6, 4.667245E-5, 2.4139519E-4, 9.990344E-4, 0.0032682915, 0.009682957, 0.02920231, 0.083866015, 0.25104073, 0.43200302, 0.12413671, 0.043926194, 0.014673858, 0.0048273955, 0.0015462918, 4.207638E-4, 9.120956E-5, 1.5150751E-5, 1.931975E-6 ],
  "lightfield_0.0_0.8_0.0_y" : [ 0.0, 0.0, 0.0, 0.0, 0.0, 0.0071507683, 0.06021162, 0.07486801, 0.16822585, 0.17129047, 0.16170414, 0.17741433, 0.10290655, 0.06086218, 0.015366087, 0.0, 0.0, 0.0, 0.0, 0.0 ],
  "lightfield_0.0_0.8_0.0_x" : [ 0.047652073, 0.038764693, 0.040689483, 0.044936933, 0.05135112, 0.07107218, 0.07978752, 0.09294386, 0.08806736, 0.08845446, 0.09844404, 0.09488478, 0.07136252, 0.026511608, 0.031667687, 0.028898781, 0.004510898, 0.0, 0.0, 0.0 ],
  "lightfield_0.8_0.0_0.0_x" : [ 0.025240796, 0.023800476, 0.024100738, 0.05149498, 0.070069015, 0.07360179, 0.07343289, 0.07244296, 0.0691823, 0.073160775, 0.079832226, 0.05408474, 0.05232539, 0.043439504, 0.03840073, 0.037237212, 0.034192365, 0.028839251, 0.029632133, 0.045489732 ],
  "lightfield_0.8_0.0_0.0_y" : [ 0.0, 0.0, 0.0, 0.0, 0.0, 0.0, 0.0056955996, 0.08065326, 0.17172186, 0.21399316, 0.16587144, 0.20103496, 0.0821921, 0.071889356, 0.0069482564, 0.0, 0.0, 0.0, 0.0, 0.0 ],
  "lightfield_0.0_0.6_0.0_x" : [ 0.0, 0.0, 0.0, 0.0, 0.035085496, 0.0858674, 0.14504799, 0.1759731, 0.19722317, 0.16731134, 0.107205145, 0.059823647, 0.026462708, 0.0, 0.0, 0.0, 0.0, 0.0, 0.0, 0.0 ],
  "lightfield_0.0_0.6_0.0_y" : [ 0.0, 0.0, 0.0, 0.0, 0.0, 0.0077458955, 0.043289326, 0.10033614, 0.15981877, 0.1650704, 0.16471964, 0.16647342, 0.12233643, 0.056335557, 0.01387441, 0.0, 0.0, 0.0, 0.0, 0.0 ],
  "lightfield_0.6_0.0_0.0_y" : [ 0.0, 0.0, 0.0, 0.0, 0.0, 0.0, 0.0, 0.0077415663, 0.09581122, 0.28669932, 0.3099987, 0.24302544, 0.056723773, 0.0, 0.0, 0.0, 0.0, 0.0, 0.0, 0.0 ],
  "lightfield_0.6_0.0_0.0_x" : [ 0.03697158, 0.032360245, 0.03601944, 0.043953925, 0.059934907, 0.06432221, 0.06538014, 0.06439066, 0.06123554, 0.06206944, 0.062181454, 0.05410384, 0.0480114, 0.0458582, 0.04209321, 0.041856732, 0.04101661, 0.037313852, 0.041060172, 0.05986645 ],
  "lightfield_0.0_0.4_0.0_x" : [ 0.0, 0.0, 0.0, 0.0, 0.008692947, 0.061390504, 0.16436075, 0.18533362, 0.14195125, 0.14604151, 0.10922916, 0.064254604, 0.05253285, 0.0564401, 0.009772702, 0.0, 0.0, 0.0, 0.0, 0.0 ],
  "lightfield_0.0_0.4_0.0_y" : [ 0.0, 0.0, 0.0, 0.0, 0.0, 0.008674646, 0.06454742, 0.10097544, 0.16508363, 0.14373559, 0.1490886, 0.15339848, 0.13855642, 0.058013983, 0.017925771, 0.0, 0.0, 0.0, 0.0, 0.0 ],
  "lightfield_0.0_0.2_0.0_y" : [ 0.0, 0.0, 0.0, 0.0, 0.0, 0.007776585, 0.06378957, 0.07320468, 0.18105471, 0.15762223, 0.14895704, 0.18080303, 0.109961115, 0.05992696, 0.016904056, 0.0, 0.0, 0.0, 0.0, 0.0 ],
  "lightfield_0.0_0.2_0.0_x" : [ 2.05458E-5, 0.022117553, 0.03146589, 0.03535932, 0.084997974, 0.0981216, 0.09667826, 0.084977426, 0.07611191, 0.077139206, 0.07741657, 0.069295846, 0.051272042, 0.042740397, 0.035107635, 0.031126887, 0.027454324, 0.032010354, 0.026586264, 0.0 ],
  "a3" : [ 0.15285416, 0.1705478, 0.124096245, 0.09008445, 0.07541444, 0.06891167, 0.040678382, 0.0, 0.0, 0.0, 0.0, 0.0, 0.0, 0.0044475077, 0.023949187, 0.04162129, 0.04929649, 0.05247578, 0.05104416, 0.05457844 ],
  "lightfield_0.4_0.0_0.0_y" : [ 0.0, 0.0, 0.0, 0.0, 0.0, 0.0, 0.0, 0.0071871146, 0.090165034, 0.2914362, 0.31851578, 0.24531463, 0.047381245, 0.0, 0.0, 0.0, 0.0, 0.0, 0.0, 0.0 ],
  "lightfield_0.4_0.0_0.0_x" : [ 0.037981726, 0.033492975, 0.037393454, 0.043256965, 0.058117155, 0.062330954, 0.06375687, 0.062497202, 0.062369317, 0.06365456, 0.06369292, 0.054683454, 0.04799509, 0.045648407, 0.041837446, 0.041492157, 0.041306727, 0.03732312, 0.040897492, 0.060272012 ],