{
  "eccentricity_minmax" : 0.0065765195,
  "compactness" : 19.72839,
  "eccentricity" : 4.086123,
  "compactness_standardized" : -0.06496367,
  "convexity_minmax" : 0.04173299,
  "diameter_standardized" : -0.44727027,
  "surface_area_minmax" : 0.024159653,
  "convexity" : 0.08085604,
  "diameter_minmax" : 0.036200564,
  "rectangularity _standardized" : -0.36071196,
  "convexity_standardized" : -0.90779996,
  "diameter" : 1.0192024,
  "surface_area" : 0.5089616,
  "rectangularity " : 0.0021962058,
  "compactness_minmax" : 4.895304E-6,
  "surface_area_standardized" : -0.66345966,
  "rectangularity _minmax" : 0.0039576525,
  "eccentricity_standardized" : -0.22503056,
  "lightfield_0.0_0.0_0.6_y" : [ 0.004398583, 0.03911029, 0.04453849, 0.03697535, 0.06093665, 0.17698807, 0.07506359, 0.036362123, 0.044727758, 0.06977924, 0.07668372, 0.06448731, 0.044659622, 0.038012538, 0.040995397, 0.034984253, 0.02919266, 0.030638665, 0.040192902, 0.011272788 ],
  "lightfield_0.0_0.0_0.6_x" : [ 5.2994972E-5, 0.00863061, 0.012650657, 0.032152805, 0.044939738, 0.060179576, 0.06271577, 0.088880144, 0.20796742, 0.23451033, 0.14339682, 0.052722428, 0.01428593, 0.01267337, 0.011356066, 0.011280359, 0.0016049906, 0.0, 0.0, 0.0 ],
  "lightfield_0.0_0.0_0.8_y" : [ 0.0, 0.008886376, 0.014051779, 0.041079868, 0.08946823, 0.09559135, 0.05991239, 0.076562576, 0.1203272, 0.11155857, 0.1260264, 0.08256009, 0.059857443, 0.039070226, 0.026800433, 0.020261252, 0.02154868, 0.006437128, 0.0, 0.0 ],
  "lightfield_0.0_0.0_0.8_x" : [ 0.014687642, 0.021321025, 0.047626898, 0.04228879, 0.04672413, 0.06950528, 0.07876847, 0.10058405, 0.091179565, 0.08842416, 0.08011084, 0.06925408, 0.082685694, 0.07243339, 0.06477949, 0.023063758, 0.0065627308, 0.0, 0.0, 0.0 ],
  "lightfield_0.0_0.0_0.2_y" : [ 0.0016071077, 0.011757661, 0.012690086, 0.0224237, 0.050578408, 0.1008081, 0.090142064, 0.11584062, 0.11741741, 0.11222463, 0.09844293, 0.08197765, 0.06683142, 0.037683643, 0.031763118, 0.018913837, 0.020505784, 0.008391831, 0.0, 0.0 ],
  "lightfield_0.0_0.0_0.2_x" : [ 2.50163E-4, 0.014865746, 0.05821217, 0.07238049, 0.09973165, 0.063852206, 0.08381218, 0.07751262, 0.0689995, 0.0794457, 0.086162195, 0.060872994, 0.04646967, 0.044104494, 0.03907849, 0.04822081, 0.027555833, 0.016237851, 0.012235244, 0.0 ],
  "lightfield_0.0_0.0_0.4_y" : [ 0.0023082725, 0.029794237, 0.06239192, 0.06898154, 0.071754515, 0.07381901, 0.07307244, 0.059337076, 0.08148278, 0.089725524, 0.075083606, 0.055954657, 0.045563623, 0.03979675, 0.03894353, 0.03402988, 0.032148216, 0.030426536, 0.015411337, 0.019974556 ],
  "lightfield_0.0_0.0_0.4_x" : [ 0.008280832, 0.009332124, 0.011381383, 0.015403719, 0.02573381, 0.06941577, 0.107323244, 0.09926333, 0.18792233, 0.18604067, 0.105555855, 0.07098509, 0.057143074, 0.031637806, 0.014580969, 0.0, 0.0, 0.0, 0.0, 0.0 ],
  "lightfield_0.0_0.0_0.0_y" : [ 0.0, 0.0, 0.0044540395, 0.012074386, 0.0111350985, 0.018853918, 0.121486194, 0.16735977, 0.18488808, 0.22699693, 0.16547363, 0.028148316, 0.014824073, 0.013892361, 0.010544256, 0.007658221, 0.010332159, 0.0018785744, 0.0, 0.0 ],
  "lightfield_0.0_0.0_0.0_x" : [ 0.023201909, 0.04376018, 0.0402833, 0.06017498, 0.10238988, 0.09069424, 0.08868689, 0.041548308, 0.05759194, 0.071454, 0.069583, 0.053842366, 0.039328866, 0.038283527, 0.038359277, 0.0330114, 0.0275499, 0.02652729, 0.035026323, 0.01870242 ],
  "d1" : [ 0.0124319, 0.0389405, 0.0748609, 0.0609922, 0.0549061, 0.0594574, 0.0699359, 0.0730016, 0.0612822, 0.0770713, 0.0620033, 0.0729484, 0.0689502, 0.0642901, 0.0283694, 0.0170632, 0.0290245, 0.0423625, 0.0248942, 0.0072142 ],
  "d2" : [ 0.022075376, 0.057945374, 0.07449798, 0.0780552, 0.077383585, 0.08650099, 0.09051839, 0.08701838, 0.07947676, 0.06907333, 0.052145056, 0.041145924, 0.039319806, 0.043380316, 0.039539944, 0.026051074, 0.018005861, 0.012631818, 0.004874156, 3.6066334E-4 ],
  "d3" : [ 0.0041060033, 0.03470537, 0.08330839, 0.12095156, 0.13886878, 0.13170624, 0.11188197, 0.09008505, 0.07120037, 0.056723356, 0.046369955, 0.03818572, 0.028966507, 0.018999584, 0.011652106, 0.006696769, 0.0030237339, 0.0018319896, 7.003157E-4, 3.6223224E-5 ],
  "d4" : [ 2.745438E-6, 1.3117093E-5, 5.3586886E-5, 1.5669334E-4, 4.0561307E-4, 0.0010750932, 0.0024992637, 0.005803958, 0.01912157, 0.16212137, 0.75225025, 0.040942006, 0.009341099, 0.0036322146, 0.0016185882, 5.984038E-4, 2.3641273E-4, 9.659875E-5, 2.6844284E-5, 4.57573E-6 ],
  "lightfield_0.0_0.8_0.0_y" : [ 0.0, 0.0, 0.007821724, 0.029110095, 0.014822535, 0.02464581, 0.120074525, 0.14297704, 0.18487124, 0.23450413, 0.15264352, 0.016658058, 0.015606552, 0.016206095, 0.012405918, 0.010810212, 0.014721074, 0.002121458, 0.0, 0.0 ],
  "lightfield_0.0_0.8_0.0_x" : [ 0.015182261, 0.032947168, 0.05184659, 0.042659756, 0.042364597, 0.05261216, 0.07006346, 0.08674919, 0.0724893, 0.043969523, 0.0724524, 0.22295602, 0.06268448, 0.06909497, 0.057509962, 0.0044181673, 0.0, 0.0, 0.0, 0.0 ],
  "lightfield_0.8_0.0_0.0_x" : [ 0.019693894, 0.037972096, 0.036414832, 0.05238073, 0.101819955, 0.09253929, 0.094772935, 0.04022148, 0.05172007, 0.062038917, 0.059647962, 0.053418905, 0.044720244, 0.043918017, 0.0432259, 0.036831673, 0.029855441, 0.031161027, 0.039206896, 0.028439747 ],
  "lightfield_0.8_0.0_0.0_y" : [ 0.0024774668, 0.010712095, 0.008384062, 0.011183993, 0.014298523, 0.014322118, 0.016547905, 0.06049738, 0.27702013, 0.3660831, 0.16960816, 0.01868718, 0.018466959, 0.011710946, 0.0, 0.0, 0.0, 0.0, 0.0, 0.0 ],
  "lightfield_0.0_0.6_0.0_x" : [ 0.0, 0.0036395497, 0.029965626, 0.057626206, 0.037150368, 0.03262115, 0.05511896, 0.14513716, 0.18809733, 0.17270337, 0.19258611, 0.07736065, 0.00799353, 0.0, 0.0, 0.0, 0.0, 0.0, 0.0, 0.0 ],
  "lightfield_0.0_0.6_0.0_y" : [ 0.0, 0.0, 0.011727438, 0.054067533, 0.023023522, 0.0334569, 0.09113702, 0.108741656, 0.14140324, 0.17440183, 0.18935095, 0.06261373, 0.023657074, 0.024991576, 0.019208735, 0.017213723, 0.02100155, 0.0040035048, 0.0, 0.0 ],
  "lightfield_0.6_0.0_0.0_y" : [ 0.0, 0.0, 0.0, 0.0012191733, 0.011904868, 0.012720639, 0.026364623, 0.08407813, 0.3037893, 0.3209653, 0.18472268, 0.054235283, 0.0, 0.0, 0.0, 0.0, 0.0, 0.0, 0.0, 0.0 ],
  "lightfield_0.6_0.0_0.0_x" : [ 0.020098431, 0.040322363, 0.04067198, 0.056288157, 0.07415442, 0.079936534, 0.08375541, 0.03832328, 0.048533853, 0.05009368, 0.043468907, 0.04285932, 0.04311929, 0.047225036, 0.05450422, 0.04643616, 0.037776444, 0.04924205, 0.06919705, 0.03399342 ],
  "lightfield_0.0_0.4_0.0_x" : [ 0.0, 0.0, 0.0, 0.0, 0.0036888358, 0.10140682, 0.15279737, 0.14302075, 0.1857799, 0.17981267, 0.10797681, 0.03653876, 0.027666269, 0.026147336, 0.0326691, 0.002495389, 0.0, 0.0, 0.0, 0.0 ],
  "lightfield_0.0_0.4_0.0_y" : [ 0.0, 0.0, 0.0080889175, 0.042156402, 0.01962557, 0.03427242, 0.15271299, 0.17854689, 0.14115222, 0.15458152, 0.11522187, 0.05970851, 0.024073873, 0.023519343, 0.01820308, 0.013947657, 0.012067074, 0.0021216834, 0.0, 0.0 ],
  "lightfield_0.0_0.2_0.0_y" : [ 0.0, 0.0, 0.0041665626, 0.018121637, 0.012108813, 0.021772576, 0.13556714, 0.18777809, 0.18236405, 0.20912652, 0.13204926, 0.03542826, 0.01721514, 0.015635006, 0.0119424835, 0.007667806, 0.006802891, 0.0022537694, 0.0, 0.0 ],
  "lightfield_0.0_0.2_0.0_x" : [ 0.0, 0.016616352, 0.047487173, 0.04682185, 0.11298787, 0.094857916, 0.09118202, 0.07674459, 0.09701189, 0.080104455, 0.07212062, 0.053524945, 0.04137455, 0.040226873, 0.03409762, 0.030912403, 0.030305298, 0.0198681, 0.013755479, 0.0 ],
  "a3" : [ 0.16856599, 0.17011574, 0.1190754, 0.09359437, 0.08503946, 0.07085273, 0.0388806, 0.0, 0.0, 0.0, 0.0, 0.0, 0.0, 0.006504283, 0.027665086, 0.03814346, 0.041629843, 0.042940017, 0.045549095, 0.051443923 ],
  "lightfield_0.4_0.0_0.0_y" : [ 0.0, 0.0, 0.0, 0.0, 0.008314621, 0.029625712, 0.09073254, 0.13826199, 0.17686993, 0.29332662, 0.15280174, 0.072863474, 0.037203375, 0.0, 0.0, 0.0, 0.0, 0.0, 0.0, 0.0 ],