{
  "eccentricity_minmax" : 0.0022103854,
  "compactness" : 11.787249,
  "eccentricity" : 2.0377376,
  "compactness_standardized" : -0.065016694,
  "convexity_minmax" : 0.14607024,
  "diameter_standardized" : -0.6092573,
  "surface_area_minmax" : 0.044696826,
  "convexity" : 0.2804418,
  "diameter_minmax" : 0.010070832,
  "rectangularity _standardized" : -0.2932006,
  "convexity_standardized" : -0.19348148,
  "diameter" : 1.005342,
  "surface_area" : 0.92815226,
  "rectangularity " : 0.005442752,
  "compactness_minmax" : 2.8779798E-6,
  "surface_area_standardized" : -0.4069162,
  "rectangularity _minmax" : 0.009808139,
  "eccentricity_standardized" : -0.3176507,
  "lightfield_0.0_0.0_0.6_y" : [ 4.9923686E-4, 0.028247299, 0.040538035, 0.04506445, 0.07407724, 0.07974002, 0.061372854, 0.08621583, 0.082274236, 0.05802559, 0.054916058, 0.05655165, 0.059451982, 0.05700334, 0.04942445, 0.043191124, 0.038450748, 0.037247825, 0.028437484, 0.019270543 ],
  "lightfield_0.0_0.0_0.6_x" : [ 0.0, 0.0, 0.002634069, 0.008696231, 0.016360706, 0.05621407, 0.08717627, 0.113407604, 0.15896653, 0.13667203, 0.14706092, 0.113127075, 0.06922276, 0.03234104, 0.01681715, 0.016726812, 0.012889821, 0.008125675, 0.0035612232, 0.0 ],
  "lightfield_0.0_0.0_0.8_y" : [ 7.804001E-4, 0.0059121223, 0.012973561, 0.022366742, 0.05662867, 0.07025493, 0.07473396, 0.073636666, 0.074246794, 0.10126756, 0.1053824, 0.0984392, 0.09737502, 0.086274415, 0.0634016, 0.03006669, 0.02094783, 0.0053114505, 0.0, 0.0 ],
  "lightfield_0.0_0.0_0.8_x" : [ 0.011105331, 0.020375539, 0.0376815, 0.04176323, 0.052641537, 0.057366505, 0.064347535, 0.073693424, 0.08122783, 0.085829824, 0.08393322, 0.069271155, 0.04897602, 0.06301849, 0.07303126, 0.07340491, 0.050943576, 0.011389112, 0.0, 0.0 ],
  "lightfield_0.0_0.0_0.2_y" : [ 7.234829E-4, 0.0057784063, 0.012999049, 0.023037966, 0.0574436, 0.070324436, 0.074485645, 0.07279278, 0.072509065, 0.10145311, 0.104933396, 0.09805795, 0.098819256, 0.0855223, 0.064063706, 0.030357912, 0.021018835, 0.0056791045, 0.0, 0.0 ],
  "lightfield_0.0_0.0_0.2_x" : [ 0.0, 0.013533386, 0.053428978, 0.07361557, 0.07306705, 0.06090024, 0.05019931, 0.07040009, 0.08496905, 0.086737566, 0.08109156, 0.07174303, 0.063832, 0.057244997, 0.051859066, 0.04109667, 0.037252277, 0.018526837, 0.01037938, 1.2294481E-4 ],
  "lightfield_0.0_0.0_0.4_y" : [ 7.605792E-4, 0.028683342, 0.040557884, 0.044864666, 0.07331032, 0.08027438, 0.061711494, 0.086339995, 0.0824658, 0.05700541, 0.053012367, 0.058341175, 0.0596199, 0.056934107, 0.049423385, 0.0431391, 0.038532842, 0.037263628, 0.028412387, 0.019347234 ],
  "lightfield_0.0_0.0_0.4_x" : [ 0.003959765, 0.0084281685, 0.013243585, 0.016732741, 0.016794538, 0.03414525, 0.07120923, 0.118522, 0.14843178, 0.1387962, 0.15854274, 0.10784062, 0.08551287, 0.05255127, 0.01458886, 0.008394892, 0.0023055056, 0.0, 0.0, 0.0 ],
  "lightfield_0.0_0.0_0.0_y" : [ 0.0, 0.002597047, 0.00744172, 0.01024653, 0.015213973, 0.015237583, 0.015535062, 0.03457378, 0.19891019, 0.20081784, 0.19947681, 0.19765888, 0.035976183, 0.015535062, 0.015313133, 0.015180919, 0.010227643, 0.007521992, 0.0025356621, 0.0 ],
  "lightfield_0.0_0.0_0.0_x" : [ 0.02587603, 0.038134094, 0.042799335, 0.03689223, 0.03177841, 0.15524203, 0.10491598, 0.047464576, 0.046964053, 0.047710113, 0.053201687, 0.056762002, 0.056322865, 0.052460346, 0.04452283, 0.038237974, 0.03699139, 0.0357212, 0.024742775, 0.023260096 ],
  "d1" : [ 0.0230903, 0.0293579, 0.0626457, 0.0475468, 0.0409773, 0.0253756, 0.0261507, 0.0537421, 0.0461132, 0.0473143, 0.0655881, 0.0503211, 0.0528865, 0.0447098, 0.050612, 0.0500577, 0.0763337, 0.054151, 0.0172855, 0.1357407 ],
  "d2" : [ 0.02921453, 0.035902806, 0.04463304, 0.06425598, 0.05534142, 0.048384998, 0.06213131, 0.08438562, 0.08951732, 0.086109824, 0.068717666, 0.04716258, 0.03520428, 0.035632357, 0.055703983, 0.07084704, 0.04823067, 0.030671585, 0.0046428153, 0.0033101812 ],
  "d3" : [ 0.0076884804, 0.029026072, 0.05678524, 0.08154079, 0.09386373, 0.10363616, 0.10575622, 0.098955914, 0.09121803, 0.08089481, 0.059246507, 0.044753794, 0.038411308, 0.032029584, 0.02627512, 0.01899053, 0.0112909805, 0.007650345, 0.008535801, 0.003450564 ],
  "d4" : [ 8.236314E-6, 3.80294E-5, 1.7479289E-4, 8.3013915E-4, 0.0018001939, 0.0042027575, 0.013101637, 0.037945613, 0.12306263, 0.56169224, 0.17993042, 0.050266836, 0.01764971, 0.0056812265, 0.0022066205, 0.0010615694, 2.817633E-4, 5.5112127E-5, 9.659875E-6, 8.1346315E-7 ],
  "lightfield_0.0_0.8_0.0_y" : [ 0.0, 0.006914412, 0.015710434, 0.01513887, 0.01688897, 0.015123696, 0.016671471, 0.036023732, 0.19357319, 0.18471141, 0.18324457, 0.1922429, 0.037404593, 0.016838389, 0.015219799, 0.016833331, 0.014961837, 0.015705377, 0.006793018, 0.0 ],
  "lightfield_0.0_0.8_0.0_x" : [ 0.01585206, 0.025725456, 0.025568657, 0.038330223, 0.040839035, 0.04774839, 0.05707551, 0.060732514, 0.06055042, 0.0556289, 0.051799923, 0.092224196, 0.14322999, 0.124201454, 0.038092494, 0.045517772, 0.041425776, 0.033444107, 0.0020131208, 0.0 ],
  "lightfield_0.8_0.0_0.0_x" : [ 0.03048215, 0.045447413, 0.04645556, 0.042289823, 0.033782404, 0.12974173, 0.095954575, 0.05016953, 0.04665053, 0.04854794, 0.05331761, 0.056893673, 0.05305606, 0.049556084, 0.04466277, 0.038052756, 0.036183883, 0.034676418, 0.026982171, 0.03709692 ],
  "lightfield_0.8_0.0_0.0_y" : [ 0.0, 0.0, 0.0, 0.002425257, 0.009734316, 0.015445557, 0.015645284, 0.0815885, 0.23220171, 0.20686015, 0.23147888, 0.13515338, 0.016025716, 0.015726127, 0.014190131, 0.009320595, 0.009277796, 0.0049266005, 0.0, 0.0 ],
  "lightfield_0.0_0.6_0.0_x" : [ 0.0, 0.0, 0.0, 0.0, 0.0, 0.03159949, 0.040025022, 0.06385464, 0.09686341, 0.15790704, 0.16328038, 0.22726314, 0.12561421, 0.060026225, 0.033566456, 0.0, 0.0, 0.0, 0.0, 0.0 ],
  "lightfield_0.0_0.6_0.0_y" : [ 0.0, 0.012909595, 0.029926445, 0.026776293, 0.02881108, 0.025223827, 0.02708528, 0.048096344, 0.15496789, 0.1473186, 0.14521599, 0.15443282, 0.04882736, 0.027055135, 0.025208754, 0.028818617, 0.026708467, 0.029949054, 0.012668435, 0.0 ],
  "lightfield_0.6_0.0_0.0_y" : [ 0.0, 0.0, 0.0, 0.0, 0.0, 0.0, 0.002927963, 0.09133058, 0.2668818, 0.28661248, 0.2369234, 0.09050224, 0.011119356, 0.011360956, 0.00234122, 0.0, 0.0, 0.0, 0.0, 0.0 ],
  "lightfield_0.6_0.0_0.0_x" : [ 0.04207293, 0.06064162, 0.06083145, 0.055291906, 0.040226415, 0.07688635, 0.07665625, 0.052346684, 0.050966114, 0.055314913, 0.059462383, 0.06170006, 0.054377276, 0.04521373, 0.040128622, 0.034600582, 0.0333178, 0.031960238, 0.028088886, 0.039915785 ],
  "lightfield_0.0_0.4_0.0_x" : [ 0.0, 0.0, 0.0, 0.0, 0.0, 0.0061970702, 0.06793392, 0.14489618, 0.20729284, 0.24429986, 0.117669165, 0.09389146, 0.07594334, 0.039312143, 0.002564017, 0.0, 0.0, 0.0, 0.0, 0.0 ],
  "lightfield_0.0_0.4_0.0_y" : [ 0.0, 0.014882991, 0.03242187, 0.027394056, 0.032497033, 0.029999834, 0.031369537, 0.045718007, 0.13612674, 0.14915563, 0.14849584, 0.13492408, 0.049042042, 0.03121085, 0.030091703, 0.03243022, 0.027469223, 0.03229659, 0.01447375, 0.0 ],
  "lightfield_0.0_0.2_0.0_y" : [ 0.0, 0.007255158, 0.013209319, 0.012926037, 0.018103797, 0.018355602, 0.018932657, 0.03681088, 0.18785246, 0.18643081, 0.18524522, 0.18698688, 0.039565004, 0.018901182, 0.018350357, 0.01812478, 0.012747675, 0.0131044, 0.0070977793, 0.0 ],
  "lightfield_0.0_0.2_0.0_x" : [ 0.0, 0.004700377, 0.033143952, 0.04240307, 0.047921814, 0.056981582, 0.16214727, 0.14189264, 0.052826785, 0.05238088, 0.059258327, 0.06352854, 0.06183934, 0.0524176, 0.043352585, 0.039759107, 0.03967517, 0.030337367, 0.015433605, 0.0 ],
  "a3" : [ 0.14199595, 0.15421465, 0.1203241, 0.10128447, 0.10683618, 0.08819973, 0.04597039, 0.0, 0.0, 0.0, 0.0, 0.0, 0.0, 0.0031622876, 0.016534695, 0.031750664, 0.039895054, 0.04529694, 0.04967744, 0.05485746 ],
  "lightfield_0.4_0.0_0.0_y" : [ 0.0, 0.0, 0.0, 0.0, 0.0, 0.0, 0.0027192465, 0.09356522, 0.2673482, 0.28815913, 0.23813656, 0.08552898, 0.011235695, 0.011403479, 0.0019034726, 0.0, 0.0, 0.0, 0.0, 0.0 ],