{
  "eccentricity_minmax" : 0.0069500115,
  "compactness" : 15.007846,
  "eccentricity" : 4.261348,
  "compactness_standardized" : -0.06499519,
  "convexity_minmax" : 0.07686507,
  "diameter_standardized" : -0.63902736,
  "surface_area_minmax" : 0.021517595,
  "convexity" : 0.14805984,
  "diameter_minmax" : 0.005268691,
  "rectangularity _standardized" : -0.38637292,
  "convexity_standardized" : -0.66727716,
  "diameter" : 1.0027947,
  "surface_area" : 0.45503375,
  "rectangularity " : 9.6219685E-4,
  "compactness_minmax" : 3.6961228E-6,
  "surface_area_standardized" : -0.6964633,
  "rectangularity _minmax" : 0.0017338886,
  "eccentricity_standardized" : -0.21710756,
  "lightfield_0.0_0.0_0.6_y" : [ 0.0, 0.0039440054, 0.04345016, 0.06431593, 0.072174564, 0.07824113, 0.11058639, 0.0777564, 0.04785687, 0.052527983, 0.060114868, 0.06436, 0.060665708, 0.054415524, 0.045917917, 0.03932254, 0.040284675, 0.037618615, 0.026205236, 0.020241488 ],
  "lightfield_0.0_0.0_0.6_x" : [ 0.0, 0.0012412233, 0.0069479127, 0.007858633, 0.02159288, 0.06992714, 0.12595846, 0.14960046, 0.17876554, 0.16229913, 0.11141632, 0.06660742, 0.019213255, 0.01899292, 0.016973177, 0.016253415, 0.01170716, 0.007065425, 0.006823056, 7.564852E-4 ],
  "lightfield_0.0_0.0_0.8_y" : [ 0.00798498, 0.011024094, 0.017621016, 0.01972502, 0.027680777, 0.054404523, 0.06314928, 0.07077629, 0.10378282, 0.1167575, 0.112403385, 0.10709955, 0.09227656, 0.07857863, 0.05974489, 0.035139754, 0.018117795, 0.0037331425, 0.0, 0.0 ],
  "lightfield_0.0_0.0_0.8_x" : [ 0.024495551, 0.030873306, 0.043424264, 0.04654374, 0.0502988, 0.05957686, 0.06748879, 0.07221548, 0.08034658, 0.08450344, 0.08850689, 0.091063835, 0.064325474, 0.052263994, 0.056808054, 0.05072252, 0.021003492, 0.01122865, 0.004310282, 0.0 ],
  "lightfield_0.0_0.0_0.2_y" : [ 0.00801445, 0.011107617, 0.017995948, 0.020006875, 0.029571563, 0.057081014, 0.062302105, 0.07065293, 0.10441453, 0.115054145, 0.11194636, 0.10605983, 0.09071099, 0.070309244, 0.05697864, 0.04297529, 0.02038712, 0.004431347, 0.0, 0.0 ],
  "lightfield_0.0_0.0_0.2_x" : [ 0.014149598, 0.031019429, 0.0556039, 0.0554284, 0.05200617, 0.07738039, 0.0927146, 0.08673301, 0.08385191, 0.07784107, 0.07167667, 0.065153964, 0.05561121, 0.048079383, 0.045914896, 0.037783448, 0.02676358, 0.01829576, 0.0039926, 0.0 ],
  "lightfield_0.0_0.0_0.4_y" : [ 0.0, 0.004314051, 0.04347407, 0.06525187, 0.074932545, 0.081047826, 0.1119133, 0.064977616, 0.04772141, 0.053154744, 0.060485665, 0.06476265, 0.061308447, 0.05489667, 0.046290807, 0.03976043, 0.040924184, 0.037929554, 0.026232691, 0.02062146 ],
  "lightfield_0.0_0.0_0.4_x" : [ 0.008361254, 0.013846473, 0.016930057, 0.017797314, 0.019509591, 0.026099268, 0.09324873, 0.13191211, 0.18456282, 0.16904113, 0.14702612, 0.096688114, 0.051108904, 0.010881489, 0.007575533, 0.005151659, 2.5943606E-4, 0.0, 0.0, 0.0 ],
  "lightfield_0.0_0.0_0.0_y" : [ 8.304988E-4, 0.006152913, 0.0066151037, 0.01060872, 0.01499953, 0.01567115, 0.017678792, 0.01808321, 0.11850857, 0.2914834, 0.27639002, 0.13212875, 0.017989326, 0.017945996, 0.015721703, 0.014977866, 0.0105581675, 0.006708986, 0.0061818, 7.6550327E-4 ],
  "lightfield_0.0_0.0_0.0_x" : [ 0.01988142, 0.022409024, 0.018068766, 0.22861105, 0.07506987, 0.050956517, 0.044326972, 0.04469528, 0.05092763, 0.057997704, 0.060669743, 0.056553356, 0.05016935, 0.04285374, 0.036123086, 0.03819572, 0.03629641, 0.026084885, 0.019310903, 0.020798579 ],
  "d1" : [ 0.0611898, 0.0756159, 0.0612592, 0.0551806, 0.0537271, 0.0506927, 0.051585, 0.0554687, 0.0688911, 0.0658201, 0.0557617, 0.0529846, 0.0570916, 0.0480785, 0.0456634, 0.0233047, 0.0247036, 0.0253642, 0.026387, 0.0412305 ],
  "d2" : [ 0.022880819, 0.06599659, 0.09256485, 0.08815798, 0.08212572, 0.07782767, 0.07670077, 0.075752005, 0.073303774, 0.06641846, 0.056522224, 0.047774687, 0.04128065, 0.034761705, 0.028453596, 0.024904573, 0.022344723, 0.012753139, 0.007238171, 0.002237893 ],
  "d3" : [ 0.008272479, 0.06616283, 0.1474411, 0.19801828, 0.18831871, 0.13689844, 0.08423107, 0.051385663, 0.037521627, 0.027676154, 0.02003567, 0.013846026, 0.008882941, 0.0053308513, 0.003002503, 0.001482838, 7.93993E-4, 4.275347E-4, 2.055668E-4, 6.570491E-5 ],
  "d4" : [ 1.5252434E-6, 2.5420723E-6, 1.1388484E-5, 3.619911E-5, 1.5791353E-4, 7.3313364E-4, 0.0026448737, 0.009073571, 0.03233221, 0.19491106, 0.6558916, 0.07843646, 0.018489916, 0.005297272, 0.0015178205, 3.6290626E-4, 7.839751E-5, 1.5862532E-5, 3.86395E-6, 1.5252434E-6 ],
  "lightfield_0.0_0.8_0.0_y" : [ 0.004106932, 0.011991904, 0.008854781, 0.010583572, 0.014319447, 0.014285714, 0.018443245, 0.022912802, 0.117287904, 0.27738234, 0.26304606, 0.13125317, 0.022921234, 0.018603474, 0.0146314725, 0.014235116, 0.010600438, 0.008753584, 0.0118148085, 0.003972002 ],
  "lightfield_0.0_0.8_0.0_x" : [ 0.027896779, 0.028731657, 0.04263788, 0.043127004, 0.04557261, 0.056324843, 0.066646986, 0.071116544, 0.06392309, 0.054275595, 0.0514252, 0.060246248, 0.21598077, 0.121437006, 0.023764547, 0.026260752, 6.324844E-4, 0.0, 0.0, 0.0 ],
  "lightfield_0.8_0.0_0.0_x" : [ 0.024583627, 0.028421609, 0.020334994, 0.20333415, 0.07863917, 0.054718904, 0.049546313, 0.04467381, 0.048756603, 0.055477023, 0.059709862, 0.059457153, 0.050351813, 0.040654194, 0.03281239, 0.035284176, 0.037479565, 0.024480965, 0.018273855, 0.033009816 ],
  "lightfield_0.8_0.0_0.0_y" : [ 0.0, 0.0, 0.0024717876, 0.007589099, 0.009539679, 0.01584945, 0.017468352, 0.019869067, 0.0815374, 0.3345837, 0.3218931, 0.115581736, 0.019774301, 0.017571015, 0.016236408, 0.010124063, 0.00747854, 0.0024323023, 0.0, 0.0 ],
  "lightfield_0.0_0.6_0.0_x" : [ 0.0, 0.0, 0.0, 0.0, 0.007838186, 0.041913252, 0.0652963, 0.097977325, 0.10233042, 0.16276072, 0.46981773, 0.048686184, 0.003379889, 0.0, 0.0, 0.0, 0.0, 0.0, 0.0, 0.0 ],
  "lightfield_0.0_0.6_0.0_y" : [ 0.009889792, 0.028446304, 0.02034509, 0.02054236, 0.025474105, 0.025158474, 0.030484758, 0.038520213, 0.097845815, 0.20284595, 0.19419238, 0.107722454, 0.038612273, 0.030471606, 0.024895446, 0.025355743, 0.020568663, 0.02043715, 0.028380547, 0.0098108845 ],
  "lightfield_0.6_0.0_0.0_y" : [ 0.0, 0.0, 0.0, 0.0, 0.0, 0.0, 6.808306E-4, 0.009301348, 0.06170528, 0.41600752, 0.44945833, 0.052744348, 0.009541641, 5.60684E-4, 0.0, 0.0, 0.0, 0.0, 0.0, 0.0 ],
  "lightfield_0.6_0.0_0.0_x" : [ 0.03635435, 0.04399367, 0.029315766, 0.105268426, 0.06847354, 0.060203448, 0.054816876, 0.05220369, 0.050061073, 0.058190994, 0.05871163, 0.057630308, 0.053855702, 0.046716996, 0.039748494, 0.040569495, 0.042561926, 0.0338513, 0.026602454, 0.04086986 ],
  "lightfield_0.0_0.4_0.0_x" : [ 0.0, 0.0, 0.0, 0.0, 0.0, 0.015163771, 0.2139748, 0.3862332, 0.094372325, 0.106505916, 0.07064443, 0.044245858, 0.042422608, 0.02643709, 0.0, 0.0, 0.0, 0.0, 0.0, 0.0 ],
  "lightfield_0.0_0.4_0.0_y" : [ 0.009642669, 0.02716896, 0.01916978, 0.017847285, 0.021622177, 0.024434088, 0.03285698, 0.038493637, 0.09755659, 0.2099688, 0.19850288, 0.11161614, 0.038609196, 0.03261302, 0.024601003, 0.021789094, 0.017795924, 0.019311018, 0.02714328, 0.009257476 ],
  "lightfield_0.0_0.2_0.0_y" : [ 0.0036564583, 0.011093463, 0.008471071, 0.009869128, 0.014146027, 0.014816102, 0.01804239, 0.019986434, 0.11466554, 0.285212, 0.27003193, 0.13009381, 0.020085704, 0.017934846, 0.014700286, 0.014038484, 0.009860856, 0.008388346, 0.011225823, 0.003681276 ],
  "lightfield_0.0_0.2_0.0_x" : [ 0.0, 0.008346983, 0.028391324, 0.023493987, 0.26800516, 0.077141345, 0.054400157, 0.05044589, 0.05866051, 0.06768584, 0.06834765, 0.05972767, 0.04960209, 0.04159428, 0.044291127, 0.033751924, 0.022832183, 0.023336807, 0.01994507, 0.0 ],
  "a3" : [ 0.21130325, 0.17132498, 0.1051682, 0.07656332, 0.06612912, 0.055752374, 0.032452084, 0.0, 0.0, 0.0, 0.0, 0.0, 0.0, 0.008252858, 0.040268455, 0.04968257, 0.046855748, 0.044538066, 0.045465883, 0.04624307 ],