{
  "eccentricity_minmax" : 0.0023377123,
  "compactness" : 227.11967,
  "eccentricity" : 2.0974734,
  "compactness_standardized" : -0.0635955,
  "convexity_minmax" : 0.03221571,
  "diameter_standardized" : -0.57585937,
  "surface_area_minmax" : 0.04767214,
  "convexity" : 0.062650524,
  "diameter_minmax" : 0.015366491,
  "rectangularity _standardized" : -0.36373237,
  "convexity_standardized" : -0.97251606,
  "diameter" : 1.008151,
  "surface_area" : 0.98888236,
  "rectangularity " : 0.0020273847,
  "compactness_minmax" : 5.7579855E-5,
  "surface_area_standardized" : -0.3693702,
  "rectangularity _minmax" : 0.0036534262,
  "eccentricity_standardized" : -0.31502628,
  "lightfield_0.0_0.0_0.6_y" : [ 3.2216922E-4, 0.015874557, 0.05209432, 0.1086946, 0.09637714, 0.11335061, 0.104559354, 0.048775535, 0.048621073, 0.05536897, 0.06313634, 0.05772125, 0.044234276, 0.04255723, 0.042186514, 0.03584905, 0.033126056, 0.02224733, 0.014833024, 7.0612434E-5 ],
  "lightfield_0.0_0.0_0.6_x" : [ 0.0069156047, 0.012935314, 0.013045646, 0.024356876, 0.055752926, 0.07544497, 0.06373213, 0.08211784, 0.1508767, 0.16488002, 0.14215606, 0.07248366, 0.026139839, 0.02134702, 0.018756427, 0.0181827, 0.016889611, 0.01354876, 0.012860289, 0.007577596 ],
  "lightfield_0.0_0.0_0.8_y" : [ 0.0044977446, 0.014584662, 0.018818352, 0.022343492, 0.024077456, 0.04204643, 0.06201342, 0.058739137, 0.060781162, 0.083815604, 0.119172625, 0.122024424, 0.09797338, 0.08419408, 0.07419078, 0.04581362, 0.028104302, 0.021929806, 0.013502035, 0.0013774893 ],
  "lightfield_0.0_0.0_0.8_x" : [ 0.00838376, 0.016793927, 0.017079987, 0.03847288, 0.04819012, 0.044990648, 0.06113764, 0.08071295, 0.090205744, 0.09376169, 0.1023699, 0.08102982, 0.06206183, 0.05693916, 0.062708765, 0.053629663, 0.02623831, 0.023694577, 0.020798767, 0.010799868 ],
  "lightfield_0.0_0.0_0.2_y" : [ 0.008788311, 0.014265928, 0.016025255, 0.018944986, 0.019810092, 0.021623489, 0.029933495, 0.06190082, 0.06676288, 0.08055882, 0.099295855, 0.119072676, 0.11392779, 0.0835451, 0.080055565, 0.055058997, 0.046686605, 0.040556, 0.01639542, 0.006791913 ],
  "lightfield_0.0_0.0_0.2_x" : [ 0.008006388, 0.025607966, 0.04207825, 0.06443791, 0.06663395, 0.05481361, 0.06652165, 0.08465144, 0.09524067, 0.08957589, 0.08440605, 0.06821859, 0.050542146, 0.04824629, 0.041421104, 0.047011018, 0.028677428, 0.014132835, 0.01574243, 0.004034388 ],
  "lightfield_0.0_0.0_0.4_y" : [ 0.014343552, 0.047983743, 0.06790385, 0.07003594, 0.056777686, 0.06668001, 0.08825114, 0.08954425, 0.0781333, 0.056500588, 0.054745648, 0.056454405, 0.04437765, 0.039020468, 0.040963985, 0.038497064, 0.03273578, 0.029726215, 0.015990732, 0.011333985 ],
  "lightfield_0.0_0.0_0.4_x" : [ 0.006965879, 0.013327535, 0.013350626, 0.016660381, 0.017795704, 0.018534625, 0.021455675, 0.029799337, 0.061961684, 0.07772151, 0.12620941, 0.13859405, 0.13190912, 0.07993057, 0.071871705, 0.0689699, 0.056750745, 0.027166927, 0.014824621, 0.006200017 ],
  "lightfield_0.0_0.0_0.0_y" : [ 0.007305936, 0.012889888, 0.013339695, 0.016561031, 0.01856471, 0.018905472, 0.044671617, 0.15009427, 0.13551876, 0.11232422, 0.13825847, 0.16224357, 0.061836936, 0.021045458, 0.018505646, 0.018114906, 0.016579205, 0.013221564, 0.012921693, 0.0070969355 ],
  "lightfield_0.0_0.0_0.0_x" : [ 0.0, 0.010818056, 0.022812877, 0.0757582, 0.14004408, 0.14610964, 0.084758855, 0.048701696, 0.045021467, 0.05235921, 0.057029918, 0.060392104, 0.04796565, 0.03926032, 0.04152752, 0.04515777, 0.02528908, 0.028805744, 0.028187828, 0.0 ],
  "d1" : [ 0.0088906, 0.0256568, 0.0424949, 0.0685519, 0.1091139, 0.0906805, 0.0532477, 0.0551597, 0.0682004, 0.0917175, 0.0717259, 0.0574526, 0.0498962, 0.0449639, 0.0267859, 0.0275083, 0.0306353, 0.041678, 0.0281624, 0.0074776 ],
  "d2" : [ 0.011805073, 0.043819096, 0.07044777, 0.09526933, 0.10751468, 0.10759059, 0.10213833, 0.09525463, 0.08380362, 0.06995908, 0.054148708, 0.044219166, 0.03462598, 0.028439295, 0.024825359, 0.015042141, 0.0072235684, 0.0029879247, 7.829375E-4, 1.0271804E-4 ],
  "d3" : [ 0.002701347, 0.028428793, 0.07763935, 0.13037725, 0.16589473, 0.16589071, 0.136615, 0.10094759, 0.07045598, 0.046952344, 0.030081075, 0.018754475, 0.011342599, 0.006638711, 0.0037251562, 0.0018038161, 9.6243096E-4, 5.123574E-4, 2.215654E-4, 5.473732E-5 ],
  "d4" : [ 3.0504867E-7, 9.15146E-7, 4.57573E-6, 1.9116384E-5, 7.199149E-5, 2.8705082E-4, 0.0011832839, 0.0049905963, 0.023049071, 0.16631427, 0.70007545, 0.085442, 0.014280345, 0.0032587333, 7.7350176E-4, 1.8892682E-4, 4.5248886E-5, 1.1388484E-5, 2.4403894E-6, 8.1346315E-7 ],
  "lightfield_0.0_0.8_0.0_y" : [ 0.011529574, 0.015331729, 0.01605144, 0.02214057, 0.021638667, 0.0214398, 0.051028427, 0.13043334, 0.11719445, 0.101517074, 0.12804693, 0.16179757, 0.070058145, 0.025114112, 0.0210468, 0.0214398, 0.021780716, 0.015772078, 0.015738934, 0.010899828 ],
  "lightfield_0.0_0.8_0.0_x" : [ 0.0, 0.0, 0.013816549, 0.027415292, 0.030876532, 0.036629483, 0.04240137, 0.044858806, 0.053604234, 0.058684822, 0.058504894, 0.05443285, 0.051965944, 0.1338567, 0.21046327, 0.124595165, 0.03330082, 0.02459327, 0.0, 0.0 ],
  "lightfield_0.8_0.0_0.0_x" : [ 0.016010204, 0.02744245, 0.06289181, 0.11027204, 0.114835545, 0.10144854, 0.049667403, 0.04325754, 0.0407608, 0.044327054, 0.048016157, 0.049334984, 0.0469069, 0.039734643, 0.038506147, 0.041100442, 0.037765436, 0.02476505, 0.027222043, 0.035734802 ],
  "lightfield_0.8_0.0_0.0_y" : [ 0.0055896603, 0.0113491425, 0.011515351, 0.014405931, 0.016422112, 0.016855698, 0.0199161, 0.07657148, 0.16353099, 0.1644885, 0.14317407, 0.14929488, 0.09891929, 0.03125079, 0.01668949, 0.017263994, 0.015106897, 0.0112443585, 0.012711328, 0.0036999432 ],
  "lightfield_0.0_0.6_0.0_x" : [ 0.0, 0.0, 0.0, 0.0, 0.0, 0.0141957635, 0.02521307, 0.047126982, 0.07614213, 0.09072682, 0.12986073, 0.31629664, 0.21477379, 0.058995903, 0.026668187, 0.0, 0.0, 0.0, 0.0, 0.0 ],
  "lightfield_0.0_0.6_0.0_y" : [ 0.015523473, 0.017783262, 0.024462042, 0.030463558, 0.029839937, 0.032662995, 0.061503798, 0.09257757, 0.090874344, 0.08935887, 0.112868726, 0.13487652, 0.082773976, 0.03578781, 0.031958908, 0.029451013, 0.029980754, 0.02414688, 0.018232537, 0.01487303 ],
  "lightfield_0.6_0.0_0.0_y" : [ 0.0, 0.0, 0.0, 0.0, 0.001384489, 0.01813446, 0.10344715, 0.14791974, 0.19678517, 0.2287129, 0.18766162, 0.081154525, 0.022123665, 0.012676287, 0.0, 0.0, 0.0, 0.0, 0.0, 0.0 ],
  "lightfield_0.6_0.0_0.0_x" : [ 0.024883257, 0.040980875, 0.07370175, 0.08786108, 0.07658806, 0.073584415, 0.061827995, 0.056581017, 0.05074739, 0.05323947, 0.054342367, 0.0560413, 0.04661739, 0.038606126, 0.036480114, 0.036512963, 0.030885838, 0.02594861, 0.03292268, 0.041647308 ],
  "lightfield_0.0_0.4_0.0_x" : [ 0.0, 0.0, 0.0, 0.0, 0.0, 0.019186012, 0.108013846, 0.23422006, 0.23108575, 0.11447587, 0.099651225, 0.09506979, 0.054410383, 0.027648663, 0.016238421, 0.0, 0.0, 0.0, 0.0, 0.0 ],
  "lightfield_0.0_0.4_0.0_y" : [ 0.013877681, 0.017358772, 0.02053977, 0.028875714, 0.031476527, 0.0314832, 0.06717438, 0.13408202, 0.10219202, 0.10252546, 0.11963749, 0.09558328, 0.060925756, 0.03259688, 0.031189773, 0.03093636, 0.028608965, 0.020226337, 0.016765254, 0.013944369 ],
  "lightfield_0.0_0.2_0.0_y" : [ 0.008685844, 0.011920675, 0.01442506, 0.017958032, 0.019140659, 0.019856196, 0.050291434, 0.14886682, 0.12590995, 0.11375573, 0.14264064, 0.14416115, 0.07003831, 0.021953123, 0.019215193, 0.018897176, 0.017898403, 0.0143704, 0.011339299, 0.008675906 ],
  "lightfield_0.0_0.2_0.0_x" : [ 0.0, 6.3603435E-4, 0.016924476, 0.020432603, 0.103777945, 0.1411698, 0.154452, 0.066982366, 0.051046725, 0.05495734, 0.06814512, 0.07161349, 0.05864932, 0.047851644, 0.04443793, 0.0406416, 0.03740677, 0.02008974, 7.851049E-4, 0.0 ],
  "a3" : [ 0.10540667, 0.16876532, 0.14567402, 0.114274316, 0.092204206, 0.07715547, 0.045034625, 0.0, 0.0, 0.0, 0.0, 0.0, 0.0, 0.003272064, 0.017185908, 0.029435597, 0.039502133, 0.04741127, 0.0537766, 0.060901806 ],