{
  "eccentricity_minmax" : 9.105111E-4,
  "compactness" : 148.45021,
  "eccentricity" : 1.4278976,
  "compactness_standardized" : -0.06410419,
  "convexity_minmax" : 0.043285184,
  "diameter_standardized" : 2.5115743,
  "surface_area_minmax" : 0.13135602,
  "convexity" : 0.083825216,
  "diameter_minmax" : 0.51348454,
  "rectangularity _standardized" : 0.18234426,
  "convexity_standardized" : -0.89717317,
  "diameter" : 1.2723745,
  "surface_area" : 2.6969798,
  "rectangularity " : 0.028311184,
  "compactness_minmax" : 3.7595095E-5,
  "surface_area_standardized" : 0.6756008,
  "rectangularity _minmax" : 0.05101853,
  "eccentricity_standardized" : -0.34522536,
  "lightfield_0.0_0.0_0.6_y" : [ 0.017556211, 0.030935016, 0.045438103, 0.05073829, 0.0503255, 0.056997642, 0.055613678, 0.054526925, 0.05426574, 0.054638002, 0.055354, 0.056011457, 0.05663589, 0.057131235, 0.05716576, 0.055657208, 0.05554013, 0.05157587, 0.045816366, 0.038076982 ],
  "lightfield_0.0_0.0_0.6_x" : [ 0.0057459963, 0.020754935, 0.030181492, 0.041647967, 0.060783274, 0.07035243, 0.07352564, 0.07369526, 0.073642716, 0.072755605, 0.071653835, 0.071446694, 0.07019632, 0.06891443, 0.06573972, 0.054822627, 0.041233677, 0.025297094, 0.004812347, 0.0027979459 ],
  "lightfield_0.0_0.0_0.8_y" : [ 0.011509618, 0.02096602, 0.027996449, 0.034857307, 0.041718163, 0.04920079, 0.058771767, 0.068460375, 0.07521124, 0.07634784, 0.07478196, 0.0760698, 0.07261264, 0.06694797, 0.060302515, 0.052654896, 0.04480257, 0.036635537, 0.029666215, 0.020486325 ],
  "lightfield_0.0_0.0_0.8_x" : [ 0.024739414, 0.032286204, 0.0388293, 0.04451842, 0.050925553, 0.053647894, 0.058223326, 0.06257266, 0.066035934, 0.06825567, 0.068700224, 0.06734822, 0.066804364, 0.06415229, 0.05924688, 0.05124331, 0.043177105, 0.035103265, 0.026875125, 0.01731484 ],
  "lightfield_0.0_0.0_0.2_y" : [ 0.004887087, 0.017205434, 0.027523471, 0.035970252, 0.04424496, 0.052220084, 0.060007773, 0.06757884, 0.07327558, 0.0765111, 0.07551863, 0.0763713, 0.07471205, 0.0699448, 0.0605839, 0.050719082, 0.042876083, 0.036806017, 0.029992364, 0.023051195 ],
  "lightfield_0.0_0.0_0.2_x" : [ 0.022988206, 0.031253695, 0.03886317, 0.04644653, 0.053936172, 0.05792143, 0.0581273, 0.064281866, 0.067522, 0.067363754, 0.06763415, 0.065277405, 0.06258575, 0.06008152, 0.05692281, 0.051398143, 0.043714922, 0.035415635, 0.028747931, 0.019517621 ],
  "lightfield_0.0_0.0_0.4_y" : [ 0.014211337, 0.03121286, 0.042032976, 0.05400974, 0.056551643, 0.05645475, 0.057494827, 0.058171555, 0.057765823, 0.05717387, 0.056525905, 0.05583555, 0.05515428, 0.055002883, 0.056398734, 0.05714662, 0.0488351, 0.0476618, 0.04688969, 0.035470054 ],
  "lightfield_0.0_0.0_0.4_x" : [ 0.006278301, 0.020356411, 0.02970952, 0.039768126, 0.057902075, 0.06802124, 0.07023159, 0.07163501, 0.07294457, 0.07423898, 0.074600816, 0.074305594, 0.071271665, 0.06933382, 0.06555957, 0.05494687, 0.041781664, 0.027833752, 0.0062949546, 0.0029854858 ],
  "lightfield_0.0_0.0_0.0_y" : [ 0.0, 0.0016197782, 0.0053190016, 0.03149666, 0.057620328, 0.07102217, 0.07173867, 0.070994444, 0.070953585, 0.07094482, 0.070903964, 0.07090251, 0.071645275, 0.07215455, 0.07216039, 0.07215018, 0.072030514, 0.046254154, 8.901484E-5, 0.0 ],
  "lightfield_0.0_0.0_0.0_x" : [ 0.04083884, 0.04633879, 0.055123534, 0.051974453, 0.05261215, 0.052298408, 0.051971532, 0.05164174, 0.051275466, 0.0508873, 0.050674252, 0.051101815, 0.05148852, 0.05187668, 0.05227652, 0.052460384, 0.05408746, 0.04442716, 0.046455532, 0.04018947 ],
  "d1" : [ 0.0025668, 0.0066654, 0.0070384, 0.0103546, 0.0351001, 0.0596754, 0.0772459, 0.1425308, 0.2346686, 0.2149904, 0.1380495, 0.0259123, 0.024472, 0.0, 0.0, 0.0, 0.0, 0.0, 0.0018595, 0.0188703 ],
  "d2" : [ 0.04549829, 0.035053454, 0.02494398, 0.025073502, 0.056048844, 0.05273556, 0.045081917, 0.07534813, 0.12562416, 0.12995952, 0.108912624, 0.08209032, 0.09267967, 0.0637694, 0.019663153, 0.008621414, 0.0025879545, 0.0029184124, 0.002265598, 0.0011240974 ],
  "d3" : [ 0.008646383, 0.03357209, 0.059525628, 0.06937583, 0.0581905, 0.04999439, 0.059962016, 0.07470497, 0.091026954, 0.09519393, 0.09577511, 0.1227908, 0.10842497, 0.044948194, 0.011448954, 0.00645357, 0.005928233, 0.0031932786, 7.7628385E-4, 6.791855E-5 ],
  "d4" : [ 7.117803E-7, 1.016829E-6, 1.0371655E-5, 1.0361487E-4, 5.5823906E-4, 0.002373177, 0.0047674025, 0.027475938, 0.107983164, 0.5387109, 0.2063096, 0.09068222, 0.01529575, 0.0033768888, 0.0019966452, 2.8013636E-4, 6.670398E-5, 6.3043394E-6, 7.117803E-7, 5.084145E-7 ],
  "lightfield_0.0_0.8_0.0_y" : [ 0.0, 0.0010475196, 0.01357963, 0.046758953, 0.07397994, 0.07755095, 0.068333864, 0.061529525, 0.06177461, 0.06207053, 0.062537104, 0.063105345, 0.0637462, 0.064519584, 0.06901829, 0.080619074, 0.081564926, 0.048193164, 7.080289E-5, 0.0 ],
  "lightfield_0.0_0.8_0.0_x" : [ 0.014797803, 0.02573594, 0.05177325, 0.06008805, 0.063375846, 0.06390959, 0.06481732, 0.07030908, 0.07241502, 0.07047247, 0.06839922, 0.066336855, 0.06428357, 0.061033905, 0.039183043, 0.02060727, 0.017840512, 0.01701811, 0.032146327, 0.055456813 ],
  "lightfield_0.8_0.0_0.0_x" : [ 0.028833918, 0.03395295, 0.059262432, 0.05254589, 0.054471355, 0.05484158, 0.054901343, 0.054931954, 0.05484158, 0.054742467, 0.05462586, 0.0546623, 0.054671045, 0.054641895, 0.054611284, 0.05416818, 0.054442205, 0.05363179, 0.03281458, 0.028405389 ],
  "lightfield_0.8_0.0_0.0_y" : [ 0.0, 0.041708756, 0.05822026, 0.071797654, 0.07175101, 0.07174955, 0.06234231, 0.029463595, 0.071622744, 0.07202649, 0.07204981, 0.06659699, 0.057803392, 0.057826713, 0.057819426, 0.05779319, 0.054679792, 0.01390972, 0.005691864, 0.0051467274 ],
  "lightfield_0.0_0.6_0.0_x" : [ 0.031910706, 0.03190524, 0.031907976, 0.041484464, 0.06792914, 0.08973588, 0.09442574, 0.09365776, 0.092214726, 0.070905395, 0.058071148, 0.07010462, 0.046428494, 0.027097864, 0.024504231, 0.025340535, 0.049484007, 0.044094495, 0.008797582, 0.0 ],
  "lightfield_0.0_0.6_0.0_y" : [ 0.0, 2.1317533E-4, 0.021738417, 0.06287306, 0.08444476, 0.08886405, 0.07203413, 0.0526953, 0.052028444, 0.05143811, 0.051104687, 0.051156614, 0.05150917, 0.06463585, 0.075573385, 0.087284364, 0.08747021, 0.044829678, 1.06587664E-4, 0.0 ],
  "lightfield_0.6_0.0_0.0_y" : [ 0.0, 0.0, 0.052787445, 0.090834305, 0.10237176, 0.12681173, 0.12293763, 0.10193473, 0.09664673, 0.018478435, 0.012658293, 0.012596595, 0.06339429, 0.10236405, 0.032887395, 0.012596595, 0.012740556, 0.012596595, 0.012745698, 0.0126171615 ],
  "lightfield_0.6_0.0_0.0_x" : [ 0.011655707, 0.014943675, 0.09173664, 0.051630616, 0.053738616, 0.05402397, 0.054257907, 0.05430932, 0.054188497, 0.05413965, 0.054000832, 0.054011118, 0.054011118, 0.05384916, 0.054005973, 0.054286186, 0.064425156, 0.091788046, 0.013599182, 0.011398633 ],
  "lightfield_0.0_0.4_0.0_x" : [ 0.03574889, 0.03573283, 0.0357248, 0.041583914, 0.06675214, 0.088438086, 0.09329347, 0.09249049, 0.090560645, 0.067097425, 0.05047028, 0.066096365, 0.05626248, 0.030411717, 0.02541715, 0.025050454, 0.049653914, 0.04288475, 0.006330198, 0.0 ],
  "lightfield_0.0_0.4_0.0_y" : [ 0.0, 0.0013249252, 0.027100742, 0.065253235, 0.09249851, 0.09027692, 0.066096365, 0.049343426, 0.048569884, 0.047994412, 0.0476866, 0.047857903, 0.048326313, 0.065421864, 0.0746321, 0.093132876, 0.08742633, 0.046931796, 1.2580097E-4, 0.0 ],
  "lightfield_0.0_0.2_0.0_y" : [ 0.0, 0.0024592099, 0.01642861, 0.044672318, 0.07777274, 0.07896876, 0.06515182, 0.060623605, 0.060761537, 0.060962994, 0.06124249, 0.061721627, 0.062284254, 0.06297936, 0.068173654, 0.08350061, 0.08321022, 0.04897548, 1.10709814E-4, 0.0 ],
  "lightfield_0.0_0.2_0.0_x" : [ 0.014686292, 0.026267264, 0.053632554, 0.059434835, 0.06323345, 0.06434599, 0.06484691, 0.072683714, 0.073498614, 0.07163832, 0.06954936, 0.06745494, 0.06535872, 0.06065083, 0.035724785, 0.019513967, 0.018196337, 0.017475815, 0.026387049, 0.055420242 ],