{
  "eccentricity_minmax" : 0.0035675329,
  "compactness" : 262.46713,
  "eccentricity" : 2.6744475,
  "compactness_standardized" : -0.0633429,
  "convexity_minmax" : 0.041424938,
  "diameter_standardized" : 0.18659666,
  "surface_area_minmax" : 0.05834462,
  "convexity" : 0.080266766,
  "diameter_minmax" : 0.13844809,
  "rectangularity _standardized" : -0.37692282,
  "convexity_standardized" : -0.9099089,
  "diameter" : 1.0734389,
  "surface_area" : 1.2067217,
  "rectangularity " : 0.0014166432,
  "compactness_minmax" : 6.655933E-5,
  "surface_area_standardized" : -0.23643257,
  "rectangularity _minmax" : 0.0025528301,
  "eccentricity_standardized" : -0.28886113,
  "lightfield_0.0_0.0_0.6_y" : [ 0.009125603, 0.010363121, 0.030777818, 0.043940496, 0.04010679, 0.044009726, 0.03143119, 0.042002007, 0.07733614, 0.081671774, 0.0561296, 0.057518564, 0.0803131, 0.07509476, 0.07515967, 0.07663084, 0.07640151, 0.061473425, 0.02143154, 0.009082334 ],
  "lightfield_0.0_0.0_0.6_x" : [ 0.0, 0.0, 0.0014928086, 0.02386763, 0.032936983, 0.0548142, 0.10559998, 0.13653357, 0.14363848, 0.12607959, 0.1120991, 0.08586462, 0.070040844, 0.04596985, 0.034594215, 0.024585908, 0.0018822369, 0.0, 0.0, 0.0 ],
  "lightfield_0.0_0.0_0.8_y" : [ 0.0, 0.008127062, 0.01480749, 0.020727895, 0.027598327, 0.03452058, 0.044128824, 0.075894326, 0.08452231, 0.089363135, 0.10385539, 0.12099908, 0.114577755, 0.09292142, 0.07005596, 0.047466878, 0.023146149, 0.014548391, 0.012307188, 4.3183114E-4 ],
  "lightfield_0.0_0.0_0.8_x" : [ 0.010575544, 0.013123348, 0.03713748, 0.06493445, 0.08282953, 0.092260726, 0.09374622, 0.0811238, 0.078001656, 0.0807222, 0.0710794, 0.06759885, 0.05247612, 0.045027032, 0.04794621, 0.030962292, 0.022969099, 0.011564438, 0.010661911, 0.0052597034 ],
  "lightfield_0.0_0.0_0.2_y" : [ 0.0, 0.007785211, 0.014689644, 0.020167649, 0.02723105, 0.034290157, 0.04248783, 0.072979905, 0.084017545, 0.08874796, 0.104125045, 0.12003489, 0.118990846, 0.096726514, 0.07083596, 0.045976568, 0.023420079, 0.014552157, 0.01240392, 5.370592E-4 ],
  "lightfield_0.0_0.0_0.2_x" : [ 0.010582215, 0.010762667, 0.020550035, 0.026156932, 0.04673704, 0.04671556, 0.047295585, 0.0643354, 0.069701694, 0.078788735, 0.07751269, 0.07813997, 0.091471925, 0.090857536, 0.08694774, 0.06998526, 0.045005564, 0.017722955, 0.01053925, 0.010191236 ],
  "lightfield_0.0_0.0_0.4_y" : [ 0.009094211, 0.010062877, 0.030525934, 0.043628864, 0.04040286, 0.04380616, 0.03171082, 0.04159207, 0.07744566, 0.0817052, 0.05652422, 0.057440992, 0.08040355, 0.07532238, 0.07524887, 0.07667592, 0.075966716, 0.06315785, 0.020207917, 0.009076914 ],
  "lightfield_0.0_0.0_0.4_x" : [ 0.0, 0.0, 1.08109976E-4, 0.019779801, 0.032143258, 0.04386238, 0.06283785, 0.081506275, 0.104109906, 0.123405375, 0.14069, 0.13849321, 0.117009595, 0.06813956, 0.035235204, 0.027113983, 0.0055655017, 0.0, 0.0, 0.0 ],
  "lightfield_0.0_0.0_0.0_y" : [ 0.0, 0.0, 0.0, 0.0, 0.0, 0.0, 0.17914242, 0.08845929, 0.1166349, 0.119794615, 0.119412534, 0.11538561, 0.08381416, 0.17735648, 0.0, 0.0, 0.0, 0.0, 0.0, 0.0 ],
  "lightfield_0.0_0.0_0.0_x" : [ 0.016996376, 0.017052187, 0.054402143, 0.029231707, 0.042754967, 0.04012759, 0.01738705, 0.057669193, 0.08417907, 0.08239744, 0.02119932, 0.07976577, 0.07085329, 0.07062147, 0.07062147, 0.07044975, 0.07473855, 0.063692406, 0.01935758, 0.016502671 ],
  "d1" : [ 0.0076274, 0.0184887, 0.0251057, 0.0471977, 0.0589775, 0.0840543, 0.1173046, 0.0953483, 0.071833, 0.0674522, 0.0911023, 0.0774049, 0.0665074, 0.0552905, 0.0360632, 0.024269, 0.0215048, 0.0179253, 0.0105556, 0.0059876 ],
  "d2" : [ 0.016261756, 0.04060453, 0.059722885, 0.076668166, 0.09918862, 0.11984074, 0.13677312, 0.13022606, 0.10122388, 0.07126411, 0.04770738, 0.03536421, 0.025669208, 0.017307539, 0.011006933, 0.0065362477, 0.0029752224, 0.0011536026, 4.3287603E-4, 7.29128E-5 ],
  "d3" : [ 0.0021351578, 0.017049165, 0.040041856, 0.061720453, 0.08106818, 0.09768539, 0.11057542, 0.11788748, 0.11939286, 0.108703785, 0.08736539, 0.06257029, 0.041844867, 0.026000427, 0.014674028, 0.0071524773, 0.0029534004, 9.318425E-4, 2.1985486E-4, 2.767052E-5 ],
  "d4" : [ 1.931975E-6, 1.5862532E-5, 1.1378316E-4, 5.0607574E-4, 0.0017624695, 0.005116175, 0.014395552, 0.04299844, 0.13703437, 0.5421815, 0.17549023, 0.05329424, 0.017688349, 0.0063158297, 0.002205197, 6.821905E-4, 1.6869191E-4, 2.5319041E-5, 3.3555355E-6, 4.0673157E-7 ],
  "lightfield_0.0_0.8_0.0_y" : [ 0.0, 0.0, 0.0, 0.0, 0.0, 0.0, 0.1816519, 0.08516275, 0.11686895, 0.12083585, 0.12001544, 0.11526193, 0.080597445, 0.17960572, 0.0, 0.0, 0.0, 0.0, 0.0, 0.0 ],
  "lightfield_0.0_0.8_0.0_x" : [ 0.013710397, 0.019062327, 0.046927106, 0.08894144, 0.07914485, 0.07929445, 0.079386145, 0.079429574, 0.08707864, 0.09485317, 0.08077118, 0.019347055, 0.019303622, 0.044900224, 0.047713727, 0.073141426, 0.019274667, 0.019062327, 0.008657674, 0.0 ],
  "lightfield_0.8_0.0_0.0_x" : [ 0.019572457, 0.02077437, 0.053567883, 0.05170069, 0.07276176, 0.05861813, 0.041728847, 0.06516801, 0.07871987, 0.06606853, 0.022939287, 0.060349327, 0.059261356, 0.059121683, 0.059000388, 0.058882773, 0.05983842, 0.050546557, 0.021700617, 0.019679049 ],
  "lightfield_0.8_0.0_0.0_y" : [ 0.0, 0.0, 0.0, 0.001518014, 0.032378174, 0.051428698, 0.06772622, 0.11808899, 0.1379702, 0.116949566, 0.12899444, 0.11204634, 0.090070054, 0.08554174, 0.049726903, 0.0075606653, 0.0, 0.0, 0.0, 0.0 ],
  "lightfield_0.0_0.6_0.0_x" : [ 0.0, 0.0, 0.0, 0.0, 0.009239531, 0.027291093, 0.11289466, 0.1353936, 0.13549015, 0.13546257, 0.13549703, 0.11034345, 0.027235933, 0.02695323, 0.096939236, 0.027235933, 0.02002358, 0.0, 0.0, 0.0 ],
  "lightfield_0.0_0.6_0.0_y" : [ 0.0, 0.0, 0.0, 0.0, 0.0, 0.0, 0.17981231, 0.1058409, 0.106571786, 0.10949534, 0.10881962, 0.10597191, 0.105592676, 0.17789546, 0.0, 0.0, 0.0, 0.0, 0.0, 0.0 ],
  "lightfield_0.6_0.0_0.0_y" : [ 0.0, 0.0, 0.0, 3.7462404E-4, 0.025501193, 0.04013294, 0.07176726, 0.090097085, 0.1286459, 0.17158316, 0.17087673, 0.12198294, 0.09991223, 0.05201387, 0.026689287, 4.2278998E-4, 0.0, 0.0, 0.0, 0.0 ],
  "lightfield_0.6_0.0_0.0_x" : [ 0.024982072, 0.028091451, 0.05550858, 0.071847536, 0.097386196, 0.07886371, 0.05596348, 0.07980562, 0.0800304, 0.05393516, 0.027930899, 0.0418241, 0.04234322, 0.042129148, 0.041941836, 0.04192043, 0.041695654, 0.040298842, 0.027315443, 0.02618622 ],
  "lightfield_0.0_0.4_0.0_x" : [ 0.0, 0.0, 0.0, 0.0, 9.4615837E-4, 0.14638634, 0.13553905, 0.14639379, 0.13810933, 0.14640869, 0.13858613, 0.13839242, 0.009238082, 0.0, 0.0, 0.0, 0.0, 0.0, 0.0, 0.0 ],
  "lightfield_0.0_0.4_0.0_y" : [ 0.0, 0.0, 0.0, 0.0, 0.0, 0.0, 0.124200046, 0.12570496, 0.12553361, 0.12531011, 0.12553361, 0.12588376, 0.12592846, 0.12190543, 0.0, 0.0, 0.0, 0.0, 0.0, 0.0 ],
  "lightfield_0.0_0.2_0.0_y" : [ 0.0, 0.0, 0.0, 0.0, 0.0, 0.0, 0.15723482, 0.10252176, 0.119896024, 0.1222504, 0.12215967, 0.12048575, 0.10064371, 0.15480787, 0.0, 0.0, 0.0, 0.0, 0.0, 0.0 ],
  "lightfield_0.0_0.2_0.0_x" : [ 0.0, 0.016580401, 0.04067755, 0.037733454, 0.018100081, 0.06082353, 0.08447612, 0.0891395, 0.084875315, 0.08124623, 0.08923476, 0.07259539, 0.077989124, 0.074623145, 0.074523345, 0.07509492, 0.0194746, 0.002812544, 0.0, 0.0 ],
  "a3" : [ 0.0912783, 0.13870245, 0.15742935, 0.14227426, 0.112566695, 0.088260606, 0.050850667, 0.0, 0.0, 0.0, 0.0, 0.0, 0.0, 0.0033941162, 0.012029633, 0.019750312, 0.029214032, 0.039037973, 0.050912045, 0.064299546 ],
  "lightfield_0.4_0.0_0.0_y" : [ 0.0, 0.0, 0.0, 3.5735048E-4, 0.024987865, 0.04010859, 0.07049405, 0.09016966, 0.12899819, 0.17163491, 0.17181091, 0.12076313, 0.10055416, 0.052386515, 0.027249308, 4.8535664E-4, 0.0, 0.0, 0.0, 0.0 ],
  "lightfield_0.4_0.0_0.0_x" : [ 0.024849193, 0.027916007, 0.05584268, 0.07199812, 0.09631395, 0.07860111, 0.055890683, 0.07943848, 0.08004118, 0.05386925, 0.028230688, 0.04194868, 0.042583376, 0.042524707, 0.042359367, 0.04221536, 0.04196468, 0.040071256, 0.027174639, 0.02616659 ],