{
  "eccentricity_minmax" : 0.0039192294,
  "compactness" : 90.997154,
  "eccentricity" : 2.839447,
  "compactness_standardized" : -0.06448781,
  "convexity_minmax" : 0.082874455,
  "diameter_standardized" : -0.043215953,
  "surface_area_minmax" : 0.08436323,
  "convexity" : 0.15955515,
  "diameter_minmax" : 0.101377584,
  "rectangularity _standardized" : -0.2616297,
  "convexity_standardized" : -0.62613535,
  "diameter" : 1.0537751,
  "surface_area" : 1.7377956,
  "rectangularity " : 0.0069609624,
  "compactness_minmax" : 2.3000031E-5,
  "surface_area_standardized" : 0.08858306,
  "rectangularity _minmax" : 0.012544052,
  "eccentricity_standardized" : -0.28140047,
  "lightfield_0.0_0.0_0.6_y" : [ 0.008197558, 0.012207723, 0.016347054, 0.028419605, 0.05655384, 0.07033259, 0.06874955, 0.066562735, 0.062846944, 0.05875868, 0.05590801, 0.053958498, 0.05634958, 0.05950965, 0.06264869, 0.0656045, 0.067809336, 0.061819624, 0.047316942, 0.020098887 ],
  "lightfield_0.0_0.0_0.6_x" : [ 0.0, 0.0, 0.0, 0.007521688, 0.027052844, 0.045006968, 0.06651167, 0.11915748, 0.14100762, 0.12908526, 0.12078257, 0.119289644, 0.08651743, 0.04866568, 0.03645796, 0.027581524, 0.025361666, 0.0, 0.0, 0.0 ],
  "lightfield_0.0_0.0_0.8_y" : [ 8.695652E-5, 0.013754123, 0.015802098, 0.014647677, 0.026728636, 0.039853074, 0.051190406, 0.06805097, 0.09008696, 0.10944228, 0.11243478, 0.1122009, 0.09215292, 0.072089955, 0.062224887, 0.05216192, 0.03876162, 0.02188006, 0.0064497753, 0.0 ],
  "lightfield_0.0_0.0_0.8_x" : [ 0.004362819, 0.023529235, 0.0423958, 0.053115442, 0.06289655, 0.07311244, 0.07326837, 0.070605695, 0.07135532, 0.07316342, 0.07263868, 0.07174513, 0.07621289, 0.07421589, 0.059289355, 0.0436012, 0.021526236, 0.011016492, 0.012107946, 0.00984108 ],
  "lightfield_0.0_0.0_0.2_y" : [ 1.4970553E-5, 0.01126085, 0.016311914, 0.015832856, 0.02727036, 0.04024384, 0.051369954, 0.06839147, 0.08975745, 0.11120426, 0.11351272, 0.11191686, 0.091371275, 0.07240957, 0.06237331, 0.05197177, 0.038019218, 0.021171356, 0.005595993, 0.0 ],
  "lightfield_0.0_0.0_0.2_x" : [ 0.008203863, 0.01228783, 0.011177015, 0.014033397, 0.03493229, 0.052507717, 0.06743336, 0.07684983, 0.072658084, 0.07279281, 0.07354434, 0.07267006, 0.069310665, 0.07113408, 0.07361021, 0.06754414, 0.05679229, 0.047399763, 0.033336427, 0.011781825 ],
  "lightfield_0.0_0.0_0.4_y" : [ 0.008009748, 0.0119741075, 0.016274583, 0.028989943, 0.057133596, 0.07123543, 0.06883461, 0.06642778, 0.062487435, 0.05795588, 0.055471025, 0.054186586, 0.05661742, 0.05979551, 0.06302462, 0.065959625, 0.068174385, 0.06134104, 0.046924096, 0.01918258 ],
  "lightfield_0.0_0.0_0.4_x" : [ 0.0, 0.0, 0.0, 0.017060852, 0.02556877, 0.029932266, 0.043496918, 0.06536542, 0.11115512, 0.12052434, 0.12500188, 0.13928978, 0.12890622, 0.088284284, 0.052611046, 0.03478793, 0.01702784, 9.873386E-4, 0.0, 0.0 ],
  "lightfield_0.0_0.0_0.0_y" : [ 0.0, 0.0, 0.0, 0.0, 0.0, 0.0413586, 0.11497141, 0.1148757, 0.11771708, 0.11966119, 0.119394995, 0.11713385, 0.11453174, 0.10945912, 0.030896323, 0.0, 0.0, 0.0, 0.0, 0.0 ],
  "lightfield_0.0_0.0_0.0_x" : [ 0.007919987, 0.014066351, 0.017846888, 0.020248607, 0.06548345, 0.067215204, 0.06666786, 0.06452336, 0.060886394, 0.05584368, 0.04992164, 0.049532816, 0.051734142, 0.054835737, 0.058161654, 0.061086785, 0.0635872, 0.06573469, 0.06707463, 0.037628908 ],
  "d1" : [ 0.0112775, 0.0105245, 0.0408867, 0.0659645, 0.074718, 0.0895914, 0.0918682, 0.0772919, 0.057851, 0.056288, 0.0599251, 0.0718081, 0.0653753, 0.0392624, 0.0345062, 0.0340119, 0.0477253, 0.0445299, 0.0196664, 0.0069277 ],
  "d2" : [ 0.012918868, 0.041101817, 0.060610645, 0.07616398, 0.08820899, 0.09663417, 0.10295788, 0.109919004, 0.10301449, 0.08445413, 0.07124671, 0.0529683, 0.038466454, 0.027658956, 0.016144235, 0.008079219, 0.005197013, 0.0030730397, 0.0010567856, 1.2532201E-4 ],
  "d3" : [ 0.0022096168, 0.018282264, 0.045754865, 0.072943814, 0.0935496, 0.106910236, 0.114234574, 0.115965135, 0.11019186, 0.09776266, 0.079668455, 0.059122946, 0.03902127, 0.022726854, 0.011897217, 0.0058562895, 0.0025969034, 0.0010318588, 2.5336133E-4, 2.0224634E-5 ],
  "d4" : [ 3.3555355E-6, 2.2268554E-5, 1.0961416E-4, 3.1969103E-4, 8.582036E-4, 0.0025225491, 0.008267226, 0.027638732, 0.09055462, 0.52937764, 0.25039625, 0.062362626, 0.01918624, 0.0056691263, 0.0017611478, 6.4833014E-4, 2.2512593E-4, 6.263666E-5, 1.3117093E-5, 1.5252434E-6 ],
  "lightfield_0.0_0.8_0.0_y" : [ 0.0, 0.0, 0.0, 0.0, 0.0, 0.047942005, 0.1338864, 0.112219416, 0.10579202, 0.10798015, 0.10767809, 0.10507553, 0.11221239, 0.12937318, 0.037840817, 0.0, 0.0, 0.0, 0.0, 0.0 ],
  "lightfield_0.0_0.8_0.0_x" : [ 7.656672E-4, 0.05409193, 0.07818235, 0.076594815, 0.074512064, 0.07219048, 0.06931044, 0.06579821, 0.06233163, 0.05932867, 0.057702508, 0.070624016, 0.078635424, 0.04276146, 0.03292369, 0.03158553, 0.028090855, 0.023124555, 0.016293257, 0.0051524485 ],
  "lightfield_0.8_0.0_0.0_x" : [ 0.008886543, 0.016284894, 0.018654857, 0.019690692, 0.06535592, 0.07557332, 0.07891683, 0.07759909, 0.07224291, 0.057849396, 0.046294596, 0.045373492, 0.047068194, 0.0497889, 0.052542385, 0.05543682, 0.05802313, 0.060130857, 0.06115358, 0.033133596 ],
  "lightfield_0.8_0.0_0.0_y" : [ 0.0, 0.0, 0.0057560937, 0.011095887, 0.011246673, 0.018776141, 0.07188234, 0.12940393, 0.13110192, 0.12628004, 0.12972517, 0.122339934, 0.10108894, 0.07622563, 0.053165197, 0.011912098, 0.0, 0.0, 0.0, 0.0 ],
  "lightfield_0.0_0.6_0.0_x" : [ 0.0, 0.0, 0.0, 0.0, 0.0133227315, 0.09501114, 0.10054456, 0.098025165, 0.103429146, 0.10399312, 0.10835236, 0.10789009, 0.101348914, 0.094424054, 0.019554183, 0.013077727, 0.011824965, 0.010743244, 0.009684637, 0.008773957 ],
  "lightfield_0.0_0.6_0.0_y" : [ 0.0, 0.0, 0.0, 0.0, 0.0, 0.053138375, 0.1273472, 0.113340296, 0.10465417, 0.106984034, 0.106752895, 0.10388218, 0.11354832, 0.12834571, 0.042006824, 0.0, 0.0, 0.0, 0.0, 0.0 ],
  "lightfield_0.6_0.0_0.0_y" : [ 5.180788E-4, 0.010393956, 0.013874798, 0.023729088, 0.02497032, 0.027285483, 0.0398381, 0.07029682, 0.13086887, 0.15051268, 0.16781436, 0.14153264, 0.11239072, 0.06769023, 0.018283864, 0.0, 0.0, 0.0, 0.0, 0.0 ],
  "lightfield_0.6_0.0_0.0_x" : [ 0.016508365, 0.03433891, 0.04203454, 0.036740422, 0.059152726, 0.08631408, 0.097010255, 0.101052344, 0.08940637, 0.05867782, 0.033928763, 0.03238532, 0.03311387, 0.035423636, 0.03848354, 0.04042094, 0.04337291, 0.04722072, 0.050393954, 0.024020508 ],
  "lightfield_0.0_0.4_0.0_x" : [ 0.0, 0.0, 0.0, 0.0, 0.028735066, 0.114473365, 0.12112409, 0.11633577, 0.11459268, 0.113332056, 0.115142584, 0.1068629, 0.09314125, 0.044542205, 0.014188555, 0.011698425, 0.005831055, 0.0, 0.0, 0.0 ],
  "lightfield_0.0_0.4_0.0_y" : [ 0.0, 0.0, 0.0, 0.0, 0.0, 0.043935236, 0.1161542, 0.119178675, 0.11361738, 0.114473365, 0.11431773, 0.11347213, 0.118675455, 0.11365888, 0.032516953, 0.0, 0.0, 0.0, 0.0, 0.0 ],
  "lightfield_0.0_0.2_0.0_y" : [ 0.0, 0.0, 0.0, 0.0, 0.0, 0.0355501, 0.10815011, 0.11914518, 0.12174632, 0.12310847, 0.122974426, 0.121224634, 0.118641615, 0.1032123, 0.026246862, 0.0, 0.0, 0.0, 0.0, 0.0 ],
  "lightfield_0.0_0.2_0.0_x" : [ 0.0, 0.0, 0.0071694325, 0.06656451, 0.08203005, 0.08123304, 0.08044328, 0.07885651, 0.076374926, 0.0724696, 0.06735064, 0.062423695, 0.0616122, 0.06859687, 0.076548815, 0.07925864, 0.039067794, 0.0, 0.0, 0.0 ],
  "a3" : [ 0.08947388, 0.14359008, 0.1624985, 0.13534315, 0.10483887, 0.0867832, 0.051682696, 0.0, 0.0, 0.0, 0.0, 0.0, 0.0, 0.0019395525, 0.009332009, 0.016916348, 0.027951853, 0.042212635, 0.056843698, 0.070593536 ],
  "lightfield_0.4_0.0_0.0_y" : [ 5.2671775E-4, 0.010371072, 0.012625425, 0.022949092, 0.024423903, 0.02700482, 0.040573068, 0.071928576, 0.13147402, 0.15341708, 0.16454136, 0.13768402, 0.11038951, 0.07214453, 0.019946802, 0.0, 0.0, 0.0, 0.0, 0.0 ],