{
  "eccentricity_minmax" : 3.5152724E-4,
  "compactness" : 2125.3245,
  "eccentricity" : 1.1656486,
  "compactness_standardized" : -0.05092427,
  "convexity_minmax" : 0.005188614,
  "diameter_standardized" : 0.64449745,
  "surface_area_minmax" : 0.05437946,
  "convexity" : 0.010950647,
  "diameter_minmax" : 0.21215066,
  "rectangularity _standardized" : -0.38180915,
  "convexity_standardized" : -1.157608,
  "diameter" : 1.1125339,
  "surface_area" : 1.1257875,
  "rectangularity " : 0.0011580823,
  "compactness_minmax" : 5.3978944E-4,
  "surface_area_standardized" : -0.28559652,
  "rectangularity _minmax" : 0.002086887,
  "eccentricity_standardized" : -0.35715026,
  "lightfield_0.0_0.0_0.6_y" : [ 0.02861495, 0.05405763, 0.06763416, 0.07282016, 0.07863221, 0.08139141, 0.08148177, 0.08278553, 0.08406992, 0.0823305, 0.082320824, 0.07657008, 0.06316781, 0.039329015, 0.0069092824, 0.0061670425, 0.0029270055, 0.0029140972, 0.002962504, 0.0029140972 ],
  "lightfield_0.0_0.0_0.6_x" : [ 0.0, 0.0, 0.0027914662, 0.005247311, 0.0052118124, 0.008848786, 0.03421079, 0.060705516, 0.0694833, 0.1005186, 0.11061628, 0.11304631, 0.116170175, 0.12066879, 0.09723661, 0.08428291, 0.050262526, 0.020698803, 0.0, 0.0 ],
  "lightfield_0.0_0.0_0.8_y" : [ 0.0, 0.011820955, 0.03543387, 0.05605047, 0.08477967, 0.09538922, 0.105602466, 0.11829655, 0.11921155, 0.104217075, 0.07738554, 0.071731195, 0.059678268, 0.037569955, 0.0067948746, 0.0043656025, 0.0042915, 0.0042335065, 0.003147744, 0.0 ],
  "lightfield_0.0_0.0_0.8_x" : [ 0.003005983, 0.003134857, 0.0031380786, 0.0031445224, 0.003173519, 0.0035440314, 0.035024695, 0.06111843, 0.075301, 0.08493754, 0.08785331, 0.083587594, 0.08777599, 0.09288584, 0.09087218, 0.081886455, 0.07295228, 0.059053227, 0.04436483, 0.023245623 ],
  "lightfield_0.0_0.0_0.2_y" : [ 0.0063248496, 0.029612219, 0.04600963, 0.06242257, 0.08322906, 0.10037788, 0.10404797, 0.1084912, 0.10586748, 0.089659475, 0.08281299, 0.0706042, 0.056001466, 0.033167426, 0.0054244045, 0.003732189, 0.0036297247, 0.0035862548, 0.003555205, 0.0014438169 ],
  "lightfield_0.0_0.0_0.2_x" : [ 0.021179086, 0.039926972, 0.05387145, 0.07039927, 0.08613532, 0.09761134, 0.09839379, 0.09268683, 0.08495853, 0.08694883, 0.081738666, 0.07387374, 0.058606546, 0.033390984, 0.0039774827, 0.0033192264, 0.0033068063, 0.0032912814, 0.0032912814, 0.0030925625 ],
  "lightfield_0.0_0.0_0.4_y" : [ 0.03382273, 0.06061431, 0.069982916, 0.07181033, 0.07227343, 0.07268022, 0.07292742, 0.08096928, 0.08412657, 0.08346006, 0.07971763, 0.07691393, 0.06522977, 0.045763474, 0.007982402, 0.0061956705, 0.0062144455, 0.0036485614, 0.0028881838, 0.0027786645 ],
  "lightfield_0.0_0.0_0.4_x" : [ 0.0, 0.0, 0.0, 0.030793734, 0.07048044, 0.096699394, 0.11628147, 0.10679083, 0.10956011, 0.110145256, 0.10804561, 0.100795425, 0.06659407, 0.049274355, 0.020617815, 0.0069404026, 0.006499196, 4.8188548E-4, 0.0, 0.0 ],
  "lightfield_0.0_0.0_0.0_y" : [ 0.0, 0.0, 0.0, 0.0056700883, 0.054507762, 0.09304606, 0.096780375, 0.101203784, 0.10335115, 0.10404598, 0.103568465, 0.10150402, 0.096814685, 0.077556975, 0.044216968, 0.016670002, 0.0010636777, 0.0, 0.0, 0.0 ],
  "lightfield_0.0_0.0_0.0_x" : [ 0.045186285, 0.06464415, 0.06867298, 0.068115406, 0.0650559, 0.063666254, 0.07003974, 0.074903496, 0.07757127, 0.080402024, 0.07871501, 0.072198555, 0.06593372, 0.056426387, 0.02194836, 0.005841649, 0.005878821, 0.0058216336, 0.005730135, 0.00324822 ],
  "d1" : [ 0.0054383, 0.0085645, 0.0449644, 0.0346877, 0.0515765, 0.2161047, 0.0973099, 0.1258722, 0.1949716, 0.0500977, 0.0481676, 0.0624445, 0.0094002, 0.0051313, 0.0065255, 0.0093689, 0.0042707, 0.0028458, 0.0131318, 0.0091262 ],
  "d2" : [ 0.021949954, 0.03598632, 0.04322259, 0.055147283, 0.069280066, 0.07637521, 0.09029046, 0.111014195, 0.12726995, 0.13122435, 0.104050174, 0.052027937, 0.040456805, 0.015113354, 0.010474639, 0.006408125, 0.004623612, 0.0025534483, 0.0015975805, 9.33964E-4 ],
  "d3" : [ 0.006840354, 0.027823765, 0.04708164, 0.06424008, 0.079468526, 0.09367256, 0.106367186, 0.1181014, 0.12401092, 0.120716415, 0.092193544, 0.059616588, 0.02909852, 0.015107802, 0.009067479, 0.0042827926, 0.0017770511, 3.989586E-4, 1.0323619E-4, 3.1192223E-5 ],
  "d4" : [ 1.4235605E-6, 6.609388E-6, 3.203011E-5, 1.00157646E-4, 4.8533245E-4, 0.0016950538, 0.0044615404, 0.015187561, 0.06611747, 0.2845739, 0.51311934, 0.08534835, 0.020884447, 0.005182472, 0.0019822062, 6.406022E-4, 1.2832381E-4, 3.9452963E-5, 1.1998582E-5, 1.7286092E-6 ],
  "lightfield_0.0_0.8_0.0_y" : [ 0.021412048, 0.035102233, 0.05356272, 0.056042954, 0.059628833, 0.061779004, 0.063142724, 0.06401203, 0.06451188, 0.064687096, 0.064585224, 0.06408809, 0.06319027, 0.061818395, 0.059598953, 0.054647993, 0.043905295, 0.033052575, 0.00785362, 0.0033780618 ],
  "lightfield_0.0_0.8_0.0_x" : [ 0.0071065617, 0.033166673, 0.043609187, 0.04915508, 0.05264044, 0.05541271, 0.05731567, 0.05848923, 0.05896599, 0.058976855, 0.05871063, 0.058098044, 0.05742841, 0.05683348, 0.055923425, 0.052247897, 0.051783364, 0.0547227, 0.05347579, 0.025937865 ],
  "lightfield_0.8_0.0_0.0_x" : [ 0.045468442, 0.06557321, 0.06978102, 0.069207385, 0.066184625, 0.061478745, 0.07316788, 0.074222416, 0.07434264, 0.076080725, 0.07610477, 0.070131384, 0.06560412, 0.055192787, 0.023179047, 0.007732074, 0.007574066, 0.0075431517, 0.0074813226, 0.003950193 ],
  "lightfield_0.8_0.0_0.0_y" : [ 4.0188924E-4, 0.0037990555, 0.0038093603, 0.0038814943, 0.0054650065, 0.009356805, 0.010562473, 0.033652212, 0.06989781, 0.09429283, 0.106126234, 0.11648948, 0.12217432, 0.124087594, 0.11704594, 0.09319021, 0.054935165, 0.013324173, 0.01601374, 0.0014942036 ],
  "lightfield_0.0_0.6_0.0_x" : [ 0.04396295, 0.076414265, 0.08332028, 0.08716714, 0.08935432, 0.09342519, 0.093726285, 0.08867986, 0.08426935, 0.08175698, 0.07838466, 0.04793024, 0.006559154, 0.0065639718, 0.006583242, 0.0065808333, 0.0065760156, 0.0065808333, 0.0065760156, 0.005588409 ],
  "lightfield_0.0_0.6_0.0_y" : [ 0.0, 0.038234834, 0.057006586, 0.060578834, 0.062260173, 0.06596491, 0.06795939, 0.06905539, 0.0696335, 0.06967686, 0.06941671, 0.0687013, 0.06721266, 0.06466656, 0.060976285, 0.06090643, 0.03404353, 0.013118308, 5.8774644E-4, 0.0 ],
  "lightfield_0.6_0.0_0.0_y" : [ 0.0, 0.0055818004, 0.0065824958, 0.006705958, 0.009084234, 0.013665339, 0.01386028, 0.017362714, 0.023698283, 0.053771127, 0.08620925, 0.12992793, 0.13509387, 0.13939555, 0.13059074, 0.124671035, 0.060996927, 0.019039202, 0.023763264, 0.0 ],
  "lightfield_0.6_0.0_0.0_x" : [ 0.038806185, 0.05723457, 0.06089296, 0.060373116, 0.05767644, 0.05857966, 0.08667061, 0.081062816, 0.07644922, 0.08446128, 0.082635336, 0.060347125, 0.05297187, 0.04347176, 0.02521882, 0.016336026, 0.01622556, 0.016199566, 0.01629054, 0.008096535 ],
  "lightfield_0.0_0.4_0.0_x" : [ 0.05498005, 0.08059871, 0.09780257, 0.101938605, 0.1018942, 0.09896663, 0.09621667, 0.09588046, 0.09719359, 0.08105545, 0.011875234, 0.011336028, 0.011367746, 0.011504133, 0.0113899475, 0.007653563, 0.007536206, 0.0075171753, 0.0075013163, 0.005791714 ],
  "lightfield_0.0_0.4_0.0_y" : [ 0.0, 0.0, 0.037322618, 0.08122673, 0.07365246, 0.07592981, 0.07732224, 0.07792171, 0.07808347, 0.07782655, 0.07722391, 0.075802945, 0.072732635, 0.066382684, 0.059772644, 0.047811773, 0.020895844, 9.1982314E-5, 0.0, 0.0 ],
  "lightfield_0.0_0.2_0.0_y" : [ 0.0, 0.0, 0.0, 0.0019462974, 0.07390063, 0.098219, 0.09482333, 0.09834323, 0.100103185, 0.10061046, 0.10003416, 0.09779109, 0.092718296, 0.06916258, 0.046476476, 0.02461514, 0.001256121, 0.0, 0.0, 0.0 ],
  "lightfield_0.0_0.2_0.0_x" : [ 0.050120607, 0.073545195, 0.080505624, 0.08230008, 0.081737585, 0.085002124, 0.08792157, 0.08436026, 0.081658214, 0.0823622, 0.084788166, 0.04493048, 0.012495643, 0.012547406, 0.012540504, 0.012543956, 0.011674333, 0.007878363, 0.006780983, 0.0043067005 ],