{
  "eccentricity_minmax" : 0.010158266,
  "compactness" : 113.02033,
  "eccentricity" : 5.7665105,
  "compactness_standardized" : -0.064340755,
  "convexity_minmax" : 0.034050785,
  "diameter_standardized" : -0.33866963,
  "surface_area_minmax" : 0.029910216,
  "convexity" : 0.06616082,
  "diameter_minmax" : 0.05371867,
  "rectangularity _standardized" : -0.39199227,
  "convexity_standardized" : -0.96039414,
  "diameter" : 1.0284947,
  "surface_area" : 0.6263382,
  "rectangularity " : 6.919696E-4,
  "compactness_minmax" : 2.859468E-5,
  "surface_area_standardized" : -0.5916255,
  "rectangularity _minmax" : 0.0012469217,
  "eccentricity_standardized" : -0.14904986,
  "lightfield_0.0_0.0_0.6_y" : [ 0.029228818, 0.06777784, 0.068120055, 0.067818105, 0.06757654, 0.06818045, 0.06793889, 0.21402259, 0.0806812, 0.02540411, 0.025464501, 0.02552489, 0.02530346, 0.025283331, 0.02516255, 0.02512229, 0.025283331, 0.02518268, 0.02510216, 0.015822211 ],
  "lightfield_0.0_0.0_0.6_x" : [ 0.0, 0.0, 0.0, 0.0, 0.0, 0.0, 0.0, 0.3177527, 0.14179601, 0.03548926, 0.03550939, 0.03508666, 0.09191376, 0.31624293, 0.026209312, 0.0, 0.0, 0.0, 0.0, 0.0 ],
  "lightfield_0.0_0.0_0.8_y" : [ 2.8139006E-4, 0.019174723, 0.020842964, 0.023435773, 0.07137258, 0.079231404, 0.08327136, 0.12855506, 0.15148835, 0.14823227, 0.097320765, 0.035012964, 0.031174, 0.030450424, 0.030390127, 0.029947942, 0.0198179, 0.0, 0.0, 0.0 ],
  "lightfield_0.0_0.0_0.8_x" : [ 0.0, 0.0, 0.02858119, 0.04616807, 0.04474102, 0.043213475, 0.040640764, 0.039233815, 0.04045987, 0.060498863, 0.08081925, 0.08439692, 0.076980285, 0.048278496, 0.11002351, 0.09239644, 0.09251703, 0.070086226, 9.6476596E-4, 0.0 ],
  "lightfield_0.0_0.0_0.2_y" : [ 0.0, 0.0, 0.0, 0.09117777, 0.22453657, 0.08619165, 0.037074268, 0.037034057, 0.036491215, 0.12497487, 0.09421368, 0.068197355, 0.07730508, 0.09272588, 0.030077606, 0.0, 0.0, 0.0, 0.0, 0.0 ],
  "lightfield_0.0_0.0_0.2_x" : [ 0.0033173831, 0.018878926, 0.06130122, 0.06944389, 0.06958462, 0.06996662, 0.06984599, 0.103964776, 0.19242832, 0.105854675, 0.027323173, 0.027282963, 0.02694117, 0.026659697, 0.026599381, 0.026438538, 0.02599622, 0.026157063, 0.022015361, 0.0 ],
  "lightfield_0.0_0.0_0.4_y" : [ 0.048748113, 0.063308194, 0.06381096, 0.063871294, 0.09011564, 0.10783308, 0.08573152, 0.085530415, 0.08036199, 0.037104074, 0.030186024, 0.029622925, 0.030306688, 0.031010559, 0.031654097, 0.03173454, 0.03233786, 0.033021618, 0.023710407, 0.0 ],
  "lightfield_0.0_0.0_0.4_x" : [ 0.0, 0.0, 0.00858723, 0.026405228, 0.027370539, 0.028154852, 0.03477124, 0.11997989, 0.16617395, 0.16585219, 0.16205128, 0.13719457, 0.07169432, 0.03991956, 0.011845148, 0.0, 0.0, 0.0, 0.0, 0.0 ],
  "lightfield_0.0_0.0_0.0_y" : [ 0.0, 0.0, 0.0, 0.0, 0.0, 0.022265986, 0.105160564, 0.16592982, 0.22050962, 0.14187533, 0.13399783, 0.097664885, 0.048551105, 0.04195973, 0.022085125, 0.0, 0.0, 0.0, 0.0, 0.0 ],
  "lightfield_0.0_0.0_0.0_x" : [ 0.045938667, 0.052228607, 0.065230496, 0.07361039, 0.07377115, 0.07427354, 0.09457015, 0.13327439, 0.09581608, 0.026305214, 0.026184639, 0.026204735, 0.026023874, 0.0263655, 0.026707126, 0.026526265, 0.02714923, 0.027269805, 0.027269805, 0.025280334 ],
  "d1" : [ 0.027472, 0.0867251, 0.107081, 0.0948691, 0.0608669, 0.0618015, 0.0551138, 0.0585077, 0.0724308, 0.0523558, 0.0381703, 0.0350327, 0.0357651, 0.033059, 0.0330379, 0.0351659, 0.0321263, 0.028405, 0.0266964, 0.0253177 ],
  "d2" : [ 0.020850861, 0.052260276, 0.074683815, 0.09092557, 0.09997445, 0.11410344, 0.11434068, 0.10342826, 0.07892096, 0.062723316, 0.051370922, 0.045628514, 0.03212704, 0.019470619, 0.013274531, 0.010246099, 0.007363993, 0.005162907, 0.0024843363, 6.594158E-4 ],
  "d3" : [ 0.0026732741, 0.022322966, 0.050874613, 0.072967865, 0.090822995, 0.10446889, 0.11207295, 0.11317695, 0.10849097, 0.09665916, 0.07699991, 0.05544558, 0.037310526, 0.024380647, 0.01482526, 0.008830518, 0.0047780448, 0.0021249952, 7.0061756E-4, 7.325141E-5 ],
  "d4" : [ 2.745438E-6, 2.9386356E-5, 1.4418634E-4, 4.6702952E-4, 0.0012955418, 0.003577306, 0.009801112, 0.027351784, 0.08328042, 0.44974425, 0.31152546, 0.07377989, 0.024922883, 0.009036457, 0.0032731723, 0.0011878596, 4.1923855E-4, 1.3289954E-4, 2.5115674E-5, 3.2538526E-6 ],
  "lightfield_0.0_0.8_0.0_y" : [ 0.0, 0.0, 0.0, 0.0, 0.0, 0.054590784, 0.11517476, 0.14345303, 0.22617826, 0.17052309, 0.14035575, 0.07547586, 0.030426236, 0.027309775, 0.016512442, 0.0, 0.0, 0.0, 0.0, 0.0 ],
  "lightfield_0.0_0.8_0.0_x" : [ 0.0037972862, 0.012158987, 0.023790574, 0.029956369, 0.0283454, 0.02630292, 0.024097426, 0.021594668, 0.02049192, 0.08480606, 0.16002302, 0.16819294, 0.13728724, 0.089840345, 0.0528168, 0.04571127, 0.027098816, 0.018928897, 0.01890013, 0.0058589443 ],
  "lightfield_0.8_0.0_0.0_x" : [ 0.01988778, 0.022284565, 0.032626767, 0.03939457, 0.039526183, 0.039505403, 0.07098919, 0.09502632, 0.07559574, 0.05159324, 0.051426988, 0.051440842, 0.051475476, 0.051773343, 0.051877253, 0.051918816, 0.05146855, 0.05140621, 0.051503185, 0.049279578 ],
  "lightfield_0.8_0.0_0.0_y" : [ 0.0, 0.0, 0.0, 0.0, 0.014865614, 0.022811027, 0.03589637, 0.12381546, 0.22233999, 0.24174286, 0.14564976, 0.08896509, 0.061104182, 0.03852175, 0.0042878916, 0.0, 0.0, 0.0, 0.0, 0.0 ],
  "lightfield_0.0_0.6_0.0_x" : [ 0.0, 0.0, 0.0, 0.0, 0.0042432817, 0.02614598, 0.04662588, 0.09033921, 0.15070763, 0.16136187, 0.14048861, 0.13746725, 0.13252932, 0.07830403, 0.020295775, 0.011491175, 0.0, 0.0, 0.0, 0.0 ],
  "lightfield_0.0_0.6_0.0_y" : [ 0.0, 0.0, 0.0, 0.0, 0.0, 0.07180101, 0.13357548, 0.14832236, 0.19172601, 0.16136187, 0.12549065, 0.093845986, 0.030071223, 0.026882485, 0.01692291, 0.0, 0.0, 0.0, 0.0, 0.0 ],
  "lightfield_0.6_0.0_0.0_y" : [ 0.0, 0.0, 0.0, 0.0, 0.0, 8.614175E-4, 0.064500615, 0.17184485, 0.17823415, 0.18195991, 0.21055052, 0.12732068, 0.054882336, 0.009845526, 0.0, 0.0, 0.0, 0.0, 0.0, 0.0 ],
  "lightfield_0.6_0.0_0.0_x" : [ 0.009723976, 0.010300016, 0.020494338, 0.027195426, 0.02722185, 0.02731169, 0.061609846, 0.08838249, 0.07041956, 0.059971567, 0.059902865, 0.059961, 0.060045555, 0.059976853, 0.059987422, 0.060082547, 0.060003277, 0.060008563, 0.060034987, 0.057366177 ],
  "lightfield_0.0_0.4_0.0_x" : [ 0.0, 0.0, 0.0, 4.9149053E-4, 0.017593695, 0.033629615, 0.10585374, 0.13665104, 0.1373841, 0.15591913, 0.15465292, 0.1305782, 0.06940013, 0.039777413, 0.017568704, 4.998209E-4, 0.0, 0.0, 0.0, 0.0 ],
  "lightfield_0.0_0.4_0.0_y" : [ 0.0, 0.0, 0.0, 0.0, 0.0, 0.06986663, 0.13428521, 0.14574778, 0.18964037, 0.15897636, 0.12709612, 0.09759836, 0.03131378, 0.02796498, 0.017510392, 0.0, 0.0, 0.0, 0.0, 0.0 ],
  "lightfield_0.0_0.2_0.0_y" : [ 0.0, 0.0, 0.0, 0.0, 0.0, 0.048112676, 0.11278256, 0.12864989, 0.22391658, 0.1770851, 0.14688253, 0.083314665, 0.032702282, 0.029306622, 0.017247096, 0.0, 0.0, 0.0, 0.0, 0.0 ],
  "lightfield_0.0_0.2_0.0_x" : [ 0.01295548, 0.017211257, 0.022613853, 0.032997947, 0.045586087, 0.060620178, 0.10355425, 0.14495623, 0.15567183, 0.13309382, 0.04283551, 0.027684947, 0.02934246, 0.03182425, 0.033884943, 0.03547078, 0.035157196, 0.022694489, 0.010554326, 0.0012901723 ],
  "a3" : [ 0.11940896, 0.16344523, 0.14694716, 0.11268704, 0.08899423, 0.07358386, 0.047410164, 0.0, 0.0, 0.0, 0.0, 0.0, 0.0, 0.0048737344, 0.01621422, 0.025767693, 0.036050864, 0.043818127, 0.053545877, 0.067252845 ],
  "lightfield_0.4_0.0_0.0_y" : [ 0.0, 0.0, 0.0, 0.0, 0.0, 0.018988835, 0.052504852, 0.11324124, 0.19899935, 0.19822714, 0.18012312, 0.17214899, 0.058081917, 0.0076845526, 0.0, 0.0, 0.0, 0.0, 0.0, 0.0 ],
  "lightfield_0.4_0.0_0.0_x" : [ 0.010526711, 0.011373996, 0.021723742, 0.027863877, 0.02797649, 0.02793359, 0.061841074, 0.09149605, 0.071536586, 0.059186608, 0.059122257, 0.05919197, 0.059084717, 0.05911153, 0.059073992, 0.059084717, 0.05923487, 0.059116893, 0.059041817, 0.05647851 ],