{
  "eccentricity_minmax" : 0.005437476,
  "compactness" : 117.57458,
  "eccentricity" : 3.551737,
  "compactness_standardized" : -0.06432676,
  "convexity_minmax" : 0.026052298,
  "diameter_standardized" : 1.0313272,
  "surface_area_minmax" : 0.059454698,
  "convexity" : 0.050860588,
  "diameter_minmax" : 0.2745275,
  "rectangularity _standardized" : -0.32693312,
  "convexity_standardized" : -1.0147256,
  "diameter" : 1.1456213,
  "surface_area" : 1.2293798,
  "rectangularity " : 0.003797042,
  "compactness_minmax" : 2.9751616E-5,
  "surface_area_standardized" : -0.22220732,
  "rectangularity _minmax" : 0.006842463,
  "eccentricity_standardized" : -0.24928495,
  "lightfield_0.0_0.0_0.6_y" : [ 0.023298908, 0.048039768, 0.05901884, 0.05888603, 0.0489315, 0.047938578, 0.04875442, 0.06526098, 0.07892157, 0.0603596, 0.05953111, 0.058038566, 0.054117467, 0.049494367, 0.047451604, 0.04963983, 0.053067625, 0.036940534, 0.0314257, 0.020883005 ],
  "lightfield_0.0_0.0_0.6_x" : [ 0.0, 0.0, 0.0, 0.02857974, 0.060479764, 0.06649422, 0.07290079, 0.07343836, 0.0805912, 0.07325495, 0.0774227, 0.10542692, 0.11187776, 0.10475022, 0.09313871, 0.03867973, 0.0092462, 0.0037187182, 0.0, 0.0 ],
  "lightfield_0.0_0.0_0.8_y" : [ 0.0, 0.00861938, 0.01218231, 0.04198309, 0.055133656, 0.05367811, 0.060259722, 0.08046654, 0.1077296, 0.095680185, 0.086105205, 0.09068069, 0.07796679, 0.047533162, 0.0424071, 0.03612925, 0.03538882, 0.041419856, 0.025845485, 7.910591E-4 ],
  "lightfield_0.0_0.0_0.8_x" : [ 0.0184032, 0.03381936, 0.029129962, 0.02350395, 0.039306145, 0.06573385, 0.064012505, 0.059164893, 0.06283541, 0.06603762, 0.07650491, 0.07522656, 0.069195524, 0.06528453, 0.07405579, 0.04650162, 0.046413023, 0.047602773, 0.024896214, 0.012372165 ],
  "lightfield_0.0_0.0_0.2_y" : [ 0.0, 0.008458569, 0.015199984, 0.045555435, 0.054109402, 0.053346224, 0.059617013, 0.08828711, 0.10752558, 0.091454305, 0.08443306, 0.088649616, 0.07851841, 0.04794037, 0.04091912, 0.035010844, 0.034273103, 0.041084476, 0.025032276, 5.85104E-4 ],
  "lightfield_0.0_0.0_0.2_x" : [ 0.012198146, 0.021101903, 0.047037274, 0.047278948, 0.043424893, 0.07164344, 0.067910224, 0.06979273, 0.07491239, 0.07804143, 0.06698805, 0.06351558, 0.06039927, 0.066059515, 0.06648562, 0.037268583, 0.023868429, 0.029185243, 0.034260385, 0.01862793 ],
  "lightfield_0.0_0.0_0.4_y" : [ 0.024706272, 0.05211665, 0.063145906, 0.055728387, 0.04759103, 0.047221716, 0.048617586, 0.06652603, 0.07770552, 0.05949035, 0.05872669, 0.05759998, 0.053487483, 0.048529956, 0.04602615, 0.048160642, 0.052855276, 0.040279925, 0.031022115, 0.020462327 ],
  "lightfield_0.0_0.0_0.4_x" : [ 0.0, 0.0, 5.633556E-5, 0.00786194, 0.010985434, 0.05508366, 0.109303504, 0.11045525, 0.12045169, 0.08606821, 0.060479354, 0.07887604, 0.07997771, 0.07658506, 0.07450691, 0.06794695, 0.048999418, 0.012362526, 0.0, 0.0 ],
  "lightfield_0.0_0.0_0.0_y" : [ 0.0, 0.0, 0.0, 0.0, 0.004074232, 0.11413582, 0.24406318, 0.10940512, 0.014728715, 0.014640144, 0.014718294, 0.014801655, 0.12283654, 0.23447154, 0.10749826, 0.004626494, 0.0, 0.0, 0.0, 0.0 ],
  "lightfield_0.0_0.0_0.0_x" : [ 0.10011045, 0.04678073, 0.04925549, 0.040106703, 0.035120714, 0.040685013, 0.047088124, 0.07575363, 0.056539092, 0.05238671, 0.05272536, 0.050547574, 0.048572976, 0.045400076, 0.040487032, 0.035521887, 0.03892924, 0.044915546, 0.05629422, 0.04277944 ],
  "d1" : [ 0.0416541, 0.0828174, 0.0992292, 0.0971507, 0.0567313, 0.0780777, 0.1115745, 0.0996219, 0.1109084, 0.0470143, 0.0148679, 0.0121853, 0.0138462, 0.0164622, 0.039294, 0.0135588, 0.013197, 0.0168253, 0.0138435, 0.0211403 ],
  "d2" : [ 0.013293735, 0.026189398, 0.03515027, 0.046966147, 0.05375714, 0.07339509, 0.12114497, 0.12651351, 0.10771502, 0.087347135, 0.064572535, 0.046002276, 0.038995348, 0.032536212, 0.034491856, 0.03230207, 0.02818975, 0.01987219, 0.009275129, 0.002290202 ],
  "d3" : [ 0.0011177884, 0.009720402, 0.02634334, 0.04060221, 0.051548466, 0.06222788, 0.07459398, 0.08568332, 0.09742729, 0.109765835, 0.105519265, 0.088586815, 0.0724062, 0.05951456, 0.049076032, 0.034060396, 0.019171646, 0.0088438, 0.0033413912, 4.4936922E-4 ],
  "d4" : [ 2.1353408E-6, 1.6065896E-5, 8.541363E-5, 3.3982424E-4, 0.0012857802, 0.0052802907, 0.016157411, 0.03846206, 0.08756748, 0.22920544, 0.41776356, 0.11937775, 0.051197235, 0.022245267, 0.008186083, 0.0021302565, 5.283443E-4, 1.3564498E-4, 2.8572893E-5, 5.389193E-6 ],
  "lightfield_0.0_0.8_0.0_y" : [ 0.0, 0.0, 0.0, 0.0, 0.0, 0.014124709, 0.112790085, 0.19018622, 0.09273611, 0.076189525, 0.077590756, 0.076198176, 0.08278048, 0.14965445, 0.113313384, 0.014436093, 0.0, 0.0, 0.0, 0.0 ],
  "lightfield_0.0_0.8_0.0_x" : [ 0.010902753, 0.022013096, 0.017264495, 0.0145571865, 0.02305104, 0.035441518, 0.034100838, 0.0333786, 0.034252204, 0.059106674, 0.036021035, 0.033529967, 0.03820937, 0.060122997, 0.0810722, 0.09918435, 0.10975842, 0.1081496, 0.09405517, 0.055828497 ],
  "lightfield_0.8_0.0_0.0_x" : [ 0.09479601, 0.050613534, 0.054832987, 0.038372654, 0.033253647, 0.037875663, 0.047890026, 0.08305709, 0.060225334, 0.05612516, 0.055966124, 0.051841103, 0.046826467, 0.041896317, 0.037383642, 0.032935575, 0.03641451, 0.04187644, 0.057650924, 0.04016679 ],
  "lightfield_0.8_0.0_0.0_y" : [ 0.0, 0.0, 0.0, 0.0, 0.065140575, 0.14044958, 0.03863606, 0.017573591, 0.18957712, 0.04760177, 0.020282192, 0.21479443, 0.019651012, 0.020461109, 0.14565805, 0.08017454, 0.0, 0.0, 0.0, 0.0 ],
  "lightfield_0.0_0.6_0.0_x" : [ 0.006584151, 0.012697353, 0.014224511, 0.013195736, 0.014608586, 0.03138674, 0.041562457, 0.05349166, 0.05915677, 0.06819398, 0.07452665, 0.078767486, 0.08109937, 0.08150174, 0.07987399, 0.07644017, 0.07107911, 0.06298381, 0.05061109, 0.02801465 ],
  "lightfield_0.0_0.6_0.0_y" : [ 0.0, 0.0, 0.016588403, 0.043087326, 0.0660747, 0.10370267, 0.07825995, 0.078538865, 0.08082732, 0.081604615, 0.080600984, 0.07790103, 0.07355732, 0.073760785, 0.085477374, 0.049431432, 0.010587224, 0.0, 0.0, 0.0 ],
  "lightfield_0.6_0.0_0.0_y" : [ 0.0, 0.0, 0.0, 0.0, 0.046909906, 0.14946418, 0.04743438, 0.034211654, 0.19828539, 0.023207847, 0.016480496, 0.19588491, 0.042537633, 0.031029526, 0.16084117, 0.0537129, 0.0, 0.0, 0.0, 0.0 ],
  "lightfield_0.6_0.0_0.0_x" : [ 0.09996722, 0.0503694, 0.054877833, 0.038341865, 0.033076983, 0.037933383, 0.047797475, 0.08335056, 0.06043521, 0.055518292, 0.055099726, 0.05080814, 0.046183717, 0.04172571, 0.03705086, 0.032224715, 0.036208678, 0.041831616, 0.057389244, 0.039809376 ],
  "lightfield_0.0_0.4_0.0_x" : [ 0.028969184, 0.051326137, 0.06372436, 0.071638264, 0.07708037, 0.0804915, 0.08199858, 0.081627004, 0.079039805, 0.07478628, 0.06902799, 0.05951238, 0.05364792, 0.04665488, 0.01901045, 0.014590757, 0.012929045, 0.014226103, 0.013275235, 0.006443751 ],
  "lightfield_0.0_0.4_0.0_y" : [ 0.0, 0.0, 0.015797807, 0.056625154, 0.08958706, 0.07175366, 0.074723974, 0.07778198, 0.0795914, 0.08077306, 0.080782294, 0.07823896, 0.082877904, 0.100842856, 0.059932422, 0.040585015, 0.010106442, 0.0, 0.0, 0.0 ],
  "lightfield_0.0_0.2_0.0_y" : [ 0.0, 0.0, 0.0, 0.0, 0.0, 0.014861968, 0.12436919, 0.15237254, 0.07864334, 0.07486487, 0.0760902, 0.07472825, 0.10007173, 0.18107608, 0.10888815, 0.014033695, 0.0, 0.0, 0.0, 0.0 ],
  "lightfield_0.0_0.2_0.0_x" : [ 0.05634398, 0.09353092, 0.10727856, 0.1085039, 0.09748017, 0.08021877, 0.062453568, 0.03454842, 0.034817394, 0.03737053, 0.05869645, 0.034770433, 0.033890925, 0.03468504, 0.036546525, 0.024049833, 0.014183125, 0.016954001, 0.02203892, 0.0116385305 ],
  "a3" : [ 0.07573995, 0.12227522, 0.14908122, 0.14626436, 0.12471143, 0.105899006, 0.06432329, 0.0, 0.0, 0.0, 0.0, 0.0, 0.0, 0.0024447658, 0.009658319, 0.015298275, 0.023317091, 0.03258259, 0.04935505, 0.079049446 ],
  "lightfield_0.4_0.0_0.0_y" : [ 0.0, 0.0, 0.0, 0.0, 0.006325166, 0.12432022, 0.16504882, 0.17011675, 0.019111942, 0.014862679, 0.014862679, 0.0208711, 0.17920493, 0.16454203, 0.11579732, 0.0049363584, 0.0, 0.0, 0.0, 0.0 ],