{
  "eccentricity_minmax" : 0.0027229097,
  "compactness" : 22.742237,
  "eccentricity" : 2.27819,
  "compactness_standardized" : -0.064943545,
  "convexity_minmax" : 0.09641303,
  "diameter_standardized" : -0.5493019,
  "surface_area_minmax" : 0.061904393,
  "convexity" : 0.18545295,
  "diameter_minmax" : 0.019742085,
  "rectangularity _standardized" : -0.20332412,
  "convexity_standardized" : -0.533447,
  "diameter" : 1.010472,
  "surface_area" : 1.2793813,
  "rectangularity " : 0.009764814,
  "compactness_minmax" : 5.660925E-6,
  "surface_area_standardized" : -0.1919651,
  "rectangularity _minmax" : 0.017596774,
  "eccentricity_standardized" : -0.3067784,
  "lightfield_0.0_0.0_0.6_y" : [ 0.012899155, 0.016244482, 0.018051079, 0.05037635, 0.02887875, 0.039224263, 0.05153412, 0.06880244, 0.076064534, 0.07640681, 0.07425199, 0.071269765, 0.06893637, 0.070725106, 0.06571902, 0.061998684, 0.057123553, 0.051519237, 0.035051536, 0.004922751 ],
  "lightfield_0.0_0.0_0.6_x" : [ 0.0, 0.0, 0.0, 0.0, 0.011021129, 0.054313954, 0.07879973, 0.102383696, 0.11180359, 0.11751208, 0.11508344, 0.10803266, 0.107723124, 0.07833841, 0.0680792, 0.03296517, 0.0064049335, 0.0057858694, 0.0017530231, 0.0 ],
  "lightfield_0.0_0.0_0.8_y" : [ 0.0019559304, 0.0059215417, 0.0064620357, 0.011502662, 0.037398584, 0.054655563, 0.07130038, 0.08603406, 0.08112781, 0.08546669, 0.09547329, 0.10083045, 0.095610656, 0.08448425, 0.07725775, 0.061383367, 0.036248915, 0.006886069, 0.0, 0.0 ],
  "lightfield_0.0_0.0_0.8_x" : [ 0.0, 0.001481132, 0.026030298, 0.045192443, 0.059525978, 0.07442091, 0.0784552, 0.07784603, 0.08305687, 0.08379743, 0.08143837, 0.07900465, 0.06952063, 0.05761484, 0.073041305, 0.041420933, 0.026505096, 0.019741459, 0.0147784725, 0.0071279476 ],
  "lightfield_0.0_0.0_0.2_y" : [ 0.0030532945, 0.006023344, 0.0064960546, 0.011654249, 0.035325456, 0.053460896, 0.07329988, 0.08265598, 0.08457953, 0.08726119, 0.09742299, 0.10275659, 0.09913544, 0.0844279, 0.07357042, 0.062323477, 0.034035165, 0.0025181503, 0.0, 0.0 ],
  "lightfield_0.0_0.0_0.2_x" : [ 0.0026697745, 0.0072393105, 0.014609434, 0.016741091, 0.025811784, 0.041268528, 0.07353177, 0.061366163, 0.07083227, 0.07685264, 0.07860375, 0.07945106, 0.07982269, 0.07716481, 0.077869415, 0.073154196, 0.06002533, 0.04882298, 0.030473484, 0.0036895212 ],
  "lightfield_0.0_0.0_0.4_y" : [ 0.014006603, 0.0162036, 0.017817114, 0.051418077, 0.028950948, 0.03692623, 0.048232727, 0.06831233, 0.0772581, 0.07766297, 0.07651684, 0.07119105, 0.06940488, 0.07175965, 0.06815753, 0.06176599, 0.05652952, 0.050998323, 0.03268108, 0.0042064465 ],
  "lightfield_0.0_0.0_0.4_x" : [ 0.0, 0.0, 6.519545E-4, 0.0056562265, 0.0067219785, 0.034294594, 0.06668691, 0.07350415, 0.096667886, 0.11044526, 0.11410395, 0.11921242, 0.11370504, 0.10224374, 0.08000881, 0.06209346, 0.014003626, 0.0, 0.0, 0.0 ],
  "lightfield_0.0_0.0_0.0_y" : [ 0.0, 0.0, 0.0, 0.0, 0.01413685, 0.052896492, 0.09585408, 0.111840166, 0.113252364, 0.13177149, 0.12425265, 0.113829136, 0.106667064, 0.078265525, 0.045226026, 0.012008146, 0.0, 0.0, 0.0, 0.0 ],
  "lightfield_0.0_0.0_0.0_x" : [ 0.006082859, 0.009492947, 0.03258462, 0.038961813, 0.041652422, 0.011627596, 0.035739027, 0.07051181, 0.07108858, 0.07113318, 0.07282484, 0.072991334, 0.072815925, 0.07030965, 0.06057588, 0.060480744, 0.05992181, 0.05790608, 0.047976095, 0.0353228 ],
  "d1" : [ 0.0031185, 0.0062571, 0.017966, 0.033606, 0.0439675, 0.063928, 0.0660274, 0.0728931, 0.0992415, 0.103674, 0.0911815, 0.0998266, 0.0793966, 0.0528824, 0.0454089, 0.0419924, 0.0349934, 0.0316696, 0.0091529, 0.0028166 ],
  "d2" : [ 0.008239847, 0.029633004, 0.048506718, 0.066082805, 0.08311439, 0.0996555, 0.11520833, 0.12254042, 0.11040579, 0.100583665, 0.078881554, 0.048412703, 0.031619854, 0.02130144, 0.014059969, 0.010585159, 0.006504142, 0.0031052453, 0.0012935272, 2.659467E-4 ],
  "d3" : [ 7.731646E-4, 0.0075278906, 0.022911895, 0.045314852, 0.06975114, 0.08971778, 0.10598684, 0.11800812, 0.119977966, 0.113248594, 0.09857105, 0.07828684, 0.05584052, 0.036003873, 0.021184651, 0.0103588365, 0.0044974154, 0.001631152, 3.7128807E-4, 3.6122605E-5 ],
  "d4" : [ 1.5252434E-6, 1.088007E-5, 6.3145075E-5, 2.52682E-4, 9.049777E-4, 0.0030133724, 0.0094404435, 0.028648544, 0.089734234, 0.40118173, 0.34548002, 0.0821855, 0.026406132, 0.008757337, 0.002783264, 8.3613844E-4, 2.3041344E-4, 5.694242E-5, 1.1286801E-5, 1.4235605E-6 ],
  "lightfield_0.0_0.8_0.0_y" : [ 0.0, 0.0, 0.0, 0.0, 0.022143278, 0.06301743, 0.09816272, 0.104013, 0.10490658, 0.11728901, 0.116056055, 0.10490035, 0.102035925, 0.08917713, 0.058773715, 0.019524816, 0.0, 0.0, 0.0, 0.0 ],
  "lightfield_0.0_0.8_0.0_x" : [ 0.0, 0.0, 0.0, 0.03839891, 0.0612832, 0.06323226, 0.063587196, 0.06033981, 0.07433503, 0.086129, 0.08634384, 0.0862878, 0.08154903, 0.074020565, 0.07399254, 0.07067043, 0.05798911, 0.008568377, 0.006831039, 0.0064418507 ],
  "lightfield_0.8_0.0_0.0_x" : [ 0.007416834, 0.012172489, 0.032616835, 0.036467757, 0.043705635, 0.012609944, 0.035016205, 0.0689918, 0.07728355, 0.07795298, 0.07723052, 0.0739927, 0.068193115, 0.065518685, 0.058820996, 0.058708318, 0.057992484, 0.0554009, 0.0457736, 0.03413467 ],
  "lightfield_0.8_0.0_0.0_y" : [ 0.0, 0.0, 9.908996E-4, 0.010992689, 0.03819106, 0.052454714, 0.040782645, 0.089459345, 0.1275808, 0.13690323, 0.13997534, 0.12005462, 0.109254144, 0.09182889, 0.032712944, 0.005733299, 0.0030853765, 0.0, 0.0, 0.0 ],
  "lightfield_0.0_0.6_0.0_x" : [ 0.0, 0.0, 0.0, 0.0, 0.0, 0.0018619406, 0.021209745, 0.06590494, 0.09245052, 0.10487208, 0.11946159, 0.11945297, 0.11946159, 0.11946159, 0.11024671, 0.091166124, 0.03445021, 0.0, 0.0, 0.0 ],
  "lightfield_0.0_0.6_0.0_y" : [ 0.0, 0.0, 0.0, 0.0, 0.027355872, 0.06992621, 0.10498845, 0.104471244, 0.09801048, 0.098040655, 0.098040655, 0.099898286, 0.11047083, 0.09691573, 0.06524981, 0.026631784, 0.0, 0.0, 0.0, 0.0 ],
  "lightfield_0.6_0.0_0.0_y" : [ 0.0, 0.0, 0.0, 3.6182442E-5, 0.026542407, 0.043020923, 0.06798681, 0.08518381, 0.09629699, 0.16251086, 0.18841231, 0.15305173, 0.117773846, 0.029297441, 0.010487739, 0.0094798, 0.0077637183, 0.0021554397, 0.0, 0.0 ],
  "lightfield_0.6_0.0_0.0_x" : [ 0.008296117, 0.013981929, 0.025286358, 0.027152339, 0.060786504, 0.022319399, 0.035872307, 0.075998634, 0.0747581, 0.07658789, 0.0858506, 0.10851114, 0.08349874, 0.056403257, 0.046189472, 0.045837987, 0.04500062, 0.04317082, 0.036735516, 0.027762271 ],
  "lightfield_0.0_0.4_0.0_x" : [ 0.0, 0.0, 0.01396664, 0.025869878, 0.028322103, 0.030730145, 0.07880261, 0.08527118, 0.099560365, 0.10531316, 0.10531316, 0.11525903, 0.12264222, 0.121714346, 0.06463714, 0.0025980338, 0.0, 0.0, 0.0, 0.0 ],
  "lightfield_0.0_0.4_0.0_y" : [ 0.0, 0.0, 0.0, 0.0, 0.026263118, 0.07595714, 0.09421849, 0.104972936, 0.10744725, 0.09792113, 0.1032365, 0.10942229, 0.103779964, 0.08467469, 0.06883906, 0.023267426, 0.0, 0.0, 0.0, 0.0 ],
  "lightfield_0.0_0.2_0.0_y" : [ 0.0, 0.0, 0.0, 0.0, 0.010154495, 0.046442848, 0.09568722, 0.115753844, 0.11739286, 0.14562991, 0.12318897, 0.120038286, 0.1093087, 0.07342702, 0.0348917, 0.00808416, 0.0, 0.0, 0.0, 0.0 ],
  "lightfield_0.0_0.2_0.0_x" : [ 0.0, 0.0016718768, 0.028101496, 0.06489511, 0.034316607, 0.0090371715, 0.0090371715, 0.009000202, 0.030911235, 0.09883379, 0.098603755, 0.08203698, 0.093091086, 0.109390855, 0.08311322, 0.082172535, 0.07319287, 0.05976035, 0.032833688, 0.0 ],
  "a3" : [ 0.06880672, 0.13445106, 0.15716946, 0.15028635, 0.12494497, 0.09937258, 0.055779643, 0.0, 0.0, 0.0, 0.0, 0.0, 0.0, 0.0014634184, 0.00779393, 0.015467318, 0.02488103, 0.037179317, 0.052489065, 0.06991515 ],
  "lightfield_0.4_0.0_0.0_y" : [ 0.0, 0.0, 0.0, 5.8873254E-4, 0.028405089, 0.042871807, 0.06884146, 0.07649498, 0.09982288, 0.16305377, 0.18254735, 0.15218486, 0.12178713, 0.03725117, 0.00894169, 0.007995693, 0.007266067, 0.0019473461, 0.0, 0.0 ],