{
  "eccentricity_minmax" : 0.005363866,
  "compactness" : 89.95423,
  "eccentricity" : 3.5172026,
  "compactness_standardized" : -0.064494774,
  "convexity_minmax" : 0.051224887,
  "diameter_standardized" : -0.07356144,
  "surface_area_minmax" : 0.045454737,
  "convexity" : 0.099013,
  "diameter_minmax" : 0.09648263,
  "rectangularity _standardized" : -0.3743359,
  "convexity_standardized" : -0.84281605,
  "diameter" : 1.0511786,
  "surface_area" : 0.94362223,
  "rectangularity " : 0.001541045,
  "compactness_minmax" : 2.2735094E-5,
  "surface_area_standardized" : -0.39744863,
  "rectangularity _minmax" : 0.0027770104,
  "eccentricity_standardized" : -0.25075498,
  "lightfield_0.0_0.0_0.6_y" : [ 0.012035908, 0.017282723, 0.029646557, 0.030932643, 0.031813942, 0.034498837, 0.041539, 0.04212824, 0.07292766, 0.096384615, 0.0727432, 0.03837246, 0.03405306, 0.053231608, 0.081136055, 0.04810264, 0.07109845, 0.06901817, 0.062372543, 0.060681675 ],
  "lightfield_0.0_0.0_0.6_x" : [ 0.0, 0.0, 0.0, 0.023887357, 0.06483199, 0.08954941, 0.10805673, 0.12195259, 0.12869558, 0.11664942, 0.096538335, 0.08476886, 0.054589428, 0.05319062, 0.04601211, 0.011277579, 0.0, 0.0, 0.0, 0.0 ],
  "lightfield_0.0_0.0_0.8_y" : [ 0.0, 0.0025661432, 0.02111584, 0.026008347, 0.026089974, 0.026850123, 0.037767712, 0.06658708, 0.09025886, 0.09384534, 0.09362087, 0.09426367, 0.08793759, 0.08361647, 0.078841306, 0.06764823, 0.051628966, 0.038558472, 0.012795004, 0.0 ],
  "lightfield_0.0_0.0_0.8_x" : [ 0.037022866, 0.049078126, 0.06852061, 0.07143367, 0.08041772, 0.07168876, 0.06501066, 0.04981787, 0.065867744, 0.08744273, 0.08697338, 0.06897977, 0.04789964, 0.040711377, 0.034706704, 0.023835031, 0.018462967, 0.01716204, 0.014432643, 5.35676E-4 ],
  "lightfield_0.0_0.0_0.2_y" : [ 0.0, 0.0010578493, 0.019383827, 0.024809083, 0.025005542, 0.02591227, 0.034642044, 0.06354148, 0.08995748, 0.09590663, 0.09557416, 0.09706019, 0.088627614, 0.08913639, 0.07996333, 0.067153275, 0.05183965, 0.03814302, 0.012286163, 0.0 ],
  "lightfield_0.0_0.0_0.2_x" : [ 0.0133692, 0.017509924, 0.019046323, 0.025826633, 0.03511052, 0.040137824, 0.045114752, 0.06521389, 0.08390256, 0.08546414, 0.06594431, 0.04887767, 0.06480082, 0.069344535, 0.078361444, 0.070276454, 0.07019082, 0.04916984, 0.03910012, 0.013238228 ],
  "lightfield_0.0_0.0_0.4_y" : [ 0.012596745, 0.015335614, 0.028783768, 0.030307071, 0.031579055, 0.034420505, 0.041467704, 0.04371419, 0.07462136, 0.09726575, 0.07329808, 0.037954364, 0.033574224, 0.053536166, 0.080145255, 0.049268864, 0.07161065, 0.06942058, 0.062558025, 0.05854204 ],
  "lightfield_0.0_0.0_0.4_x" : [ 0.0, 0.0, 0.0, 0.014781686, 0.04726344, 0.050412625, 0.053746454, 0.08257125, 0.09293177, 0.12314139, 0.12638803, 0.1167866, 0.107651904, 0.08952613, 0.06531741, 0.029137667, 3.4364086E-4, 0.0, 0.0, 0.0 ],
  "lightfield_0.0_0.0_0.0_y" : [ 0.0, 0.0, 0.0, 0.0, 0.0, 0.0, 0.14152844, 0.19056107, 0.0830891, 0.083204925, 0.083270386, 0.0830891, 0.17911492, 0.15614204, 0.0, 0.0, 0.0, 0.0, 0.0, 0.0 ],
  "lightfield_0.0_0.0_0.0_x" : [ 0.023078628, 0.02728344, 0.029257435, 0.029519292, 0.030128611, 0.04261212, 0.030637218, 0.04555297, 0.09386551, 0.093739614, 0.044248722, 0.031755146, 0.032304037, 0.059516974, 0.07998207, 0.03212275, 0.07632112, 0.06286068, 0.056948766, 0.0782649 ],
  "d1" : [ 0.0058047, 0.0143286, 0.0217068, 0.0321917, 0.0418479, 0.0608346, 0.100891, 0.0945691, 0.0990542, 0.0872836, 0.0950427, 0.0624411, 0.0526917, 0.0434935, 0.0423054, 0.0271621, 0.0360069, 0.0357459, 0.0318595, 0.014739 ],
  "d2" : [ 0.014333617, 0.03354009, 0.051636867, 0.066022895, 0.089871384, 0.12175958, 0.13428488, 0.11761595, 0.09677959, 0.076687664, 0.056700855, 0.041094616, 0.03040094, 0.023097357, 0.019199071, 0.012866559, 0.006976025, 0.0046220114, 0.0021713814, 3.3865948E-4 ],
  "d3" : [ 0.0015802382, 0.0112476135, 0.03150797, 0.051766813, 0.070313506, 0.08779242, 0.103285395, 0.113294475, 0.11981506, 0.11329015, 0.09287796, 0.07093494, 0.05244741, 0.036279373, 0.023279762, 0.012423258, 0.005333266, 0.0019217427, 5.529073E-4, 5.574352E-5 ],
  "d4" : [ 6.1009735E-7, 6.711071E-6, 4.880779E-5, 3.340283E-4, 0.001428848, 0.0046342993, 0.012684229, 0.03463167, 0.09833183, 0.43117663, 0.291401, 0.08064694, 0.028771784, 0.0106546385, 0.0038162607, 0.0011532874, 2.4515745E-4, 2.8979624E-5, 3.86395E-6, 4.0673157E-7 ],
  "lightfield_0.0_0.8_0.0_y" : [ 0.0, 0.0, 0.0, 0.0, 0.0, 0.0, 0.11581742, 0.16316117, 0.11080276, 0.11092743, 0.110641144, 0.11080276, 0.1574031, 0.12044421, 0.0, 0.0, 0.0, 0.0, 0.0, 0.0 ],
  "lightfield_0.0_0.8_0.0_x" : [ 0.0, 0.03826565, 0.06381456, 0.079731256, 0.047431488, 0.07817514, 0.02960774, 0.05580311, 0.085886456, 0.085886456, 0.08610348, 0.086117335, 0.086117335, 0.0434096, 0.054634865, 0.025433473, 0.025733614, 0.02355413, 0.004294323, 0.0 ],
  "lightfield_0.8_0.0_0.0_x" : [ 0.02046713, 0.03167408, 0.04674141, 0.050824415, 0.063807614, 0.05739417, 0.04834714, 0.057365753, 0.093463875, 0.08790303, 0.036794413, 0.026790578, 0.027638441, 0.047305074, 0.06209294, 0.027761593, 0.059506726, 0.049318157, 0.045017265, 0.059786186 ],
  "lightfield_0.8_0.0_0.0_y" : [ 0.0, 0.0, 0.0, 0.0, 0.003576182, 0.05265277, 0.07721712, 0.10026099, 0.13142824, 0.1340713, 0.13490969, 0.11774402, 0.10338245, 0.06850639, 0.067578, 0.008672833, 0.0, 0.0, 0.0, 0.0 ],
  "lightfield_0.0_0.6_0.0_x" : [ 0.0, 0.0, 0.0, 0.0, 0.0, 0.0, 0.018275104, 0.13894905, 0.13891171, 0.13891171, 0.13922538, 0.13928513, 0.13928513, 0.13928513, 0.007871663, 0.0, 0.0, 0.0, 0.0, 0.0 ],
  "lightfield_0.0_0.6_0.0_y" : [ 0.0, 0.0, 0.0, 0.0, 0.0, 0.0, 0.09901567, 0.13458753, 0.13368385, 0.13368385, 0.13368385, 0.13368385, 0.13543892, 0.0962225, 0.0, 0.0, 0.0, 0.0, 0.0, 0.0 ],
  "lightfield_0.6_0.0_0.0_y" : [ 0.0, 0.0, 0.0, 0.0, 0.0017256665, 0.029417537, 0.07477888, 0.0922927, 0.122657664, 0.14946978, 0.15253538, 0.13532609, 0.10942755, 0.06795065, 0.054876193, 0.00954192, 0.0, 0.0, 0.0, 0.0 ],
  "lightfield_0.6_0.0_0.0_x" : [ 0.024497695, 0.03812031, 0.05900426, 0.063998535, 0.07402094, 0.068018325, 0.060872037, 0.06472941, 0.09346344, 0.076396264, 0.03514269, 0.032469597, 0.033586204, 0.039169244, 0.043128125, 0.03367418, 0.04295894, 0.039541446, 0.038079705, 0.03912864 ],
  "lightfield_0.0_0.4_0.0_x" : [ 0.0, 0.0, 0.00806573, 0.03424662, 0.03656421, 0.03833186, 0.0782677, 0.108684406, 0.12177158, 0.12181741, 0.12209892, 0.12209892, 0.12209892, 0.08595371, 0.0, 0.0, 0.0, 0.0, 0.0, 0.0 ],
  "lightfield_0.0_0.4_0.0_y" : [ 0.0, 0.0, 0.0, 0.0, 0.0, 0.0, 0.11686798, 0.15236506, 0.11653409, 0.11667158, 0.11685489, 0.11686143, 0.13993257, 0.1239124, 0.0, 0.0, 0.0, 0.0, 0.0, 0.0 ],
  "lightfield_0.0_0.2_0.0_y" : [ 0.0, 0.0, 0.0, 0.0, 0.0, 0.0, 0.136627, 0.18130231, 0.09205034, 0.09177517, 0.09210745, 0.0922632, 0.16590866, 0.14796586, 0.0, 0.0, 0.0, 0.0, 0.0, 0.0 ],
  "lightfield_0.0_0.2_0.0_x" : [ 0.011338857, 0.027189376, 0.028518472, 0.03005524, 0.030538077, 0.03145702, 0.046954498, 0.029494528, 0.08573713, 0.09671775, 0.096826784, 0.039037026, 0.07967313, 0.06440928, 0.041684836, 0.09324445, 0.041996345, 0.08551388, 0.039613318, 0.0 ],
  "a3" : [ 0.08546145, 0.13240153, 0.15008892, 0.13739158, 0.11457477, 0.09371904, 0.057493, 0.0, 0.0, 0.0, 0.0, 0.0, 0.0, 0.003134617, 0.0122350985, 0.019661967, 0.02939897, 0.039943755, 0.052619066, 0.071876235 ],
  "lightfield_0.4_0.0_0.0_y" : [ 0.0, 0.0, 0.0, 0.0, 0.0014246354, 0.02762583, 0.07162825, 0.09325314, 0.1276863, 0.152604, 0.14586385, 0.12696056, 0.11756603, 0.075404875, 0.052341912, 0.0076406156, 0.0, 0.0, 0.0, 0.0 ],
  "lightfield_0.4_0.0_0.0_x" : [ 0.024299443, 0.03761844, 0.057879176, 0.063624755, 0.07326121, 0.06694443, 0.060694847, 0.063510515, 0.08901955, 0.07268329, 0.035380688, 0.032585178, 0.033519253, 0.040682748, 0.046401452, 0.033633493, 0.045628656, 0.041697465, 0.039573953, 0.041361466 ],