{
  "eccentricity_minmax" : 0.002135528,
  "compactness" : 83.343376,
  "eccentricity" : 2.002618,
  "compactness_standardized" : -0.06453891,
  "convexity_minmax" : 0.05736744,
  "diameter_standardized" : 0.19684511,
  "surface_area_minmax" : 0.061234668,
  "convexity" : 0.11076303,
  "diameter_minmax" : 0.14010125,
  "rectangularity _standardized" : -0.32352814,
  "convexity_standardized" : -0.80076265,
  "diameter" : 1.0743158,
  "surface_area" : 1.2657113,
  "rectangularity " : 0.0039843344,
  "compactness_minmax" : 2.1055708E-5,
  "surface_area_standardized" : -0.20033109,
  "rectangularity _minmax" : 0.007179976,
  "eccentricity_standardized" : -0.3192387,
  "lightfield_0.0_0.0_0.6_y" : [ 0.009063748, 0.01741326, 0.021909926, 0.022272073, 0.038754817, 0.039630007, 0.028327985, 0.039609887, 0.063229956, 0.09325802, 0.11333709, 0.11118432, 0.084375344, 0.041787803, 0.018031929, 0.021019647, 0.050117195, 0.08866076, 0.07219814, 0.025818102 ],
  "lightfield_0.0_0.0_0.6_x" : [ 0.0, 0.0, 0.0, 0.0042753527, 0.03806573, 0.05789834, 0.07926504, 0.12117859, 0.12860261, 0.11228585, 0.09150261, 0.09479212, 0.09221181, 0.057435594, 0.043150883, 0.0416017, 0.02934401, 0.008389751, 0.0, 0.0 ],
  "lightfield_0.0_0.0_0.8_y" : [ 0.003782582, 0.014360733, 0.019526573, 0.0205024, 0.024637083, 0.025980102, 0.03257447, 0.057342336, 0.09725059, 0.109614395, 0.10646057, 0.1101174, 0.1070843, 0.07625525, 0.052946087, 0.050451193, 0.050526645, 0.031503074, 0.009084233, 0.0 ],
  "lightfield_0.0_0.0_0.8_x" : [ 0.0050249994, 0.025331227, 0.057100892, 0.058720563, 0.052614108, 0.05169361, 0.048751045, 0.06867499, 0.095309, 0.115403965, 0.105801634, 0.07992213, 0.057895638, 0.045637455, 0.03403318, 0.033741437, 0.025497219, 0.0154924905, 0.012504653, 0.010849773 ],
  "lightfield_0.0_0.0_0.2_y" : [ 0.003835556, 0.014882158, 0.015692275, 0.021473113, 0.025213655, 0.026653865, 0.032239676, 0.060923833, 0.09004305, 0.11021098, 0.10717054, 0.11012097, 0.10406009, 0.078791425, 0.055703077, 0.050662346, 0.05082237, 0.032579724, 0.008921294, 0.0 ],
  "lightfield_0.0_0.0_0.2_x" : [ 0.010651545, 0.010776563, 0.014952168, 0.015022178, 0.027669013, 0.03281476, 0.036175244, 0.046311714, 0.06129889, 0.085837446, 0.10921583, 0.11341645, 0.09159828, 0.06144891, 0.04394637, 0.051617485, 0.052792653, 0.059293598, 0.05352776, 0.021633137 ],
  "lightfield_0.0_0.0_0.4_y" : [ 0.009292625, 0.016569922, 0.022384722, 0.022424927, 0.037456967, 0.039984923, 0.02904385, 0.03976379, 0.06359091, 0.09040834, 0.110616915, 0.11052645, 0.087352686, 0.044417642, 0.018409347, 0.021027768, 0.04999623, 0.08826737, 0.072587006, 0.025877623 ],
  "lightfield_0.0_0.0_0.4_x" : [ 0.0, 0.0, 0.0, 0.01108682, 0.03709511, 0.039829124, 0.04452821, 0.06974243, 0.09178037, 0.093343385, 0.09139842, 0.12022113, 0.12812163, 0.11384847, 0.07083302, 0.054765675, 0.031003894, 0.002402312, 0.0, 0.0 ],
  "lightfield_0.0_0.0_0.0_y" : [ 0.0, 0.0, 0.0, 0.0, 0.0, 0.05731554, 0.1781743, 0.08695415, 0.08842912, 0.08951177, 0.0894621, 0.0883149, 0.08677536, 0.18352295, 0.051539786, 0.0, 0.0, 0.0, 0.0, 0.0 ],
  "lightfield_0.0_0.0_0.0_x" : [ 0.016353875, 0.017208071, 0.01708888, 0.023847952, 0.02443397, 0.052513175, 0.024498532, 0.024419073, 0.052667126, 0.07407168, 0.10598483, 0.10338251, 0.10342721, 0.07399719, 0.016895197, 0.017128611, 0.01714351, 0.048694123, 0.103397414, 0.08284705 ],
  "d1" : [ 0.0070259, 0.0103701, 0.0166044, 0.0326718, 0.0422835, 0.0717069, 0.1015087, 0.0933652, 0.0977579, 0.1021108, 0.0884486, 0.0720436, 0.0529191, 0.0432587, 0.0367418, 0.0387849, 0.038411, 0.0236708, 0.0192344, 0.0110819 ],
  "d2" : [ 0.013365047, 0.03177328, 0.04396072, 0.053732034, 0.068252385, 0.09027575, 0.11643985, 0.15049952, 0.123080015, 0.104756996, 0.07423683, 0.044628236, 0.031473126, 0.022249807, 0.013164812, 0.008063416, 0.0053040315, 0.003150053, 0.0013365347, 2.5754524E-4 ],
  "d3" : [ 0.0015547813, 0.0122765545, 0.032287873, 0.051538605, 0.06682733, 0.0796599, 0.0932249, 0.10381929, 0.11266027, 0.11641139, 0.10957284, 0.0855666, 0.057304237, 0.036919918, 0.022085603, 0.011263411, 0.0047325646, 0.0017788622, 4.747255E-4, 4.034865E-5 ],
  "d4" : [ 3.86395E-6, 2.2268554E-5, 1.0585189E-4, 5.8447325E-4, 0.0022410909, 0.0066718212, 0.0183379, 0.047440764, 0.121172145, 0.45205215, 0.22270781, 0.08002047, 0.030928886, 0.011903915, 0.0041205976, 0.0013302156, 2.8196667E-4, 5.9484493E-5, 1.2812045E-5, 1.5252434E-6 ],
  "lightfield_0.0_0.8_0.0_y" : [ 0.0, 0.0, 0.0, 0.0, 0.0, 0.062044576, 0.18624352, 0.08370846, 0.085713625, 0.0868809, 0.08682889, 0.08536113, 0.083407976, 0.18162066, 0.058190264, 0.0, 0.0, 0.0, 0.0, 0.0 ],
  "lightfield_0.0_0.8_0.0_x" : [ 0.0, 0.0, 0.02545463, 0.1201655, 0.11995747, 0.02955164, 0.01997076, 0.08298036, 0.12353441, 0.12364998, 0.062368177, 0.026234737, 0.026685467, 0.0580458, 0.055439662, 0.02922804, 0.026315637, 0.026361866, 0.024085106, 0.01997076 ],
  "lightfield_0.8_0.0_0.0_x" : [ 0.0158946, 0.01711985, 0.017148677, 0.0323802, 0.046588283, 0.06470755, 0.04445971, 0.0339466, 0.052839454, 0.068772495, 0.10417978, 0.104636244, 0.098731026, 0.060777143, 0.017115043, 0.01709102, 0.017086213, 0.040044013, 0.080871224, 0.06561087 ],
  "lightfield_0.8_0.0_0.0_y" : [ 0.0, 0.0, 0.007418761, 0.031500906, 0.038232565, 0.04542069, 0.067177266, 0.09530514, 0.110330045, 0.12966976, 0.10215212, 0.09687153, 0.09789017, 0.07940093, 0.0590666, 0.03751664, 0.0020468861, 0.0, 0.0, 0.0 ],
  "lightfield_0.0_0.6_0.0_x" : [ 0.0, 0.0, 0.0, 0.0, 0.0, 0.020579986, 0.12373488, 0.12548989, 0.12530017, 0.12531795, 0.12535945, 0.12529424, 0.06618088, 0.022014834, 0.020502908, 0.053990595, 0.020479191, 0.02036061, 0.020419901, 0.0049745343 ],
  "lightfield_0.0_0.6_0.0_y" : [ 0.0, 0.0, 0.0, 0.0, 0.0, 0.037051093, 0.16535732, 0.10185641, 0.10215286, 0.102022424, 0.10175561, 0.101874195, 0.101868264, 0.1438346, 0.042227216, 0.0, 0.0, 0.0, 0.0, 0.0 ],
  "lightfield_0.6_0.0_0.0_y" : [ 0.0, 0.0, 0.015642744, 0.027349282, 0.044414673, 0.06308134, 0.068523124, 0.091451354, 0.08105263, 0.13357575, 0.123126, 0.105422646, 0.100663476, 0.06770016, 0.055923443, 0.022073366, 0.0, 0.0, 0.0, 0.0 ],
  "lightfield_0.6_0.0_0.0_x" : [ 0.02046571, 0.023196172, 0.022826156, 0.04263477, 0.0659394, 0.077301435, 0.06282616, 0.046551835, 0.053448167, 0.062787876, 0.10261563, 0.10494418, 0.087642744, 0.044395532, 0.022902712, 0.022819776, 0.023164274, 0.030507177, 0.044956937, 0.038073365 ],
  "lightfield_0.0_0.4_0.0_x" : [ 0.0, 0.0, 0.0, 0.0, 0.0, 0.026100231, 0.12279146, 0.1180118, 0.117530316, 0.117377646, 0.1174716, 0.11748921, 0.118827984, 0.09289803, 0.051431257, 7.046182E-5, 0.0, 0.0, 0.0, 0.0 ],
  "lightfield_0.0_0.4_0.0_y" : [ 0.0, 0.0, 0.0, 0.0, 0.0, 0.011620328, 0.12737735, 0.12104166, 0.12099469, 0.12103579, 0.12095358, 0.121123865, 0.12110038, 0.124805495, 0.00994686, 0.0, 0.0, 0.0, 0.0, 0.0 ],
  "lightfield_0.0_0.2_0.0_y" : [ 0.0, 0.0, 0.0, 0.0, 0.0, 0.03508521, 0.14413099, 0.104993075, 0.10569001, 0.10607189, 0.10608621, 0.10550862, 0.10458733, 0.15827486, 0.029571818, 0.0, 0.0, 0.0, 0.0, 0.0 ],
  "lightfield_0.0_0.2_0.0_x" : [ 0.0, 0.0047162157, 0.016449472, 0.016387418, 0.03151463, 0.026249463, 0.018377965, 0.09885913, 0.10010979, 0.10011456, 0.099460594, 0.0992983, 0.09934126, 0.09931739, 0.03450284, 0.016482888, 0.041643992, 0.09030502, 0.006869063, 0.0 ],
  "a3" : [ 0.07066819, 0.11447133, 0.1521933, 0.16693725, 0.13325448, 0.100263275, 0.05808223, 0.0, 0.0, 0.0, 0.0, 0.0, 0.0, 0.0019429736, 0.007711824, 0.0137816295, 0.022510722, 0.03397205, 0.050495982, 0.07371477 ],
  "lightfield_0.4_0.0_0.0_y" : [ 0.0, 0.0, 0.017631808, 0.026472287, 0.03475985, 0.060961824, 0.06875177, 0.09177142, 0.08750784, 0.13183309, 0.12707189, 0.109372504, 0.095979705, 0.063812405, 0.0551378, 0.028579503, 3.5632227E-4, 0.0, 0.0, 0.0 ],