{
  "eccentricity_minmax" : 0.005444599,
  "compactness" : 128.28453,
  "eccentricity" : 3.5550787,
  "compactness_standardized" : -0.06423884,
  "convexity_minmax" : 0.05382777,
  "diameter_standardized" : 0.059581976,
  "surface_area_minmax" : 0.05360948,
  "convexity" : 0.10399203,
  "diameter_minmax" : 0.11795966,
  "rectangularity _standardized" : -0.36909416,
  "convexity_standardized" : -0.82499605,
  "diameter" : 1.0625709,
  "surface_area" : 1.1100712,
  "rectangularity " : 0.0017931139,
  "compactness_minmax" : 3.2472315E-5,
  "surface_area_standardized" : -0.29558238,
  "rectangularity _minmax" : 0.0032312549,
  "eccentricity_standardized" : -0.24904236,
  "lightfield_0.0_0.0_0.6_y" : [ 0.0060124635, 0.0063223843, 0.014017956, 0.015777353, 0.0324797, 0.057535604, 0.07258822, 0.08808426, 0.08976737, 0.07617377, 0.055881105, 0.049277406, 0.04932032, 0.049377535, 0.049477663, 0.049429983, 0.049573023, 0.05250535, 0.07124841, 0.06515012 ],
  "lightfield_0.0_0.0_0.6_x" : [ 0.0, 0.0, 0.0017069484, 0.032012437, 0.05294401, 0.07433808, 0.099436894, 0.13718525, 0.14908144, 0.12098832, 0.10953078, 0.09033953, 0.07123411, 0.031459346, 0.023487229, 0.0062556323, 0.0, 0.0, 0.0, 0.0 ],
  "lightfield_0.0_0.0_0.8_y" : [ 0.0, 0.0035229826, 0.009790283, 0.012510861, 0.017671889, 0.032414287, 0.056700077, 0.087471575, 0.10191485, 0.10716609, 0.10314932, 0.09140288, 0.07663674, 0.07212618, 0.06832307, 0.060678862, 0.048205987, 0.035623904, 0.014604709, 8.546319E-5 ],
  "lightfield_0.0_0.0_0.8_x" : [ 0.041169517, 0.05430236, 0.06681322, 0.06535085, 0.05818144, 0.058281146, 0.058352366, 0.059121534, 0.07108163, 0.08325539, 0.09305517, 0.0956618, 0.08011699, 0.051339634, 0.0293661, 0.011243157, 0.009201537, 0.0077106785, 0.006395495, 0.0 ],
  "lightfield_0.0_0.0_0.2_y" : [ 0.0, 0.0015868658, 0.010400718, 0.012238877, 0.015645286, 0.029489644, 0.05382779, 0.081018575, 0.09990739, 0.10838619, 0.10453304, 0.09268506, 0.080395, 0.08348496, 0.071888275, 0.059277114, 0.046880018, 0.034594603, 0.013709404, 5.1189218E-5 ],
  "lightfield_0.0_0.0_0.2_x" : [ 0.0071478765, 0.007245601, 0.01029834, 0.017213538, 0.03522749, 0.0596494, 0.08429933, 0.09119592, 0.08896686, 0.07718404, 0.06427504, 0.056759536, 0.056550127, 0.05672231, 0.05676419, 0.066210926, 0.06357701, 0.050272465, 0.03705634, 0.013383654 ],
  "lightfield_0.0_0.0_0.4_y" : [ 0.006293326, 0.006598457, 0.012596188, 0.014641519, 0.031805135, 0.056415856, 0.0732505, 0.08867392, 0.09083844, 0.07614925, 0.056949835, 0.049631458, 0.049865074, 0.049702976, 0.04950273, 0.04956948, 0.049621925, 0.0533121, 0.07143879, 0.06314304 ],
  "lightfield_0.0_0.0_0.4_x" : [ 0.0, 0.0, 6.197973E-5, 0.015471093, 0.025097022, 0.04080173, 0.076606944, 0.09782785, 0.11665538, 0.13039581, 0.14250569, 0.12396422, 0.08923174, 0.06949358, 0.048148714, 0.023590438, 1.4779781E-4, 0.0, 0.0, 0.0 ],
  "lightfield_0.0_0.0_0.0_y" : [ 0.0, 0.0, 0.0, 0.0, 0.0, 0.0, 0.14509802, 0.10906228, 0.10762737, 0.13952145, 0.14380288, 0.11655827, 0.11011983, 0.1282099, 0.0, 0.0, 0.0, 0.0, 0.0, 0.0 ],
  "lightfield_0.0_0.0_0.0_x" : [ 0.0115305055, 0.0116749285, 0.013734113, 0.016305765, 0.06215758, 0.05714938, 0.0844825, 0.08408651, 0.083695166, 0.055169392, 0.045856472, 0.045809884, 0.04582386, 0.0458192, 0.045884423, 0.045842495, 0.04575864, 0.04590306, 0.07291938, 0.08039674 ],
  "d1" : [ 0.004065, 0.011288, 0.0418401, 0.0485934, 0.0609304, 0.0665724, 0.1077149, 0.0918274, 0.0768834, 0.0807623, 0.0822182, 0.0724965, 0.0547073, 0.041558, 0.0316362, 0.0316761, 0.0329734, 0.0299597, 0.021791, 0.0105063 ],
  "d2" : [ 0.012721934, 0.03916688, 0.059078876, 0.078059904, 0.099582285, 0.11340951, 0.13104151, 0.11688402, 0.08609572, 0.06903652, 0.05711613, 0.04656778, 0.033623304, 0.022388432, 0.0159358, 0.011085447, 0.005490464, 0.0020418586, 5.9540453E-4, 7.8213736E-5 ],
  "d3" : [ 0.00165681, 0.014660747, 0.03979886, 0.066778325, 0.08871108, 0.106439434, 0.11835587, 0.12291688, 0.116956346, 0.09934934, 0.077080205, 0.055231262, 0.03875241, 0.025851108, 0.015830053, 0.007686468, 0.0028508685, 8.812306E-4, 1.9711471E-4, 1.5596112E-5 ],
  "d4" : [ 1.1185118E-6, 2.0438261E-5, 1.4591495E-4, 5.949466E-4, 0.0017627747, 0.0045923046, 0.011560837, 0.02962765, 0.0824875, 0.3853558, 0.35685724, 0.08000898, 0.028745957, 0.011243179, 0.0045262105, 0.0017345068, 5.700343E-4, 1.4428803E-4, 1.8099556E-5, 2.2370236E-6 ],
  "lightfield_0.0_0.8_0.0_y" : [ 0.0, 0.0, 0.0, 0.0, 0.0, 0.0, 0.12612714, 0.11869893, 0.118069254, 0.13838124, 0.14130333, 0.12441521, 0.11847264, 0.11453225, 0.0, 0.0, 0.0, 0.0, 0.0, 0.0 ],
  "lightfield_0.0_0.8_0.0_x" : [ 0.0, 0.060124263, 0.071817555, 0.04823912, 0.04837194, 0.048342425, 0.048357185, 0.04830307, 0.05811717, 0.08845478, 0.08838591, 0.08854825, 0.08835148, 0.08834164, 0.08403721, 0.012534497, 0.012559094, 0.012332804, 0.0047816057, 0.0 ],
  "lightfield_0.8_0.0_0.0_x" : [ 0.012281864, 0.012924565, 0.034952756, 0.05772554, 0.0665666, 0.059010945, 0.092662625, 0.09408519, 0.07884455, 0.046360705, 0.040936932, 0.041175988, 0.04181869, 0.042504497, 0.042931657, 0.04286112, 0.04245355, 0.041062336, 0.05328542, 0.05555447 ],
  "lightfield_0.8_0.0_0.0_y" : [ 0.0, 0.0, 0.0, 0.0, 0.021844003, 0.049777992, 0.048143808, 0.09939923, 0.1316597, 0.12602039, 0.13977575, 0.13002943, 0.10923178, 0.079338335, 0.048085026, 0.016694557, 0.0, 0.0, 0.0, 0.0 ],
  "lightfield_0.0_0.6_0.0_x" : [ 0.0, 0.0, 0.0, 0.0, 0.0, 0.0, 0.021837657, 0.10895917, 0.12813334, 0.12856294, 0.12865601, 0.12859873, 0.12865601, 0.12873478, 0.09786134, 0.0, 0.0, 0.0, 0.0, 0.0 ],
  "lightfield_0.0_0.6_0.0_y" : [ 0.0, 0.0, 0.0, 0.0, 0.0, 0.0, 0.086770676, 0.1370832, 0.13650325, 0.13818583, 0.13854383, 0.1374412, 0.13706888, 0.08840313, 0.0, 0.0, 0.0, 0.0, 0.0, 0.0 ],
  "lightfield_0.6_0.0_0.0_y" : [ 0.0, 0.0, 0.0, 0.0, 0.017072354, 0.051613443, 0.06312528, 0.065196514, 0.113856636, 0.14431107, 0.17827713, 0.13331287, 0.10825703, 0.070829615, 0.038236935, 0.01591112, 0.0, 0.0, 0.0, 0.0 ],
  "lightfield_0.6_0.0_0.0_x" : [ 0.014392586, 0.015676642, 0.05691715, 0.090297006, 0.07477669, 0.05551027, 0.10006141, 0.12221974, 0.084429435, 0.03798571, 0.033435687, 0.033296116, 0.033156544, 0.034273114, 0.035947967, 0.03771773, 0.037673067, 0.035886556, 0.03458017, 0.031766415 ],
  "lightfield_0.0_0.4_0.0_x" : [ 0.0, 0.0, 0.012956334, 0.021593891, 0.07567677, 0.06463117, 0.06474241, 0.09049149, 0.11907395, 0.119813375, 0.11974794, 0.11990499, 0.119597435, 0.07177024, 0.0, 0.0, 0.0, 0.0, 0.0, 0.0 ],
  "lightfield_0.0_0.4_0.0_y" : [ 0.0, 0.0, 0.0, 0.0, 0.0, 0.0, 0.11804006, 0.12448551, 0.12317679, 0.13622473, 0.13636869, 0.12458366, 0.12669724, 0.110423304, 0.0, 0.0, 0.0, 0.0, 0.0, 0.0 ],
  "lightfield_0.0_0.2_0.0_y" : [ 0.0, 0.0, 0.0, 0.0, 0.0, 0.0, 0.14060621, 0.10858899, 0.10733626, 0.14330633, 0.14711446, 0.11594073, 0.11042568, 0.12668134, 0.0, 0.0, 0.0, 0.0, 0.0, 0.0 ],
  "lightfield_0.0_0.2_0.0_x" : [ 0.001152919, 0.01647027, 0.01647027, 0.067029014, 0.05029422, 0.050468903, 0.050478887, 0.063280776, 0.09083604, 0.09067633, 0.069095284, 0.04923613, 0.049166255, 0.04918622, 0.049221154, 0.049076416, 0.053448524, 0.08958829, 0.044824094, 0.0 ],
  "a3" : [ 0.08706333, 0.13234377, 0.14751948, 0.13357899, 0.11316991, 0.092725925, 0.054259274, 0.0, 0.0, 0.0, 0.0, 0.0, 0.0, 0.0032881633, 0.014329203, 0.022636497, 0.03151974, 0.04229937, 0.055309042, 0.06995731 ],
  "lightfield_0.4_0.0_0.0_y" : [ 0.0, 0.0, 0.0, 0.0, 0.016569538, 0.05066614, 0.05959751, 0.06488589, 0.11487517, 0.14307804, 0.17548522, 0.13426223, 0.1090805, 0.07322294, 0.039462026, 0.018814763, 0.0, 0.0, 0.0, 0.0 ],
  "lightfield_0.4_0.0_0.0_x" : [ 0.014434374, 0.015534975, 0.055019014, 0.086837366, 0.07345407, 0.056724943, 0.09923563, 0.119629756, 0.08307882, 0.037882663, 0.034597374, 0.034140624, 0.034267195, 0.03532927, 0.03677656, 0.03832841, 0.03853202, 0.03694165, 0.036033656, 0.03322162 ],