{
  "eccentricity_minmax" : 0.0028452652,
  "compactness" : 8.455355,
  "eccentricity" : 2.3355935,
  "compactness_standardized" : -0.06503894,
  "convexity_minmax" : 0.13908777,
  "diameter_standardized" : -0.6709973,
  "surface_area_minmax" : 0.01648118,
  "convexity" : 0.26708508,
  "diameter_minmax" : 1.1169338E-4,
  "rectangularity _standardized" : -0.39224374,
  "convexity_standardized" : -0.24128523,
  "diameter" : 1.0000592,
  "surface_area" : 0.35223392,
  "rectangularity " : 6.7987666E-4,
  "compactness_minmax" : 2.0315636E-6,
  "surface_area_standardized" : -0.75937647,
  "rectangularity _minmax" : 0.0012251295,
  "eccentricity_standardized" : -0.30418283,
  "lightfield_0.0_0.0_0.6_y" : [ 0.016205486, 0.0208716, 0.026796823, 0.033477515, 0.040113766, 0.04808319, 0.114645675, 0.1491527, 0.1177416, 0.11578628, 0.09069295, 0.04055075, 0.037810333, 0.034751438, 0.0320999, 0.029959412, 0.025211826, 0.019834686, 0.0062140785, 0.0 ],
  "lightfield_0.0_0.0_0.6_x" : [ 0.0, 0.0, 0.015027849, 0.02684867, 0.025804348, 0.026048765, 0.03544765, 0.057563547, 0.13102892, 0.1793343, 0.14488654, 0.112616286, 0.105394915, 0.108002014, 0.028159626, 0.0038365824, 0.0, 0.0, 0.0, 0.0 ],
  "lightfield_0.0_0.0_0.8_y" : [ 0.0, 0.0, 0.021179194, 0.0373087, 0.053983722, 0.075443044, 0.13099696, 0.14326364, 0.09603249, 0.0827485, 0.098715834, 0.08608793, 0.06626515, 0.051418334, 0.047813524, 0.00874296, 0.0, 0.0, 0.0, 0.0 ],
  "lightfield_0.0_0.0_0.8_x" : [ 0.0, 0.0, 0.008381741, 0.019085601, 0.024894584, 0.06381034, 0.091594666, 0.118074186, 0.12563029, 0.095000446, 0.08179017, 0.09794916, 0.08605107, 0.04555038, 0.035237223, 0.03469171, 0.034426328, 0.027968626, 0.009863474, 0.0 ],
  "lightfield_0.0_0.0_0.2_y" : [ 0.0, 0.0, 0.03184535, 0.048663467, 0.056600854, 0.073094696, 0.09880092, 0.089072645, 0.08302932, 0.120284185, 0.1500807, 0.100577064, 0.0621725, 0.04871506, 0.029929176, 0.007134066, 0.0, 0.0, 0.0, 0.0 ],
  "lightfield_0.0_0.0_0.2_x" : [ 0.0, 0.0, 0.007200395, 0.019139638, 0.025507234, 0.06606381, 0.093826234, 0.11818376, 0.12279732, 0.093745165, 0.082402885, 0.09806392, 0.08339045, 0.046695706, 0.036186222, 0.03537553, 0.0346238, 0.02796141, 0.008836513, 0.0 ],
  "lightfield_0.0_0.0_0.4_y" : [ 0.02277013, 0.028382221, 0.031203233, 0.032632444, 0.035640527, 0.038903024, 0.05109997, 0.12148309, 0.1195226, 0.12931009, 0.1513918, 0.07027836, 0.043228075, 0.03777312, 0.030439988, 0.023712961, 0.01877432, 0.013177193, 2.7686323E-4, 0.0 ],
  "lightfield_0.0_0.0_0.4_x" : [ 0.0, 0.0, 0.015803652, 0.027723735, 0.026040107, 0.02633942, 0.035805147, 0.04890003, 0.123570785, 0.1826474, 0.1446049, 0.115758754, 0.10853786, 0.11611793, 0.02422179, 0.0039284644, 0.0, 0.0, 0.0, 0.0 ],
  "lightfield_0.0_0.0_0.0_y" : [ 0.0, 0.0, 0.0, 0.011286233, 0.019741692, 0.031020552, 0.09351871, 0.3379751, 0.2024666, 0.0866187, 0.049892373, 0.04351576, 0.03219267, 0.024312211, 0.024297467, 0.025963495, 0.01719842, 0.0, 0.0, 0.0 ],
  "lightfield_0.0_0.0_0.0_x" : [ 0.01279008, 0.019144576, 0.02398048, 0.028816383, 0.03210421, 0.035635304, 0.038959987, 0.042343643, 0.06833663, 0.21308938, 0.19300859, 0.059387255, 0.042306785, 0.039159026, 0.036173444, 0.032133695, 0.028381446, 0.023294901, 0.018650664, 0.012303541 ],
  "d1" : [ 0.0179041, 0.0272949, 0.085599, 0.1288988, 0.0971214, 0.0782471, 0.0704344, 0.057507, 0.056616, 0.0494969, 0.0526522, 0.0399939, 0.0419593, 0.041944, 0.0396225, 0.0342343, 0.023881, 0.0197962, 0.0178357, 0.0189613 ],
  "d2" : [ 0.030771803, 0.07269716, 0.09749032, 0.10564205, 0.11024026, 0.10688917, 0.09939466, 0.09031176, 0.08186697, 0.06904063, 0.052609738, 0.033044703, 0.018751593, 0.010691877, 0.007380696, 0.005456558, 0.0037157524, 0.0023137063, 0.0012786245, 4.1197235E-4 ],
  "d3" : [ 0.005029595, 0.040231325, 0.09666208, 0.14698167, 0.15640666, 0.13598813, 0.1085273, 0.083171844, 0.06515623, 0.050434504, 0.03705173, 0.026325028, 0.01827351, 0.012151282, 0.007919605, 0.004880778, 0.002747934, 0.0014382633, 5.458639E-4, 7.667249E-5 ],
  "d4" : [ 5.795925E-6, 3.8741182E-5, 1.313743E-4, 3.7470146E-4, 8.897253E-4, 0.002129138, 0.005175456, 0.013765627, 0.04589803, 0.3754658, 0.48187524, 0.050362825, 0.014606849, 0.00545366, 0.002265088, 9.5978484E-4, 4.0693494E-4, 1.5028732E-4, 4.077484E-5, 4.1689987E-6 ],
  "lightfield_0.0_0.8_0.0_y" : [ 0.0, 0.0, 0.0, 0.012985108, 0.0230971, 0.036004554, 0.09746165, 0.3222205, 0.19228314, 0.08473538, 0.05639247, 0.047617815, 0.0338907, 0.024986627, 0.024779554, 0.026289452, 0.017255958, 0.0, 0.0, 0.0 ],
  "lightfield_0.0_0.8_0.0_x" : [ 0.0, 0.0055650463, 0.020793429, 0.027428344, 0.034184054, 0.039800867, 0.04435644, 0.048325308, 0.05578851, 0.20641577, 0.23963349, 0.092293486, 0.046427153, 0.04114683, 0.035659436, 0.029386897, 0.022389606, 0.010405342, 0.0, 0.0 ],
  "lightfield_0.8_0.0_0.0_x" : [ 0.013178949, 0.020145994, 0.025081357, 0.029935813, 0.033109188, 0.036848918, 0.039986335, 0.043303546, 0.06905913, 0.20149589, 0.18364228, 0.061507758, 0.04320466, 0.040345926, 0.03754113, 0.033244036, 0.030007731, 0.02499146, 0.020011147, 0.013358744 ],
  "lightfield_0.8_0.0_0.0_y" : [ 0.0, 0.0, 0.014815081, 0.031194376, 0.029459357, 0.037577085, 0.055592515, 0.06791744, 0.14251424, 0.31991765, 0.25135297, 0.031526998, 0.017431093, 7.011992E-4, 0.0, 0.0, 0.0, 0.0, 0.0, 0.0 ],
  "lightfield_0.0_0.6_0.0_x" : [ 0.0, 0.0, 0.0, 0.0, 0.0, 0.0, 0.026434727, 0.059786953, 0.077836394, 0.2735028, 0.3698682, 0.17444885, 0.018122103, 0.0, 0.0, 0.0, 0.0, 0.0, 0.0, 0.0 ],
  "lightfield_0.0_0.6_0.0_y" : [ 0.0, 0.0, 0.0, 0.021726178, 0.038322363, 0.061051287, 0.09960617, 0.21618636, 0.1540742, 0.09922832, 0.087805726, 0.07168912, 0.04535612, 0.028847132, 0.027626397, 0.028004244, 0.020476377, 0.0, 0.0, 0.0 ],
  "lightfield_0.6_0.0_0.0_y" : [ 0.0, 0.0, 0.0, 0.0, 0.0, 0.0, 0.035791326, 0.11600255, 0.23813139, 0.5636875, 0.046387214, 0.0, 0.0, 0.0, 0.0, 0.0, 0.0, 0.0, 0.0, 0.0 ],
  "lightfield_0.6_0.0_0.0_x" : [ 0.01960412, 0.02802561, 0.03111464, 0.03553247, 0.03836264, 0.0404335, 0.04279773, 0.04605933, 0.07717397, 0.14485651, 0.13890278, 0.07020208, 0.046231903, 0.04388493, 0.042331785, 0.038656015, 0.035791326, 0.031960238, 0.028422523, 0.019655893 ],
  "lightfield_0.0_0.4_0.0_x" : [ 0.0, 0.0, 0.0, 0.0, 0.0, 0.0, 0.025880985, 0.059420183, 0.077410445, 0.28392065, 0.36493498, 0.16923636, 0.019196397, 0.0, 0.0, 0.0, 0.0, 0.0, 0.0, 0.0 ],
  "lightfield_0.0_0.4_0.0_y" : [ 0.0, 0.0, 0.0, 0.02134709, 0.038610768, 0.060408343, 0.09861222, 0.21472062, 0.15344039, 0.10018165, 0.08778609, 0.07241154, 0.04639977, 0.028961709, 0.028133402, 0.027246967, 0.021739446, 0.0, 0.0, 0.0 ],
  "lightfield_0.0_0.2_0.0_y" : [ 0.0, 0.0, 0.0, 0.012980306, 0.023300854, 0.035936855, 0.096646465, 0.32064283, 0.19267319, 0.08541351, 0.056276683, 0.047806777, 0.034568243, 0.024962127, 0.024970734, 0.02567656, 0.018144883, 0.0, 0.0, 0.0 ],
  "lightfield_0.0_0.2_0.0_x" : [ 0.0, 0.0053367303, 0.020202108, 0.027208718, 0.034413304, 0.038803194, 0.043950558, 0.04746247, 0.058067072, 0.21890923, 0.23151942, 0.08735883, 0.047152597, 0.04205688, 0.035489257, 0.028990498, 0.022181861, 0.010897259, 0.0, 0.0 ],
  "a3" : [ 0.16562316, 0.17164697, 0.13415171, 0.106600024, 0.081784494, 0.06492701, 0.035124958, 0.0, 0.0, 0.0, 0.0, 0.0, 0.0, 0.0069764927, 0.027917642, 0.03696399, 0.039819386, 0.040763807, 0.042391237, 0.04530912 ],
  "lightfield_0.4_0.0_0.0_y" : [ 0.0, 0.0, 0.0, 0.0, 0.0, 0.0, 0.03382792, 0.11279005, 0.49199012, 0.27745867, 0.050696414, 0.033236843, 0.0, 0.0, 0.0, 0.0, 0.0, 0.0, 0.0, 0.0 ],
  "lightfield_0.4_0.0_0.0_x" : [ 0.019202497, 0.026568254, 0.030508783, 0.03367636, 0.034979768, 0.0369955, 0.03869296, 0.0417696, 0.07297555, 0.17870297, 0.16328943, 0.06447311, 0.041299768, 0.039571997, 0.037556265, 0.03525257, 0.032812476, 0.029402403, 0.02518907, 0.017080674 ],