{
  "eccentricity_minmax" : 1.6491709E-4,
  "compactness" : 10.166859,
  "eccentricity" : 1.0780998,
  "compactness_standardized" : -0.06502751,
  "convexity_minmax" : 0.14410384,
  "diameter_standardized" : -0.6220985,
  "surface_area_minmax" : 0.025817424,
  "convexity" : 0.27668026,
  "diameter_minmax" : 0.007999448,
  "rectangularity _standardized" : -0.35973227,
  "convexity_standardized" : -0.20694402,
  "diameter" : 1.0042433,
  "surface_area" : 0.54279894,
  "rectangularity " : 0.0022433177,
  "compactness_minmax" : 2.4663448E-6,
  "surface_area_standardized" : -0.6427513,
  "rectangularity _minmax" : 0.0040425514,
  "eccentricity_standardized" : -0.36104187,
  "lightfield_0.0_0.0_0.6_y" : [ 0.0078095333, 0.014954532, 0.02144499, 0.028879784, 0.046907164, 0.07112521, 0.1160038, 0.12634157, 0.08934746, 0.074777655, 0.08777356, 0.091356054, 0.05103927, 0.05334266, 0.05674528, 0.04002698, 0.01927151, 0.0028530029, 0.0, 0.0 ],
  "lightfield_0.0_0.0_0.6_x" : [ 1.7987409E-4, 0.007909464, 0.032617167, 0.031552915, 0.022034576, 0.025597082, 0.04183072, 0.060437694, 0.09580294, 0.10379734, 0.110002995, 0.12478765, 0.1368592, 0.114374936, 0.061092235, 0.020175876, 0.009778155, 0.0011691815, 0.0, 0.0 ],
  "lightfield_0.0_0.0_0.8_y" : [ 0.0043106675, 0.017721632, 0.03939471, 0.03467992, 0.037987757, 0.049118657, 0.06964422, 0.102612846, 0.09906552, 0.100746885, 0.092574574, 0.10070697, 0.13244326, 0.09019473, 0.023603898, 0.0051937555, 0.0, 0.0, 0.0, 0.0 ],
  "lightfield_0.0_0.0_0.8_x" : [ 1.3969756E-4, 0.004051229, 0.010681874, 0.018325325, 0.033572316, 0.052491356, 0.08604871, 0.10286729, 0.11318994, 0.0897457, 0.06707478, 0.075726055, 0.09184615, 0.07864474, 0.058528285, 0.063831806, 0.04208389, 0.011150858, 0.0, 0.0 ],
  "lightfield_0.0_0.0_0.2_y" : [ 0.0, 0.0, 0.0, 0.04390631, 0.10898984, 0.10306182, 0.089189835, 0.07277799, 0.08113611, 0.096824415, 0.10477835, 0.084868565, 0.05956468, 0.052304346, 0.058741342, 0.032214925, 0.011082613, 5.588711E-4, 0.0, 0.0 ],
  "lightfield_0.0_0.0_0.2_x" : [ 0.0, 5.3392147E-4, 0.007345163, 0.024625257, 0.044824455, 0.07203449, 0.06613141, 0.08716892, 0.10770743, 0.09591625, 0.071141295, 0.06953953, 0.08698928, 0.08941937, 0.086719826, 0.07661524, 0.013288158, 0.0, 0.0, 0.0 ],
  "lightfield_0.0_0.0_0.4_y" : [ 0.009221373, 0.021531506, 0.034086145, 0.04652602, 0.051700566, 0.048402227, 0.04880641, 0.09996806, 0.103989944, 0.12553641, 0.13523184, 0.07955929, 0.06017844, 0.041790582, 0.033592142, 0.026471527, 0.018557513, 0.010873036, 0.0039170873, 5.9879043E-5 ],
  "lightfield_0.0_0.0_0.4_x" : [ 0.0013223289, 0.021182211, 0.034565177, 0.024630247, 0.018327978, 0.017160336, 0.024824854, 0.04765374, 0.08012315, 0.11500768, 0.14367478, 0.18204726, 0.1406409, 0.0784665, 0.03446039, 0.020214166, 0.012070618, 0.003627672, 0.0, 0.0 ],
  "lightfield_0.0_0.0_0.0_y" : [ 0.0, 0.0031475874, 0.011043991, 0.019144913, 0.024043377, 0.050466154, 0.13129081, 0.1642033, 0.1918083, 0.159659, 0.06705708, 0.03231889, 0.023035752, 0.017743215, 0.016790459, 0.02160911, 0.029779868, 0.03320181, 0.0036563892, 0.0 ],
  "lightfield_0.0_0.0_0.0_x" : [ 0.0031226461, 0.011896983, 0.019419268, 0.027540144, 0.03565603, 0.0443306, 0.051773075, 0.05698081, 0.08801772, 0.16349995, 0.16582946, 0.071077615, 0.04796704, 0.048655417, 0.05050606, 0.04267949, 0.033271644, 0.022611748, 0.012121454, 0.003042834 ],
  "d1" : [ 0.0168541, 0.0391192, 0.0655009, 0.0791325, 0.1191017, 0.0953094, 0.0735229, 0.0666371, 0.0650645, 0.0684323, 0.063086, 0.0505756, 0.0415917, 0.038169, 0.0314966, 0.0283656, 0.0259994, 0.0179064, 0.0107812, 0.0033539 ],
  "d2" : [ 0.017689707, 0.05211275, 0.079643585, 0.104352824, 0.113143966, 0.11319327, 0.10978318, 0.102525, 0.08942851, 0.07318155, 0.05741088, 0.038792513, 0.022462845, 0.012545603, 0.0071479552, 0.003924089, 0.0018078175, 6.345114E-4, 1.9443415E-4, 2.500439E-5 ],
  "d3" : [ 0.0033741936, 0.026142605, 0.062777266, 0.10053173, 0.12601547, 0.1341982, 0.12604183, 0.10836449, 0.088390805, 0.069223896, 0.05186663, 0.03761953, 0.02612409, 0.017203216, 0.010867471, 0.006553687, 0.0033295183, 0.001182789, 1.8071364E-4, 1.1873169E-5 ],
  "d4" : [ 4.4740473E-6, 3.2945256E-5, 1.397123E-4, 4.6448744E-4, 0.0012449037, 0.0030688914, 0.007383805, 0.018472629, 0.056303952, 0.36334288, 0.4553258, 0.061491203, 0.019616663, 0.007827956, 0.0033058126, 0.0013128278, 4.7353722E-4, 1.4957553E-4, 3.2640208E-5, 5.2875102E-6 ],
  "lightfield_0.0_0.8_0.0_y" : [ 0.0, 0.0036095714, 0.012722166, 0.023402149, 0.030524045, 0.054338064, 0.120986424, 0.15153907, 0.17696625, 0.15437067, 0.0781006, 0.039716724, 0.029608782, 0.023041764, 0.019054648, 0.020416101, 0.027332064, 0.030781463, 0.003489443, 0.0 ],
  "lightfield_0.0_0.8_0.0_x" : [ 0.0, 6.521254E-4, 0.00989629, 0.023287741, 0.036822204, 0.049321275, 0.057810348, 0.056477495, 0.06260976, 0.15147042, 0.20992719, 0.14035569, 0.068839274, 0.051289093, 0.03861841, 0.026285231, 0.0143009955, 0.0020364618, 0.0, 0.0 ],
  "lightfield_0.8_0.0_0.0_x" : [ 0.0030292529, 0.011488056, 0.018701786, 0.026499545, 0.03431014, 0.042415958, 0.05017521, 0.05520685, 0.09259758, 0.16583234, 0.1727701, 0.07919699, 0.044874016, 0.04588163, 0.04789685, 0.04087566, 0.031794317, 0.021833725, 0.011597161, 0.003022835 ],
  "lightfield_0.8_0.0_0.0_y" : [ 0.0, 5.6477595E-4, 0.03627402, 0.035491034, 0.023617903, 0.026653575, 0.03706984, 0.048397448, 0.0952546, 0.21836933, 0.22883053, 0.16151309, 0.050534613, 0.026435366, 0.010942534, 5.1343268E-5, 0.0, 0.0, 0.0, 0.0 ],
  "lightfield_0.0_0.6_0.0_x" : [ 0.0, 0.0, 0.0, 0.0, 0.0, 0.0, 0.016265312, 0.058306865, 0.09454427, 0.20833297, 0.31506768, 0.19529505, 0.10853244, 0.003655415, 0.0, 0.0, 0.0, 0.0, 0.0, 0.0 ],
  "lightfield_0.0_0.6_0.0_y" : [ 0.0, 0.005624374, 0.020442931, 0.040192444, 0.0532903, 0.06084939, 0.09727513, 0.11716162, 0.12742588, 0.13230547, 0.09469836, 0.06613134, 0.052802343, 0.040680405, 0.030801367, 0.022506056, 0.017172746, 0.01834556, 0.0022942652, 0.0 ],
  "lightfield_0.6_0.0_0.0_y" : [ 0.0, 0.0, 0.0, 0.0, 0.0, 0.0, 0.07761203, 0.12430677, 0.12742074, 0.28231856, 0.35210118, 0.036240697, 0.0, 0.0, 0.0, 0.0, 0.0, 0.0, 0.0, 0.0 ],
  "lightfield_0.6_0.0_0.0_x" : [ 0.0034995107, 0.0116699785, 0.017571695, 0.022390937, 0.027832972, 0.033912633, 0.041045107, 0.045434326, 0.09804561, 0.17257333, 0.20550728, 0.12366915, 0.03299327, 0.034149885, 0.036136895, 0.032637384, 0.026572555, 0.019469734, 0.0119517185, 0.00293603 ],
  "lightfield_0.0_0.4_0.0_x" : [ 0.0, 0.0, 0.0, 0.0, 0.0, 2.5467974E-5, 0.018761408, 0.05430621, 0.0971773, 0.24126661, 0.28640434, 0.19724946, 0.10142196, 0.0033872405, 0.0, 0.0, 0.0, 0.0, 0.0, 0.0 ],
  "lightfield_0.0_0.4_0.0_y" : [ 0.0, 0.005823677, 0.020416826, 0.03972155, 0.051988624, 0.07659917, 0.10526763, 0.12559956, 0.13847786, 0.11261089, 0.07476548, 0.06339828, 0.05215841, 0.039976228, 0.030773802, 0.022539157, 0.018277517, 0.01936415, 0.0022411817, 0.0 ],
  "lightfield_0.0_0.2_0.0_y" : [ 0.0, 0.0038638173, 0.01298672, 0.023623515, 0.030283516, 0.057550542, 0.12568705, 0.1525304, 0.17757179, 0.1466669, 0.07416383, 0.04003909, 0.029893745, 0.02321115, 0.019612828, 0.020640919, 0.027577715, 0.030729776, 0.003366718, 0.0 ],
  "lightfield_0.0_0.2_0.0_x" : [ 0.0, 0.0018697713, 0.012314506, 0.022567179, 0.03296672, 0.043857716, 0.056867033, 0.064024135, 0.085320316, 0.17631209, 0.18888643, 0.11459269, 0.05642642, 0.05721726, 0.044885807, 0.028662294, 0.012354048, 8.755727E-4, 0.0, 0.0 ],
  "a3" : [ 0.11382817, 0.15037891, 0.13940136, 0.122205995, 0.1049573, 0.08504489, 0.04671699, 0.0, 0.0, 0.0, 0.0, 0.0, 0.0, 0.0052727936, 0.019759165, 0.027796697, 0.03499727, 0.042142905, 0.04893164, 0.05856591 ],
  "lightfield_0.4_0.0_0.0_y" : [ 0.0, 0.0, 0.0, 0.0, 0.0, 0.0052001863, 0.06621432, 0.08703579, 0.22094578, 0.37584296, 0.16035634, 0.054892007, 0.029512612, 0.0, 0.0, 0.0, 0.0, 0.0, 0.0, 0.0 ],