{
  "eccentricity_minmax" : 3.0603085E-4,
  "compactness" : 14.677971,
  "eccentricity" : 1.1443038,
  "compactness_standardized" : -0.06501364,
  "convexity_minmax" : 0.11591487,
  "diameter_standardized" : -0.31572065,
  "surface_area_minmax" : 0.06765754,
  "convexity" : 0.22275783,
  "diameter_minmax" : 0.05731421,
  "rectangularity _standardized" : 0.32408187,
  "convexity_standardized" : -0.39931205,
  "diameter" : 1.030402,
  "surface_area" : 1.3968105,
  "rectangularity " : 0.035103995,
  "compactness_minmax" : 3.612323E-6,
  "surface_area_standardized" : -0.119754694,
  "rectangularity _minmax" : 0.06325962,
  "eccentricity_standardized" : -0.35811517,
  "lightfield_0.0_0.0_0.6_y" : [ 0.0051847217, 0.010854713, 0.014404843, 0.016418286, 0.019283079, 0.026374824, 0.041358583, 0.056955315, 0.08350467, 0.105469495, 0.09622809, 0.08365791, 0.07293941, 0.064153485, 0.059969097, 0.05781518, 0.0558741, 0.056985114, 0.054784376, 0.017784702 ],
  "lightfield_0.0_0.0_0.6_x" : [ 0.025638405, 0.029554617, 0.03136799, 0.05893896, 0.12322866, 0.12646379, 0.111935504, 0.118180156, 0.099969774, 0.050995868, 0.041230883, 0.034258325, 0.027358133, 0.022169154, 0.021454021, 0.020249361, 0.018201863, 0.016967406, 0.015409435, 0.0064276927 ],
  "lightfield_0.0_0.0_0.8_y" : [ 0.0032266933, 0.010620596, 0.0142090265, 0.014845683, 0.016239576, 0.018680094, 0.021154376, 0.022432512, 0.025012901, 0.028360175, 0.033000052, 0.0567734, 0.06527181, 0.10493747, 0.15879285, 0.21293283, 0.098768644, 0.05505636, 0.028697796, 0.010987156 ],
  "lightfield_0.0_0.0_0.8_x" : [ 0.01842929, 0.036911637, 0.06717213, 0.077667326, 0.08001138, 0.09581205, 0.16345686, 0.16489415, 0.05963836, 0.045207467, 0.031229954, 0.027448596, 0.024202611, 0.02242769, 0.020676883, 0.018651156, 0.015998418, 0.014609348, 0.010437316, 0.0051173717 ],
  "lightfield_0.0_0.0_0.2_y" : [ 0.0014527543, 0.008524108, 0.014541973, 0.015937002, 0.01775054, 0.019828651, 0.021122662, 0.022229064, 0.025692584, 0.030907106, 0.03508257, 0.047575295, 0.071680434, 0.08720855, 0.1388198, 0.1833068, 0.16256416, 0.06305049, 0.026587326, 0.0061381273 ],
  "lightfield_0.0_0.0_0.2_x" : [ 0.005507959, 0.011049591, 0.014224485, 0.015297214, 0.01752445, 0.020141331, 0.022921767, 0.024927722, 0.026726829, 0.031792227, 0.058730718, 0.140109, 0.15543027, 0.10359292, 0.084158726, 0.07324383, 0.07161309, 0.067144185, 0.037810095, 0.018053599 ],
  "lightfield_0.0_0.0_0.4_y" : [ 0.005256041, 0.010031401, 0.014851686, 0.017129304, 0.020462621, 0.022996303, 0.02598371, 0.039838094, 0.05945616, 0.10597437, 0.11760055, 0.09683694, 0.079990655, 0.06972116, 0.06411921, 0.06076343, 0.060197394, 0.061482202, 0.050098605, 0.017210165 ],
  "lightfield_0.0_0.0_0.4_x" : [ 0.0023225413, 0.01163966, 0.01574117, 0.01581754, 0.017133795, 0.01974834, 0.021680046, 0.022591991, 0.026985504, 0.03315349, 0.040071696, 0.063499264, 0.09725473, 0.11333282, 0.13384935, 0.14281607, 0.11171558, 0.059528034, 0.0393664, 0.011751968 ],
  "lightfield_0.0_0.0_0.0_y" : [ 0.014399454, 0.023134667, 0.024067335, 0.026160145, 0.027311193, 0.036401276, 0.06340309, 0.121487714, 0.10606006, 0.12121474, 0.115072794, 0.10866697, 0.05189263, 0.035081893, 0.026392175, 0.02479072, 0.022429481, 0.019909007, 0.020063695, 0.0120609645 ],
  "lightfield_0.0_0.0_0.0_x" : [ 0.0, 0.0033348498, 0.0153139215, 0.03076888, 0.041865334, 0.05363057, 0.06684713, 0.08355323, 0.09308917, 0.091196544, 0.08088717, 0.07017288, 0.06342584, 0.05833485, 0.057743404, 0.056819838, 0.055022746, 0.059795268, 0.018198362, 0.0 ],
  "d1" : [ 0.0095302, 0.0148613, 0.037752, 0.059454, 0.0695175, 0.0728937, 0.0853803, 0.0867024, 0.1072088, 0.115542, 0.0887538, 0.0722217, 0.0512814, 0.0294213, 0.0222154, 0.0211617, 0.0192027, 0.0173078, 0.0126767, 0.0069153 ],
  "d2" : [ 0.007584232, 0.028144643, 0.045928065, 0.06254308, 0.07954637, 0.08661971, 0.08958123, 0.09107459, 0.088785894, 0.08337364, 0.07666806, 0.06816257, 0.05884303, 0.04812195, 0.035827693, 0.024295967, 0.014896516, 0.0073549915, 0.0023527131, 2.950518E-4 ],
  "d3" : [ 0.0021086948, 0.018576376, 0.05013184, 0.08839182, 0.12036807, 0.13888417, 0.13712291, 0.11820393, 0.09383174, 0.071623884, 0.05368101, 0.03916093, 0.027258882, 0.018027795, 0.011263511, 0.006275875, 0.0031578604, 0.0014055618, 4.6516658E-4, 5.9969563E-5 ],
  "d4" : [ 3.0504867E-7, 8.6430455E-6, 3.8334452E-5, 1.2944233E-4, 3.9188587E-4, 0.0010574004, 0.0026268759, 0.0073287943, 0.025220104, 0.14741366, 0.70827156, 0.081372246, 0.017384522, 0.005487317, 0.002036505, 8.088874E-4, 2.9976116E-4, 9.700548E-5, 2.2776969E-5, 3.965633E-6 ],
  "lightfield_0.0_0.8_0.0_y" : [ 0.017500786, 0.02680918, 0.030301793, 0.033709526, 0.03524678, 0.04152468, 0.05770198, 0.09184219, 0.09483496, 0.12338573, 0.108654514, 0.081697576, 0.049063187, 0.040286075, 0.03498271, 0.034206223, 0.031194594, 0.027205281, 0.024457717, 0.01539453 ],
  "lightfield_0.0_0.8_0.0_x" : [ 0.0, 0.0, 0.026554544, 0.041191448, 0.041719586, 0.03845646, 0.03854134, 0.042499214, 0.04998114, 0.059798807, 0.07242062, 0.095558, 0.117547944, 0.12750079, 0.11177303, 0.08036152, 0.041053127, 0.015042439, 0.0, 0.0 ],
  "lightfield_0.8_0.0_0.0_x" : [ 0.009307874, 0.019920895, 0.031811662, 0.040070936, 0.04813095, 0.054831028, 0.06117742, 0.06303551, 0.06817389, 0.07480423, 0.07241561, 0.06394961, 0.0631999, 0.061172437, 0.057506077, 0.05443251, 0.045839477, 0.04436247, 0.04405611, 0.021801399 ],
  "lightfield_0.8_0.0_0.0_y" : [ 0.012665384, 0.024835113, 0.037226517, 0.04516947, 0.06267435, 0.06442036, 0.0647566, 0.06646027, 0.06506296, 0.072281115, 0.0788168, 0.08517565, 0.086627744, 0.062168732, 0.041565377, 0.031358346, 0.03065596, 0.031216376, 0.027360719, 0.009502152 ],
  "lightfield_0.0_0.6_0.0_x" : [ 0.0, 0.003808686, 0.030800054, 0.038069613, 0.03733662, 0.048150416, 0.090376526, 0.13142985, 0.13965087, 0.14306287, 0.13574445, 0.09868665, 0.030414874, 0.022630781, 0.014886932, 0.013783132, 0.012245285, 0.0076834853, 0.0012389009, 0.0 ],
  "lightfield_0.0_0.6_0.0_y" : [ 0.017965501, 0.029796861, 0.034913436, 0.038543902, 0.040469807, 0.043824323, 0.05225805, 0.074118465, 0.092190325, 0.11651993, 0.10312197, 0.07047075, 0.046213016, 0.04296773, 0.040512923, 0.040297337, 0.037419982, 0.032970287, 0.028284883, 0.017140524 ],
  "lightfield_0.6_0.0_0.0_y" : [ 1.9951738E-4, 0.005441574, 0.01067103, 0.016015995, 0.03453751, 0.04169493, 0.033791944, 0.033573523, 0.07173595, 0.08712189, 0.090883315, 0.091546975, 0.084929295, 0.08665565, 0.091819994, 0.09277978, 0.07291205, 0.039454035, 0.01423504, 0.0 ],
  "lightfield_0.6_0.0_0.0_x" : [ 0.010404306, 0.024536436, 0.039025597, 0.0482307, 0.054476645, 0.0551004, 0.054113314, 0.060783494, 0.066269174, 0.071563736, 0.06522748, 0.061449252, 0.06493766, 0.06259595, 0.05909075, 0.054606855, 0.046321634, 0.04385392, 0.03569681, 0.02171589 ],
  "lightfield_0.0_0.4_0.0_x" : [ 0.0, 0.0, 0.007747548, 0.061969355, 0.10042764, 0.13405427, 0.15238439, 0.13484852, 0.111730896, 0.07077957, 0.047614146, 0.046382334, 0.044106238, 0.036586665, 0.02554448, 0.013726435, 0.009659615, 0.0024378854, 0.0, 0.0 ],
  "lightfield_0.0_0.4_0.0_y" : [ 0.017532183, 0.03154175, 0.039094415, 0.042958997, 0.045569703, 0.045492485, 0.04543365, 0.070691325, 0.08603198, 0.105895415, 0.091349, 0.069562465, 0.04442614, 0.043962833, 0.044933572, 0.045742527, 0.042653803, 0.038057487, 0.031104183, 0.017966075 ],
  "lightfield_0.0_0.2_0.0_y" : [ 0.011883427, 0.02683196, 0.035021964, 0.03843128, 0.04114671, 0.042004503, 0.052429136, 0.10814739, 0.09765173, 0.084915966, 0.09134668, 0.09392552, 0.04406976, 0.041108463, 0.040633127, 0.04088992, 0.03756802, 0.033989336, 0.02564635, 0.012358765 ],
  "lightfield_0.0_0.2_0.0_x" : [ 0.0, 0.0, 0.003185305, 0.020423105, 0.03795048, 0.054281313, 0.0740761, 0.094898045, 0.104770854, 0.10143803, 0.07849072, 0.07049195, 0.06816443, 0.06307232, 0.0700931, 0.070328034, 0.06475512, 0.023581091, 0.0, 0.0 ],