{
  "eccentricity_minmax" : 0.0066756387,
  "compactness" : 119.87568,
  "eccentricity" : 4.132625,
  "compactness_standardized" : -0.06429498,
  "convexity_minmax" : 0.26529723,
  "diameter_standardized" : 0.21900968,
  "surface_area_minmax" : 0.12894766,
  "convexity" : 0.50850993,
  "diameter_minmax" : 0.14367656,
  "rectangularity _standardized" : -0.33459684,
  "convexity_standardized" : 0.62277555,
  "diameter" : 1.0762123,
  "surface_area" : 2.6478221,
  "rectangularity " : 0.0034520538,
  "compactness_minmax" : 3.0336176E-5,
  "surface_area_standardized" : 0.6455165,
  "rectangularity _minmax" : 0.006220772,
  "eccentricity_standardized" : -0.22292791,
  "lightfield_0.0_0.0_0.6_y" : [ 0.010548682, 0.0360375, 0.061630685, 0.05469702, 0.061271686, 0.06509125, 0.0671534, 0.059718814, 0.05887141, 0.06432734, 0.06598875, 0.057435423, 0.054784685, 0.059898313, 0.057276797, 0.04363489, 0.040641855, 0.04002822, 0.023021758, 0.017941525 ],
  "lightfield_0.0_0.0_0.6_x" : [ 0.0, 0.0, 0.0045083403, 0.045914106, 0.072521664, 0.11115981, 0.12424235, 0.1414617, 0.13866904, 0.1247725, 0.10284443, 0.07361118, 0.04490808, 0.015386799, 0.0, 0.0, 0.0, 0.0, 0.0, 0.0 ],
  "lightfield_0.0_0.0_0.8_y" : [ 0.0, 0.0073128636, 0.01712391, 0.028062236, 0.05363042, 0.07399164, 0.08649907, 0.09903954, 0.099510275, 0.098325185, 0.09877114, 0.08911288, 0.07656828, 0.059213135, 0.043844145, 0.0291028, 0.022330867, 0.01327134, 0.0042902683, 0.0 ],
  "lightfield_0.0_0.0_0.8_x" : [ 0.06967247, 0.052474234, 0.056310285, 0.052247126, 0.051132236, 0.06348689, 0.067698695, 0.07513957, 0.077410646, 0.072422534, 0.06331759, 0.07066762, 0.07879806, 0.06467197, 0.046528146, 0.02851645, 0.009505483, 0.0, 0.0, 0.0 ],
  "lightfield_0.0_0.0_0.2_y" : [ 0.0, 6.207607E-5, 0.011289569, 0.029817207, 0.04815034, 0.0655813, 0.082606696, 0.09644139, 0.093478285, 0.093403794, 0.09448806, 0.08634782, 0.07283592, 0.07077086, 0.07533966, 0.059737872, 0.019549824, 9.932172E-5, 0.0, 0.0 ],
  "lightfield_0.0_0.0_0.2_x" : [ 0.020683747, 0.036521424, 0.048692472, 0.07486374, 0.07850554, 0.07123436, 0.06901204, 0.072103426, 0.07253382, 0.072595894, 0.070009395, 0.0697942, 0.06143462, 0.056129184, 0.03979904, 0.031071143, 0.025604311, 0.014368542, 0.013813995, 0.0012291062 ],
  "lightfield_0.0_0.0_0.4_y" : [ 0.0034195324, 0.030816793, 0.06153928, 0.067053996, 0.059485104, 0.052067917, 0.061949298, 0.059370298, 0.065774746, 0.06532783, 0.06308914, 0.054175396, 0.054536212, 0.055733457, 0.046216987, 0.03234615, 0.07001841, 0.026396822, 0.053785883, 0.016896755 ],
  "lightfield_0.0_0.0_0.4_x" : [ 0.0, 0.0014637567, 0.011763356, 0.031886935, 0.064442195, 0.08985498, 0.12299656, 0.14172609, 0.15216099, 0.13251713, 0.10366431, 0.073987365, 0.044929538, 0.022112155, 0.0064946515, 0.0, 0.0, 0.0, 0.0, 0.0 ],
  "lightfield_0.0_0.0_0.0_y" : [ 0.0, 0.0, 0.0, 0.0, 0.0, 0.0, 0.106141165, 0.14939451, 0.14870371, 0.14833775, 0.14881474, 0.14944386, 0.12776579, 0.021398466, 0.0, 0.0, 0.0, 0.0, 0.0, 0.0 ],
  "lightfield_0.0_0.0_0.0_x" : [ 0.07400234, 0.05967228, 0.050913874, 0.049256768, 0.070231706, 0.052513417, 0.052509304, 0.07020704, 0.055930424, 0.05615247, 0.061263595, 0.04968852, 0.040173523, 0.07013302, 0.026986575, 0.04924032, 0.04613993, 0.026057279, 0.025913361, 0.013014248 ],
  "d1" : [ 0.002222, 0.0051764, 0.0181132, 0.0405886, 0.0587171, 0.1190841, 0.1034619, 0.1015834, 0.0980578, 0.0767649, 0.070491, 0.0532168, 0.0760525, 0.0625968, 0.0543423, 0.0243953, 0.0081006, 0.0070387, 0.0111461, 0.0088505 ],
  "d2" : [ 0.00808762, 0.0318971, 0.06055143, 0.091635995, 0.11370817, 0.12084392, 0.124823116, 0.10351507, 0.08098282, 0.064822584, 0.052197866, 0.042700097, 0.034207106, 0.025989864, 0.019057546, 0.0123966765, 0.006765688, 0.0037230537, 0.0018002162, 2.9405163E-4 ],
  "d3" : [ 0.001426692, 0.00855985, 0.02203157, 0.044380393, 0.07195874, 0.09756816, 0.11743278, 0.12821181, 0.12629852, 0.1129566, 0.09291338, 0.06984794, 0.04844484, 0.030229993, 0.016268555, 0.00764461, 0.002970707, 7.4468914E-4, 1.05550454E-4, 4.628523E-6 ],
  "d4" : [ 7.117803E-7, 4.1689987E-6, 2.9284673E-5, 1.9746818E-4, 0.001107225, 0.0049363994, 0.018515946, 0.05866015, 0.1688119, 0.44387472, 0.20311128, 0.07004162, 0.02269369, 0.006296815, 0.001422442, 2.4271707E-4, 4.423206E-5, 8.032948E-6, 8.1346315E-7, 4.0673157E-7 ],
  "lightfield_0.0_0.8_0.0_y" : [ 0.0, 0.0, 0.0, 0.0, 0.0, 0.0, 0.105066076, 0.14099105, 0.14097026, 0.14078668, 0.14059961, 0.14030172, 0.13557684, 0.05570778, 0.0, 0.0, 0.0, 0.0, 0.0, 0.0 ],
  "lightfield_0.0_0.8_0.0_x" : [ 0.053279527, 0.057768848, 0.05977796, 0.060571212, 0.060585067, 0.060602386, 0.0600239, 0.06005854, 0.06271542, 0.064236104, 0.064759165, 0.06384121, 0.06061278, 0.065209486, 0.06526491, 0.065046676, 0.015646812, 0.0, 0.0, 0.0 ],
  "lightfield_0.8_0.0_0.0_x" : [ 0.06839555, 0.055262823, 0.047067035, 0.04546614, 0.065015875, 0.04851355, 0.048516907, 0.06494539, 0.05168178, 0.05175562, 0.056709334, 0.04592929, 0.037028708, 0.06482457, 0.03643802, 0.05132938, 0.059937976, 0.037048846, 0.03605206, 0.02808114 ],
  "lightfield_0.8_0.0_0.0_y" : [ 0.0, 0.0, 0.0, 0.0, 8.088388E-4, 0.05996147, 0.12171178, 0.1310151, 0.13628766, 0.13983515, 0.14028487, 0.13108894, 0.11800321, 0.02100296, 0.0, 0.0, 0.0, 0.0, 0.0, 0.0 ],
  "lightfield_0.0_0.6_0.0_x" : [ 0.0, 0.0, 0.0021591946, 0.065602764, 0.09822613, 0.100523144, 0.10315897, 0.10616806, 0.1072936, 0.10769558, 0.10770706, 0.10771855, 0.09374695, 0.0, 0.0, 0.0, 0.0, 0.0, 0.0, 0.0 ],
  "lightfield_0.0_0.6_0.0_y" : [ 0.0, 0.0, 0.0, 0.0, 0.0, 0.0, 0.107873596, 0.14386784, 0.14059459, 0.1383148, 0.13596609, 0.13288236, 0.12895446, 0.071546294, 0.0, 0.0, 0.0, 0.0, 0.0, 0.0 ],
  "lightfield_0.6_0.0_0.0_y" : [ 0.0, 0.0, 0.0, 0.0, 0.0, 0.0, 0.05785078, 0.1689434, 0.1880065, 0.18903498, 0.1861544, 0.16531172, 0.04469822, 0.0, 0.0, 0.0, 0.0, 0.0, 0.0, 0.0 ],
  "lightfield_0.6_0.0_0.0_x" : [ 0.0638168, 0.051743932, 0.043878853, 0.042402282, 0.06079965, 0.04529141, 0.04536396, 0.06075271, 0.04827015, 0.04827015, 0.053079672, 0.0429656, 0.034571346, 0.060441177, 0.04666129, 0.05379662, 0.05852932, 0.04761295, 0.04743798, 0.044314142 ],
  "lightfield_0.0_0.4_0.0_x" : [ 0.0, 0.0, 0.0, 0.05224269, 0.10617573, 0.106560156, 0.10685979, 0.1068824, 0.10468324, 0.10221273, 0.09835713, 0.09850977, 0.08852029, 0.028996076, 0.0, 0.0, 0.0, 0.0, 0.0, 0.0 ],
  "lightfield_0.0_0.4_0.0_y" : [ 0.0, 0.0, 0.0, 0.0, 0.0, 0.0, 0.10107075, 0.14298475, 0.14123785, 0.13868819, 0.13626856, 0.13382065, 0.1307113, 0.07521794, 0.0, 0.0, 0.0, 0.0, 0.0, 0.0 ],
  "lightfield_0.0_0.2_0.0_y" : [ 0.0, 0.0, 0.0, 0.0, 0.0, 0.0, 0.10610982, 0.14996798, 0.1462298, 0.14240667, 0.13853453, 0.13479637, 0.13007137, 0.051883463, 0.0, 0.0, 0.0, 0.0, 0.0, 0.0 ],
  "lightfield_0.0_0.2_0.0_x" : [ 0.04382875, 0.061751712, 0.06203273, 0.059330396, 0.058176924, 0.060474068, 0.060840044, 0.060921732, 0.056990772, 0.056343783, 0.05649409, 0.05616406, 0.056036625, 0.056340512, 0.056422204, 0.05297812, 0.046377502, 0.029300857, 0.009195117, 0.0 ],
  "a3" : [ 0.08798521, 0.16542423, 0.1567376, 0.123551585, 0.099453785, 0.08383966, 0.04956293, 0.0, 0.0, 0.0, 0.0, 0.0, 0.0, 0.0025959979, 0.0112455, 0.021527866, 0.032876503, 0.044361476, 0.055098947, 0.065738715 ],
  "lightfield_0.4_0.0_0.0_y" : [ 0.0, 0.0, 0.0, 0.0, 0.0, 0.0, 0.06545676, 0.1626541, 0.17462635, 0.17785767, 0.17494948, 0.15607284, 0.08571592, 0.002666863, 0.0, 0.0, 0.0, 0.0, 0.0, 0.0 ],
  "lightfield_0.4_0.0_0.0_x" : [ 0.06328891, 0.051787045, 0.043479685, 0.042031724, 0.06324801, 0.045500282, 0.045528915, 0.06164871, 0.04850664, 0.04841256, 0.05333726, 0.04383963, 0.034329727, 0.061820503, 0.04779084, 0.055554193, 0.058257867, 0.046428777, 0.04577024, 0.039438486 ],