{
  "eccentricity_minmax" : 0.0022534113,
  "compactness" : 20068.244,
  "eccentricity" : 2.0579233,
  "compactness_standardized" : 0.068900965,
  "convexity_minmax" : 0.12737744,
  "diameter_standardized" : 1.766642,
  "surface_area_minmax" : 1.0,
  "convexity" : 0.24468447,
  "diameter_minmax" : 0.39332137,
  "rectangularity _standardized" : 0.06074767,
  "convexity_standardized" : -0.32145712,
  "diameter" : 1.2086347,
  "surface_area" : 20.427141,
  "rectangularity " : 0.022463737,
  "compactness_minmax" : 0.0050979108,
  "surface_area_standardized" : 11.526405,
  "rectangularity _minmax" : 0.040481053,
  "eccentricity_standardized" : -0.31673798,
  "lightfield_0.0_0.0_0.6_y" : [ 0.0, 0.0067050303, 0.038931016, 0.06773217, 0.07250524, 0.06820741, 0.066903085, 0.07102011, 0.07053454, 0.072572395, 0.059702147, 0.024542063, 0.06917856, 0.05621791, 0.030159723, 0.06574597, 0.056445196, 0.045997646, 0.04113934, 0.015760437 ],
  "lightfield_0.0_0.0_0.6_x" : [ 0.0, 0.012797929, 0.035170414, 0.06571756, 0.091406405, 0.09282954, 0.0928812, 0.09273914, 0.09293286, 0.09290703, 0.092566095, 0.08407633, 0.079979956, 0.048714783, 0.019836145, 0.0054446086, 0.0, 0.0, 0.0, 0.0 ],
  "lightfield_0.0_0.0_0.8_y" : [ 8.566239E-4, 0.011529182, 0.02398818, 0.037341755, 0.05079834, 0.063997395, 0.076735616, 0.080842525, 0.088367805, 0.092591286, 0.07287538, 0.07351243, 0.0760579, 0.069153406, 0.06462089, 0.06441758, 0.04202879, 0.010284909, 0.0, 0.0 ],
  "lightfield_0.0_0.0_0.8_x" : [ 0.02713275, 0.03154057, 0.041752283, 0.043338124, 0.054455258, 0.06771395, 0.07676543, 0.08130337, 0.094591886, 0.09821085, 0.09282442, 0.07500068, 0.06958985, 0.058995906, 0.03992518, 0.02272222, 0.01739543, 0.0067418474, 0.0, 0.0 ],
  "lightfield_0.0_0.0_0.2_y" : [ 0.0, 0.0066561205, 0.013666678, 0.025360497, 0.049970422, 0.053762376, 0.07241724, 0.08939894, 0.08981853, 0.096005544, 0.096373014, 0.09231263, 0.08093676, 0.066107735, 0.051171858, 0.037987318, 0.031917583, 0.023919292, 0.015394559, 0.0068229144 ],
  "lightfield_0.0_0.0_0.2_x" : [ 0.02379941, 0.038667526, 0.05336103, 0.06868522, 0.081919275, 0.0813798, 0.07472889, 0.06760888, 0.05871407, 0.067715734, 0.05974611, 0.044367187, 0.06185188, 0.069396704, 0.06886244, 0.06667066, 0.012525182, 0.0, 0.0, 0.0 ],
  "lightfield_0.0_0.0_0.4_y" : [ 0.0021408573, 0.016994543, 0.029043151, 0.041909464, 0.062132496, 0.07864276, 0.08155899, 0.07633519, 0.073482476, 0.07635636, 0.07279709, 0.06856301, 0.05601954, 0.044500194, 0.05279105, 0.047995955, 0.035005268, 0.0328353, 0.031149605, 0.019746697 ],
  "lightfield_0.0_0.0_0.4_x" : [ 0.008192947, 0.024539147, 0.041785087, 0.057744928, 0.06508577, 0.07560481, 0.08324204, 0.094406776, 0.098085135, 0.105648264, 0.1052328, 0.08638584, 0.073718, 0.050716355, 0.026537104, 0.0030750015, 0.0, 0.0, 0.0, 0.0 ],
  "lightfield_0.0_0.0_0.0_y" : [ 0.0, 0.0, 0.0, 0.0011423195, 0.028927563, 0.0812856, 0.0958127, 0.09580753, 0.09569382, 0.095737755, 0.09579461, 0.09585405, 0.095768765, 0.09329029, 0.072353795, 0.04676791, 0.0057632867, 0.0, 0.0, 0.0 ],
  "lightfield_0.0_0.0_0.0_x" : [ 0.02738724, 0.06983398, 0.06268285, 0.06697301, 0.06899145, 0.072793156, 0.073545225, 0.06611498, 0.06481501, 0.057653543, 0.039826117, 0.054386817, 0.055710047, 0.03877684, 0.045664355, 0.04783011, 0.036489617, 0.022595702, 0.019887215, 0.0080427565 ],
  "d1" : [ 0.0020535, 0.0065601, 0.0115493, 0.0239516, 0.0318393, 0.0430165, 0.0659502, 0.0899289, 0.1122616, 0.1356941, 0.1171053, 0.1052687, 0.090121, 0.0638188, 0.0456667, 0.0231599, 0.0137051, 0.0090896, 0.0069312, 0.0023286 ],
  "d2" : [ 0.0033698918, 0.018433336, 0.038571775, 0.06485949, 0.08735094, 0.10451585, 0.1178576, 0.12139392, 0.11725619, 0.10182478, 0.078170426, 0.057081025, 0.0392886, 0.025091406, 0.014088074, 0.0069375183, 0.0027940907, 9.2276203E-4, 1.7303038E-4, 1.930339E-5 ],
  "d3" : [ 4.0318462E-4, 0.0039046626, 0.0148400515, 0.03460445, 0.06109872, 0.08929719, 0.11283233, 0.1285042, 0.13242075, 0.123363525, 0.1046821, 0.080102734, 0.054644044, 0.032676872, 0.016848328, 0.006983637, 0.0022084094, 4.9806933E-4, 8.0093574E-5, 6.6409248E-6 ],
  "d4" : [ 2.1353408E-6, 7.524534E-6, 5.2570056E-5, 2.8552557E-4, 0.0012394128, 0.005035235, 0.018162293, 0.059770424, 0.19883032, 0.47453097, 0.16950111, 0.051515605, 0.015469527, 0.004254514, 0.001059434, 2.2512593E-4, 4.5858986E-5, 9.456509E-6, 2.5420723E-6, 4.0673157E-7 ],
  "lightfield_0.0_0.8_0.0_y" : [ 0.0, 0.0, 0.0, 0.012017481, 0.058629386, 0.0890672, 0.089065254, 0.088519715, 0.08796835, 0.087341264, 0.08678213, 0.086238526, 0.08568522, 0.08514162, 0.07914064, 0.052956514, 0.011446699, 0.0, 0.0, 0.0 ],
  "lightfield_0.0_0.8_0.0_x" : [ 0.04702349, 0.048149522, 0.054501895, 0.05560463, 0.056338493, 0.057033528, 0.057530534, 0.05791494, 0.058623563, 0.057870284, 0.058037248, 0.058419712, 0.058454655, 0.058112964, 0.056396738, 0.05608999, 0.05608028, 0.042266976, 0.005550562, 0.0 ],
  "lightfield_0.8_0.0_0.0_x" : [ 0.035592508, 0.05896097, 0.057168998, 0.05522031, 0.056941044, 0.059256997, 0.060512327, 0.058087148, 0.05592475, 0.056713093, 0.04630002, 0.053228874, 0.05834518, 0.049584776, 0.048068248, 0.050449103, 0.04605307, 0.03556718, 0.032488216, 0.025537197 ],
  "lightfield_0.8_0.0_0.0_y" : [ 0.0, 0.0032198522, 0.026297044, 0.050787866, 0.063420326, 0.0710552, 0.07502382, 0.077018425, 0.07777827, 0.078504875, 0.0781297, 0.07493834, 0.07178339, 0.06860628, 0.06542917, 0.06151754, 0.046466235, 0.009985658, 3.799236E-5, 0.0 ],
  "lightfield_0.0_0.6_0.0_x" : [ 0.017145608, 0.045329187, 0.05919441, 0.064150766, 0.06623434, 0.06815748, 0.068519555, 0.068532564, 0.06846752, 0.06854991, 0.068532564, 0.068474025, 0.06852823, 0.066117264, 0.06523917, 0.060066, 0.008761431, 0.0, 0.0, 0.0 ],
  "lightfield_0.0_0.6_0.0_y" : [ 0.0, 0.0, 0.0, 0.020870462, 0.06706474, 0.08020146, 0.0810904, 0.0819815, 0.08278588, 0.083624944, 0.08443366, 0.08522503, 0.08599689, 0.08524671, 0.076795325, 0.06494863, 0.01973436, 0.0, 0.0, 0.0 ],
  "lightfield_0.6_0.0_0.0_y" : [ 0.0, 0.0, 0.0030780353, 0.036546923, 0.072613575, 0.08123537, 0.08204738, 0.08194671, 0.0819434, 0.081916995, 0.0819434, 0.081885636, 0.0819401, 0.08164798, 0.07517008, 0.065100856, 0.010983552, 0.0, 0.0, 0.0 ],
  "lightfield_0.6_0.0_0.0_x" : [ 0.04257426, 0.054930963, 0.054161865, 0.050596956, 0.050913837, 0.053584218, 0.054516707, 0.05473126, 0.05190409, 0.050709184, 0.04834083, 0.051262077, 0.053678293, 0.050661325, 0.050889082, 0.052022923, 0.050349396, 0.044115756, 0.042155053, 0.03790192 ],
  "lightfield_0.0_0.4_0.0_x" : [ 9.669395E-5, 0.0584427, 0.0643696, 0.06716054, 0.06787695, 0.07032507, 0.07039099, 0.07032507, 0.070364624, 0.070373416, 0.07032287, 0.07010311, 0.067145154, 0.065187104, 0.062084105, 0.04682404, 0.008607958, 0.0, 0.0, 0.0 ],
  "lightfield_0.0_0.4_0.0_y" : [ 0.0, 0.0, 0.0, 0.020835347, 0.07095358, 0.079319805, 0.07998347, 0.08064715, 0.081310816, 0.08204042, 0.0826953, 0.08335018, 0.08407099, 0.0847061, 0.0809592, 0.06834284, 0.020784803, 0.0, 0.0, 0.0 ],
  "lightfield_0.0_0.2_0.0_y" : [ 0.0, 0.0, 0.0, 0.01120991, 0.059049726, 0.077579245, 0.07986545, 0.08221162, 0.08455218, 0.08684775, 0.08916769, 0.09151761, 0.09349087, 0.09367452, 0.082635134, 0.055444263, 0.012754036, 0.0, 0.0, 0.0 ],
  "lightfield_0.0_0.2_0.0_x" : [ 0.05417748, 0.05417748, 0.054237448, 0.05658362, 0.057726722, 0.05816148, 0.05775296, 0.056651082, 0.05752059, 0.057880387, 0.05716829, 0.056238815, 0.054417346, 0.053465385, 0.053248007, 0.04729637, 0.043123107, 0.034075726, 0.023079446, 0.013018262 ],
  "a3" : [ 0.053255085, 0.13027452, 0.16568132, 0.16325869, 0.1396838, 0.11091642, 0.05797608, 0.0, 0.0, 0.0, 0.0, 0.0, 0.0, 0.0010839801, 0.0058311345, 0.011724552, 0.019498862, 0.0300852, 0.044993974, 0.0657364 ],