{
  "eccentricity_minmax" : 0.0011153218,
  "compactness" : 50.156693,
  "eccentricity" : 1.5239851,
  "compactness_standardized" : -0.0647605,
  "convexity_minmax" : 0.47726443,
  "diameter_standardized" : 3.088665,
  "surface_area_minmax" : 0.40587765,
  "convexity" : 0.91397995,
  "diameter_minmax" : 0.6065737,
  "rectangularity _standardized" : 2.4834437,
  "convexity_standardized" : 2.0739548,
  "diameter" : 1.321753,
  "surface_area" : 8.300325,
  "rectangularity " : 0.13896854,
  "compactness_minmax" : 1.2625144E-5,
  "surface_area_standardized" : 4.104831,
  "rectangularity _minmax" : 0.25043023,
  "eccentricity_standardized" : -0.34088063,
  "lightfield_0.0_0.0_0.6_y" : [ 0.00965834, 0.023149246, 0.035177816, 0.04602543, 0.057341546, 0.05849755, 0.059193373, 0.06034245, 0.059441485, 0.059603658, 0.05927931, 0.058052614, 0.057139173, 0.05612732, 0.054648355, 0.053227603, 0.052100703, 0.051342506, 0.04951147, 0.04014005 ],
  "lightfield_0.0_0.0_0.6_x" : [ 0.034357246, 0.045340694, 0.056866113, 0.06620011, 0.06927031, 0.068367966, 0.06748225, 0.06652307, 0.06549735, 0.06442174, 0.06329623, 0.062173486, 0.061002232, 0.059775535, 0.052853353, 0.040683404, 0.029726287, 0.01846007, 0.0076679015, 3.4652483E-5 ],
  "lightfield_0.0_0.0_0.8_y" : [ 0.014477019, 0.02204948, 0.02999348, 0.038697906, 0.045936417, 0.05302602, 0.059638552, 0.06238823, 0.06482565, 0.06716041, 0.07018333, 0.07217403, 0.06855694, 0.065110445, 0.059540246, 0.05446158, 0.049268704, 0.042154524, 0.03374935, 0.026607702 ],
  "lightfield_0.0_0.0_0.8_x" : [ 0.041060146, 0.04873814, 0.05590003, 0.059029922, 0.061452877, 0.063640185, 0.06595038, 0.06903401, 0.071529254, 0.070157304, 0.06741485, 0.06445411, 0.059106544, 0.051847793, 0.044087395, 0.037096094, 0.02916366, 0.021491447, 0.013485284, 0.0053605735 ],
  "lightfield_0.0_0.0_0.2_y" : [ 0.014458545, 0.022137519, 0.029108925, 0.036750365, 0.043837152, 0.050495785, 0.05821368, 0.06519064, 0.069273405, 0.06950555, 0.06950555, 0.06950555, 0.06950555, 0.06834898, 0.061894692, 0.054648045, 0.048249364, 0.040730253, 0.03280523, 0.025835214 ],
  "lightfield_0.0_0.0_0.2_x" : [ 0.024356136, 0.031365074, 0.038797997, 0.046521455, 0.053559586, 0.060145933, 0.063938156, 0.06653349, 0.0690482, 0.06816965, 0.06530464, 0.06314162, 0.05995549, 0.057681266, 0.055263866, 0.04958248, 0.04244287, 0.035375547, 0.028155308, 0.02066122 ],
  "lightfield_0.0_0.0_0.4_y" : [ 0.009435678, 0.023177944, 0.03531457, 0.045422096, 0.052755374, 0.053896833, 0.05460668, 0.055936795, 0.057135258, 0.057260126, 0.057448782, 0.057256054, 0.05836629, 0.058039192, 0.057716165, 0.057938755, 0.057968616, 0.057545148, 0.05263458, 0.040145066 ],
  "lightfield_0.0_0.0_0.4_x" : [ 0.02326481, 0.03583576, 0.04747563, 0.057364635, 0.059253942, 0.060362823, 0.06144863, 0.06253037, 0.06356596, 0.064571686, 0.065535344, 0.06639449, 0.06731336, 0.06766353, 0.061986107, 0.05089457, 0.038916744, 0.02603905, 0.015155176, 0.004427385 ],
  "lightfield_0.0_0.0_0.0_y" : [ 0.0, 0.0067212237, 0.06221173, 0.061334826, 0.06125719, 0.061448097, 0.061551187, 0.06160846, 0.061663188, 0.06168355, 0.061726823, 0.061675914, 0.061613552, 0.061562642, 0.06145828, 0.061276283, 0.061482463, 0.06199155, 0.007733035, 0.0 ],
  "lightfield_0.0_0.0_0.0_x" : [ 0.034475386, 0.04997964, 0.051813625, 0.052231073, 0.05162526, 0.051553987, 0.051977802, 0.051256172, 0.052119076, 0.052143257, 0.051903985, 0.051056355, 0.051355444, 0.051562898, 0.051732168, 0.051711805, 0.051238354, 0.05247162, 0.05146999, 0.0363221 ],
  "d1" : [ 0.0020639, 0.0041421, 0.0066265, 0.0304927, 0.0342243, 0.0370555, 0.0471136, 0.0637579, 0.0613116, 0.0558215, 0.062033, 0.0600302, 0.0604912, 0.0592142, 0.0568897, 0.1015164, 0.0981525, 0.122715, 0.0352342, 0.001114 ],
  "d2" : [ 0.023665156, 0.018431436, 0.038008075, 0.051528547, 0.06653018, 0.0705928, 0.07263926, 0.07223228, 0.06974465, 0.07095216, 0.08167714, 0.089220464, 0.06586107, 0.07605126, 0.053523198, 0.02664928, 0.016753342, 0.026713392, 0.008909364, 3.1695564E-4 ],
  "d3" : [ 0.004173922, 0.020014137, 0.04048398, 0.054530144, 0.058376145, 0.069172174, 0.08255052, 0.09029021, 0.09520017, 0.09139432, 0.082093, 0.071290225, 0.060443282, 0.051064987, 0.04245956, 0.032826897, 0.025164476, 0.024066912, 0.004182877, 2.220685E-4 ],
  "d4" : [ 2.745438E-6, 1.088007E-5, 2.5725773E-5, 8.2769875E-5, 4.860442E-4, 0.0019983738, 0.0068932865, 0.020513404, 0.06048007, 0.2512025, 0.5315362, 0.08499358, 0.02820592, 0.009449493, 0.0031865386, 7.175762E-4, 1.6157412E-4, 3.548733E-5, 1.3727191E-5, 4.067316E-6 ],
  "lightfield_0.0_0.8_0.0_y" : [ 0.0, 0.006747984, 0.06708845, 0.05981389, 0.062201545, 0.059071977, 0.062354013, 0.059817035, 0.062012922, 0.06045521, 0.061154686, 0.061517786, 0.06013141, 0.062144957, 0.059765164, 0.061946902, 0.061280437, 0.06504032, 0.00745532, 0.0 ],
  "lightfield_0.0_0.8_0.0_x" : [ 0.064361274, 0.06394631, 0.063996606, 0.06356277, 0.06352191, 0.064295255, 0.06444616, 0.06369166, 0.06426854, 0.06395888, 0.06438957, 0.06394002, 0.061744135, 0.06132759, 0.03253116, 0.025459375, 0.039252423, 0.011306371, 0.0, 0.0 ],
  "lightfield_0.8_0.0_0.0_x" : [ 0.03557532, 0.0531933, 0.050760183, 0.051011004, 0.05105795, 0.05100698, 0.05114782, 0.0507803, 0.050740063, 0.051245734, 0.05143888, 0.050895654, 0.051186714, 0.050876874, 0.051473755, 0.051145136, 0.050992228, 0.05130341, 0.055280365, 0.03888833 ],
  "lightfield_0.8_0.0_0.0_y" : [ 0.0, 0.001204488, 0.00774467, 0.008741257, 0.044052336, 0.06520197, 0.06563252, 0.0649726, 0.06495785, 0.06491895, 0.06485457, 0.06481835, 0.06466142, 0.06490688, 0.06585116, 0.06473788, 0.0640793, 0.06385932, 0.0627219, 0.03208257 ],
  "lightfield_0.0_0.6_0.0_x" : [ 0.0, 0.058371365, 0.09751854, 0.098511316, 0.09883662, 0.098995656, 0.0987065, 0.09664384, 0.09429443, 0.09115466, 0.042621892, 0.031233886, 0.036802586, 0.044183344, 0.01198078, 1.4457901E-4, 0.0, 0.0, 0.0, 0.0 ],
  "lightfield_0.0_0.6_0.0_y" : [ 0.0, 0.006081957, 0.07647507, 0.05496894, 0.062942475, 0.056780998, 0.06415453, 0.058364138, 0.06349428, 0.05794004, 0.059277393, 0.06217861, 0.058860525, 0.06310633, 0.057831604, 0.062106322, 0.057479795, 0.07233047, 0.005626533, 0.0 ],
  "lightfield_0.6_0.0_0.0_y" : [ 0.0, 0.0, 0.0, 8.696833E-5, 0.0062299017, 0.011040735, 0.009625909, 0.029704986, 0.084537454, 0.103462614, 0.10304474, 0.102889895, 0.10121629, 0.10064357, 0.10036145, 0.10036569, 0.09216733, 0.04783682, 0.0067856507, 0.0 ],
  "lightfield_0.6_0.0_0.0_x" : [ 0.035714287, 0.054807015, 0.050397083, 0.05225948, 0.052359175, 0.052246753, 0.050800107, 0.050178602, 0.050114967, 0.050411932, 0.050564658, 0.050201938, 0.05040769, 0.05024648, 0.050526477, 0.050303753, 0.050229512, 0.050431024, 0.058436353, 0.039362714 ],
  "lightfield_0.0_0.4_0.0_x" : [ 0.027999371, 0.076658234, 0.07678877, 0.07781408, 0.0773298, 0.07743195, 0.0767585, 0.0770555, 0.07698739, 0.0777176, 0.07489704, 0.073682554, 0.069023244, 0.05093082, 0.008925143, 0.0, 0.0, 0.0, 0.0, 0.0 ],
  "lightfield_0.0_0.4_0.0_y" : [ 0.0, 0.0067912806, 0.064127475, 0.057440236, 0.05854311, 0.060646705, 0.062046576, 0.062905416, 0.06337835, 0.063529685, 0.06356185, 0.06336511, 0.06287326, 0.062139273, 0.06077156, 0.05870958, 0.05710351, 0.06509414, 0.006972886, 0.0 ],
  "lightfield_0.0_0.2_0.0_y" : [ 0.0, 0.0069333073, 0.061916612, 0.06042926, 0.060467158, 0.061266996, 0.061781276, 0.062108792, 0.062279318, 0.062322624, 0.062322624, 0.06224548, 0.062051952, 0.061760977, 0.061245345, 0.060459036, 0.06023573, 0.062273905, 0.007899612, 0.0 ],
  "lightfield_0.0_0.2_0.0_x" : [ 0.054432485, 0.055501647, 0.05508481, 0.055171423, 0.055267513, 0.054923758, 0.05546781, 0.055432625, 0.054963004, 0.054608423, 0.054665264, 0.055087514, 0.054983307, 0.05483985, 0.05583593, 0.054050837, 0.052720472, 0.050228924, 0.016734403, 0.0 ],