{
  "eccentricity_minmax" : 0.0025651483,
  "compactness" : 80.10761,
  "eccentricity" : 2.2041757,
  "compactness_standardized" : -0.06457687,
  "convexity_minmax" : 0.17877345,
  "diameter_standardized" : 1.953818,
  "surface_area_minmax" : 0.19064069,
  "convexity" : 0.34299943,
  "diameter_minmax" : 0.42328036,
  "rectangularity _standardized" : 0.05942932,
  "convexity_standardized" : 0.031167828,
  "diameter" : 1.2245263,
  "surface_area" : 3.9070578,
  "rectangularity " : 0.022377,
  "compactness_minmax" : 2.0233712E-5,
  "surface_area_standardized" : 1.4162917,
  "rectangularity _minmax" : 0.040324744,
  "eccentricity_standardized" : -0.3102027,
  "lightfield_0.0_0.0_0.6_y" : [ 0.006317824, 0.021377161, 0.039035734, 0.055899624, 0.059085906, 0.059470978, 0.062215563, 0.06349536, 0.06343873, 0.06354066, 0.063484035, 0.06345761, 0.0634274, 0.06340287, 0.063404754, 0.061101872, 0.055688214, 0.040391035, 0.0249202, 0.0068444666 ],
  "lightfield_0.0_0.0_0.6_x" : [ 0.0, 6.0403458E-5, 0.014026815, 0.030128112, 0.045766946, 0.06111886, 0.0717612, 0.08024222, 0.08481212, 0.08506883, 0.08509715, 0.08511602, 0.0847989, 0.081429526, 0.07111374, 0.055482462, 0.04005693, 0.021807536, 0.0021122333, 0.0 ],
  "lightfield_0.0_0.0_0.8_y" : [ 4.1580966E-4, 0.005631597, 0.022255909, 0.034033816, 0.04478835, 0.0554137, 0.06619044, 0.07685616, 0.08752995, 0.09571292, 0.09332504, 0.086514644, 0.07914311, 0.068648964, 0.05784195, 0.047083378, 0.036381327, 0.025661107, 0.014434246, 0.0021375846 ],
  "lightfield_0.0_0.0_0.8_x" : [ 0.0061907195, 0.01890319, 0.02975663, 0.04042033, 0.051178902, 0.061866824, 0.07085316, 0.07486996, 0.075984165, 0.07599628, 0.07579847, 0.07318452, 0.070978306, 0.070721954, 0.062189784, 0.051614895, 0.04084825, 0.029910035, 0.014510949, 0.0042226883 ],
  "lightfield_0.0_0.0_0.2_y" : [ 7.5603055E-4, 0.006600106, 0.023469292, 0.03468846, 0.0451516, 0.05560059, 0.06621332, 0.07673103, 0.087277055, 0.095209315, 0.09143724, 0.08699607, 0.07836439, 0.06795178, 0.05736129, 0.046793036, 0.03628138, 0.025759619, 0.014685995, 0.0026723861 ],
  "lightfield_0.0_0.0_0.2_x" : [ 0.0039641066, 0.014126047, 0.029311346, 0.040037274, 0.05063181, 0.061074737, 0.07079802, 0.07261936, 0.0737898, 0.07734152, 0.0776872, 0.07764879, 0.07563742, 0.07079397, 0.060666397, 0.050282095, 0.0397098, 0.029270915, 0.018597543, 0.006011858 ],
  "lightfield_0.0_0.0_0.4_y" : [ 0.007088285, 0.023120252, 0.04160016, 0.05726364, 0.058093198, 0.05878388, 0.061778072, 0.062218774, 0.062237293, 0.062189147, 0.062283583, 0.06231321, 0.062287286, 0.06225951, 0.062239144, 0.06096888, 0.056971073, 0.04270562, 0.026186658, 0.0074123316 ],
  "lightfield_0.0_0.0_0.4_x" : [ 0.0, 0.0, 0.009256619, 0.032839794, 0.04954763, 0.06600734, 0.07869885, 0.083152175, 0.083450295, 0.08346326, 0.083470665, 0.08342253, 0.08286701, 0.07633794, 0.06869044, 0.055056423, 0.038444873, 0.021653712, 0.0036404305, 0.0 ],
  "lightfield_0.0_0.0_0.0_y" : [ 0.0, 0.0, 0.017929763, 0.06414804, 0.06940949, 0.07000758, 0.07002185, 0.0700504, 0.0700504, 0.07004755, 0.0700504, 0.07005183, 0.07005183, 0.07003613, 0.070004724, 0.068751454, 0.06264926, 0.016739298, 0.0, 0.0 ],
  "lightfield_0.0_0.0_0.0_x" : [ 0.038929895, 0.045109175, 0.045711543, 0.0509159, 0.052173454, 0.05222484, 0.052299067, 0.05229621, 0.052266236, 0.052276228, 0.05220914, 0.05221913, 0.052283365, 0.05217488, 0.052239116, 0.05230906, 0.052257672, 0.05222484, 0.051262762, 0.036617484 ],
  "d1" : [ 0.002242, 0.006858, 0.0154522, 0.0215254, 0.0263057, 0.031861, 0.0376185, 0.0446028, 0.0475451, 0.0674424, 0.0985035, 0.090392, 0.0794887, 0.0684541, 0.0980771, 0.1022324, 0.0723012, 0.0511442, 0.0330559, 0.0048978 ],
  "d2" : [ 0.006407225, 0.030163096, 0.05340808, 0.06755586, 0.07594724, 0.08132608, 0.08512895, 0.08521596, 0.083702795, 0.08068987, 0.077875674, 0.06669141, 0.054168113, 0.047957923, 0.037284847, 0.036412094, 0.020160541, 0.0070410366, 0.0025323448, 3.308581E-4 ],
  "d3" : [ 0.0010035846, 0.009008917, 0.027325595, 0.053949665, 0.08211876, 0.10183244, 0.110337555, 0.10994383, 0.10273199, 0.09206827, 0.08051165, 0.067682795, 0.054172236, 0.041435245, 0.029680103, 0.019323582, 0.010716038, 0.0047315583, 0.0013329141, 9.327481E-5 ],
  "d4" : [ 4.0673157E-7, 1.6269263E-6, 8.6430455E-6, 3.579238E-5, 1.5526978E-4, 7.392346E-4, 0.0032423623, 0.015295649, 0.077410676, 0.4983631, 0.33462244, 0.055709414, 0.011305917, 0.0024215782, 5.4481695E-4, 1.0890238E-4, 2.6132504E-5, 6.2026566E-6, 1.4235605E-6, 4.0673157E-7 ],
  "lightfield_0.0_0.8_0.0_y" : [ 0.0, 0.0, 0.012980817, 0.06286285, 0.06891089, 0.06996393, 0.07103087, 0.07142769, 0.07171025, 0.07182296, 0.0718137, 0.07160834, 0.07137365, 0.07094903, 0.0695316, 0.06772815, 0.06289064, 0.013394622, 0.0, 0.0 ],
  "lightfield_0.0_0.8_0.0_x" : [ 0.004582736, 0.032472886, 0.050735895, 0.055564135, 0.056147784, 0.056252778, 0.056204915, 0.0561308, 0.056186385, 0.056144696, 0.056220353, 0.056186385, 0.056271307, 0.056183297, 0.056103006, 0.054870855, 0.04959793, 0.05000247, 0.050992206, 0.03314918 ],
  "lightfield_0.8_0.0_0.0_x" : [ 0.044874817, 0.047620155, 0.047557082, 0.050709073, 0.050963026, 0.050964687, 0.05093149, 0.050989583, 0.050992902, 0.05100452, 0.050992902, 0.05102278, 0.051009502, 0.050986264, 0.05092153, 0.050961368, 0.050981283, 0.05100452, 0.050325654, 0.045186862 ],
  "lightfield_0.8_0.0_0.0_y" : [ 0.0, 0.0, 8.680844E-4, 0.033986416, 0.07678978, 0.08187878, 0.08162483, 0.08132108, 0.08128788, 0.081291206, 0.08128788, 0.081281245, 0.081291206, 0.08170948, 0.08137751, 0.06980195, 0.0029544747, 0.0012481825, 0.0, 0.0 ],
  "lightfield_0.0_0.6_0.0_x" : [ 0.0, 0.006248838, 0.0063118488, 0.014211264, 0.06728182, 0.06850054, 0.075085945, 0.07582671, 0.07576985, 0.07578061, 0.075794436, 0.07578368, 0.075339526, 0.07122384, 0.06827001, 0.06841294, 0.055686273, 0.04101088, 0.0034609893, 0.0 ],
  "lightfield_0.0_0.6_0.0_y" : [ 0.02584062, 0.05286769, 0.04799433, 0.04986468, 0.052815434, 0.053609986, 0.054246243, 0.05469654, 0.05500391, 0.055139154, 0.055119175, 0.054919384, 0.05460894, 0.05414481, 0.05346706, 0.052249875, 0.049048614, 0.047485635, 0.050886687, 0.025991231 ],
  "lightfield_0.6_0.0_0.0_y" : [ 0.0, 0.0, 0.0, 0.0, 5.751551E-4, 0.00920838, 0.112196535, 0.14487714, 0.14590947, 0.14622211, 0.14623982, 0.14593011, 0.13609643, 0.00618218, 0.005778096, 7.845705E-4, 0.0, 0.0, 0.0, 0.0 ],
  "lightfield_0.6_0.0_0.0_x" : [ 0.053837463, 0.05471347, 0.05040128, 0.048737757, 0.04925687, 0.049333557, 0.049342405, 0.049295213, 0.049289316, 0.049363054, 0.049333557, 0.04930406, 0.049292263, 0.049374852, 0.04933946, 0.04932176, 0.04932471, 0.049333557, 0.0481744, 0.053630996 ],
  "lightfield_0.0_0.4_0.0_x" : [ 4.4337835E-4, 0.003270479, 2.1191982E-4, 0.01899012, 0.06534645, 0.066347435, 0.067385994, 0.07384879, 0.07414488, 0.074183956, 0.07414939, 0.0741539, 0.07412534, 0.07393597, 0.07057531, 0.067575365, 0.06156346, 0.045642417, 0.014105443, 0.0 ],
  "lightfield_0.0_0.4_0.0_y" : [ 0.024953933, 0.048204996, 0.04832072, 0.04960126, 0.052662823, 0.054029033, 0.054681323, 0.05513973, 0.055504955, 0.055686817, 0.05576046, 0.0556793, 0.055353153, 0.054924805, 0.05434616, 0.053563107, 0.050773583, 0.048595767, 0.04642547, 0.025792595 ],
  "lightfield_0.0_0.2_0.0_y" : [ 0.0, 0.0, 0.00929754, 0.061364073, 0.06917195, 0.07005765, 0.07156599, 0.071990944, 0.072285146, 0.07247816, 0.072462596, 0.07237387, 0.07213415, 0.071765244, 0.07076279, 0.06861625, 0.061695628, 0.011977996, 0.0, 0.0 ],
  "lightfield_0.0_0.2_0.0_x" : [ 0.0027551726, 0.0315117, 0.05052862, 0.050905317, 0.050626684, 0.056060757, 0.056171276, 0.056255333, 0.056253776, 0.056267783, 0.056199294, 0.056208633, 0.05625222, 0.05618684, 0.05625066, 0.056241322, 0.056175943, 0.05373676, 0.051224418, 0.03418749 ],