{
  "eccentricity_minmax" : 0.004236057,
  "compactness" : 549.1747,
  "eccentricity" : 2.9880877,
  "compactness_standardized" : -0.06142854,
  "convexity_minmax" : 0.03828495,
  "diameter_standardized" : 2.1682637,
  "surface_area_minmax" : 0.14088406,
  "convexity" : 0.07426032,
  "diameter_minmax" : 0.45810598,
  "rectangularity _standardized" : -0.27760857,
  "convexity_standardized" : -0.93140596,
  "diameter" : 1.2429993,
  "surface_area" : 2.8914597,
  "rectangularity " : 0.006192556,
  "compactness_minmax" : 1.3939294E-4,
  "surface_area_standardized" : 0.794622,
  "rectangularity _minmax" : 0.011159334,
  "eccentricity_standardized" : -0.2746795,
  "lightfield_0.0_0.0_0.6_y" : [ 0.02215153, 0.03703636, 0.051296614, 0.05444113, 0.05463933, 0.054532737, 0.054454457, 0.0546793, 0.054327875, 0.054737598, 0.054291233, 0.054704286, 0.054551058, 0.054571044, 0.05459103, 0.05453107, 0.054864176, 0.054028083, 0.043277092, 0.028293999 ],
  "lightfield_0.0_0.0_0.6_x" : [ 0.0028413916, 0.016000733, 0.030557452, 0.045252413, 0.059970688, 0.07463067, 0.081617564, 0.08292667, 0.08325145, 0.083049916, 0.08190736, 0.0806399, 0.078816146, 0.068881266, 0.054364517, 0.039637916, 0.024828034, 0.0101697175, 6.5621827E-4, 0.0 ],
  "lightfield_0.0_0.0_0.8_y" : [ 0.011942339, 0.020756884, 0.029525852, 0.03836909, 0.0471887, 0.056072447, 0.06492075, 0.07379944, 0.08129906, 0.0840555, 0.08013436, 0.07438685, 0.06875074, 0.06317033, 0.056323953, 0.047549922, 0.03868136, 0.029898891, 0.020937495, 0.012236045 ],
  "lightfield_0.0_0.0_0.8_x" : [ 0.025868036, 0.034628563, 0.043377277, 0.05213274, 0.059910875, 0.063475855, 0.065570615, 0.066024676, 0.065815374, 0.065795116, 0.066100635, 0.06586263, 0.064584844, 0.06163091, 0.055027597, 0.046157353, 0.03767365, 0.028818594, 0.020049626, 0.011495029 ],
  "lightfield_0.0_0.0_0.2_y" : [ 0.009292461, 0.01834833, 0.027172646, 0.03595333, 0.044754155, 0.05355498, 0.06254541, 0.07019516, 0.0761418, 0.081877016, 0.08383518, 0.08094911, 0.074890055, 0.06682249, 0.0577985, 0.048885256, 0.04006094, 0.031174544, 0.02227808, 0.0134705445 ],
  "lightfield_0.0_0.0_0.2_x" : [ 0.02085686, 0.029832188, 0.038836043, 0.047833186, 0.05677328, 0.06203196, 0.064329065, 0.06429551, 0.06425356, 0.064506926, 0.06416631, 0.064277045, 0.06438444, 0.061781943, 0.059023403, 0.0525566, 0.04325575, 0.034654602, 0.025660817, 0.01669052 ],
  "lightfield_0.0_0.0_0.4_y" : [ 0.020948943, 0.03406122, 0.047667354, 0.05512862, 0.055230394, 0.055200364, 0.055036854, 0.055232063, 0.054868344, 0.055273775, 0.054928407, 0.055197027, 0.05511527, 0.055056877, 0.055215377, 0.055071894, 0.0554573, 0.054267704, 0.042273283, 0.028768925 ],
  "lightfield_0.0_0.0_0.4_x" : [ 0.0021522886, 0.014288527, 0.02789633, 0.041542508, 0.055398908, 0.0692136, 0.07919588, 0.08082428, 0.08226414, 0.083346955, 0.08342204, 0.0831968, 0.081016146, 0.07011956, 0.05618975, 0.04234169, 0.029029202, 0.015144437, 0.0034169666, 0.0 ],
  "lightfield_0.0_0.0_0.0_y" : [ 0.0, 0.0, 0.0, 0.020266673, 0.07764902, 0.07992041, 0.07986668, 0.079871565, 0.07983249, 0.07983249, 0.079814576, 0.07985691, 0.07985202, 0.07973805, 0.07969246, 0.07968106, 0.024125597, 0.0, 0.0, 0.0 ],
  "lightfield_0.0_0.0_0.0_x" : [ 0.045558088, 0.05128297, 0.05082218, 0.051128287, 0.050667495, 0.05110549, 0.050807524, 0.051038735, 0.05080264, 0.050918244, 0.05093127, 0.050884053, 0.050929643, 0.050817292, 0.05108107, 0.050760306, 0.05118365, 0.050929643, 0.051323675, 0.03702775 ],
  "d1" : [ 0.0015165, 0.0066483, 0.0097491, 0.0202827, 0.0232435, 0.025788, 0.0321717, 0.0407518, 0.0428328, 0.0587207, 0.0637649, 0.0550675, 0.0504806, 0.0575942, 0.0859864, 0.1138758, 0.1213456, 0.0961903, 0.0791265, 0.0148631 ],
  "d2" : [ 0.008453584, 0.02943877, 0.049623713, 0.06386881, 0.070880845, 0.075179905, 0.077147946, 0.07559507, 0.073853165, 0.07363793, 0.0683221, 0.054369047, 0.051614363, 0.049553502, 0.047133677, 0.07218408, 0.035811387, 0.016097726, 0.006908913, 3.2545716E-4 ],
  "d3" : [ 0.0015992554, 0.010990228, 0.02807471, 0.05102957, 0.074252985, 0.09203144, 0.10064905, 0.102347516, 0.10116623, 0.09425676, 0.084682755, 0.07211933, 0.059425913, 0.046522494, 0.035069313, 0.02368516, 0.014810167, 0.00670019, 5.5824016E-4, 2.867672E-5 ],
  "d4" : [ 4.0673157E-7, 3.5589012E-6, 1.4235605E-5, 7.687227E-5, 3.1175974E-4, 0.0014124771, 0.0058147362, 0.021788, 0.089560054, 0.5521304, 0.26018953, 0.050834633, 0.0132881235, 0.003497688, 8.29224E-4, 1.9096048E-4, 4.4943838E-5, 1.0168289E-5, 1.7286092E-6, 5.084145E-7 ],
  "lightfield_0.0_0.8_0.0_y" : [ 0.0, 0.0, 0.0, 0.02498548, 0.07689442, 0.07843786, 0.07858764, 0.07861503, 0.07876115, 0.078996785, 0.07906802, 0.07917761, 0.07912281, 0.079102725, 0.07901505, 0.079555705, 0.02967973, 0.0, 0.0, 0.0 ],
  "lightfield_0.0_0.8_0.0_x" : [ 0.019611746, 0.05203314, 0.057967626, 0.057839766, 0.057302758, 0.05709088, 0.057178553, 0.057289973, 0.057105493, 0.057078093, 0.057311893, 0.057078093, 0.057081744, 0.057437923, 0.058026075, 0.05809183, 0.057136543, 0.022227377, 0.018773356, 0.026337132 ],
  "lightfield_0.8_0.0_0.0_x" : [ 0.05321914, 0.05292555, 0.053008404, 0.052464448, 0.05065968, 0.049532145, 0.049564566, 0.049548358, 0.049562767, 0.049593385, 0.049564566, 0.049515937, 0.049528543, 0.049548358, 0.049573574, 0.049499724, 0.049481712, 0.0496132, 0.05066148, 0.042934466 ],
  "lightfield_0.8_0.0_0.0_y" : [ 0.0, 3.602338E-6, 0.0017273211, 0.00457677, 0.03571718, 0.08883185, 0.08924972, 0.08893992, 0.08864633, 0.08865534, 0.088649936, 0.088653535, 0.088370755, 0.087909654, 0.08709012, 0.068509266, 0.0030421743, 0.0014265258, 0.0, 0.0 ],
  "lightfield_0.0_0.6_0.0_x" : [ 0.0, 0.0, 0.0018901782, 0.0059010442, 0.0058974978, 0.06981956, 0.11282555, 0.11356673, 0.115102276, 0.1148434, 0.1129674, 0.11225105, 0.11030413, 0.031320926, 0.024494298, 0.025231928, 0.03831423, 0.0052698026, 0.0, 0.0 ],
  "lightfield_0.0_0.6_0.0_y" : [ 0.0, 0.0, 0.0, 0.04123993, 0.07500071, 0.07601495, 0.07608588, 0.076174535, 0.076039776, 0.07622064, 0.07585891, 0.07600786, 0.07588019, 0.07598658, 0.07603623, 0.07855765, 0.044896163, 0.0, 0.0, 0.0 ],
  "lightfield_0.6_0.0_0.0_y" : [ 0.0, 0.0, 0.0, 0.0014220618, 0.004703743, 0.007903382, 0.019218344, 0.07896203, 0.16889377, 0.1688254, 0.16885275, 0.16814171, 0.16306879, 0.039134048, 0.0058044735, 0.004396085, 6.734283E-4, 0.0, 0.0, 0.0 ],
  "lightfield_0.6_0.0_0.0_x" : [ 0.06949643, 0.057244822, 0.058126774, 0.057132017, 0.05049345, 0.04646997, 0.046439204, 0.046394765, 0.046312723, 0.046264865, 0.04615206, 0.046111036, 0.04610762, 0.04616915, 0.046128128, 0.045919605, 0.04588542, 0.04603925, 0.04847658, 0.05863612 ],
  "lightfield_0.0_0.4_0.0_x" : [ 0.0, 0.0, 0.0037712364, 0.005316936, 0.0120713385, 0.1076781, 0.10773899, 0.10805015, 0.108621754, 0.11042451, 0.110123485, 0.107874274, 0.10698812, 0.046228934, 0.023219317, 0.019390581, 0.022502275, 0.0, 0.0, 0.0 ],
  "lightfield_0.0_0.4_0.0_y" : [ 0.0, 0.0, 0.0, 0.04080038, 0.077349246, 0.0762703, 0.07613163, 0.07605045, 0.07606736, 0.07599633, 0.076101184, 0.076101184, 0.07597942, 0.076101184, 0.076101184, 0.07735601, 0.04359414, 0.0, 0.0, 0.0 ],
  "lightfield_0.0_0.2_0.0_y" : [ 0.0, 0.0, 0.0, 0.025982475, 0.07801629, 0.07889887, 0.078837246, 0.07873395, 0.07877563, 0.07892061, 0.07889705, 0.07879919, 0.07894961, 0.07888618, 0.078791946, 0.07913265, 0.028378293, 0.0, 0.0, 0.0 ],
  "lightfield_0.0_0.2_0.0_x" : [ 0.0028742559, 0.04684892, 0.05760835, 0.057700776, 0.05753767, 0.056901567, 0.056867134, 0.05667322, 0.056917876, 0.05671128, 0.056671407, 0.05694506, 0.05670222, 0.0567439, 0.056917876, 0.05714441, 0.057651844, 0.048260678, 0.023550414, 0.022771139 ],
  "a3" : [ 0.12226174, 0.1681299, 0.13753104, 0.1038222, 0.09810407, 0.09487517, 0.05940629, 0.0, 0.0, 0.0, 0.0, 0.0, 0.0, 0.0027812393, 0.011985963, 0.019954268, 0.027477229, 0.03552009, 0.048394833, 0.06975597 ],