{
  "eccentricity_minmax" : 0.0015949608,
  "compactness" : 10.946132,
  "eccentricity" : 1.7490093,
  "compactness_standardized" : -0.06503855,
  "convexity_minmax" : 0.26652148,
  "diameter_standardized" : 1.9693688,
  "surface_area_minmax" : 0.11891263,
  "convexity" : 0.5108518,
  "diameter_minmax" : 0.42578796,
  "rectangularity _standardized" : 0.8610767,
  "convexity_standardized" : 0.63210016,
  "diameter" : 1.2258564,
  "surface_area" : 2.442994,
  "rectangularity " : 0.060927782,
  "compactness_minmax" : 2.664307E-6,
  "surface_area_standardized" : 0.52041596,
  "rectangularity _minmax" : 0.10979575,
  "eccentricity_standardized" : -0.3307789,
  "lightfield_0.0_0.0_0.6_y" : [ 0.0, 0.009341087, 0.028193753, 0.04619865, 0.059495468, 0.068935096, 0.068836555, 0.069124356, 0.06929329, 0.06938401, 0.06921821, 0.06983917, 0.06984856, 0.069739066, 0.069382444, 0.066962704, 0.05194064, 0.032897145, 0.011200858, 1.689279E-4 ],
  "lightfield_0.0_0.0_0.6_x" : [ 0.009571017, 0.027133262, 0.0453634, 0.058996506, 0.05983489, 0.059644062, 0.060014766, 0.059934992, 0.0598693, 0.05981143, 0.06013677, 0.059608087, 0.0600132, 0.059498597, 0.059015274, 0.057978246, 0.058158122, 0.045377474, 0.030112963, 0.0099276425 ],
  "lightfield_0.0_0.0_0.8_y" : [ 0.0055333157, 0.01557264, 0.025564823, 0.03576718, 0.04600686, 0.055087626, 0.065896936, 0.07567502, 0.08472239, 0.0862388, 0.08516828, 0.084775425, 0.076676786, 0.066831924, 0.057250272, 0.04820879, 0.037988756, 0.026768913, 0.015336929, 0.0049283244 ],
  "lightfield_0.0_0.0_0.8_x" : [ 0.005093322, 0.015588354, 0.025113042, 0.03421738, 0.044726163, 0.05427835, 0.06433339, 0.0737579, 0.08292902, 0.09117891, 0.09468315, 0.08518792, 0.07565538, 0.06639782, 0.056987062, 0.047491837, 0.037222695, 0.02634267, 0.014731938, 0.004083693 ],
  "lightfield_0.0_0.0_0.2_y" : [ 0.005809539, 0.016609913, 0.03029972, 0.04158518, 0.051586024, 0.06176518, 0.07175644, 0.07315226, 0.074126266, 0.07485677, 0.07505043, 0.07524791, 0.07490471, 0.07119082, 0.06053233, 0.04953447, 0.03953746, 0.02835937, 0.017432451, 0.0066627553 ],
  "lightfield_0.0_0.0_0.2_x" : [ 0.0017409445, 0.012086909, 0.02328609, 0.033887062, 0.045155264, 0.056183804, 0.06681929, 0.07489896, 0.084537424, 0.08685932, 0.08691109, 0.08695902, 0.08148502, 0.071720004, 0.06011627, 0.048746444, 0.0373747, 0.025845738, 0.01313186, 0.0022547913 ],
  "lightfield_0.0_0.0_0.4_y" : [ 8.274293E-4, 0.010829694, 0.026190633, 0.038587805, 0.05114547, 0.063603275, 0.0752604, 0.07888932, 0.07856655, 0.07819742, 0.07780867, 0.07771237, 0.07808685, 0.071824074, 0.06150617, 0.050205696, 0.037928004, 0.026103254, 0.0143337855, 0.002393125 ],
  "lightfield_0.0_0.0_0.4_x" : [ 0.007047415, 0.019535534, 0.03256576, 0.04421932, 0.05720675, 0.06715017, 0.067752905, 0.068221904, 0.06843232, 0.0682326, 0.06774934, 0.06767444, 0.06667939, 0.06564332, 0.06645469, 0.05788617, 0.046114918, 0.034607586, 0.020072293, 0.0067531783 ],
  "lightfield_0.0_0.0_0.0_y" : [ 0.024464244, 0.049349513, 0.050942834, 0.051650684, 0.052962445, 0.05348478, 0.053907122, 0.05379792, 0.053917646, 0.05391633, 0.053707134, 0.053921595, 0.053774234, 0.053900544, 0.05424394, 0.054362357, 0.053747922, 0.053684767, 0.05067838, 0.019585606 ],
  "lightfield_0.0_0.0_0.0_x" : [ 0.0, 0.018621193, 0.055260982, 0.06180136, 0.062021084, 0.061996084, 0.062275015, 0.06249737, 0.06257894, 0.0626092, 0.062863134, 0.06238027, 0.06190004, 0.06152506, 0.061776362, 0.061851356, 0.06050144, 0.04442088, 0.013120224, 0.0 ],
  "d1" : [ 0.0882549, 0.0810699, 0.1057196, 0.0596476, 0.0327627, 0.0288238, 0.1027209, 0.1894657, 0.1589463, 0.06183, 0.0085186, 0.0059775, 0.0042638, 0.0028529, 0.0027842, 0.0036083, 0.0089634, 0.0113314, 0.0144071, 0.0280514 ],
  "d2" : [ 0.06144639, 0.06897371, 0.0649318, 0.061150637, 0.0541002, 0.09572311, 0.11584494, 0.0757325, 0.06401384, 0.032939985, 0.02779618, 0.05231999, 0.07829985, 0.049302857, 0.027535034, 0.025891647, 0.015950302, 0.00877094, 0.016153736, 0.0031223483 ],
  "d3" : [ 0.037701234, 0.105148576, 0.10261094, 0.09496774, 0.09711527, 0.09604518, 0.07908597, 0.07145927, 0.061850455, 0.048948847, 0.04513112, 0.043803237, 0.029086344, 0.02240175, 0.01714224, 0.012101274, 0.010053958, 0.017605595, 0.0070058736, 7.351302E-4 ],
  "d4" : [ 2.033658E-6, 2.0234897E-5, 2.1739802E-4, 0.0019583108, 0.004292645, 0.0058235824, 0.00926687, 0.017025478, 0.034819376, 0.25520647, 0.597345, 0.03496488, 0.017263519, 0.009414412, 0.0059563806, 0.0042312285, 0.0019237386, 2.412935E-4, 2.3590432E-5, 3.5589012E-6 ],
  "lightfield_0.0_0.8_0.0_y" : [ 0.019429825, 0.03843417, 0.041107368, 0.048214372, 0.05443227, 0.056358673, 0.056549404, 0.056481916, 0.05681203, 0.056779753, 0.056531798, 0.05661983, 0.056721065, 0.056539133, 0.056851644, 0.05657728, 0.056462843, 0.053852733, 0.04719175, 0.018052146 ],
  "lightfield_0.0_0.8_0.0_x" : [ 0.0037882512, 0.018869365, 0.03212531, 0.04588596, 0.05976399, 0.068451144, 0.06863454, 0.06938574, 0.06967917, 0.06910404, 0.06905856, 0.06872991, 0.06856118, 0.06865655, 0.06792736, 0.05826747, 0.04408427, 0.03012408, 0.016436784, 0.0024663247 ],
  "lightfield_0.8_0.0_0.0_x" : [ 0.024843642, 0.0506421, 0.05492277, 0.055102415, 0.055186085, 0.05574101, 0.05616674, 0.05670936, 0.056473117, 0.05674381, 0.056786876, 0.056223337, 0.055583514, 0.05489201, 0.054896932, 0.054844026, 0.055051968, 0.049464576, 0.02913908, 0.010586632 ],
  "lightfield_0.8_0.0_0.0_y" : [ 0.0079572005, 0.047178436, 0.057135087, 0.05745377, 0.057493143, 0.057343032, 0.057276588, 0.057239674, 0.05706372, 0.0570871, 0.056575242, 0.05562043, 0.054816954, 0.05434693, 0.05306359, 0.052600946, 0.05289133, 0.053939655, 0.043890722, 0.009026445 ],
  "lightfield_0.0_0.6_0.0_x" : [ 0.0, 0.0, 5.178884E-4, 0.017021265, 0.036855064, 0.05801678, 0.077600926, 0.09597667, 0.11412667, 0.12253771, 0.12066534, 0.10504105, 0.08699197, 0.068592325, 0.05023252, 0.03219141, 0.013356209, 2.7620714E-4, 0.0, 0.0 ],
  "lightfield_0.0_0.6_0.0_y" : [ 0.009093589, 0.015759742, 0.02432482, 0.042636823, 0.05868074, 0.06212005, 0.06231127, 0.062295336, 0.06248921, 0.062409535, 0.06227143, 0.062321894, 0.062345795, 0.062189102, 0.06243875, 0.062189102, 0.060927577, 0.051953502, 0.037561517, 0.0136802215 ],
  "lightfield_0.6_0.0_0.0_y" : [ 0.0, 0.0, 0.0, 0.0, 0.013029418, 0.08769089, 0.11771405, 0.11645508, 0.1153763, 0.11390349, 0.10861052, 0.10316377, 0.10532373, 0.09843541, 0.020297348, 0.0, 0.0, 0.0, 0.0, 0.0 ],
  "lightfield_0.6_0.0_0.0_x" : [ 0.038228113, 0.05569037, 0.05457555, 0.053943664, 0.053681776, 0.05384756, 0.05437854, 0.054652438, 0.053208463, 0.053085927, 0.05295138, 0.05282164, 0.052470855, 0.05240839, 0.052855276, 0.05372022, 0.05503926, 0.049445957, 0.034299828, 0.0186948 ],
  "lightfield_0.0_0.4_0.0_x" : [ 0.0, 0.0, 0.0, 0.010401346, 0.034207553, 0.060674086, 0.08596657, 0.10458371, 0.1209121, 0.12222291, 0.11806857, 0.10637705, 0.08770572, 0.06749392, 0.047248583, 0.027387716, 0.0067501664, 0.0, 0.0, 0.0 ],
  "lightfield_0.0_0.4_0.0_y" : [ 0.02421648, 0.050535936, 0.053072408, 0.053196266, 0.0539265, 0.05412261, 0.054243885, 0.05423098, 0.054117445, 0.054109707, 0.054197438, 0.05423098, 0.054019395, 0.054192275, 0.054153573, 0.0543729, 0.053939402, 0.0531524, 0.0453701, 0.01659932 ],
  "lightfield_0.0_0.2_0.0_y" : [ 0.025140837, 0.05122351, 0.05277622, 0.052649383, 0.05322527, 0.053497907, 0.053677235, 0.05367869, 0.05348916, 0.053442504, 0.05356643, 0.053696185, 0.0534877, 0.053754505, 0.0537443, 0.05410587, 0.053511027, 0.05335211, 0.049436066, 0.018545086 ],
  "lightfield_0.0_0.2_0.0_x" : [ 0.0, 0.0038023258, 0.027364207, 0.053569347, 0.06879906, 0.06948429, 0.06972194, 0.06993626, 0.0696505, 0.06965779, 0.06910086, 0.068396665, 0.06879177, 0.06876261, 0.06706702, 0.063534416, 0.054279365, 0.030949298, 0.0071322764, 0.0 ],