{
  "eccentricity_minmax" : 0.006777185,
  "compactness" : 91.07963,
  "eccentricity" : 4.180266,
  "compactness_standardized" : -0.064487256,
  "convexity_minmax" : 0.12016225,
  "diameter_standardized" : 1.2056135,
  "surface_area_minmax" : 0.12893218,
  "convexity" : 0.23088261,
  "diameter_minmax" : 0.30282322,
  "rectangularity _standardized" : -0.2232235,
  "convexity_standardized" : -0.37085402,
  "diameter" : 1.1606306,
  "surface_area" : 2.647506,
  "rectangularity " : 0.008807874,
  "compactness_minmax" : 2.3020983E-5,
  "surface_area_standardized" : 0.64532304,
  "rectangularity _minmax" : 0.015872307,
  "eccentricity_standardized" : -0.22077377,
  "lightfield_0.0_0.0_0.6_y" : [ 0.020850755, 0.039941773, 0.05699132, 0.05496997, 0.054967735, 0.05496997, 0.054961026, 0.054945376, 0.05494761, 0.054943137, 0.054938667, 0.054927487, 0.05492525, 0.054923013, 0.054909598, 0.054916307, 0.055007983, 0.05587108, 0.03803893, 0.019053007 ],
  "lightfield_0.0_0.0_0.6_x" : [ 0.0, 0.0, 0.004791761, 0.018212268, 0.037102047, 0.05600077, 0.07490173, 0.09383399, 0.10834791, 0.11079633, 0.1111049, 0.10836579, 0.09215922, 0.0732046, 0.054296933, 0.03535349, 0.01647042, 0.0050578453, 0.0, 0.0 ],
  "lightfield_0.0_0.0_0.8_y" : [ 0.004540495, 0.011593323, 0.023262508, 0.034980778, 0.04675483, 0.058464173, 0.07013782, 0.08092791, 0.08799859, 0.08870142, 0.08871481, 0.08728684, 0.079506636, 0.068223454, 0.056378, 0.044664193, 0.032992776, 0.021238808, 0.009745888, 0.0038867532 ],
  "lightfield_0.0_0.0_0.8_x" : [ 0.011800825, 0.023244658, 0.034989703, 0.04675483, 0.05940128, 0.066840105, 0.06437016, 0.06435901, 0.064367935, 0.06435455, 0.064336695, 0.064336695, 0.06434339, 0.06434562, 0.06586507, 0.059840824, 0.046730287, 0.034996398, 0.023253582, 0.011468376 ],
  "lightfield_0.0_0.0_0.2_y" : [ 0.004502008, 0.010179034, 0.021849094, 0.03351693, 0.04517586, 0.056843698, 0.06852934, 0.07949617, 0.0869691, 0.088235356, 0.08827542, 0.087621145, 0.080789134, 0.06974219, 0.05809438, 0.046439897, 0.034809895, 0.023215497, 0.011672285, 0.0040435735 ],
  "lightfield_0.0_0.0_0.2_x" : [ 0.011759077, 0.023420235, 0.035168186, 0.046918362, 0.059799045, 0.06662661, 0.06436337, 0.064383395, 0.06439007, 0.06439675, 0.06441677, 0.064430125, 0.06443235, 0.06445016, 0.06600572, 0.059271622, 0.04655562, 0.034738682, 0.023008535, 0.011465322 ],
  "lightfield_0.0_0.0_0.4_y" : [ 0.019905088, 0.039072867, 0.055977337, 0.054849032, 0.054862436, 0.054866906, 0.054862436, 0.05486467, 0.054875843, 0.054878075, 0.054889247, 0.05488478, 0.05490042, 0.054902654, 0.054904886, 0.05491159, 0.055003196, 0.05706319, 0.039347682, 0.02017767 ],
  "lightfield_0.0_0.0_0.4_x" : [ 0.0, 0.0, 0.005120941, 0.018113205, 0.037122354, 0.05610469, 0.07504457, 0.094087236, 0.108614445, 0.11094701, 0.11088222, 0.108080454, 0.09208757, 0.07314098, 0.05422567, 0.035334937, 0.016475488, 0.0046182307, 0.0, 0.0 ],
  "lightfield_0.0_0.0_0.0_y" : [ 0.0, 0.0, 0.0, 0.0, 0.0012554135, 0.06731629, 0.105957344, 0.10583557, 0.10583557, 0.10583557, 0.10583557, 0.105901994, 0.10594627, 0.106032625, 0.08310085, 0.0011469211, 0.0, 0.0, 0.0, 0.0 ],
  "lightfield_0.0_0.0_0.0_x" : [ 0.03422607, 0.052003346, 0.051589306, 0.051589306, 0.051589306, 0.051589306, 0.051589306, 0.051589306, 0.051589306, 0.051589306, 0.051589306, 0.051589306, 0.051589306, 0.051589306, 0.051589306, 0.051589306, 0.051589306, 0.051589306, 0.051830646, 0.036511056 ],
  "d1" : [ 0.0013375, 0.0, 0.0010536, 0.0, 0.0, 0.002928, 0.0032107, 0.0013314, 0.0016032, 0.0, 0.0060954, 0.0, 0.0, 0.0, 0.0053114, 0.033499, 0.0470718, 0.3178429, 0.3905346, 0.1881805 ],
  "d2" : [ 0.060731765, 0.039094165, 0.05569808, 0.043380618, 0.029907852, 0.024796953, 0.01981368, 0.0392962, 0.13965492, 0.03781974, 0.014528351, 0.0015058644, 0.0048709554, 0.0027452821, 0.0014770593, 0.028117737, 0.19437914, 0.08737944, 0.15675533, 0.018046869 ],
  "d3" : [ 0.012015143, 0.044492483, 0.045219567, 0.049258053, 0.049167495, 0.050741896, 0.052245162, 0.055194233, 0.049524594, 0.059131097, 0.058126304, 0.038440388, 0.030964721, 0.030003397, 0.029829524, 0.023160426, 0.15513371, 0.12930082, 0.033003584, 0.0050474047 ],
  "d4" : [ 5.195996E-5, 1.794703E-4, 4.510653E-4, 0.0011439326, 0.0049908, 0.018023191, 0.02779929, 0.06752669, 0.0888802, 0.26598963, 0.3153401, 0.08860088, 0.067868955, 0.027933307, 0.018129246, 0.005207486, 0.0011688449, 4.708935E-4, 1.9004532E-4, 5.3993615E-5 ],
  "lightfield_0.0_0.8_0.0_y" : [ 0.0, 0.0, 0.0, 0.0, 0.004462431, 0.083213136, 0.10233017, 0.102488875, 0.10261724, 0.10219481, 0.10172336, 0.10138961, 0.10131025, 0.10140595, 0.09314625, 0.0037179147, 0.0, 0.0, 0.0, 0.0 ],
  "lightfield_0.0_0.8_0.0_x" : [ 0.0043410677, 0.038465127, 0.058900822, 0.059388608, 0.05741179, 0.054380044, 0.054380044, 0.054380044, 0.054380044, 0.054380044, 0.054380044, 0.054380044, 0.054380044, 0.054380044, 0.054380044, 0.057213407, 0.059425954, 0.059103873, 0.053185083, 0.008763823 ],
  "lightfield_0.8_0.0_0.0_x" : [ 0.047985584, 0.050620127, 0.050109643, 0.0501274, 0.050149594, 0.050140716, 0.0501163, 0.05007191, 0.050058596, 0.05009189, 0.05012962, 0.050145157, 0.050138496, 0.05012074, 0.050096326, 0.05007191, 0.050098546, 0.05013406, 0.0504004, 0.04919299 ],
  "lightfield_0.8_0.0_0.0_y" : [ 0.0, 0.0, 0.0, 0.0032227135, 0.07116826, 0.060434755, 0.10858458, 0.10903736, 0.10716188, 0.10609208, 0.10611872, 0.10762576, 0.108835384, 0.09441973, 0.00882473, 0.008076759, 3.9729042E-4, 0.0, 0.0, 0.0 ],
  "lightfield_0.0_0.6_0.0_x" : [ 0.0, 0.0, 0.0, 0.0, 0.011118544, 0.049970854, 0.09928054, 0.09803254, 0.099198386, 0.10018427, 0.09970306, 0.098897144, 0.09918665, 0.09778216, 0.09710535, 0.03181813, 0.014545654, 0.0031767269, 0.0, 0.0 ],
  "lightfield_0.0_0.6_0.0_y" : [ 0.0, 0.0, 0.0, 0.0, 0.010383046, 0.11420959, 0.09391688, 0.09403425, 0.094468504, 0.094675854, 0.094675854, 0.09449198, 0.094175085, 0.09336917, 0.11308678, 0.008513003, 0.0, 0.0, 0.0, 0.0 ],
  "lightfield_0.6_0.0_0.0_y" : [ 0.0, 0.0, 0.0, 0.0, 0.0049313963, 0.06615932, 0.14011376, 0.14146468, 0.16285498, 0.16301024, 0.16223402, 0.12668702, 0.013591893, 0.0113293305, 0.007623351, 0.0, 0.0, 0.0, 0.0, 0.0 ],
  "lightfield_0.6_0.0_0.0_x" : [ 0.06354994, 0.04867318, 0.048475, 0.048458483, 0.048458483, 0.048475, 0.048521243, 0.04855427, 0.048584, 0.048584, 0.04855427, 0.048567485, 0.048534453, 0.04855427, 0.048531152, 0.048534453, 0.048577394, 0.048590604, 0.048636846, 0.062585466 ],
  "lightfield_0.0_0.4_0.0_x" : [ 0.0, 0.0, 0.0, 0.0047366265, 0.015973948, 0.08476047, 0.08400618, 0.10169959, 0.10223489, 0.10326089, 0.104440995, 0.102701254, 0.102875635, 0.10149682, 0.06842966, 0.015483254, 0.0078997845, 0.0, 0.0, 0.0 ],
  "lightfield_0.0_0.4_0.0_y" : [ 0.0, 0.0, 0.0, 0.0, 0.010880453, 0.1171139, 0.09502857, 0.09508129, 0.094773084, 0.094189115, 0.093467265, 0.092623755, 0.09149232, 0.0904866, 0.115759425, 0.009104218, 0.0, 0.0, 0.0, 0.0 ],
  "lightfield_0.0_0.2_0.0_y" : [ 0.0, 0.0, 0.0, 0.0, 0.004882239, 0.085860625, 0.10166572, 0.101414695, 0.10122355, 0.10108538, 0.10108768, 0.10120974, 0.101170585, 0.10122585, 0.09510003, 0.004073906, 0.0, 0.0, 0.0, 0.0 ],
  "lightfield_0.0_0.2_0.0_x" : [ 0.009584849, 0.053559545, 0.057407763, 0.058303606, 0.058683593, 0.055452563, 0.05365857, 0.05365857, 0.05365857, 0.05365857, 0.05365857, 0.05365857, 0.05365857, 0.05365857, 0.05365857, 0.055530865, 0.05878492, 0.05833585, 0.042797893, 0.008631431 ],
  "a3" : [ 0.15598093, 0.1170626, 0.08999429, 0.024183832, 0.1466795, 0.1296221, 0.14900917, 0.0, 0.0, 0.0, 0.0, 0.0, 0.0, 0.002172186, 0.0069243712, 0.0077402997, 0.008990705, 0.014030664, 0.03135714, 0.116252206 ],
  "lightfield_0.4_0.0_0.0_y" : [ 0.0, 0.0, 0.0, 0.0, 0.0047203475, 0.0557001, 0.1564051, 0.15587068, 0.15767561, 0.15782602, 0.15715396, 0.123020254, 0.013367384, 0.010938405, 0.007322139, 0.0, 0.0, 0.0, 0.0, 0.0 ],