{
  "eccentricity_minmax" : 0.0039389823,
  "compactness" : 148.70251,
  "eccentricity" : 2.848714,
  "compactness_standardized" : -0.064118974,
  "convexity_minmax" : 0.03000198,
  "diameter_standardized" : -0.6113247,
  "surface_area_minmax" : 0.02941469,
  "convexity" : 0.058415897,
  "diameter_minmax" : 0.009647655,
  "rectangularity _standardized" : -0.38715592,
  "convexity_standardized" : -0.9876766,
  "diameter" : 1.0051175,
  "surface_area" : 0.6162238,
  "rectangularity " : 9.0095954E-4,
  "compactness_minmax" : 3.765919E-5,
  "surface_area_standardized" : -0.5974039,
  "rectangularity _minmax" : 0.0016235351,
  "eccentricity_standardized" : -0.28106573,
  "lightfield_0.0_0.0_0.6_y" : [ 0.0148669835, 0.03036554, 0.06391167, 0.064756796, 0.04140673, 0.041583933, 0.048376765, 0.0602858, 0.07050912, 0.119599245, 0.13298044, 0.08903833, 0.046168525, 0.039657407, 0.02696231, 0.026453415, 0.026321648, 0.025072131, 0.020932822, 0.0107503915 ],
  "lightfield_0.0_0.0_0.6_x" : [ 0.0, 0.007833337, 0.014953313, 0.023713565, 0.037149284, 0.07275825, 0.10479587, 0.11741827, 0.107921936, 0.11883136, 0.11578708, 0.09923439, 0.050171524, 0.04356044, 0.035768, 0.022509485, 0.014576186, 0.009509962, 0.0035077357, 0.0 ],
  "lightfield_0.0_0.0_0.8_y" : [ 0.0, 0.003551514, 0.013293671, 0.027933298, 0.031703483, 0.036827162, 0.04936303, 0.06283013, 0.09903521, 0.100347236, 0.07754893, 0.052201975, 0.057084367, 0.075603515, 0.09111782, 0.092030205, 0.07849901, 0.040446542, 0.010582908, 0.0 ],
  "lightfield_0.0_0.0_0.8_x" : [ 0.01246046, 0.022477841, 0.026677826, 0.028069025, 0.036819622, 0.041505963, 0.10385728, 0.09974401, 0.07259867, 0.071407296, 0.060994048, 0.062411636, 0.05553859, 0.04921222, 0.081322886, 0.06712814, 0.044352453, 0.03300797, 0.018937638, 0.011476442 ],
  "lightfield_0.0_0.0_0.2_y" : [ 0.0, 0.00253777, 0.015643839, 0.028336518, 0.032945078, 0.0405469, 0.04995541, 0.06417534, 0.10179787, 0.10033569, 0.0749312, 0.051226206, 0.05986534, 0.07915699, 0.09114537, 0.093311846, 0.07104608, 0.036941204, 0.006101365, 0.0 ],
  "lightfield_0.0_0.0_0.2_x" : [ 0.010403709, 0.019475374, 0.028968088, 0.04378897, 0.06729875, 0.08108232, 0.050663535, 0.05495822, 0.06297727, 0.06120121, 0.07181162, 0.073836476, 0.10196246, 0.10337106, 0.0416378, 0.03670006, 0.028393932, 0.026801607, 0.022583473, 0.0120840715 ],
  "lightfield_0.0_0.0_0.4_y" : [ 0.014430584, 0.031380504, 0.062193595, 0.06429985, 0.043114718, 0.042111523, 0.048607327, 0.06062752, 0.07026001, 0.11631169, 0.1339062, 0.089697495, 0.04671896, 0.03969205, 0.027122598, 0.026437158, 0.026373606, 0.025043577, 0.02079021, 0.010880815 ],
  "lightfield_0.0_0.0_0.4_x" : [ 0.0, 0.004707303, 0.00792116, 0.014575844, 0.022764826, 0.035579402, 0.04343701, 0.047654066, 0.09894415, 0.11848604, 0.1185859, 0.10675637, 0.11611196, 0.10555344, 0.07404583, 0.037771907, 0.024054, 0.016432436, 0.006618368, 0.0 ],
  "lightfield_0.0_0.0_0.0_y" : [ 0.0, 0.0071974024, 0.013408407, 0.018132735, 0.020983377, 0.024230467, 0.0626292, 0.06585741, 0.07958675, 0.21082962, 0.20898896, 0.07670779, 0.06608867, 0.06277551, 0.02407944, 0.020369828, 0.01783068, 0.012436167, 0.007867587, 0.0 ],
  "lightfield_0.0_0.0_0.0_x" : [ 0.012294579, 0.07236103, 0.068566464, 0.03865831, 0.02144118, 0.023527246, 0.04733295, 0.08921003, 0.14433506, 0.117721185, 0.08646322, 0.0733899, 0.047281034, 0.025721865, 0.025721865, 0.02565107, 0.025443407, 0.024348458, 0.020044176, 0.010486969 ],
  "d1" : [ 0.0655889, 0.0602234, 0.0544178, 0.0569758, 0.0727102, 0.0876608, 0.078368, 0.0740382, 0.0704812, 0.0536208, 0.0647532, 0.0638222, 0.062909, 0.0437549, 0.0300616, 0.0231103, 0.0147132, 0.0098967, 0.0058897, 0.0070041 ],
  "d2" : [ 0.0187891, 0.05442866, 0.08399565, 0.08766549, 0.09172451, 0.093361795, 0.10271954, 0.10383833, 0.09575001, 0.0797376, 0.058336742, 0.04001973, 0.026894122, 0.01969486, 0.0152340755, 0.011950798, 0.008708629, 0.005046586, 0.0018625271, 2.4124236E-4 ],
  "d3" : [ 0.005001824, 0.04009277, 0.08844997, 0.13017751, 0.15228224, 0.14839901, 0.124764055, 0.09661368, 0.07503068, 0.055182863, 0.037188876, 0.022301633, 0.012294666, 0.006539298, 0.0032960116, 0.0015244947, 6.0945575E-4, 1.9580666E-4, 4.8498874E-5, 6.6409248E-6 ],
  "d4" : [ 1.0168289E-7, 6.1009735E-7, 2.3387065E-6, 6.507705E-6, 2.0844993E-5, 8.012612E-5, 2.7972963E-4, 0.0010156088, 0.0047854003, 0.031740516, 0.5437651, 0.38622296, 0.026787952, 0.0041161235, 8.60339E-4, 2.3010839E-4, 6.192488E-5, 1.8913019E-5, 3.762267E-6, 1.016829E-6 ],
  "lightfield_0.0_0.8_0.0_y" : [ 0.006578594, 0.011044035, 0.0153679475, 0.017412778, 0.019799227, 0.03358109, 0.068108946, 0.05403427, 0.07968981, 0.1968942, 0.19576198, 0.076668926, 0.053961065, 0.068392, 0.033683572, 0.019647937, 0.016797865, 0.015382588, 0.009823969, 0.007369197 ],
  "lightfield_0.0_0.8_0.0_x" : [ 0.011463737, 0.023635112, 0.028642261, 0.029584153, 0.02952559, 0.05220417, 0.06367767, 0.0828815, 0.123182714, 0.15427, 0.10209998, 0.044263985, 0.026880488, 0.025138233, 0.049524907, 0.080002144, 0.06446339, 0.0063394615, 0.0016397682, 5.807513E-4 ],
  "lightfield_0.8_0.0_0.0_x" : [ 0.017856102, 0.071684115, 0.062302902, 0.036676824, 0.029617066, 0.026336292, 0.04932291, 0.08945541, 0.13256128, 0.10711541, 0.0799364, 0.069685966, 0.052280378, 0.028339738, 0.028355638, 0.02840334, 0.028270837, 0.027221413, 0.022795813, 0.011782165 ],
  "lightfield_0.8_0.0_0.0_y" : [ 0.0, 0.0, 0.0027825625, 0.010605538, 0.020278256, 0.024115542, 0.043248974, 0.087436065, 0.18865244, 0.24490792, 0.15355505, 0.07013648, 0.06717901, 0.03453028, 0.022011396, 0.01823771, 0.010859944, 0.0014628329, 0.0, 0.0 ],
  "lightfield_0.0_0.6_0.0_x" : [ 0.0, 0.0, 0.0, 0.0, 0.031407364, 0.15654285, 0.18484928, 0.28303674, 0.07733154, 0.13416392, 0.10021816, 0.020732427, 0.005598167, 0.004857233, 0.0012623317, 0.0, 0.0, 0.0, 0.0, 0.0 ],
  "lightfield_0.0_0.6_0.0_y" : [ 0.0072035235, 0.010427958, 0.0134191355, 0.015463564, 0.01748055, 0.03428877, 0.08288854, 0.043179978, 0.066409625, 0.21235988, 0.2118522, 0.06258147, 0.043015327, 0.08356088, 0.033808537, 0.017549155, 0.014928445, 0.0133505305, 0.009645861, 0.0065860786 ],
  "lightfield_0.6_0.0_0.0_y" : [ 0.0, 0.0, 0.0, 0.0, 0.0, 0.0, 0.009503306, 0.025818853, 0.1697678, 0.34388745, 0.2798939, 0.11476242, 0.049454097, 0.006912194, 0.0, 0.0, 0.0, 0.0, 0.0, 0.0 ],
  "lightfield_0.6_0.0_0.0_x" : [ 0.02012917, 0.06937567, 0.066507764, 0.055889588, 0.050361373, 0.038190067, 0.053244658, 0.0755805, 0.076049514, 0.060418267, 0.05854221, 0.06477779, 0.057896357, 0.040858064, 0.040865753, 0.040573582, 0.040858064, 0.03928956, 0.03308473, 0.017507304 ],
  "lightfield_0.0_0.4_0.0_x" : [ 0.0, 0.0, 0.0, 0.0, 0.0, 0.09093435, 0.112417474, 0.2848478, 0.2336026, 0.09001447, 0.057971846, 0.058058087, 0.052069258, 0.020084132, 0.0, 0.0, 0.0, 0.0, 0.0, 0.0 ],
  "lightfield_0.0_0.4_0.0_y" : [ 0.0055384673, 0.010588246, 0.01625128, 0.01733406, 0.019700846, 0.029752493, 0.053909026, 0.06303121, 0.09553377, 0.19028181, 0.18972604, 0.09200755, 0.06301204, 0.05411025, 0.030135779, 0.019576278, 0.017104091, 0.016059639, 0.00916051, 0.0071865926 ],
  "lightfield_0.0_0.2_0.0_y" : [ 0.0062266225, 0.01106115, 0.016162533, 0.017910434, 0.020178704, 0.033637103, 0.062524185, 0.05873039, 0.08776424, 0.1882308, 0.18721674, 0.084584214, 0.058890507, 0.062324043, 0.033815008, 0.020103095, 0.017461227, 0.015993524, 0.00977135, 0.007414128 ],
  "lightfield_0.0_0.2_0.0_x" : [ 0.0023572214, 0.073309585, 0.074363664, 0.036416847, 0.023389863, 0.037408657, 0.08633657, 0.15553658, 0.12796153, 0.096201316, 0.081524275, 0.038613953, 0.026907904, 0.026907904, 0.026907904, 0.026996855, 0.025898302, 0.021922158, 0.0110389115, 0.0 ],
  "a3" : [ 0.13094021, 0.15542129, 0.12349876, 0.10510279, 0.09038611, 0.07515303, 0.043135624, 0.0, 0.0, 0.0, 0.0, 0.0, 0.0, 0.005752953, 0.026109902, 0.03832508, 0.045047708, 0.050146025, 0.05352676, 0.05745376 ],