{
  "eccentricity_minmax" : 0.012143062,
  "compactness" : 4356.3486,
  "eccentricity" : 6.697684,
  "compactness_standardized" : -0.036007907,
  "convexity_minmax" : 0.015187405,
  "diameter_standardized" : -0.5623131,
  "surface_area_minmax" : 0.05412263,
  "convexity" : 0.03007724,
  "diameter_minmax" : 0.017643284,
  "rectangularity _standardized" : -0.3995837,
  "convexity_standardized" : -1.0895374,
  "diameter" : 1.0093588,
  "surface_area" : 1.1205453,
  "rectangularity " : 3.2690534E-4,
  "compactness_minmax" : 0.0011065467,
  "surface_area_standardized" : -0.28917226,
  "rectangularity _minmax" : 5.8905233E-4,
  "eccentricity_standardized" : -0.10694576,
  "lightfield_0.0_0.0_0.6_y" : [ 0.0059135435, 0.010862419, 0.013422753, 0.014539388, 0.015295925, 0.023726854, 0.035342507, 0.040876128, 0.04888419, 0.060265284, 0.07181156, 0.08418375, 0.09645683, 0.09839608, 0.0917326, 0.08862056, 0.0882935, 0.0606419, 0.042884752, 0.007849486 ],
  "lightfield_0.0_0.0_0.6_x" : [ 0.0, 0.012339153, 0.019019146, 0.032474935, 0.041477393, 0.047850147, 0.05718958, 0.08382695, 0.08869985, 0.09588199, 0.111429, 0.11569071, 0.12825781, 0.10710451, 0.048362214, 0.0103966035, 0.0, 0.0, 0.0, 0.0 ],
  "lightfield_0.0_0.0_0.8_y" : [ 0.0, 0.0, 0.0, 0.0022290028, 0.015877103, 0.022805175, 0.043315303, 0.10820735, 0.12361884, 0.099083304, 0.086567864, 0.100929245, 0.08740003, 0.074207634, 0.07157245, 0.053585228, 0.039801735, 0.034419104, 0.023376461, 0.013004167 ],
  "lightfield_0.0_0.0_0.8_x" : [ 0.013658009, 0.031407475, 0.038820975, 0.05866075, 0.059724066, 0.080514885, 0.09562257, 0.07942185, 0.090484306, 0.10504382, 0.09087066, 0.07395996, 0.057782356, 0.038527075, 0.030218674, 0.017914578, 0.016104957, 0.013482991, 0.007512565, 2.6748033E-4 ],
  "lightfield_0.0_0.0_0.2_y" : [ 0.0, 0.0, 0.0, 0.0026266265, 0.015813433, 0.022257557, 0.042586237, 0.098899364, 0.116480656, 0.10319657, 0.079724655, 0.10003321, 0.08981855, 0.0751658, 0.07273709, 0.059037037, 0.040345386, 0.037413493, 0.028752001, 0.015112327 ],
  "lightfield_0.0_0.0_0.2_x" : [ 0.0, 0.0, 0.005659156, 0.012985532, 0.016296491, 0.017826173, 0.028725164, 0.036202494, 0.0561454, 0.07447476, 0.09240157, 0.10783593, 0.09572259, 0.07853043, 0.09928179, 0.085346915, 0.06148587, 0.060570076, 0.039973028, 0.030536631 ],
  "lightfield_0.0_0.0_0.4_y" : [ 0.005946187, 0.010759295, 0.013335976, 0.014462448, 0.015149564, 0.023735197, 0.035274103, 0.040823877, 0.048471335, 0.05940571, 0.070644006, 0.08286672, 0.09482516, 0.09633814, 0.09185207, 0.08833721, 0.08789786, 0.060251392, 0.04608295, 0.0135407895 ],
  "lightfield_0.0_0.0_0.4_x" : [ 0.0, 0.0, 0.0, 0.0, 0.0, 0.012133525, 0.04693854, 0.094342865, 0.13371983, 0.12008985, 0.11245561, 0.09833342, 0.09162083, 0.0844821, 0.05738731, 0.048266523, 0.04082718, 0.030345375, 0.018984854, 0.01007218 ],
  "lightfield_0.0_0.0_0.0_y" : [ 0.0, 0.0, 0.006113488, 0.025488848, 0.030921223, 0.049582403, 0.06258638, 0.08316526, 0.102600135, 0.15494336, 0.13959186, 0.10044438, 0.07562011, 0.060576104, 0.04798212, 0.029949147, 0.024589514, 0.0058456715, 0.0, 0.0 ],
  "lightfield_0.0_0.0_0.0_x" : [ 0.0038254764, 0.009019792, 0.012141011, 0.013364369, 0.014164512, 0.014356282, 0.029568914, 0.03626102, 0.038353954, 0.046791825, 0.05714078, 0.067615375, 0.07754773, 0.08770491, 0.09754138, 0.094059765, 0.09610641, 0.10006745, 0.07875125, 0.025617797 ],
  "d1" : [ 0.0079981, 0.0121402, 0.0115541, 0.0289664, 0.0413843, 0.0991966, 0.1195173, 0.0437032, 0.0338015, 0.0305594, 0.0605265, 0.0684609, 0.1301801, 0.068403, 0.0824256, 0.0683035, 0.0194147, 0.0242966, 0.0242108, 0.0249572 ],
  "d2" : [ 0.027821185, 0.053864658, 0.08395104, 0.08183777, 0.09121802, 0.081802964, 0.07865431, 0.076798186, 0.08668722, 0.057112828, 0.05494575, 0.04525735, 0.043725077, 0.04060093, 0.04094309, 0.029376658, 0.013117904, 0.0077174553, 0.0036651436, 9.0245844E-4 ],
  "d3" : [ 0.011438792, 0.053402998, 0.09248272, 0.123301044, 0.13902916, 0.1488194, 0.1316173, 0.108617455, 0.07534703, 0.048424315, 0.028830064, 0.018064825, 0.0102519775, 0.0054976796, 0.0028450326, 0.0011847008, 5.419397E-4, 2.2146478E-4, 6.791855E-5, 1.418743E-5 ],
  "d4" : [ 2.033658E-6, 1.1286801E-5, 3.09116E-5, 9.659875E-5, 3.1104797E-4, 9.432105E-4, 0.0031632532, 0.011193152, 0.044501923, 0.29470927, 0.5672983, 0.058077708, 0.014026748, 0.0039477367, 0.0011775895, 3.6178774E-4, 1.0229299E-4, 3.345367E-5, 1.0269972E-5, 1.4235605E-6 ],
  "lightfield_0.0_0.8_0.0_y" : [ 0.0, 0.0, 0.0065279733, 0.025867041, 0.03137411, 0.05037703, 0.06327528, 0.08272225, 0.103551164, 0.15099414, 0.13594203, 0.10154256, 0.07599507, 0.061399467, 0.048928674, 0.030349057, 0.024949888, 0.006204272, 0.0, 0.0 ],
  "lightfield_0.0_0.8_0.0_x" : [ 0.0, 0.0, 9.877036E-4, 0.029664306, 0.10799998, 0.12762125, 0.12020933, 0.12423484, 0.10810789, 0.092304625, 0.07546802, 0.05856086, 0.047148317, 0.041068546, 0.018127264, 0.017396862, 0.015911156, 0.011839992, 0.0033490618, 0.0 ],
  "lightfield_0.8_0.0_0.0_x" : [ 0.0040581, 0.009687203, 0.013000733, 0.018555768, 0.017370695, 0.016536465, 0.028808221, 0.037392214, 0.041766074, 0.046705183, 0.055983067, 0.06603671, 0.07533798, 0.084654845, 0.093850866, 0.093999, 0.09442781, 0.097710155, 0.07778999, 0.026328921 ],
  "lightfield_0.8_0.0_0.0_y" : [ 0.0, 0.0, 0.0, 0.012108029, 0.03108871, 0.04783178, 0.06758432, 0.094739676, 0.12345433, 0.16159502, 0.1740227, 0.11275748, 0.077337794, 0.051344123, 0.035041556, 0.011094479, 0.0, 0.0, 0.0, 0.0 ],
  "lightfield_0.0_0.6_0.0_x" : [ 0.0, 0.0, 0.0, 0.0, 0.0, 0.0020149744, 0.0047298875, 0.005938872, 0.2429529, 0.3255032, 0.21107388, 0.13381551, 0.06275055, 0.007105436, 0.00411479, 0.0, 0.0, 0.0, 0.0, 0.0 ],
  "lightfield_0.0_0.6_0.0_y" : [ 0.0, 0.0, 0.0072433027, 0.025834093, 0.03087153, 0.049186587, 0.060831018, 0.09124653, 0.11403695, 0.134823, 0.12402698, 0.10998579, 0.080917135, 0.059897766, 0.048741173, 0.030171592, 0.025208391, 0.0069781747, 0.0, 0.0 ],
  "lightfield_0.6_0.0_0.0_y" : [ 0.0, 0.0, 0.0, 0.0, 0.0, 0.0, 0.0025898449, 0.07455706, 0.21024208, 0.2601118, 0.32761535, 0.09686019, 0.0278713, 1.5234381E-4, 0.0, 0.0, 0.0, 0.0, 0.0, 0.0 ],
  "lightfield_0.6_0.0_0.0_x" : [ 0.0051111346, 0.011882817, 0.015904693, 0.031062903, 0.027429502, 0.025951767, 0.031200012, 0.043280877, 0.04739416, 0.05108088, 0.054363888, 0.060343385, 0.069263116, 0.06552307, 0.07314026, 0.078388505, 0.08963148, 0.107600436, 0.086607456, 0.024839658 ],
  "lightfield_0.0_0.4_0.0_x" : [ 0.0, 0.0, 0.0, 0.0, 0.0, 0.0, 0.0053693512, 0.03136568, 0.04435551, 0.09349675, 0.15150909, 0.21655828, 0.25261799, 0.19814907, 0.006578289, 0.0, 0.0, 0.0, 0.0, 0.0 ],
  "lightfield_0.0_0.4_0.0_y" : [ 0.0, 0.0, 0.006836752, 0.025154244, 0.030181758, 0.049291313, 0.06088878, 0.08228281, 0.111163914, 0.14820744, 0.13508421, 0.10847924, 0.07516258, 0.059396364, 0.047940638, 0.029189594, 0.024395531, 0.006344839, 0.0, 0.0 ],
  "lightfield_0.0_0.2_0.0_y" : [ 0.0, 0.0, 0.0063196127, 0.025397472, 0.030803313, 0.049608577, 0.06233227, 0.08286909, 0.10495318, 0.15296458, 0.13836342, 0.102495976, 0.07534775, 0.060239807, 0.047861658, 0.02989722, 0.02460656, 0.0059395144, 0.0, 0.0 ],
  "lightfield_0.0_0.2_0.0_x" : [ 0.0, 0.0010942221, 0.008588684, 0.013629785, 0.015703047, 0.016636016, 0.02214552, 0.03881225, 0.0436729, 0.053478666, 0.06758454, 0.0818363, 0.094832584, 0.10931471, 0.111606814, 0.11312337, 0.11654042, 0.083087936, 0.008312249, 0.0 ],
  "a3" : [ 0.18384856, 0.16433893, 0.12511311, 0.07884267, 0.06713753, 0.06573972, 0.04018051, 0.0, 0.0, 0.0, 0.0, 0.0, 0.0, 0.007511188, 0.029816141, 0.04006047, 0.04432596, 0.047485027, 0.051554907, 0.054045253 ],
  "lightfield_0.4_0.0_0.0_y" : [ 0.0, 0.0, 0.0, 0.0, 0.0, 0.0, 0.0016312837, 0.06336614, 0.20389508, 0.26222116, 0.3334667, 0.104163624, 0.029209211, 0.0020467993, 0.0, 0.0, 0.0, 0.0, 0.0, 0.0 ],