{
  "eccentricity_minmax" : 0.0037957847,
  "compactness" : 40.428555,
  "eccentricity" : 2.7815325,
  "compactness_standardized" : -0.06484174,
  "convexity_minmax" : 0.087078735,
  "diameter_standardized" : -0.49317843,
  "surface_area_minmax" : 0.03293882,
  "convexity" : 0.16759747,
  "diameter_minmax" : 0.028698904,
  "rectangularity _standardized" : -0.37079185,
  "convexity_standardized" : -0.596793,
  "diameter" : 1.0152231,
  "surface_area" : 0.68815595,
  "rectangularity " : 0.0016878997,
  "compactness_minmax" : 1.0153861E-5,
  "surface_area_standardized" : -0.5533878,
  "rectangularity _minmax" : 0.003041652,
  "eccentricity_standardized" : -0.28410274,
  "lightfield_0.0_0.0_0.6_y" : [ 9.824841E-4, 0.009768575, 0.028505024, 0.059948843, 0.08065891, 0.08250269, 0.08203093, 0.07769415, 0.0765169, 0.10104438, 0.12194056, 0.09088627, 0.043973736, 0.039827395, 0.02994196, 0.019480884, 0.018411838, 0.016438214, 0.01264245, 0.0068038106 ],
  "lightfield_0.0_0.0_0.6_x" : [ 0.0, 0.001190234, 0.022549525, 0.026046649, 0.029539444, 0.040390052, 0.098469146, 0.11707575, 0.1347518, 0.12917718, 0.105723076, 0.08636338, 0.06568793, 0.050820827, 0.03958935, 0.025172368, 0.018771073, 0.0086822165, 0.0, 0.0 ],
  "lightfield_0.0_0.0_0.8_y" : [ 0.0, 0.0029522036, 0.021482345, 0.033234704, 0.042459927, 0.055464234, 0.06346075, 0.07434638, 0.094397455, 0.106023625, 0.07408071, 0.055753145, 0.070809714, 0.08048989, 0.084368594, 0.06761177, 0.051273365, 0.021213358, 5.7782163E-4, 0.0 ],
  "lightfield_0.0_0.0_0.8_x" : [ 0.0069305385, 0.012788454, 0.01623878, 0.01869286, 0.024175525, 0.034712467, 0.086932264, 0.10514361, 0.07929439, 0.057513174, 0.050170857, 0.0620162, 0.08273143, 0.093138866, 0.09173416, 0.06952456, 0.052976944, 0.032251745, 0.016351687, 0.0066814777 ],
  "lightfield_0.0_0.0_0.2_y" : [ 0.0, 0.003384945, 0.022616986, 0.034074232, 0.0439547, 0.056393713, 0.064013146, 0.07634307, 0.09814026, 0.10667535, 0.0681683, 0.056684606, 0.07299118, 0.08269976, 0.081790715, 0.063874304, 0.048499916, 0.018947758, 7.470679E-4, 0.0 ],
  "lightfield_0.0_0.0_0.2_x" : [ 0.006488913, 0.016356159, 0.032302424, 0.05347155, 0.06891867, 0.09031919, 0.0927984, 0.08180063, 0.063272685, 0.0513791, 0.055210304, 0.075840615, 0.100880615, 0.091813326, 0.037290588, 0.025562285, 0.019063454, 0.017066866, 0.013278636, 0.0068855863 ],
  "lightfield_0.0_0.0_0.4_y" : [ 0.0010077995, 0.008101831, 0.02742091, 0.058811672, 0.080308475, 0.08073788, 0.08244676, 0.0796293, 0.076391205, 0.10358864, 0.12393305, 0.09140303, 0.043458067, 0.039970204, 0.029664358, 0.019454911, 0.018324424, 0.016067829, 0.012553676, 0.006725966 ],
  "lightfield_0.0_0.0_0.4_x" : [ 0.0, 1.314521E-4, 0.0117518185, 0.019135045, 0.027236877, 0.04157392, 0.052966435, 0.06790378, 0.08886162, 0.106966965, 0.13229778, 0.13330558, 0.11820611, 0.09434756, 0.032801684, 0.028652178, 0.025221277, 0.01863991, 0.0, 0.0 ],
  "lightfield_0.0_0.0_0.0_y" : [ 0.0, 0.0, 0.015069565, 0.021740487, 0.024404056, 0.027125217, 0.04801144, 0.06741471, 0.11974065, 0.18447259, 0.17797925, 0.11240263, 0.06600373, 0.046802036, 0.027187606, 0.024528837, 0.021879664, 0.015237537, 0.0, 0.0 ],
  "lightfield_0.0_0.0_0.0_x" : [ 0.0010078371, 0.0015741456, 0.016720498, 0.08732189, 0.07703715, 0.061482865, 0.046149343, 0.06789943, 0.15951182, 0.1478785, 0.09521661, 0.054255232, 0.040515054, 0.039833564, 0.030124731, 0.019336075, 0.018361833, 0.016178185, 0.012636358, 0.0069588753 ],
  "d1" : [ 0.0151548, 0.0358527, 0.0809276, 0.0820227, 0.0871492, 0.0924025, 0.1000763, 0.1009319, 0.087196, 0.0861767, 0.0565275, 0.0497052, 0.0382943, 0.0294557, 0.0179558, 0.0100302, 0.0117952, 0.0062126, 0.0079698, 0.0041633 ],
  "d2" : [ 0.020286161, 0.065276965, 0.09834107, 0.11136095, 0.115803234, 0.11762305, 0.11208128, 0.09881045, 0.08186728, 0.061695334, 0.04139647, 0.027078655, 0.01867598, 0.012989881, 0.008378372, 0.004829348, 0.0022818006, 8.6135126E-4, 2.9115114E-4, 7.1212504E-5 ],
  "d3" : [ 0.0041050976, 0.03509125, 0.081321344, 0.12516825, 0.14983274, 0.15119776, 0.13234186, 0.10222074, 0.07450453, 0.052469343, 0.03649349, 0.02409891, 0.014772838, 0.008418077, 0.0045333365, 0.0021692682, 8.837461E-4, 2.8485543E-4, 7.938924E-5, 1.3181229E-5 ],
  "d4" : [ 9.15146E-7, 6.2026566E-6, 2.7962795E-5, 9.548024E-5, 2.7708587E-4, 7.901778E-4, 0.0022630545, 0.0066141672, 0.02668637, 0.2631167, 0.64387864, 0.042466234, 0.009199251, 0.0030152027, 0.001042453, 3.50806E-4, 1.21816105E-4, 3.5283963E-5, 1.0473338E-5, 1.7286092E-6 ],
  "lightfield_0.0_0.8_0.0_y" : [ 0.0, 0.011375506, 0.019287381, 0.021596469, 0.023710635, 0.03257713, 0.05051505, 0.069087714, 0.11750358, 0.18761589, 0.15850739, 0.100095466, 0.062475324, 0.046776522, 0.028068913, 0.023375766, 0.021156643, 0.018917527, 0.007357094, 0.0 ],
  "lightfield_0.0_0.8_0.0_x" : [ 0.009076415, 0.015958697, 0.019952118, 0.021786394, 0.022241214, 0.040948827, 0.04551702, 0.058486897, 0.110091515, 0.17984396, 0.15730786, 0.06444454, 0.07662973, 0.09712663, 0.06681361, 0.004263316, 0.0036235687, 0.0027988944, 0.0020142044, 0.0010745756 ],
  "lightfield_0.8_0.0_0.0_x" : [ 0.0052727386, 0.014641265, 0.03296508, 0.07860984, 0.068686835, 0.054997593, 0.043813948, 0.071093045, 0.14813362, 0.13154647, 0.08486076, 0.049479004, 0.042616073, 0.03877137, 0.03297554, 0.028879752, 0.025620908, 0.021425731, 0.016733622, 0.008876823 ],
  "lightfield_0.8_0.0_0.0_y" : [ 0.0, 0.0, 0.0, 0.007825414, 0.023779633, 0.027425565, 0.031055802, 0.04713033, 0.13977988, 0.21771494, 0.20406754, 0.1278273, 0.071108736, 0.047669116, 0.02611261, 0.022665452, 0.005837675, 0.0, 0.0, 0.0 ],
  "lightfield_0.0_0.6_0.0_x" : [ 0.0, 0.0, 0.0, 0.032381848, 0.050649576, 0.08274567, 0.12535337, 0.39573616, 0.22007, 0.046404116, 0.013073163, 0.011266801, 0.009399206, 0.007388735, 0.005041485, 4.898609E-4, 0.0, 0.0, 0.0, 0.0 ],
  "lightfield_0.0_0.6_0.0_y" : [ 0.012052619, 0.016563421, 0.018390195, 0.020288406, 0.021900864, 0.036637515, 0.04438344, 0.05450723, 0.100931756, 0.20147571, 0.16345026, 0.09115495, 0.049149375, 0.04436303, 0.036055803, 0.021788605, 0.02003327, 0.018277936, 0.016604243, 0.011991386 ],
  "lightfield_0.6_0.0_0.0_y" : [ 0.0, 0.0, 0.0, 0.0, 0.0, 0.0, 0.0, 0.053677697, 0.11680803, 0.2450622, 0.3100904, 0.21111365, 0.06324802, 0.0, 0.0, 0.0, 0.0, 0.0, 0.0, 0.0 ],
  "lightfield_0.6_0.0_0.0_x" : [ 0.010739953, 0.03135184, 0.05753231, 0.093099214, 0.08167514, 0.06809572, 0.057730928, 0.06483695, 0.08697891, 0.07263445, 0.053008292, 0.042312473, 0.042687636, 0.0449239, 0.045122515, 0.043129005, 0.037457425, 0.030763347, 0.023723528, 0.012196467 ],
  "lightfield_0.0_0.4_0.0_x" : [ 0.0, 0.0, 0.0, 0.0, 0.03648574, 0.15317348, 0.09223268, 0.08432075, 0.3081792, 0.16640042, 0.079914294, 0.05124206, 0.027286699, 7.6469383E-4, 0.0, 0.0, 0.0, 0.0, 0.0, 0.0 ],
  "lightfield_0.0_0.4_0.0_y" : [ 0.012749945, 0.017247254, 0.01852679, 0.020033466, 0.02197927, 0.03659174, 0.04687346, 0.06593024, 0.12250244, 0.14299776, 0.14579153, 0.11633189, 0.059752118, 0.046313193, 0.03616018, 0.021585567, 0.020283315, 0.018602503, 0.017186685, 0.012560665 ],
  "lightfield_0.0_0.2_0.0_y" : [ 0.012279355, 0.017000824, 0.01868782, 0.020293474, 0.022228038, 0.03717759, 0.04815898, 0.06760719, 0.11418881, 0.14755386, 0.14902511, 0.10920209, 0.06225619, 0.047953855, 0.036385372, 0.021913273, 0.020268718, 0.018585257, 0.017039727, 0.012194475 ],
  "lightfield_0.0_0.2_0.0_x" : [ 0.010355401, 0.07370089, 0.073994435, 0.06065761, 0.046938825, 0.034942403, 0.06432515, 0.147713, 0.1443673, 0.0978069, 0.056413595, 0.039430454, 0.036958314, 0.036908798, 0.018832825, 0.017389858, 0.016123727, 0.013085718, 0.008983169, 0.0010716142 ],
  "a3" : [ 0.12620765, 0.16146342, 0.1309045, 0.10789953, 0.08967009, 0.07338202, 0.0426124, 0.0, 0.0, 0.0, 0.0, 0.0, 0.0, 0.0050024274, 0.023212546, 0.036792133, 0.04380545, 0.048287973, 0.053115524, 0.057644334 ],