{
  "eccentricity_minmax" : 0.0034836167,
  "compactness" : 38.341843,
  "eccentricity" : 2.635078,
  "compactness_standardized" : -0.064839385,
  "convexity_minmax" : 0.09726336,
  "diameter_standardized" : -0.5563362,
  "surface_area_minmax" : 0.033067532,
  "convexity" : 0.18707955,
  "diameter_minmax" : 0.018607397,
  "rectangularity _standardized" : -0.3797315,
  "convexity_standardized" : -0.52762544,
  "diameter" : 1.0098702,
  "surface_area" : 0.69078314,
  "rectangularity " : 0.0012815759,
  "compactness_minmax" : 9.623764E-6,
  "surface_area_standardized" : -0.55218536,
  "rectangularity _minmax" : 0.0023094304,
  "eccentricity_standardized" : -0.29064128,
  "lightfield_0.0_0.0_0.6_y" : [ 0.0, 0.0, 0.017832277, 0.025623359, 0.04849059, 0.077541165, 0.096557714, 0.0959261, 0.10056271, 0.10288819, 0.09771328, 0.07740838, 0.05461651, 0.044632733, 0.04028322, 0.037405077, 0.02969295, 0.019974735, 0.01788611, 0.014964903 ],
  "lightfield_0.0_0.0_0.6_x" : [ 0.0, 0.013159784, 0.027561259, 0.04618664, 0.125253, 0.14438081, 0.13540545, 0.11707076, 0.08294934, 0.07161262, 0.06679299, 0.06683964, 0.055380907, 0.036529433, 0.010877367, 0.0, 0.0, 0.0, 0.0, 0.0 ],
  "lightfield_0.0_0.0_0.8_y" : [ 0.0, 0.0, 0.0077455626, 0.034988448, 0.04892242, 0.06334254, 0.065725796, 0.0781611, 0.10485569, 0.104958035, 0.08934263, 0.10165, 0.111946955, 0.10679665, 0.059617803, 0.019628914, 0.0023174547, 0.0, 0.0, 0.0 ],
  "lightfield_0.0_0.0_0.8_x" : [ 0.022337485, 0.03415504, 0.039429627, 0.04929526, 0.09592216, 0.1006448, 0.08706904, 0.08233909, 0.07916264, 0.09932158, 0.106255665, 0.08221847, 0.06069977, 0.030218294, 0.019146416, 0.01178466, 0.0, 0.0, 0.0, 0.0 ],
  "lightfield_0.0_0.0_0.2_y" : [ 0.0, 0.0, 0.00949846, 0.036040485, 0.053287968, 0.06234281, 0.062997505, 0.07201299, 0.096844934, 0.10078027, 0.08993306, 0.09574662, 0.10294828, 0.104386464, 0.068024, 0.029443437, 0.015111674, 6.010325E-4, 0.0, 0.0 ],
  "lightfield_0.0_0.0_0.2_x" : [ 0.021612126, 0.026441852, 0.05325577, 0.09031229, 0.107831664, 0.08771497, 0.080942616, 0.08623027, 0.092591204, 0.099256225, 0.082480974, 0.04798243, 0.038179874, 0.032795623, 0.021551307, 0.01775908, 0.010950955, 0.0021107688, 0.0, 0.0 ],
  "lightfield_0.0_0.0_0.4_y" : [ 0.0, 0.0025627057, 0.020218493, 0.021157555, 0.039164595, 0.096540526, 0.10063727, 0.08927176, 0.090823725, 0.09676633, 0.098088905, 0.08378076, 0.05652289, 0.044067785, 0.04055168, 0.037494354, 0.029558929, 0.020039283, 0.017928187, 0.014824267 ],
  "lightfield_0.0_0.0_0.4_x" : [ 0.012168371, 0.03310012, 0.053304277, 0.06808195, 0.065279104, 0.07207475, 0.08347969, 0.12146508, 0.136913, 0.13702053, 0.12824997, 0.0529817, 0.028146751, 0.0077347117, 0.0, 0.0, 0.0, 0.0, 0.0, 0.0 ],
  "lightfield_0.0_0.0_0.0_y" : [ 0.0, 0.0, 3.36889E-4, 0.015613918, 0.027997248, 0.04486652, 0.06892394, 0.09374025, 0.116276346, 0.14597577, 0.13799682, 0.11143933, 0.08845995, 0.06755865, 0.041277766, 0.022982921, 0.016351528, 2.021334E-4, 0.0, 0.0 ],
  "lightfield_0.0_0.0_0.0_x" : [ 0.028961815, 0.055501573, 0.05455119, 0.060774773, 0.094116144, 0.12350705, 0.11803881, 0.09617649, 0.07193466, 0.055217877, 0.043267187, 0.03936991, 0.037341487, 0.035430085, 0.02528086, 0.01805725, 0.016752249, 0.014014582, 0.008858407, 0.0028475984 ],
  "d1" : [ 0.0165773, 0.0432556, 0.0646389, 0.0753084, 0.0983219, 0.1143323, 0.1130908, 0.1164494, 0.0836002, 0.0713626, 0.0632272, 0.0415087, 0.0316578, 0.0168387, 0.0130293, 0.0120475, 0.0092533, 0.0079545, 0.0051528, 0.0023928 ],
  "d2" : [ 0.017291337, 0.055445235, 0.0854304, 0.10358639, 0.114273265, 0.11304015, 0.10499604, 0.09418714, 0.07996364, 0.0649116, 0.050967548, 0.0381485, 0.027976613, 0.020362975, 0.013749414, 0.008152531, 0.0044113747, 0.0021778825, 8.1304274E-4, 1.1492018E-4 ],
  "d3" : [ 0.0044063544, 0.033905644, 0.07768232, 0.118097976, 0.14079264, 0.14504866, 0.13066573, 0.10583279, 0.0800159, 0.05759855, 0.03969804, 0.026693901, 0.017217603, 0.01065154, 0.0061960835, 0.0032919869, 0.0015207718, 5.399273E-4, 1.297999E-4, 1.378495E-5 ],
  "d4" : [ 5.084145E-7, 2.847121E-6, 8.541363E-6, 3.0708234E-5, 1.159185E-4, 4.3022033E-4, 0.0017959232, 0.008780521, 0.058064695, 0.7284126, 0.17800048, 0.019595921, 0.0036628211, 8.1285305E-4, 2.10992E-4, 5.5417175E-5, 1.5049068E-5, 2.948804E-6, 7.117803E-7, 3.0504867E-7 ],
  "lightfield_0.0_0.8_0.0_y" : [ 0.0, 0.0, 3.475263E-4, 0.016278133, 0.028830782, 0.04619783, 0.071196556, 0.09518514, 0.12066113, 0.13449268, 0.13308868, 0.1153602, 0.087344944, 0.067827865, 0.042467713, 0.023580818, 0.016936116, 2.038821E-4, 0.0, 0.0 ],
  "lightfield_0.0_0.8_0.0_x" : [ 0.022603111, 0.026300792, 0.043375917, 0.048463702, 0.05193433, 0.063018106, 0.08971739, 0.13222218, 0.16083054, 0.13582255, 0.07902285, 0.07547345, 0.06527007, 0.0059450166, 0.0, 0.0, 0.0, 0.0, 0.0, 0.0 ],
  "lightfield_0.8_0.0_0.0_x" : [ 0.028112842, 0.055483975, 0.055810325, 0.075026914, 0.09601936, 0.11903349, 0.11345161, 0.09225573, 0.06923312, 0.05328428, 0.04169245, 0.03795848, 0.035991896, 0.034919597, 0.025930101, 0.019733664, 0.018589314, 0.014829916, 0.009434522, 0.0032084156 ],
  "lightfield_0.8_0.0_0.0_y" : [ 0.0, 0.0, 0.0, 0.0, 0.008459706, 0.03232998, 0.062460266, 0.0987107, 0.14119571, 0.17006299, 0.16429462, 0.12173755, 0.09238711, 0.06041739, 0.03321155, 0.014732434, 0.0, 0.0, 0.0, 0.0 ],
  "lightfield_0.0_0.6_0.0_x" : [ 0.0, 0.0, 0.0, 0.010184655, 0.05707845, 0.10116913, 0.13616137, 0.34628996, 0.2473166, 0.08621918, 0.012450508, 0.0031301463, 0.0, 0.0, 0.0, 0.0, 0.0, 0.0, 0.0, 0.0 ],
  "lightfield_0.0_0.6_0.0_y" : [ 0.0, 0.0, 3.1535057E-4, 0.01503171, 0.02571859, 0.041719712, 0.06364241, 0.09536435, 0.12258961, 0.15184714, 0.14461744, 0.11381819, 0.08823976, 0.06276644, 0.037468318, 0.021303684, 0.0153821, 1.7519476E-4, 0.0, 0.0 ],
  "lightfield_0.6_0.0_0.0_y" : [ 0.0, 0.0, 0.0, 0.0, 0.0, 0.0, 0.01959088, 0.028073372, 0.12899818, 0.33635223, 0.33237892, 0.13830748, 0.016298939, 0.0, 0.0, 0.0, 0.0, 0.0, 0.0, 0.0 ],
  "lightfield_0.6_0.0_0.0_x" : [ 0.02014209, 0.04272634, 0.048460443, 0.0922203, 0.094448105, 0.08141048, 0.076679274, 0.062317222, 0.049111176, 0.045765646, 0.043744545, 0.043989528, 0.04433403, 0.046263263, 0.048690114, 0.050366707, 0.046355132, 0.033562493, 0.021956485, 0.0074566305 ],
  "lightfield_0.0_0.4_0.0_x" : [ 0.0, 0.0, 0.0, 0.0, 0.0052821203, 0.14791971, 0.29292867, 0.24782202, 0.14301416, 0.102578975, 0.044557076, 0.015897248, 0.0, 0.0, 0.0, 0.0, 0.0, 0.0, 0.0, 0.0 ],
  "lightfield_0.0_0.4_0.0_y" : [ 0.0, 0.0, 3.6638984E-4, 0.014848966, 0.027092492, 0.0433256, 0.06888129, 0.09638088, 0.117997885, 0.14331949, 0.13528945, 0.11404902, 0.089836754, 0.06786354, 0.04101531, 0.023418417, 0.016100798, 2.1372741E-4, 0.0, 0.0 ],
  "lightfield_0.0_0.2_0.0_y" : [ 0.0, 0.0, 3.4869154E-4, 0.015708338, 0.028136395, 0.044869285, 0.069350876, 0.094783835, 0.11796536, 0.14361356, 0.13664404, 0.11340224, 0.08761198, 0.06613947, 0.041558865, 0.023237493, 0.01642294, 2.0663203E-4, 0.0, 0.0 ],
  "lightfield_0.0_0.2_0.0_x" : [ 0.0, 0.02525646, 0.065773554, 0.065868266, 0.08485688, 0.14437982, 0.14292909, 0.11289427, 0.08165839, 0.061072677, 0.049333397, 0.04601437, 0.043143045, 0.027882408, 0.021317538, 0.017546503, 0.00919943, 8.738813E-4, 0.0, 0.0 ],
  "a3" : [ 0.14871909, 0.16417141, 0.13194813, 0.104874894, 0.08570254, 0.070725344, 0.040321883, 0.0, 0.0, 0.0, 0.0, 0.0, 0.0, 0.0072312625, 0.028224735, 0.036252607, 0.040321883, 0.042777818, 0.04626028, 0.052468136 ],
  "lightfield_0.4_0.0_0.0_y" : [ 0.0, 0.0, 0.0, 0.0, 0.0, 0.0, 0.007251199, 0.029677903, 0.13661014, 0.34183896, 0.32469767, 0.13733679, 0.022587331, 0.0, 0.0, 0.0, 0.0, 0.0, 0.0, 0.0 ],
  "lightfield_0.4_0.0_0.0_x" : [ 0.01969603, 0.045381185, 0.05338963, 0.07729258, 0.087106176, 0.084956825, 0.08138476, 0.0662781, 0.05019237, 0.045985453, 0.044600993, 0.044731025, 0.045006387, 0.046459686, 0.04898384, 0.04998585, 0.046008397, 0.033555917, 0.021715352, 0.0072894436 ],