{
  "eccentricity_minmax" : 0.0027224263,
  "compactness" : 27.644558,
  "eccentricity" : 2.2779632,
  "compactness_standardized" : -0.06492708,
  "convexity_minmax" : 0.17451213,
  "diameter_standardized" : -0.4985567,
  "surface_area_minmax" : 0.039742228,
  "convexity" : 0.334848,
  "diameter_minmax" : 0.027831651,
  "rectangularity _standardized" : -0.36551687,
  "convexity_standardized" : 0.0019846526,
  "diameter" : 1.0147631,
  "surface_area" : 0.8270224,
  "rectangularity " : 0.0019415698,
  "compactness_minmax" : 6.906284E-6,
  "surface_area_standardized" : -0.468414,
  "rectangularity _minmax" : 0.003498782,
  "eccentricity_standardized" : -0.30686706,
  "lightfield_0.0_0.0_0.6_y" : [ 0.019160338, 0.059970874, 0.0770351, 0.08667896, 0.0914676, 0.09269226, 0.088511616, 0.08014742, 0.070060596, 0.0630803, 0.05495352, 0.051334538, 0.0438997, 0.035749752, 0.026016138, 0.021369364, 0.016589414, 0.011838414, 0.0070960997, 0.0023479955 ],
  "lightfield_0.0_0.0_0.6_x" : [ 0.0, 0.0, 0.0, 0.018728955, 0.074753694, 0.13347673, 0.12329148, 0.11164125, 0.10268934, 0.09383007, 0.08466681, 0.07052383, 0.06012432, 0.049307905, 0.03931083, 0.027874846, 0.009779937, 0.0, 0.0, 0.0 ],
  "lightfield_0.0_0.0_0.8_y" : [ 0.0, 0.007885285, 0.026686376, 0.037634317, 0.04610049, 0.051958837, 0.05875897, 0.06740065, 0.07317001, 0.08237033, 0.0886489, 0.09365197, 0.09407219, 0.09722878, 0.07845488, 0.052416135, 0.02794209, 0.013496445, 0.0021233417, 0.0 ],
  "lightfield_0.0_0.0_0.8_x" : [ 0.0029093984, 0.008841901, 0.01469036, 0.020583313, 0.028186806, 0.040227313, 0.045307018, 0.0505474, 0.06897276, 0.08249145, 0.08725723, 0.08508198, 0.08024699, 0.076482326, 0.071372956, 0.06729436, 0.05907784, 0.049420223, 0.04113449, 0.019873885 ],
  "lightfield_0.0_0.0_0.2_y" : [ 0.0, 0.007316143, 0.026125541, 0.036588147, 0.046404116, 0.051639132, 0.058462247, 0.066776834, 0.073617294, 0.08232085, 0.08870049, 0.09346973, 0.09398753, 0.097520486, 0.08057667, 0.052640054, 0.028419733, 0.013452982, 0.001982023, 0.0 ],
  "lightfield_0.0_0.0_0.2_x" : [ 0.020513939, 0.04143667, 0.049882565, 0.06024359, 0.06694531, 0.07200194, 0.07696443, 0.08060392, 0.08534591, 0.08694392, 0.08163457, 0.067879334, 0.050174914, 0.04550477, 0.040158264, 0.027537733, 0.020206725, 0.014503454, 0.008614368, 0.0029036638 ],
  "lightfield_0.0_0.0_0.4_y" : [ 0.02181655, 0.060501803, 0.07693613, 0.08622197, 0.09097709, 0.092355005, 0.08810906, 0.08000553, 0.07012997, 0.063116685, 0.054774385, 0.051100895, 0.04340872, 0.035604358, 0.026013589, 0.021264233, 0.016512, 0.011797162, 0.0070391744, 0.002315707 ],
  "lightfield_0.0_0.0_0.4_x" : [ 0.0, 0.0, 0.0, 0.012165373, 0.02898805, 0.040057417, 0.051279247, 0.059621546, 0.07125761, 0.0850109, 0.09501878, 0.10220179, 0.111832835, 0.12312658, 0.13296475, 0.07061612, 0.015858999, 0.0, 0.0, 0.0 ],
  "lightfield_0.0_0.0_0.0_y" : [ 0.0, 0.0, 0.0, 0.016637998, 0.03482413, 0.048959013, 0.07116377, 0.09133401, 0.1077733, 0.13242185, 0.13047928, 0.10594638, 0.091446705, 0.06956225, 0.048629813, 0.034512725, 0.016308796, 0.0, 0.0, 0.0 ],
  "lightfield_0.0_0.0_0.0_x" : [ 0.023827037, 0.078355774, 0.099056885, 0.10128122, 0.098410346, 0.088783436, 0.07894893, 0.069040276, 0.059098996, 0.05412836, 0.053529274, 0.04807521, 0.040835757, 0.028317219, 0.023936769, 0.0196186, 0.015205529, 0.010851771, 0.006521739, 0.0021768787 ],
  "d1" : [ 0.0188756, 0.0293051, 0.0382586, 0.0951999, 0.1295057, 0.1366208, 0.1045704, 0.0879522, 0.1050721, 0.0998484, 0.0585453, 0.0346763, 0.0146147, 0.0130712, 0.0096564, 0.0084367, 0.0046485, 0.0049843, 0.0038285, 0.0023293 ],
  "d2" : [ 0.02026696, 0.05028363, 0.07247683, 0.08848904, 0.09918362, 0.10575167, 0.11819996, 0.109034844, 0.091101594, 0.07152426, 0.054411754, 0.040644836, 0.028726544, 0.018891318, 0.013062694, 0.008796644, 0.0052543227, 0.002744782, 0.0010805897, 7.411301E-5 ],
  "d3" : [ 0.007476172, 0.04225761, 0.0815248, 0.11776643, 0.13399997, 0.13261111, 0.12310393, 0.109328136, 0.09051842, 0.0672295, 0.043100808, 0.024650106, 0.013559662, 0.0071108206, 0.0034861837, 0.0014873659, 5.701133E-4, 1.6934358E-4, 4.3166012E-5, 6.3390644E-6 ],
  "d4" : [ 9.15146E-7, 3.965633E-6, 1.616758E-5, 5.2773423E-5, 1.6442123E-4, 5.2214164E-4, 0.0016281465, 0.005435256, 0.027753938, 0.29674402, 0.61469555, 0.042583473, 0.0073517747, 0.002096498, 6.623624E-4, 2.0397588E-4, 6.172152E-5, 1.7286091E-5, 4.3723644E-6, 1.2201947E-6 ],
  "lightfield_0.0_0.8_0.0_y" : [ 0.0, 0.0, 0.017402813, 0.029953677, 0.040589668, 0.055058222, 0.07496445, 0.09272207, 0.10306521, 0.120890416, 0.110693716, 0.09447644, 0.08608479, 0.06410036, 0.045295186, 0.034898553, 0.023299495, 0.006504935, 0.0, 0.0 ],
  "lightfield_0.0_0.8_0.0_x" : [ 0.0026498458, 0.007887586, 0.01319291, 0.018357433, 0.023645861, 0.028861074, 0.045188177, 0.051833913, 0.05759261, 0.058502175, 0.06768793, 0.07969249, 0.09150557, 0.10323698, 0.10855638, 0.106872424, 0.08298157, 0.036441717, 0.010140377, 0.005172972 ],
  "lightfield_0.8_0.0_0.0_x" : [ 0.031584967, 0.07833835, 0.098035336, 0.10026546, 0.09737709, 0.0879962, 0.078302376, 0.06849705, 0.058860768, 0.053979684, 0.053429347, 0.048062675, 0.040728457, 0.027685855, 0.023481, 0.01923658, 0.014923817, 0.010708171, 0.0063486467, 0.00215818 ],
  "lightfield_0.8_0.0_0.0_y" : [ 0.0, 0.0, 0.0, 0.0, 0.01356776, 0.04255212, 0.07298606, 0.106351525, 0.12727869, 0.16501087, 0.14629224, 0.113941126, 0.09625484, 0.061878625, 0.041030604, 0.0128555605, 0.0, 0.0, 0.0, 0.0 ],
  "lightfield_0.0_0.6_0.0_x" : [ 0.0, 0.0, 0.0028747725, 0.022227407, 0.05875368, 0.09336344, 0.11258692, 0.14915903, 0.19653444, 0.20164654, 0.09682983, 0.03470975, 0.011361601, 0.010357513, 0.008840967, 7.5410696E-4, 0.0, 0.0, 0.0, 0.0 ],
  "lightfield_0.0_0.6_0.0_y" : [ 0.013298947, 0.01967761, 0.025527146, 0.031076707, 0.03915107, 0.0505335, 0.06698637, 0.0855099, 0.07889792, 0.09154692, 0.09063866, 0.07757719, 0.08194768, 0.07087772, 0.04986272, 0.038071986, 0.030868389, 0.025347993, 0.019535953, 0.013065632 ],
  "lightfield_0.6_0.0_0.0_y" : [ 0.0, 0.0, 0.0, 0.0, 0.0, 0.0, 2.0975861E-4, 0.03642539, 0.07264909, 0.21949625, 0.34020427, 0.23560733, 0.0954079, 0.0, 0.0, 0.0, 0.0, 0.0, 0.0, 0.0 ],
  "lightfield_0.6_0.0_0.0_x" : [ 0.06420227, 0.10997806, 0.097852394, 0.08816316, 0.08561379, 0.07766716, 0.06947044, 0.06120111, 0.053052794, 0.04989835, 0.0495111, 0.047542598, 0.043145735, 0.027276687, 0.023170259, 0.018918613, 0.014481412, 0.01031851, 0.0063169613, 0.0022186008 ],
  "lightfield_0.0_0.4_0.0_x" : [ 0.0, 0.0, 0.0, 0.0471209, 0.12473545, 0.18289235, 0.171146, 0.13577878, 0.103190705, 0.09250254, 0.07145211, 0.039643947, 0.023727052, 0.0078101545, 0.0, 0.0, 0.0, 0.0, 0.0, 0.0 ],
  "lightfield_0.0_0.4_0.0_y" : [ 0.0136577, 0.020420643, 0.026839396, 0.032664973, 0.041236736, 0.053451773, 0.065483734, 0.07145211, 0.08263092, 0.09456401, 0.09332274, 0.081792414, 0.07095047, 0.065582596, 0.052917182, 0.040196847, 0.03242331, 0.026583085, 0.020354735, 0.013474622 ],
  "lightfield_0.0_0.2_0.0_y" : [ 0.0, 0.008089115, 0.02277105, 0.033048164, 0.042513486, 0.058991935, 0.07449527, 0.082642026, 0.09990105, 0.11539237, 0.10563404, 0.08847589, 0.07661362, 0.066074714, 0.046493195, 0.036559533, 0.026938098, 0.015366436, 0.0, 0.0 ],
  "lightfield_0.0_0.2_0.0_x" : [ 0.039636184, 0.07923394, 0.097739466, 0.09907244, 0.09634405, 0.08689794, 0.077264495, 0.06759503, 0.057858307, 0.05284584, 0.052336667, 0.047069617, 0.041653655, 0.027725874, 0.023462756, 0.019192433, 0.014857263, 0.010668601, 0.00644151, 0.0021039385 ],
  "a3" : [ 0.14122078, 0.16112031, 0.13865808, 0.11525999, 0.09421349, 0.07702155, 0.04306368, 0.0, 0.0, 0.0, 0.0, 0.0, 0.0, 0.006874967, 0.02242258, 0.029828016, 0.033467542, 0.038084596, 0.04467652, 0.05408792 ],
  "lightfield_0.4_0.0_0.0_y" : [ 0.0, 0.0, 0.0, 0.0, 0.0, 0.0, 4.0204883E-5, 0.03599141, 0.07625258, 0.22929649, 0.33572686, 0.23026945, 0.092422985, 0.0, 0.0, 0.0, 0.0, 0.0, 0.0, 0.0 ],