{
  "eccentricity_minmax" : 0.012197712,
  "compactness" : 277.20703,
  "eccentricity" : 6.723323,
  "compactness_standardized" : -0.06326116,
  "convexity_minmax" : 0.073094115,
  "diameter_standardized" : -0.600079,
  "surface_area_minmax" : 0.02585965,
  "convexity" : 0.14084643,
  "diameter_minmax" : 0.011461044,
  "rectangularity _standardized" : -0.4024877,
  "convexity_standardized" : -0.692565,
  "diameter" : 1.0060794,
  "surface_area" : 0.5436608,
  "rectangularity " : 1.6366284E-4,
  "compactness_minmax" : 7.030377E-5,
  "surface_area_standardized" : -0.64180595,
  "rectangularity _minmax" : 2.9487885E-4,
  "eccentricity_standardized" : -0.105910495,
  "lightfield_0.0_0.0_0.6_y" : [ 0.0050340868, 0.01643973, 0.061882734, 0.10123902, 0.13666958, 0.12566023, 0.11100998, 0.09570957, 0.0752079, 0.059183028, 0.046817627, 0.03658846, 0.028625565, 0.020247804, 0.017275648, 0.016198242, 0.015164181, 0.013993895, 0.011368492, 0.005684246 ],
  "lightfield_0.0_0.0_0.6_x" : [ 0.0, 0.0, 0.0, 0.0, 0.0064272843, 0.058483336, 0.18173487, 0.18003827, 0.14885542, 0.12148063, 0.118576586, 0.08175902, 0.05999418, 0.03549867, 0.007151747, 0.0, 0.0, 0.0, 0.0, 0.0 ],
  "lightfield_0.0_0.0_0.8_y" : [ 0.0, 0.0013230147, 0.016876737, 0.037305225, 0.06422075, 0.08006848, 0.08093626, 0.09437031, 0.10931232, 0.1259235, 0.1312772, 0.10187688, 0.051066473, 0.03207955, 0.023648296, 0.02139111, 0.018232945, 0.010090951, 0.0, 0.0 ],
  "lightfield_0.0_0.0_0.8_x" : [ 0.0051308316, 0.011513548, 0.014116899, 0.015458882, 0.016615927, 0.017635455, 0.022448573, 0.030832408, 0.04075739, 0.053764664, 0.07362411, 0.09705902, 0.10883812, 0.11634943, 0.10548079, 0.08836221, 0.07406037, 0.060654774, 0.03715822, 0.010138371 ],
  "lightfield_0.0_0.0_0.2_y" : [ 0.0, 0.0024622602, 0.018324448, 0.036961935, 0.06535502, 0.079516515, 0.08104433, 0.0948414, 0.10961496, 0.12608454, 0.12986904, 0.10134513, 0.049969397, 0.031701013, 0.023305036, 0.021207208, 0.01809551, 0.010152735, 1.4951105E-4, 0.0 ],
  "lightfield_0.0_0.0_0.2_x" : [ 0.009409851, 0.037639406, 0.061645277, 0.074349046, 0.087015435, 0.10391018, 0.11610935, 0.10691909, 0.09493017, 0.07491438, 0.054678995, 0.041550055, 0.031444043, 0.022931257, 0.018030098, 0.01655835, 0.015586527, 0.014362405, 0.011736617, 0.0062794643 ],
  "lightfield_0.0_0.0_0.4_y" : [ 0.005056022, 0.016903343, 0.061577354, 0.100415096, 0.13511439, 0.1273306, 0.11428482, 0.09545894, 0.07507881, 0.058893293, 0.04645298, 0.036291003, 0.02836366, 0.020093005, 0.017340282, 0.016166786, 0.015080678, 0.013844761, 0.0112043945, 0.00504978 ],
  "lightfield_0.0_0.0_0.4_x" : [ 0.0, 0.0, 0.0, 0.0, 3.8076215E-4, 0.019943198, 0.050023407, 0.067756936, 0.102468714, 0.117449515, 0.13400955, 0.16358416, 0.1991074, 0.12077026, 0.024506101, 0.0, 0.0, 0.0, 0.0, 0.0 ],
  "lightfield_0.0_0.0_0.0_y" : [ 0.0, 0.0, 0.0, 0.0, 0.0, 0.005913742, 0.052886732, 0.08418143, 0.1231915, 0.23256133, 0.23245819, 0.123081475, 0.08387887, 0.055486027, 0.0063607106, 0.0, 0.0, 0.0, 0.0, 0.0 ],
  "lightfield_0.0_0.0_0.0_x" : [ 0.0050816922, 0.009393223, 0.028819177, 0.14471476, 0.1396812, 0.13043927, 0.11203103, 0.09087908, 0.0724846, 0.05731516, 0.04598966, 0.03592942, 0.028269062, 0.020031082, 0.017411156, 0.016022114, 0.014997524, 0.013814776, 0.011242986, 0.0054530203 ],
  "d1" : [ 0.0300567, 0.0574092, 0.1075331, 0.1577906, 0.1552534, 0.1228668, 0.1045639, 0.0720077, 0.0471116, 0.0426392, 0.032947, 0.0154594, 0.0111254, 0.0075832, 0.0079401, 0.0072529, 0.0078555, 0.0053055, 0.0043313, 0.0029675 ],
  "d2" : [ 0.040628333, 0.10541401, 0.13890499, 0.14570019, 0.13695435, 0.1065056, 0.07848138, 0.05910548, 0.047585156, 0.038746502, 0.030816512, 0.022758296, 0.017186819, 0.012729435, 0.00865472, 0.0053069317, 0.0027158768, 0.0012269154, 4.7348315E-4, 1.05018444E-4 ],
  "d3" : [ 0.009381916, 0.07041513, 0.14301312, 0.17691463, 0.168323, 0.13500275, 0.10082997, 0.07343766, 0.050016124, 0.031956833, 0.019107953, 0.010963462, 0.0058674584, 0.0028239023, 0.0012429598, 4.796559E-4, 1.5968406E-4, 5.0611896E-5, 1.1671928E-5, 1.5093011E-6 ],
  "d4" : [ 1.1185118E-6, 3.4572183E-6, 1.088007E-5, 4.2300082E-5, 1.1103772E-4, 3.2650377E-4, 0.0010013732, 0.0036886486, 0.021600293, 0.7141227, 0.24130143, 0.0139107285, 0.0027115778, 7.8255153E-4, 2.5796948E-4, 8.4905216E-5, 3.2233478E-5, 7.524534E-6, 2.1353408E-6, 6.1009735E-7 ],
  "lightfield_0.0_0.8_0.0_y" : [ 0.0, 0.0, 0.0, 0.0, 0.010650524, 0.04956967, 0.071837164, 0.100014366, 0.15121655, 0.2683266, 0.13534197, 0.09351696, 0.067318365, 0.04632423, 0.005883582, 0.0, 0.0, 0.0, 0.0, 0.0 ],
  "lightfield_0.0_0.8_0.0_x" : [ 0.006105604, 0.012563831, 0.015221565, 0.016475337, 0.017879298, 0.019753424, 0.02827515, 0.03718215, 0.04862281, 0.06210085, 0.08011075, 0.10234559, 0.12896211, 0.14444488, 0.15506275, 0.09812065, 0.012185088, 0.008371534, 0.004362079, 0.0018545365 ],
  "lightfield_0.8_0.0_0.0_x" : [ 0.02736439, 0.028185086, 0.038987026, 0.1336017, 0.12875567, 0.120079726, 0.10308739, 0.08368766, 0.06666406, 0.052798185, 0.042433955, 0.033132717, 0.027278412, 0.023081131, 0.019939033, 0.018618103, 0.017422229, 0.015905892, 0.012951383, 0.0060262624 ],
  "lightfield_0.8_0.0_0.0_y" : [ 0.0, 0.0, 0.0, 0.0, 0.0, 0.0, 0.019423166, 0.07780209, 0.14853838, 0.34498984, 0.20168829, 0.11806315, 0.07476161, 0.014733469, 0.0, 0.0, 0.0, 0.0, 0.0, 0.0 ],
  "lightfield_0.0_0.6_0.0_x" : [ 0.0037462395, 0.014942387, 0.020528637, 0.023267364, 0.031161902, 0.04942955, 0.07205835, 0.10727868, 0.14710139, 0.19291241, 0.21305792, 0.070076436, 0.017118234, 0.011058975, 0.008797986, 0.007109341, 0.0055342177, 0.0037604298, 0.0010595425, 0.0 ],
  "lightfield_0.0_0.6_0.0_y" : [ 0.0023839707, 0.015202543, 0.025599305, 0.03065578, 0.03861181, 0.043602064, 0.05122699, 0.062380563, 0.076916166, 0.15166594, 0.1512355, 0.07741755, 0.06260761, 0.05137362, 0.043639906, 0.038734794, 0.030698352, 0.025627684, 0.018253457, 0.002166386 ],
  "lightfield_0.6_0.0_0.0_y" : [ 0.0, 0.0, 0.0, 0.0, 0.0, 0.0, 0.0, 0.0, 0.06382132, 0.37286136, 0.44046262, 0.12285472, 0.0, 0.0, 0.0, 0.0, 0.0, 0.0, 0.0, 0.0 ],
  "lightfield_0.6_0.0_0.0_x" : [ 0.0705589, 0.07228308, 0.06444468, 0.09024112, 0.08435237, 0.082429245, 0.07644765, 0.056951113, 0.049722806, 0.045226663, 0.041672193, 0.038979813, 0.03693732, 0.03506724, 0.033621583, 0.031618875, 0.02948354, 0.027626727, 0.022281758, 0.010053317 ],
  "lightfield_0.0_0.4_0.0_x" : [ 0.0, 0.003924093, 0.10515344, 0.19616525, 0.17831852, 0.14087757, 0.10360307, 0.075026385, 0.054236576, 0.037931442, 0.025186898, 0.024070108, 0.021941638, 0.019782512, 0.013725568, 5.693439E-5, 0.0, 0.0, 0.0, 0.0 ],
  "lightfield_0.0_0.4_0.0_y" : [ 0.001948908, 0.014759146, 0.025589818, 0.030919753, 0.039223414, 0.048591312, 0.055782564, 0.064064324, 0.08034318, 0.13565275, 0.13640165, 0.08108771, 0.06418695, 0.056176726, 0.04860883, 0.039219037, 0.03115187, 0.025826314, 0.018310975, 0.0021547477 ],
  "lightfield_0.0_0.2_0.0_y" : [ 0.0, 0.0, 0.0, 0.0019249957, 0.033885345, 0.056491844, 0.07838257, 0.10593441, 0.17761473, 0.2218571, 0.11874783, 0.0863591, 0.063069366, 0.045408208, 0.010324484, 0.0, 0.0, 0.0, 0.0, 0.0 ],
  "lightfield_0.0_0.2_0.0_x" : [ 0.0058617475, 0.009576175, 0.08327911, 0.14034574, 0.1327542, 0.12405648, 0.1026104, 0.08334418, 0.06626865, 0.05306481, 0.042539693, 0.033408165, 0.026320927, 0.018409466, 0.016994188, 0.01594764, 0.014841446, 0.013805743, 0.01128427, 0.00528696 ],
  "a3" : [ 0.20596808, 0.17001301, 0.116234094, 0.087892435, 0.07192856, 0.060742326, 0.03528273, 0.0, 0.0, 0.0, 0.0, 0.0, 0.0, 0.011315733, 0.035364635, 0.03719572, 0.0386368, 0.040065303, 0.04234968, 0.047010906 ],
  "lightfield_0.4_0.0_0.0_y" : [ 0.0, 0.0, 0.0, 0.0, 0.0, 0.0, 0.0, 0.0, 0.06377684, 0.36529535, 0.44720048, 0.12372734, 0.0, 0.0, 0.0, 0.0, 0.0, 0.0, 0.0, 0.0 ],