{
  "eccentricity_minmax" : 0.013382132,
  "compactness" : 43.607185,
  "eccentricity" : 7.278997,
  "compactness_standardized" : -0.064804226,
  "convexity_minmax" : 0.101183325,
  "diameter_standardized" : -0.666305,
  "surface_area_minmax" : 0.023036152,
  "convexity" : 0.194578,
  "diameter_minmax" : 8.686014E-4,
  "rectangularity _standardized" : -0.39386636,
  "convexity_standardized" : -0.5007884,
  "diameter" : 1.0004607,
  "surface_area" : 0.48602948,
  "rectangularity " : 6.018461E-4,
  "compactness_minmax" : 1.0961343E-5,
  "surface_area_standardized" : -0.677494,
  "rectangularity _minmax" : 0.0010845133,
  "eccentricity_standardized" : -0.080661,
  "lightfield_0.0_0.0_0.6_y" : [ 0.0, 0.0, 0.0, 0.0063853646, 0.03935084, 0.08555326, 0.09767483, 0.13000295, 0.12440838, 0.10678076, 0.089005604, 0.07146651, 0.054098554, 0.047152553, 0.04742402, 0.036588963, 0.021823546, 0.0142874, 0.014257893, 0.013738566 ],
  "lightfield_0.0_0.0_0.6_x" : [ 0.0, 0.0, 0.0, 0.026863381, 0.16088521, 0.17739156, 0.1558926, 0.1314429, 0.12645619, 0.10500442, 0.057362054, 0.038595457, 0.017769253, 0.0023369726, 0.0, 0.0, 0.0, 0.0, 0.0, 0.0 ],
  "lightfield_0.0_0.0_0.8_y" : [ 0.0, 0.0, 0.0, 0.0069514485, 0.02490684, 0.046975125, 0.098244324, 0.102544434, 0.10214583, 0.11497974, 0.13638972, 0.16284871, 0.107502855, 0.05181879, 0.038592316, 0.006099881, 0.0, 0.0, 0.0, 0.0 ],
  "lightfield_0.0_0.0_0.8_x" : [ 0.017206496, 0.02596979, 0.05228987, 0.04618999, 0.07023318, 0.087469876, 0.1149133, 0.13778484, 0.122064054, 0.10130634, 0.090942584, 0.08631634, 0.042342838, 0.004970497, 0.0, 0.0, 0.0, 0.0, 0.0, 0.0 ],
  "lightfield_0.0_0.0_0.2_y" : [ 0.0, 0.0, 0.0, 0.0053248876, 0.022320444, 0.044913515, 0.09452546, 0.097976774, 0.09979814, 0.11363241, 0.13336001, 0.157322, 0.09902087, 0.050075985, 0.038544532, 0.022192832, 0.017622015, 0.0033701088, 0.0, 0.0 ],
  "lightfield_0.0_0.0_0.2_x" : [ 0.004060372, 0.031943526, 0.07930487, 0.08769243, 0.09116695, 0.109345816, 0.12910242, 0.11754197, 0.09122495, 0.071793176, 0.049310315, 0.04902029, 0.029176673, 0.016954953, 0.016670726, 0.014918966, 0.009565076, 0.0012065105, 0.0, 0.0 ],
  "lightfield_0.0_0.0_0.4_y" : [ 0.0, 0.0, 0.0, 0.0068410416, 0.035318866, 0.082558, 0.10225619, 0.13479386, 0.12379869, 0.10623354, 0.0885034, 0.07088521, 0.053396657, 0.045936916, 0.04930146, 0.036114335, 0.021807661, 0.014241858, 0.014206504, 0.0138058225 ],
  "lightfield_0.0_0.0_0.4_x" : [ 7.129768E-4, 0.016439712, 0.03460589, 0.054728333, 0.09024165, 0.12645026, 0.13049832, 0.14695571, 0.17117335, 0.17759013, 0.050603673, 0.0, 0.0, 0.0, 0.0, 0.0, 0.0, 0.0, 0.0, 0.0 ],
  "lightfield_0.0_0.0_0.0_y" : [ 0.0, 0.0, 0.0, 0.0, 0.0010272721, 0.021305738, 0.049378704, 0.078455724, 0.120527446, 0.22115949, 0.22511187, 0.12459591, 0.08214694, 0.050893493, 0.024085756, 0.0013116581, 0.0, 0.0, 0.0, 0.0 ],
  "lightfield_0.0_0.0_0.0_x" : [ 0.010545499, 0.02655237, 0.064961895, 0.14312163, 0.12782282, 0.11257044, 0.097439945, 0.0820889, 0.066958405, 0.05165379, 0.03691795, 0.052971255, 0.03547861, 0.02648853, 0.013865271, 0.013273284, 0.013459004, 0.012013859, 0.009036512, 0.0027800186 ],
  "d1" : [ 0.0782727, 0.087263, 0.1061726, 0.108985, 0.0917335, 0.0959902, 0.1152515, 0.0834819, 0.0773073, 0.0582758, 0.0196265, 0.0151906, 0.0113239, 0.0110488, 0.009987, 0.0076518, 0.0069211, 0.0065518, 0.0048514, 0.0041136 ],
  "d2" : [ 0.024291465, 0.082828544, 0.12321204, 0.13483548, 0.130407, 0.11178623, 0.08586648, 0.06869716, 0.055573057, 0.04579164, 0.03821611, 0.030084683, 0.02266328, 0.016422784, 0.011862283, 0.008215543, 0.0053069317, 0.0026742695, 0.0011291982, 1.3582385E-4 ],
  "d3" : [ 0.0063491263, 0.04350641, 0.09813013, 0.14561465, 0.1704342, 0.16464482, 0.13330227, 0.09127659, 0.059271965, 0.037666015, 0.023048336, 0.013394041, 0.0071772295, 0.0035119425, 0.0016098205, 6.711359E-4, 2.6000227E-4, 9.709837E-5, 2.968292E-5, 4.527903E-6 ],
  "d4" : [ 1.3218776E-6, 3.2538526E-6, 1.1388484E-5, 3.691089E-5, 1.0605526E-4, 3.59449E-4, 0.0011627439, 0.0050649266, 0.03934416, 0.77881956, 0.15951931, 0.012475881, 0.0022505475, 5.8274466E-4, 1.7794507E-4, 5.7552515E-5, 1.8811335E-5, 4.779096E-6, 2.033658E-6, 6.1009735E-7 ],
  "lightfield_0.0_0.8_0.0_y" : [ 0.0, 0.0, 0.0, 0.0, 0.0010260434, 0.021773245, 0.050494917, 0.08026526, 0.123600505, 0.21685728, 0.21675166, 0.12746325, 0.084135555, 0.051905725, 0.024443975, 0.0012825542, 0.0, 0.0, 0.0, 0.0 ],
  "lightfield_0.0_0.8_0.0_x" : [ 0.01727676, 0.025756707, 0.040189214, 0.067711316, 0.054931045, 0.07939011, 0.104332015, 0.1296436, 0.15484956, 0.17998762, 0.09435827, 0.034372453, 0.016461961, 6.186438E-4, 1.2071099E-4, 0.0, 0.0, 0.0, 0.0, 0.0 ],
  "lightfield_0.8_0.0_0.0_x" : [ 0.012675006, 0.045797866, 0.069036484, 0.13316415, 0.11903715, 0.1049701, 0.09054337, 0.07638306, 0.062302683, 0.048162356, 0.035647206, 0.050759967, 0.034748033, 0.028866775, 0.022938896, 0.020168113, 0.015845422, 0.013867242, 0.010623559, 0.004462561 ],
  "lightfield_0.8_0.0_0.0_y" : [ 0.0, 0.0, 0.0, 0.0, 0.0, 0.0, 0.0205078, 0.062202774, 0.13267128, 0.26503617, 0.2595279, 0.13175212, 0.07927374, 0.041415233, 0.0076129963, 0.0, 0.0, 0.0, 0.0, 0.0 ],
  "lightfield_0.0_0.6_0.0_x" : [ 0.0, 0.0, 9.73615E-5, 0.0290332, 0.055982865, 0.122013435, 0.24848603, 0.41563627, 0.093642294, 0.03154513, 0.0020445916, 0.0012462272, 2.726122E-4, 0.0, 0.0, 0.0, 0.0, 0.0, 0.0, 0.0 ],
  "lightfield_0.0_0.6_0.0_y" : [ 0.0, 0.0, 0.0, 0.0, 8.9572585E-4, 0.0191218, 0.04441632, 0.07185279, 0.10803232, 0.24977121, 0.2506864, 0.109453805, 0.07635089, 0.046441436, 0.021789504, 0.0011878103, 0.0, 0.0, 0.0, 0.0 ],
  "lightfield_0.6_0.0_0.0_y" : [ 0.0, 0.0, 0.0, 0.0, 0.0, 0.0, 2.2491248E-4, 0.02868123, 0.11368837, 0.39261895, 0.37187812, 0.09106022, 0.0018481938, 0.0, 0.0, 0.0, 0.0, 0.0, 0.0, 0.0 ],
  "lightfield_0.6_0.0_0.0_x" : [ 0.017220473, 0.0937005, 0.09405253, 0.0976218, 0.08298293, 0.07319435, 0.06665233, 0.05130938, 0.04755432, 0.045657232, 0.045901705, 0.04545188, 0.044914044, 0.04444466, 0.043985058, 0.036738966, 0.025307544, 0.020310575, 0.01569498, 0.007304766 ],
  "lightfield_0.0_0.4_0.0_x" : [ 0.0, 0.0, 0.0, 0.0, 0.045273665, 0.30929938, 0.28305826, 0.15924065, 0.10975928, 0.067486465, 0.025882315, 0.0, 0.0, 0.0, 0.0, 0.0, 0.0, 0.0, 0.0, 0.0 ],
  "lightfield_0.0_0.4_0.0_y" : [ 0.0, 0.0, 0.0, 0.0, 9.948463E-4, 0.020777611, 0.048307132, 0.076016046, 0.11682106, 0.22989106, 0.23303868, 0.12080044, 0.079261534, 0.04936721, 0.02346859, 0.0012557897, 0.0, 0.0, 0.0, 0.0 ],
  "lightfield_0.0_0.2_0.0_y" : [ 0.0, 0.0, 0.0, 0.0, 0.0010293253, 0.021482788, 0.049652692, 0.07852282, 0.12087219, 0.22035263, 0.2243859, 0.12503852, 0.08233902, 0.050997116, 0.02402459, 0.0013024115, 0.0, 0.0, 0.0, 0.0 ],
  "lightfield_0.0_0.2_0.0_x" : [ 0.0, 0.009480996, 0.034310844, 0.14204688, 0.1595174, 0.13746744, 0.11543147, 0.09314343, 0.071219504, 0.04911352, 0.05386102, 0.04679579, 0.03097779, 0.016175112, 0.0161401, 0.014438563, 0.008878806, 0.0010013165, 0.0, 0.0 ],
  "a3" : [ 0.1773967, 0.17306784, 0.12137528, 0.09328205, 0.07677372, 0.06476944, 0.03787249, 0.0, 0.0, 0.0, 0.0, 0.0, 0.0, 0.0084260255, 0.030627845, 0.038579445, 0.039809123, 0.04208817, 0.04572468, 0.0502072 ],
  "lightfield_0.4_0.0_0.0_y" : [ 0.0, 0.0, 0.0, 0.0, 0.0, 0.0, 4.0079377E-4, 0.03045055, 0.11669941, 0.39428332, 0.3701477, 0.086952694, 0.0010655249, 0.0, 0.0, 0.0, 0.0, 0.0, 0.0, 0.0 ],
  "lightfield_0.4_0.0_0.0_x" : [ 0.017146153, 0.093834616, 0.09693344, 0.09673793, 0.0821725, 0.07232861, 0.06606254, 0.05097901, 0.047010176, 0.04581757, 0.045807794, 0.045465656, 0.04495733, 0.044888902, 0.044116642, 0.036961004, 0.025289109, 0.020420931, 0.01583624, 0.0072338386 ],
  "lightfield_0.2_0.0_0.0_x" : [ 0.012605912, 0.0462239, 0.071242094, 0.13288954, 0.1185343, 0.10448618, 0.090411365, 0.076203, 0.062041383, 0.047939856, 0.03547416, 0.050109833, 0.034813147, 0.028830681, 0.02292166, 0.020417837, 0.016144648, 0.013767686, 0.010582823, 0.0043599894 ],