{
  "eccentricity_minmax" : 0.003154056,
  "compactness" : 129.48334,
  "eccentricity" : 2.4804635,
  "compactness_standardized" : -0.06423083,
  "convexity_minmax" : 0.028389985,
  "diameter_standardized" : -0.66917086,
  "surface_area_minmax" : 0.02595146,
  "convexity" : 0.05533233,
  "diameter_minmax" : 4.0632117E-4,
  "rectangularity _standardized" : -0.3918521,
  "convexity_standardized" : -0.9991494,
  "diameter" : 1.0002155,
  "surface_area" : 0.5455348,
  "rectangularity " : 6.9870945E-4,
  "compactness_minmax" : 3.2776854E-5,
  "surface_area_standardized" : -0.641077,
  "rectangularity _minmax" : 0.0012590673,
  "eccentricity_standardized" : -0.29763234,
  "lightfield_0.0_0.0_0.6_y" : [ 1.6167681E-4, 0.016092617, 0.026705546, 0.03534948, 0.041787684, 0.053457286, 0.0716748, 0.10797702, 0.1788723, 0.10539019, 0.082680374, 0.08250715, 0.05642521, 0.050189104, 0.032381557, 0.020019054, 0.01544591, 0.014539366, 0.0063920086, 0.0019516702 ],
  "lightfield_0.0_0.0_0.6_x" : [ 0.015111009, 0.014839622, 0.015630685, 0.016323585, 0.016571874, 0.020931374, 0.040020786, 0.10122124, 0.1395271, 0.11983139, 0.11585876, 0.13745995, 0.13322747, 0.031093918, 0.018598609, 0.019291509, 0.016820163, 0.01925109, 0.0083898725, 0.0 ],
  "lightfield_0.0_0.0_0.8_y" : [ 0.0, 0.0, 0.0016701606, 0.02595084, 0.042439356, 0.07819807, 0.12970813, 0.12101177, 0.096921146, 0.08542007, 0.09147873, 0.09100647, 0.07162685, 0.055576034, 0.041270245, 0.025634086, 0.0146513395, 0.016062338, 0.010879081, 4.95289E-4 ],
  "lightfield_0.0_0.0_0.8_x" : [ 0.0, 0.0021712088, 0.015233017, 0.03444562, 0.039888043, 0.04632104, 0.05635928, 0.06858601, 0.08069755, 0.076130524, 0.09092584, 0.11306411, 0.12561911, 0.12173167, 0.060851436, 0.03865558, 0.025409477, 0.0039104796, 0.0, 0.0 ],
  "lightfield_0.0_0.0_0.2_y" : [ 0.0, 0.0, 0.0026340513, 0.026035033, 0.041937325, 0.07925785, 0.1287688, 0.120728314, 0.09559243, 0.085696004, 0.092831574, 0.09181139, 0.07127501, 0.054911613, 0.040208187, 0.024928385, 0.016409505, 0.01591382, 0.010657244, 4.0346518E-4 ],
  "lightfield_0.0_0.0_0.2_x" : [ 0.0, 0.0013256713, 0.023026334, 0.03674415, 0.051764585, 0.11797322, 0.13033079, 0.11491841, 0.095246606, 0.074871615, 0.080750674, 0.069309555, 0.06073304, 0.046231348, 0.03902661, 0.03543577, 0.01909543, 0.003216194, 0.0, 0.0 ],
  "lightfield_0.0_0.0_0.4_y" : [ 1.7876399E-4, 0.01635979, 0.026653135, 0.035487536, 0.04185961, 0.05376183, 0.07069251, 0.109622695, 0.17611714, 0.105591856, 0.083684616, 0.08125688, 0.057175644, 0.051155336, 0.032673445, 0.01983127, 0.015292971, 0.014479883, 0.0062567396, 0.0018683721 ],
  "lightfield_0.0_0.0_0.4_x" : [ 0.0032465847, 0.020967286, 0.01824546, 0.01941031, 0.019364176, 0.025315288, 0.11619083, 0.14194438, 0.11752291, 0.11666369, 0.13735995, 0.11111047, 0.049978953, 0.020430993, 0.018476123, 0.016463587, 0.013188169, 0.014589448, 0.015327571, 0.004203837 ],
  "lightfield_0.0_0.0_0.0_y" : [ 0.012849706, 0.0155591555, 0.014106429, 0.015801277, 0.017916953, 0.018176368, 0.030097943, 0.057250082, 0.08980959, 0.22729395, 0.2251725, 0.0897923, 0.059048694, 0.029999942, 0.019525327, 0.016954234, 0.016567992, 0.015956925, 0.015547626, 0.012572996 ],
  "lightfield_0.0_0.0_0.0_x" : [ 0.01343195, 0.024604103, 0.031423844, 0.039073713, 0.04226164, 0.060760837, 0.07856826, 0.087699674, 0.11628148, 0.20410222, 0.13274571, 0.0421867, 0.02712908, 0.024373513, 0.021566061, 0.017991895, 0.014187137, 0.013679835, 0.005908905, 0.0020234396 ],
  "d1" : [ 0.0442023, 0.0782394, 0.0661413, 0.0589909, 0.0633978, 0.0776955, 0.0715916, 0.0612118, 0.0478438, 0.0518229, 0.0440903, 0.0388216, 0.0453644, 0.043405, 0.0478177, 0.0626787, 0.0351385, 0.0282426, 0.021764, 0.0115399 ],
  "d2" : [ 0.019358099, 0.05785266, 0.092510745, 0.097442314, 0.096192494, 0.093188465, 0.08833121, 0.08472548, 0.08347856, 0.07794379, 0.06641286, 0.04937687, 0.033299148, 0.021157915, 0.014819002, 0.010656672, 0.0076511437, 0.003888683, 0.0014789597, 2.3494125E-4 ],
  "d3" : [ 0.006337555, 0.03863217, 0.0855014, 0.13012731, 0.1517388, 0.14575833, 0.12022066, 0.09265549, 0.06645936, 0.04680554, 0.034957927, 0.026535928, 0.020114858, 0.014620398, 0.009822833, 0.0057878676, 0.0027990493, 9.664558E-4, 1.4952142E-4, 8.552706E-6 ],
  "d4" : [ 1.3218776E-6, 3.3555355E-6, 1.0066607E-5, 5.6332323E-5, 2.2278722E-4, 8.035999E-4, 0.0026933765, 0.010125176, 0.052294087, 0.6728652, 0.225149, 0.027344156, 0.0060361, 0.001732168, 4.964159E-4, 1.3127261E-4, 2.8776258E-5, 5.2875102E-6, 1.2201947E-6, 3.0504867E-7 ],
  "lightfield_0.0_0.8_0.0_y" : [ 0.012907642, 0.015707638, 0.014290356, 0.015783688, 0.018023686, 0.018424673, 0.030488858, 0.057721425, 0.0896967, 0.22541015, 0.22322546, 0.089724354, 0.05962957, 0.030364415, 0.019620722, 0.017318502, 0.016958995, 0.016198503, 0.01582517, 0.012679494 ],
  "lightfield_0.0_0.8_0.0_x" : [ 6.9135735E-6, 0.0032493796, 0.010156039, 0.017712574, 0.020699238, 0.025995037, 0.03000491, 0.039103173, 0.1147584, 0.24574988, 0.1352295, 0.101470515, 0.08675152, 0.056470066, 0.04627946, 0.03455404, 0.026437504, 0.0053718467, 0.0, 0.0 ],
  "lightfield_0.8_0.0_0.0_x" : [ 0.014454075, 0.029059788, 0.03423972, 0.04524253, 0.04754135, 0.053000297, 0.06687815, 0.07475116, 0.09904954, 0.17379463, 0.120169595, 0.04196716, 0.027937671, 0.025238525, 0.022308892, 0.018821232, 0.022308892, 0.030260755, 0.030454852, 0.022521183 ],
  "lightfield_0.8_0.0_0.0_y" : [ 0.0, 0.0, 0.012416068, 0.016564867, 0.017044041, 0.018451236, 0.021283822, 0.0429801, 0.11689422, 0.26706982, 0.2551936, 0.10052345, 0.041463725, 0.021957092, 0.018651398, 0.015764222, 0.0155701265, 0.017498953, 6.7326997E-4, 0.0 ],
  "lightfield_0.0_0.6_0.0_x" : [ 0.0, 0.0, 0.0, 0.0, 0.0, 0.0, 0.01906445, 0.048185047, 0.11149341, 0.41475734, 0.22117265, 0.10393957, 0.06535713, 0.014935643, 0.0010947592, 0.0, 0.0, 0.0, 0.0, 0.0 ],
  "lightfield_0.0_0.6_0.0_y" : [ 0.012386419, 0.014779249, 0.013825245, 0.0152640715, 0.017609984, 0.018063527, 0.029652337, 0.05666161, 0.08937927, 0.2303999, 0.22888288, 0.08942619, 0.058147356, 0.029714894, 0.019267762, 0.016828014, 0.01639011, 0.015827091, 0.015326629, 0.012167467 ],
  "lightfield_0.6_0.0_0.0_y" : [ 0.0, 0.0, 0.0, 0.0, 0.0, 0.0, 0.0, 0.042931713, 0.15954435, 0.32911018, 0.333067, 0.1100382, 0.019183064, 0.0061254925, 0.0, 0.0, 0.0, 0.0, 0.0, 0.0 ],
  "lightfield_0.6_0.0_0.0_x" : [ 0.018597148, 0.041569646, 0.04795386, 0.06146038, 0.06484652, 0.064557366, 0.061604954, 0.056088205, 0.05541859, 0.08361107, 0.08017167, 0.042893667, 0.034454945, 0.031205771, 0.028656652, 0.029265398, 0.039781462, 0.05398804, 0.058949307, 0.044925354 ],
  "lightfield_0.0_0.4_0.0_x" : [ 0.0, 0.0, 0.0, 0.0, 0.0, 0.0, 0.06832394, 0.13214554, 0.20733842, 0.4437689, 0.086775824, 0.053547032, 0.00810036, 0.0, 0.0, 0.0, 0.0, 0.0, 0.0, 0.0 ],
  "lightfield_0.0_0.4_0.0_y" : [ 0.011063437, 0.013122198, 0.011679141, 0.013314606, 0.0149500705, 0.015623497, 0.025397804, 0.04860216, 0.09445289, 0.2505147, 0.248302, 0.094356686, 0.05043003, 0.025378563, 0.016547054, 0.014276643, 0.0137956245, 0.013622458, 0.013603217, 0.010967233 ],
  "lightfield_0.0_0.2_0.0_y" : [ 0.012649757, 0.015312098, 0.01382817, 0.015341194, 0.017443426, 0.01782168, 0.029605813, 0.056061916, 0.091457956, 0.22922319, 0.2268591, 0.091625266, 0.05804049, 0.029380314, 0.01904374, 0.016672365, 0.016301382, 0.015661256, 0.015326646, 0.012344242 ],
  "lightfield_0.0_0.2_0.0_x" : [ 0.0, 6.9831894E-4, 0.02235348, 0.03845846, 0.04932605, 0.053537786, 0.08132506, 0.103416674, 0.13378628, 0.2626261, 0.10815942, 0.037454627, 0.03140253, 0.02697257, 0.021124149, 0.018592741, 0.008576229, 0.0021895207, 0.0, 0.0 ],
  "a3" : [ 0.15793386, 0.15630956, 0.1193671, 0.10306081, 0.08723539, 0.0698427, 0.040491026, 0.0, 0.0, 0.0, 0.0, 0.0, 0.0, 0.0075763897, 0.02993588, 0.040031794, 0.04165983, 0.04448645, 0.04853359, 0.053535614 ],