{
  "eccentricity_minmax" : 7.665205E-4,
  "compactness" : 145.11375,
  "eccentricity" : 1.3603439,
  "compactness_standardized" : -0.06412647,
  "convexity_minmax" : 0.038865108,
  "diameter_standardized" : -0.65616107,
  "surface_area_minmax" : 0.026692508,
  "convexity" : 0.075370096,
  "diameter_minmax" : 0.002504898,
  "rectangularity _standardized" : -0.39589882,
  "convexity_standardized" : -0.9274341,
  "diameter" : 1.0013287,
  "surface_area" : 0.56066054,
  "rectangularity " : 5.0410803E-4,
  "compactness_minmax" : 3.674752E-5,
  "surface_area_standardized" : -0.63182,
  "rectangularity _minmax" : 9.08383E-4,
  "eccentricity_standardized" : -0.34827986,
  "lightfield_0.0_0.0_0.6_y" : [ 0.0055396934, 0.014819068, 0.019101856, 0.021067386, 0.032777812, 0.07576604, 0.11932841, 0.11235078, 0.10690419, 0.114776656, 0.10738005, 0.064603895, 0.025076035, 0.018103573, 0.042936504, 0.058272816, 0.046091698, 0.00969317, 0.005410382, 0.0 ],
  "lightfield_0.0_0.0_0.6_x" : [ 0.0, 7.2414296E-5, 0.023032917, 0.034919206, 0.034805413, 0.047214117, 0.054134857, 0.059943516, 0.073872924, 0.10473175, 0.09641446, 0.093564436, 0.10027828, 0.07308154, 0.035001967, 0.03504852, 0.034981277, 0.03483645, 0.03486748, 0.029198477 ],
  "lightfield_0.0_0.0_0.8_y" : [ 5.984317E-4, 0.019294264, 0.03969253, 0.041689023, 0.060343582, 0.07220388, 0.07734214, 0.07707387, 0.054715227, 0.051779818, 0.08242365, 0.09462443, 0.08826352, 0.06877837, 0.07385472, 0.06725134, 0.029116798, 9.543954E-4, 0.0, 0.0 ],
  "lightfield_0.0_0.0_0.8_x" : [ 0.0, 0.0, 2.682625E-4, 0.017235864, 0.037943665, 0.036880933, 0.07002167, 0.09696141, 0.081938714, 0.081004955, 0.07792509, 0.05885782, 0.06077177, 0.08194903, 0.08500309, 0.082841516, 0.0740714, 0.044201404, 0.011865456, 2.579447E-4 ],
  "lightfield_0.0_0.0_0.2_y" : [ 5.109229E-4, 0.018945435, 0.03968168, 0.042179525, 0.060897883, 0.072360106, 0.077242255, 0.076989375, 0.05446748, 0.051592894, 0.0816909, 0.094551705, 0.08897284, 0.06910361, 0.07388771, 0.067359254, 0.028823277, 7.431606E-4, 0.0, 0.0 ],
  "lightfield_0.0_0.0_0.2_x" : [ 0.0, 0.0, 0.0074212844, 0.03808182, 0.06972291, 0.082217306, 0.084162936, 0.08399263, 0.0641905, 0.056898233, 0.07406834, 0.08087032, 0.08036456, 0.0964767, 0.079404645, 0.039464924, 0.038984966, 0.022325782, 0.0013521394, 0.0 ],
  "lightfield_0.0_0.0_0.4_y" : [ 0.005781927, 0.015050546, 0.019042706, 0.020966576, 0.031875387, 0.07451001, 0.11889313, 0.11312152, 0.10812874, 0.1156798, 0.10860326, 0.06348772, 0.024344957, 0.0180163, 0.042412832, 0.058825046, 0.046038788, 0.009727666, 0.0054930886, 0.0 ],
  "lightfield_0.0_0.0_0.4_x" : [ 1.9599752E-4, 0.024179906, 0.03469156, 0.034779243, 0.034810193, 0.03488756, 0.03492882, 0.060754076, 0.097498454, 0.0974314, 0.09303693, 0.10827832, 0.076738186, 0.06323499, 0.053976685, 0.050562203, 0.034805033, 0.034639984, 0.028940583, 0.0016298741 ],
  "lightfield_0.0_0.0_0.0_y" : [ 0.007935032, 0.033062633, 0.033160787, 0.033062633, 0.033062633, 0.03311429, 0.04375633, 0.051412396, 0.051660363, 0.18103342, 0.1795456, 0.051634535, 0.051402062, 0.04357035, 0.033062633, 0.033062633, 0.033062633, 0.033062633, 0.033062633, 0.0072737793 ],
  "lightfield_0.0_0.0_0.0_x" : [ 0.004406629, 0.0131114, 0.017776331, 0.0196671, 0.02128407, 0.022518752, 0.023484802, 0.10010229, 0.23841257, 0.23841257, 0.06723596, 0.020297358, 0.01928998, 0.018075962, 0.016433163, 0.028247887, 0.092472054, 0.027855268, 0.0054243384, 0.0054914965 ],
  "d1" : [ 0.0250549, 0.0494817, 0.0488086, 0.0590842, 0.0677743, 0.0612668, 0.052988, 0.0517156, 0.0514476, 0.0857541, 0.0823138, 0.0861415, 0.0757428, 0.0565754, 0.0376815, 0.0346462, 0.0333762, 0.031734, 0.0064764, 0.0019364 ],
  "d2" : [ 0.024677534, 0.06519895, 0.07841877, 0.08070257, 0.07938194, 0.07989503, 0.08846404, 0.100085676, 0.10596081, 0.09387858, 0.0706121, 0.049932767, 0.032610428, 0.020704735, 0.014001559, 0.008692826, 0.00432976, 0.0018616269, 5.358941E-4, 5.4409553E-5 ],
  "d3" : [ 0.0068776836, 0.049207944, 0.10272112, 0.1326402, 0.13744833, 0.12979656, 0.108911164, 0.0852085, 0.066054665, 0.052176137, 0.04053057, 0.031530507, 0.023770284, 0.016587218, 0.009875458, 0.0046302336, 0.0015739998, 3.7943828E-4, 7.214459E-5, 7.848365E-6 ],
  "d4" : [ 2.847121E-6, 3.650416E-5, 1.9014701E-4, 7.235755E-4, 0.0019629882, 0.0044531007, 0.009176881, 0.019894766, 0.056777082, 0.40456787, 0.40908462, 0.056783795, 0.019849416, 0.009175457, 0.004437238, 0.0019767154, 6.8046193E-4, 1.8770662E-4, 3.5385645E-5, 3.4572183E-6 ],
  "lightfield_0.0_0.8_0.0_y" : [ 0.008054783, 0.03330295, 0.03325369, 0.03325369, 0.03340148, 0.033561595, 0.04404882, 0.05172796, 0.0517957, 0.17851073, 0.17687267, 0.052035864, 0.052035864, 0.04427667, 0.03353696, 0.03325369, 0.03325369, 0.03325369, 0.03325369, 0.0073158117 ],
  "lightfield_0.0_0.8_0.0_x" : [ 0.0, 0.0, 0.0, 0.0025617657, 0.021085301, 0.110217504, 0.024373721, 0.020401753, 0.02241545, 0.023905708, 0.07963027, 0.28419587, 0.2741397, 0.028431904, 0.027212601, 0.025549917, 0.023271425, 0.020389438, 0.01118925, 0.0010284011 ],
  "lightfield_0.8_0.0_0.0_x" : [ 0.004723689, 0.013942412, 0.018878026, 0.020869002, 0.022893442, 0.024053449, 0.025135381, 0.09097703, 0.21088736, 0.21000062, 0.06569107, 0.033880062, 0.033160634, 0.0322237, 0.028576368, 0.034091987, 0.08197581, 0.036155462, 0.006000814, 0.005883698 ],
  "lightfield_0.8_0.0_0.0_y" : [ 0.0, 0.0, 0.016714163, 0.035692576, 0.035692576, 0.035692576, 0.035692576, 0.047934014, 0.08281793, 0.22996058, 0.1991088, 0.055752918, 0.0554908, 0.04053896, 0.035692576, 0.035692576, 0.035759497, 0.021766894, 0.0, 0.0 ],
  "lightfield_0.0_0.6_0.0_x" : [ 0.0, 0.0, 0.0, 0.0, 0.0, 0.0, 0.0, 0.014494965, 0.14608705, 0.04999029, 0.33636642, 0.34919688, 0.057702444, 0.043082643, 0.003079313, 0.0, 0.0, 0.0, 0.0, 0.0 ],
  "lightfield_0.0_0.6_0.0_y" : [ 0.007947957, 0.033331484, 0.03376148, 0.03365051, 0.03376148, 0.033886313, 0.044414237, 0.0522651, 0.052514773, 0.17561795, 0.17375925, 0.052140262, 0.051918328, 0.04444198, 0.03398341, 0.03392793, 0.03392793, 0.033886313, 0.033539545, 0.0073237717 ],
  "lightfield_0.6_0.0_0.0_y" : [ 0.0, 0.0, 0.0, 0.0, 0.0, 0.0, 0.0, 0.0515688, 0.19519123, 0.28375465, 0.32532173, 0.08161002, 0.057548184, 0.005005366, 0.0, 0.0, 0.0, 0.0, 0.0, 0.0 ],
  "lightfield_0.6_0.0_0.0_x" : [ 0.007223961, 0.021789126, 0.029445983, 0.032647613, 0.035569664, 0.03758083, 0.039023817, 0.072347835, 0.1355868, 0.13316077, 0.061823037, 0.05513118, 0.052903563, 0.05058576, 0.044101335, 0.04310026, 0.07289797, 0.056321643, 0.009469612, 0.009289238 ],
  "lightfield_0.0_0.4_0.0_x" : [ 0.0, 0.0, 0.0, 0.0, 0.0, 0.0, 0.0, 0.016212469, 0.06557872, 0.3931346, 0.28329155, 0.13375287, 0.065685384, 0.027767409, 0.014577, 0.0, 0.0, 0.0, 0.0, 0.0 ],
  "lightfield_0.0_0.4_0.0_y" : [ 0.0076795905, 0.03199829, 0.03199829, 0.03199829, 0.031944964, 0.031109452, 0.040460065, 0.047873, 0.04773079, 0.1985494, 0.19824721, 0.04844186, 0.047961887, 0.04110003, 0.031109452, 0.031216113, 0.031376105, 0.031109452, 0.031251665, 0.0068440796 ],
  "lightfield_0.0_0.2_0.0_y" : [ 0.007822171, 0.03259238, 0.032710895, 0.032921594, 0.032921594, 0.032921594, 0.043226052, 0.051357687, 0.05113382, 0.18310332, 0.18209592, 0.05102847, 0.05102847, 0.04328531, 0.032921594, 0.032921594, 0.032921594, 0.032921594, 0.032921594, 0.007242751 ],
  "lightfield_0.0_0.2_0.0_x" : [ 0.0, 0.0, 0.004167874, 0.017672312, 0.023683794, 0.026554558, 0.028687878, 0.030228607, 0.2575259, 0.30386633, 0.07357318, 0.025257448, 0.023519186, 0.020905212, 0.06599463, 0.07711554, 0.0074007744, 0.006913535, 0.006893782, 3.9505914E-5 ],
  "a3" : [ 0.16156384, 0.13868475, 0.11801245, 0.11145313, 0.089099474, 0.07403937, 0.04340126, 0.0, 0.0, 0.0, 0.0, 0.0, 0.0, 0.009232294, 0.031900186, 0.035679977, 0.037850857, 0.043139044, 0.04911789, 0.05682549 ],