{
  "eccentricity_minmax" : 0.008455316,
  "compactness" : 633.43146,
  "eccentricity" : 4.967566,
  "compactness_standardized" : -0.060865954,
  "convexity_minmax" : 0.01653121,
  "diameter_standardized" : -0.65417296,
  "surface_area_minmax" : 0.00987009,
  "convexity" : 0.032647792,
  "diameter_minmax" : 0.0028255952,
  "rectangularity _standardized" : -0.40600637,
  "convexity_standardized" : -1.0803374,
  "diameter" : 1.0014988,
  "surface_area" : 0.2172929,
  "rectangularity " : 1.8047047E-5,
  "compactness_minmax" : 1.6079708E-4,
  "surface_area_standardized" : -0.84195995,
  "rectangularity _minmax" : 3.2469758E-5,
  "eccentricity_standardized" : -0.18517508,
  "lightfield_0.0_0.0_0.6_y" : [ 0.01948634, 0.030242002, 0.03361698, 0.035542376, 0.04027841, 0.047836144, 0.06792002, 0.07660643, 0.10434763, 0.10563123, 0.101470605, 0.05481847, 0.051543083, 0.04649722, 0.040389065, 0.03830875, 0.034657136, 0.03064036, 0.02983258, 0.010335173 ],
  "lightfield_0.0_0.0_0.6_x" : [ 0.0, 0.0, 0.0, 0.0, 0.0, 0.040411193, 0.058990162, 0.034878444, 0.13111506, 0.17647254, 0.16329354, 0.1538436, 0.13634905, 0.09310509, 0.0115413135, 0.0, 0.0, 0.0, 0.0, 0.0 ],
  "lightfield_0.0_0.0_0.8_y" : [ 0.0, 0.0, 0.0, 3.317263E-5, 0.031569287, 0.088781014, 0.104239464, 0.11332876, 0.10819806, 0.09760494, 0.09319298, 0.11006679, 0.079547964, 0.06276262, 0.052468043, 0.047746472, 0.010460436, 0.0, 0.0, 0.0 ],
  "lightfield_0.0_0.0_0.8_x" : [ 0.0, 0.0, 0.01876465, 0.034831263, 0.0406033, 0.05208103, 0.07516918, 0.09155646, 0.10747932, 0.10145296, 0.07268123, 0.097195804, 0.064929895, 0.05533195, 0.047602724, 0.04304702, 0.038767748, 0.035903845, 0.02260162, 0.0 ],
  "lightfield_0.0_0.0_0.2_y" : [ 0.0, 0.0, 0.008260076, 0.04638691, 0.053320065, 0.06010947, 0.07968154, 0.108730026, 0.09535025, 0.09746227, 0.106595896, 0.1127329, 0.10445071, 0.0892243, 0.037441257, 2.5432633E-4, 0.0, 0.0, 0.0, 0.0 ],
  "lightfield_0.0_0.0_0.2_x" : [ 0.0, 0.0, 0.01785813, 0.03590424, 0.041609995, 0.051130645, 0.077226736, 0.091192566, 0.10817714, 0.10207331, 0.07073589, 0.09746227, 0.065726765, 0.053917177, 0.046796042, 0.04434124, 0.037441257, 0.036070105, 0.022336485, 0.0 ],
  "lightfield_0.0_0.0_0.4_y" : [ 0.029354032, 0.031461902, 0.03555496, 0.036212973, 0.042101625, 0.047677997, 0.051291488, 0.054927286, 0.10062009, 0.10576151, 0.1061407, 0.07841497, 0.069236256, 0.04846984, 0.03960341, 0.037807815, 0.03275562, 0.030123573, 0.02248394, 0.0 ],
  "lightfield_0.0_0.0_0.4_x" : [ 0.0, 0.0, 0.0, 0.0, 0.0, 0.041488223, 0.05916533, 0.030168183, 0.12921573, 0.17997189, 0.16421306, 0.15302685, 0.13830523, 0.09358271, 0.010862777, 0.0, 0.0, 0.0, 0.0, 0.0 ],
  "lightfield_0.0_0.0_0.0_y" : [ 0.0, 0.0, 0.0, 0.0, 0.0, 0.0022418306, 0.018045079, 0.047210965, 0.54401386, 0.25053284, 0.016554207, 0.012854635, 0.00990602, 0.09657541, 0.0020651345, 0.0, 0.0, 0.0, 0.0, 0.0 ],
  "lightfield_0.0_0.0_0.0_x" : [ 0.027531447, 0.029187972, 0.03240163, 0.034002937, 0.037614163, 0.043621827, 0.046868615, 0.05805568, 0.07250058, 0.12250555, 0.118993714, 0.06996057, 0.057801683, 0.04719992, 0.04162295, 0.037128247, 0.035736766, 0.030844497, 0.02864684, 0.027774403 ],
  "d1" : [ 0.0476884, 0.0719038, 0.0840802, 0.0865993, 0.0684197, 0.0647804, 0.0582183, 0.0924131, 0.1160838, 0.0473087, 0.0311591, 0.0288404, 0.0298143, 0.0276025, 0.0249424, 0.0231029, 0.0234, 0.0256366, 0.0224972, 0.0255089 ],
  "d2" : [ 0.05643761, 0.09968971, 0.098273456, 0.09666528, 0.115852445, 0.12449456, 0.099008985, 0.078379065, 0.06393453, 0.055595264, 0.038600877, 0.022795502, 0.015409506, 0.010857906, 0.00808582, 0.005990452, 0.004301355, 0.0029706217, 0.0018639273, 7.931393E-4 ],
  "d3" : [ 0.014758147, 0.08218044, 0.1324152, 0.14778532, 0.1371213, 0.11400053, 0.08777461, 0.063960455, 0.04873151, 0.039997786, 0.03437685, 0.029104758, 0.023634547, 0.01764554, 0.0119197555, 0.0075461026, 0.0046306364, 0.0020649252, 3.3848593E-4, 1.3080609E-5 ],
  "d4" : [ 6.1009735E-7, 6.711071E-6, 1.5354117E-5, 4.1283256E-5, 1.3279785E-4, 4.1212077E-4, 0.0011546093, 0.0033068294, 0.011410549, 0.11455493, 0.8367182, 0.024050547, 0.0054021073, 0.001833851, 6.141647E-4, 2.3122689E-4, 7.8600875E-5, 2.5827454E-5, 8.6430455E-6, 1.016829E-6 ],
  "lightfield_0.0_0.8_0.0_y" : [ 0.0, 0.0, 0.0, 0.0, 0.0, 0.0026787964, 0.021576246, 0.051308233, 0.5297651, 0.24411526, 0.021244712, 0.016855199, 0.012757436, 0.09476574, 0.004933229, 0.0, 0.0, 0.0, 0.0, 0.0 ],
  "lightfield_0.0_0.8_0.0_x" : [ 0.0, 0.0, 0.032821886, 0.03450608, 0.041335683, 0.044465367, 0.051029745, 0.061108384, 0.08248571, 0.17530203, 0.120201044, 0.0808413, 0.058588725, 0.0528996, 0.0449693, 0.04108372, 0.036482025, 0.03393584, 0.007943559, 0.0 ],
  "lightfield_0.8_0.0_0.0_x" : [ 0.02718976, 0.028898442, 0.032275125, 0.033766832, 0.037360493, 0.043557856, 0.04640566, 0.057973176, 0.07232069, 0.1246525, 0.1204486, 0.06987971, 0.057525665, 0.04705659, 0.041388102, 0.036980785, 0.035638247, 0.030661369, 0.028342443, 0.027677953 ],
  "lightfield_0.8_0.0_0.0_y" : [ 0.0, 0.0, 0.0, 0.0, 0.0, 0.002386732, 0.09936128, 0.013208391, 0.017941173, 0.30221993, 0.5202804, 0.029074734, 0.015527318, 0.0, 0.0, 0.0, 0.0, 0.0, 0.0, 0.0 ],
  "lightfield_0.0_0.6_0.0_x" : [ 0.0, 0.0, 0.0, 0.0, 0.0, 0.0, 0.0, 0.064461015, 0.09819661, 0.37849492, 0.23332882, 0.12504406, 0.077749155, 0.022725424, 0.0, 0.0, 0.0, 0.0, 0.0, 0.0 ],
  "lightfield_0.0_0.6_0.0_y" : [ 0.0, 0.0, 0.0, 0.0, 0.0, 0.005776271, 0.046074577, 0.07663729, 0.41613558, 0.19690847, 0.04881356, 0.038616948, 0.029206779, 0.12813559, 0.013694915, 0.0, 0.0, 0.0, 0.0, 0.0 ],
  "lightfield_0.6_0.0_0.0_y" : [ 0.0, 0.0, 0.0, 0.0, 0.0, 0.0, 0.0011438568, 0.007132284, 0.114991255, 0.7616404, 0.1091374, 0.005954784, 0.0, 0.0, 0.0, 0.0, 0.0, 0.0, 0.0, 0.0 ],
  "lightfield_0.6_0.0_0.0_x" : [ 0.026476922, 0.028091777, 0.031254206, 0.032801777, 0.035728704, 0.042423632, 0.045518775, 0.05588077, 0.07169291, 0.1352106, 0.1283811, 0.06812677, 0.056890056, 0.045922488, 0.03993406, 0.036233347, 0.03495492, 0.030211277, 0.027217064, 0.027048849 ],
  "lightfield_0.0_0.4_0.0_x" : [ 0.0, 0.0, 0.0, 0.0, 0.0, 0.0, 0.0, 0.06530048, 0.098452196, 0.37979454, 0.23187228, 0.12393267, 0.07747147, 0.023176385, 0.0, 0.0, 0.0, 0.0, 0.0, 0.0 ],
  "lightfield_0.0_0.4_0.0_y" : [ 0.0, 0.0, 0.0, 0.0, 0.0, 0.0050960938, 0.04572931, 0.07627877, 0.41573825, 0.19633515, 0.04895503, 0.038979698, 0.030224174, 0.1287848, 0.013878724, 0.0, 0.0, 0.0, 0.0, 0.0 ],
  "lightfield_0.0_0.2_0.0_y" : [ 0.0, 0.0, 0.0, 0.0, 0.0, 0.0024561544, 0.021919519, 0.051380094, 0.53025055, 0.24431433, 0.021096375, 0.016648743, 0.012612685, 0.094820835, 0.004500737, 0.0, 0.0, 0.0, 0.0, 0.0 ],
  "lightfield_0.0_0.2_0.0_x" : [ 0.0, 0.0, 0.032474343, 0.036019173, 0.04107752, 0.04390542, 0.052614808, 0.061151605, 0.083734944, 0.17627223, 0.11804145, 0.08019012, 0.058722004, 0.051446475, 0.04480822, 0.04233879, 0.035448283, 0.033841822, 0.0079128, 0.0 ],
  "a3" : [ 0.2650733, 0.13178019, 0.105720505, 0.0769822, 0.06350455, 0.05457713, 0.032559045, 0.0, 0.0, 0.0, 0.0, 0.0, 0.0, 0.031911053, 0.052793942, 0.0388149, 0.033385538, 0.033212673, 0.03713776, 0.042547196 ],
  "lightfield_0.4_0.0_0.0_y" : [ 0.0, 0.0, 0.0, 0.0, 0.0, 0.0, 0.0, 0.0, 0.09431074, 0.76445454, 0.10983338, 0.03140131, 0.0, 0.0, 0.0, 0.0, 0.0, 0.0, 0.0, 0.0 ],
  "lightfield_0.4_0.0_0.0_x" : [ 0.027449444, 0.029265167, 0.03214896, 0.03407149, 0.03734691, 0.043221306, 0.045499858, 0.057925094, 0.07209484, 0.12624608, 0.1235047, 0.071133584, 0.05685702, 0.045962688, 0.040515523, 0.036278836, 0.034569923, 0.030582456, 0.028090287, 0.02723583 ],
  "lightfield_0.2_0.0_0.0_x" : [ 0.027208272, 0.0290185, 0.03211783, 0.03416119, 0.037740506, 0.043939166, 0.046819072, 0.058297563, 0.07240911, 0.121408686, 0.118693344, 0.0699269, 0.05759816, 0.047641903, 0.041868374, 0.037274234, 0.03593028, 0.031130433, 0.028867647, 0.02794882 ],