{
  "eccentricity_minmax" : 0.08650474,
  "compactness" : 788.4644,
  "eccentricity" : 41.584694,
  "compactness_standardized" : -0.05983079,
  "convexity_minmax" : 0.03316166,
  "diameter_standardized" : -0.6159823,
  "surface_area_minmax" : 0.0034759848,
  "convexity" : 0.064460024,
  "diameter_minmax" : 0.008986035,
  "rectangularity _standardized" : -0.40637037,
  "convexity_standardized" : -0.96648127,
  "diameter" : 1.0047666,
  "surface_area" : 0.086780846,
  "rectangularity " : 5.4231737E-7,
  "compactness_minmax" : 2.001808E-4,
  "surface_area_standardized" : -0.9218329,
  "rectangularity _minmax" : 9.251032E-7,
  "eccentricity_standardized" : 1.4705116,
  "lightfield_0.0_0.0_0.6_y" : [ 0.0, 0.0, 0.0, 0.0, 0.0, 0.0, 0.0, 0.13316926, 0.16425121, 0.16288397, 0.1657096, 0.165345, 0.16634764, 0.014401604, 0.0063804574, 0.003737125, 0.0042840214, 0.004830918, 0.008021147, 6.380458E-4 ],
  "lightfield_0.0_0.0_0.6_x" : [ 0.017500684, 0.0669948, 0.46951053, 0.4297694, 0.016224593, 0.0, 0.0, 0.0, 0.0, 0.0, 0.0, 0.0, 0.0, 0.0, 0.0, 0.0, 0.0, 0.0, 0.0, 0.0 ],
  "lightfield_0.0_0.0_0.8_y" : [ 0.0, 0.0, 0.0, 0.0, 0.0, 0.0, 0.0, 0.0, 0.20432128, 0.2757163, 0.27646783, 0.22996712, 0.013527478, 0.0, 0.0, 0.0, 0.0, 0.0, 0.0, 0.0 ],
  "lightfield_0.0_0.0_0.8_x" : [ 0.12916863, 0.19859089, 0.20037577, 0.19934241, 0.20065759, 0.071864724, 0.0, 0.0, 0.0, 0.0, 0.0, 0.0, 0.0, 0.0, 0.0, 0.0, 0.0, 0.0, 0.0, 0.0 ],
  "lightfield_0.0_0.0_0.2_y" : [ 0.0, 0.0, 0.0, 0.0, 0.0, 0.0, 0.0, 0.0, 0.18907784, 0.25753856, 0.2549965, 0.21747896, 0.01981066, 0.004821178, 0.0066619916, 0.008678121, 0.013762272, 0.014375877, 0.009467041, 0.0033309958 ],
  "lightfield_0.0_0.0_0.2_x" : [ 0.07608695, 0.1868864, 0.18767531, 0.18636045, 0.18592216, 0.106591865, 0.0087657785, 0.0036816269, 0.004207574, 0.0051718093, 0.006223703, 0.009028751, 0.011658485, 0.00990533, 0.0072755963, 0.0036816269, 8.7657786E-4, 0.0, 0.0, 0.0 ],
  "lightfield_0.0_0.0_0.4_y" : [ 0.0, 0.0, 0.0, 0.0, 0.0, 0.0, 0.0, 0.13121559, 0.16316217, 0.16162801, 0.16415486, 0.16262071, 0.16469632, 0.01443913, 0.007219565, 0.0052341847, 0.0044219834, 0.0055049183, 0.007219565, 0.008482989 ],
  "lightfield_0.0_0.0_0.4_x" : [ 0.0, 0.027253859, 0.4445447, 0.44770327, 0.055861384, 0.01958307, 0.0050536953, 0.0, 0.0, 0.0, 0.0, 0.0, 0.0, 0.0, 0.0, 0.0, 0.0, 0.0, 0.0, 0.0 ],
  "lightfield_0.0_0.0_0.0_y" : [ 0.0, 0.0, 0.0, 0.0, 0.0, 0.0, 0.0, 0.0, 0.0, 0.47772065, 0.5222793, 0.0, 0.0, 0.0, 0.0, 0.0, 0.0, 0.0, 0.0, 0.0 ],
  "lightfield_0.0_0.0_0.0_x" : [ 0.14233077, 0.1486718, 0.14772922, 0.14832905, 0.14772922, 0.16101114, 0.01722365, 0.0037703514, 0.0027420737, 0.0045415596, 0.005569837, 0.0058269068, 0.008568981, 0.012510711, 0.012339331, 0.010282776, 0.009682948, 0.006940874, 0.0041988003, 0.0 ],
  "d1" : [ 0.3703191, 0.2864658, 0.292558, 0.045415, 3.535E-4, 7.127E-4, 6.779E-4, 3.521E-4, 6.873E-4, 3.511E-4, 7.07E-4, 0.0, 3.489E-4, 3.558E-4, 3.537E-4, 0.0, 0.0, 0.0, 0.0, 3.421E-4 ],
  "d2" : [ 0.26847994, 0.27938497, 0.20089749, 0.1395382, 0.07982431, 0.023845186, 0.001566375, 0.0012219145, 0.0011411004, 0.0011413004, 9.782718E-4, 7.5893325E-4, 3.4356033E-4, 3.3515887E-4, 2.3074052E-4, 7.111249E-5, 6.531147E-5, 6.0510625E-5, 5.6109853E-5, 5.951045E-5 ],
  "d3" : [ 0.016922385, 0.096475735, 0.17912677, 0.22204274, 0.21623214, 0.16509902, 0.08106567, 0.01266052, 0.0031154992, 0.0023984807, 0.0014430931, 9.0708997E-4, 9.4844477E-4, 9.0507756E-4, 4.1415222E-4, 1.6018715E-4, 6.01708E-5, 1.7608512E-5, 4.4272833E-6, 8.0496056E-7 ],
  "d4" : [ 7.117803E-7, 8.1346315E-7, 3.5589012E-6, 1.0269972E-5, 2.104836E-5, 4.9621252E-5, 1.8353762E-4, 8.030915E-4, 0.05278725, 0.84025955, 0.104404636, 0.0011685397, 1.990951E-4, 6.263666E-5, 2.5827454E-5, 9.049778E-6, 3.965633E-6, 2.745438E-6, 3.5589012E-6, 5.084145E-7 ],
  "lightfield_0.0_0.8_0.0_y" : [ 0.0, 0.0, 0.0, 0.0, 0.0, 0.0, 0.0, 0.0, 0.0, 0.525301, 0.47469905, 0.0, 0.0, 0.0, 0.0, 0.0, 0.0, 0.0, 0.0, 0.0 ],
  "lightfield_0.0_0.8_0.0_x" : [ 0.18057539, 0.18179964, 0.18149357, 0.18139155, 0.1816976, 0.09304224, 0.0, 0.0, 0.0, 0.0, 0.0, 0.0, 0.0, 0.0, 0.0, 0.0, 0.0, 0.0, 0.0, 0.0 ],
  "lightfield_0.8_0.0_0.0_x" : [ 0.1290611, 0.13599105, 0.13591655, 0.13345753, 0.13360655, 0.14992549, 0.056631893, 0.021311475, 0.011102832, 0.011475409, 0.010134128, 0.00871833, 0.009836066, 0.010134128, 0.011997019, 0.011028316, 0.008569299, 0.006110283, 0.0037257825, 0.001266766 ],
  "lightfield_0.8_0.0_0.0_y" : [ 0.0, 0.0, 0.0, 0.0, 0.0, 0.0, 0.0, 0.0, 0.0, 0.54605067, 0.45394933, 0.0, 0.0, 0.0, 0.0, 0.0, 0.0, 0.0, 0.0, 0.0 ],
  "lightfield_0.0_0.6_0.0_x" : [ 0.013654466, 0.17997345, 0.40773752, 0.34629244, 0.05234212, 0.0, 0.0, 0.0, 0.0, 0.0, 0.0, 0.0, 0.0, 0.0, 0.0, 0.0, 0.0, 0.0, 0.0, 0.0 ],
  "lightfield_0.0_0.6_0.0_y" : [ 0.0, 0.0, 0.0, 0.0, 0.0, 0.0, 0.0, 0.0, 0.0, 0.51052535, 0.48947468, 0.0, 0.0, 0.0, 0.0, 0.0, 0.0, 0.0, 0.0, 0.0 ],
  "lightfield_0.6_0.0_0.0_y" : [ 0.0, 0.0, 0.0, 0.0, 0.0, 0.0, 0.0, 0.0, 0.0, 0.5440345, 0.4382575, 0.017708052, 0.0, 0.0, 0.0, 0.0, 0.0, 0.0, 0.0, 0.0 ],
  "lightfield_0.6_0.0_0.0_x" : [ 0.11554, 0.11782925, 0.11661729, 0.115338005, 0.11897387, 0.14220308, 0.06874495, 0.02558578, 0.012186911, 0.011176946, 0.013129544, 0.013870186, 0.01817937, 0.021074602, 0.02558578, 0.023161864, 0.018044708, 0.012725559, 0.0074737407, 0.002558578 ],
  "lightfield_0.0_0.4_0.0_x" : [ 0.0, 0.056142908, 0.33503464, 0.3875319, 0.19413051, 0.013671163, 0.01348888, 0.0, 0.0, 0.0, 0.0, 0.0, 0.0, 0.0, 0.0, 0.0, 0.0, 0.0, 0.0, 0.0 ],
  "lightfield_0.0_0.4_0.0_y" : [ 0.0, 0.0, 0.0, 0.0, 0.0, 0.0, 0.0, 0.0, 0.0, 0.4990886, 0.5009114, 0.0, 0.0, 0.0, 0.0, 0.0, 0.0, 0.0, 0.0, 0.0 ],
  "lightfield_0.0_0.2_0.0_y" : [ 0.0, 0.0, 0.0, 0.0, 0.0, 0.0, 0.0, 0.0, 0.0, 0.47335717, 0.5266428, 0.0, 0.0, 0.0, 0.0, 0.0, 0.0, 0.0, 0.0, 0.0 ],
  "lightfield_0.0_0.2_0.0_x" : [ 0.09122576, 0.1672943, 0.16701186, 0.16701186, 0.16682358, 0.16889475, 0.0064959517, 0.0023536058, 0.0058369422, 0.0047072116, 0.009414423, 0.01402749, 0.012238749, 0.010732442, 0.0055545093, 3.765769E-4, 0.0, 0.0, 0.0, 0.0 ],
  "a3" : [ 0.28913903, 0.17706878, 0.08250936, 0.05271093, 0.041343983, 0.0350673, 0.02151388, 0.0, 0.0, 0.0, 0.0, 0.0, 0.0, 0.016998151, 0.05520158, 0.06345253, 0.054350335, 0.042084746, 0.035741154, 0.032818243 ],
  "lightfield_0.4_0.0_0.0_y" : [ 0.0, 0.0, 0.0, 0.0, 0.0, 0.0, 0.0, 0.0, 0.0, 0.50758785, 0.47044727, 0.021964855, 0.0, 0.0, 0.0, 0.0, 0.0, 0.0, 0.0, 0.0 ],
  "lightfield_0.4_0.0_0.0_x" : [ 0.11707934, 0.11894303, 0.11741214, 0.11841054, 0.11707934, 0.1338525, 0.06369808, 0.023096379, 0.011381789, 0.008453142, 0.008719382, 0.0155085195, 0.021964855, 0.024760384, 0.028487753, 0.025292864, 0.020234292, 0.014376997, 0.008519702, 0.002728967 ],
  "lightfield_0.2_0.0_0.0_x" : [ 0.12712786, 0.13009779, 0.12944585, 0.13038754, 0.12951829, 0.14089099, 0.0403477, 0.011010503, 0.005287939, 0.006809127, 0.0058674393, 0.012459254, 0.018761318, 0.022165881, 0.026077509, 0.022890257, 0.01781963, 0.0128214415, 0.0076783774, 0.0025353134 ],
  "lightfield_0.2_0.0_0.0_y" : [ 0.0, 0.0, 0.0, 0.0, 0.0, 0.0, 0.0, 0.0, 0.0, 0.48018834, 0.51937705, 4.3462514E-4, 0.0, 0.0, 0.0, 0.0, 0.0, 0.0, 0.0, 0.0 ]
}