{
  "eccentricity_minmax" : 0.07108999,
  "compactness" : 173.3163,
  "eccentricity" : 34.352818,
  "compactness_standardized" : -0.063938156,
  "convexity_minmax" : 0.071117,
  "diameter_standardized" : -0.67168975,
  "surface_area_minmax" : 0.006382426,
  "convexity" : 0.13706443,
  "diameter_minmax" : 0.0,
  "rectangularity _standardized" : -0.40628484,
  "convexity_standardized" : -0.7066298,
  "diameter" : 1.0,
  "surface_area" : 0.14610511,
  "rectangularity " : 4.655235E-6,
  "compactness_minmax" : 4.391194E-5,
  "surface_area_standardized" : -0.88552666,
  "rectangularity _minmax" : 8.336846E-6,
  "eccentricity_standardized" : 1.1435137,
  "lightfield_0.0_0.0_0.6_y" : [ 0.0, 0.0, 0.0, 0.0, 2.8803918E-4, 0.0544154, 0.039605387, 0.059072033, 0.13523439, 0.0941168, 0.075706296, 0.06579295, 0.05897602, 0.05948009, 0.059816133, 0.059888143, 0.059816133, 0.059456088, 0.058928013, 0.05940808 ],
  "lightfield_0.0_0.0_0.6_x" : [ 0.0, 0.023763232, 0.16062984, 0.22344638, 0.21206884, 0.17431171, 0.14754806, 0.05823192, 0.0, 0.0, 0.0, 0.0, 0.0, 0.0, 0.0, 0.0, 0.0, 0.0, 0.0, 0.0 ],
  "lightfield_0.0_0.0_0.8_y" : [ 0.0, 0.0, 0.0, 0.0, 0.0, 0.0, 0.017326502, 0.14283496, 0.1425555, 0.1466232, 0.17407236, 0.14926253, 0.12799254, 0.09172489, 0.0076075145, 0.0, 0.0, 0.0, 0.0, 0.0 ],
  "lightfield_0.0_0.0_0.8_x" : [ 0.08945816, 0.09054495, 0.08976867, 0.104611084, 0.108585626, 0.1570253, 0.12765099, 0.117932, 0.07517466, 0.039248563, 0.0, 0.0, 0.0, 0.0, 0.0, 0.0, 0.0, 0.0, 0.0, 0.0 ],
  "lightfield_0.0_0.0_0.2_y" : [ 0.0, 0.0, 0.0, 0.0, 0.0, 0.0, 0.011676517, 0.095286146, 0.09400935, 0.09746906, 0.115447186, 0.09928129, 0.085009985, 0.08237402, 0.08200333, 0.08262114, 0.081056036, 0.05998888, 0.013777055, 0.0 ],
  "lightfield_0.0_0.0_0.2_x" : [ 0.002491814, 0.050989516, 0.057723593, 0.08546305, 0.10344117, 0.080932476, 0.0719743, 0.06293375, 0.05998888, 0.059474044, 0.059906505, 0.059679978, 0.059597604, 0.06011244, 0.05846496, 0.04588233, 0.020305196, 6.3839863E-4, 0.0, 0.0 ],
  "lightfield_0.0_0.0_0.4_y" : [ 0.0, 0.0, 0.0, 0.0, 3.1087836E-4, 0.05414066, 0.039266326, 0.05935385, 0.13575819, 0.095654875, 0.07685869, 0.06705407, 0.059425592, 0.05928211, 0.059186455, 0.058732096, 0.058373388, 0.058205992, 0.058947317, 0.059449505 ],
  "lightfield_0.0_0.0_0.4_x" : [ 0.0, 0.0, 0.016811345, 0.10593778, 0.16249372, 0.20164049, 0.22603248, 0.19834039, 0.08874381, 0.0, 0.0, 0.0, 0.0, 0.0, 0.0, 0.0, 0.0, 0.0, 0.0, 0.0 ],
  "lightfield_0.0_0.0_0.0_y" : [ 0.0, 0.0, 0.0, 0.0, 0.0, 0.0, 0.0, 0.01306676, 0.04207414, 0.4544214, 0.43589637, 0.044224367, 0.010316951, 0.0, 0.0, 0.0, 0.0, 0.0, 0.0, 0.0 ],
  "lightfield_0.0_0.0_0.0_x" : [ 0.04591974, 0.032067318, 0.034300245, 0.13114314, 0.068497114, 0.066967145, 0.055306304, 0.048586845, 0.048586845, 0.048586845, 0.048586845, 0.048586845, 0.048586845, 0.048586845, 0.048586845, 0.048586845, 0.048421446, 0.042136166, 0.027746191, 0.010213575 ],
  "d1" : [ 0.0109139, 0.0324958, 0.3300833, 0.1655669, 0.131123, 0.1172187, 0.0602127, 0.0, 0.010942, 0.0, 0.0108921, 0.0, 0.0108863, 0.0109, 0.0, 0.0218706, 0.0218769, 0.0218699, 0.0218684, 0.0212795 ],
  "d2" : [ 0.1588783, 0.15563333, 0.14192972, 0.10895623, 0.08347346, 0.053104024, 0.024170144, 0.014090674, 0.013393152, 0.013809725, 0.018721087, 0.019682456, 0.022480648, 0.02824806, 0.03166086, 0.035845596, 0.034710094, 0.023738168, 0.0136648, 0.003809469 ],
  "d3" : [ 0.030535273, 0.13504331, 0.1598378, 0.14005892, 0.12321209, 0.0941182, 0.0722118, 0.04578847, 0.029906197, 0.023523161, 0.021713812, 0.02579476, 0.035022426, 0.033010427, 0.017558906, 0.0056252657, 0.0032553612, 0.0024969876, 0.0011314726, 1.553574E-4 ],
  "d4" : [ 2.4403894E-6, 2.2675285E-5, 8.104127E-5, 3.2009775E-4, 0.0010720427, 0.0035363277, 0.00981728, 0.018992431, 0.043573458, 0.3947525, 0.4490703, 0.044642653, 0.019013481, 0.010018917, 0.0035790345, 0.0010807875, 3.2782563E-4, 7.697395E-5, 1.616758E-5, 3.5589012E-6 ],
  "lightfield_0.0_0.8_0.0_y" : [ 0.0, 0.0, 0.0, 0.0, 0.0, 0.0, 0.0, 0.019557038, 0.07726982, 0.41091076, 0.39646482, 0.08010932, 0.015688224, 0.0, 0.0, 0.0, 0.0, 0.0, 0.0, 0.0 ],
  "lightfield_0.0_0.8_0.0_x" : [ 0.08341023, 0.08341023, 0.08341023, 0.08341023, 0.10545184, 0.11553205, 0.27266273, 0.060978208, 0.066195786, 0.04553844, 0.0, 0.0, 0.0, 0.0, 0.0, 0.0, 0.0, 0.0, 0.0, 0.0 ],
  "lightfield_0.8_0.0_0.0_x" : [ 0.053248316, 0.03722329, 0.039629452, 0.14424928, 0.07134264, 0.06766121, 0.05409047, 0.045717034, 0.045717034, 0.045717034, 0.045717034, 0.045717034, 0.045717034, 0.045717034, 0.045717034, 0.045717034, 0.04530799, 0.039533205, 0.026347449, 0.009913378 ],
  "lightfield_0.8_0.0_0.0_y" : [ 0.0, 0.0, 0.0, 0.0, 0.0, 0.0, 0.0, 0.0, 0.06142926, 0.45741096, 0.42059672, 0.060563043, 0.0, 0.0, 0.0, 0.0, 0.0, 0.0, 0.0, 0.0 ],
  "lightfield_0.0_0.6_0.0_x" : [ 0.0086139385, 0.10253198, 0.122683376, 0.122683376, 0.13103628, 0.36095014, 0.13244584, 0.019055078, 0.0, 0.0, 0.0, 0.0, 0.0, 0.0, 0.0, 0.0, 0.0, 0.0, 0.0, 0.0 ],
  "lightfield_0.0_0.6_0.0_y" : [ 0.0, 0.0, 0.0, 0.0, 0.0, 0.0, 0.0, 0.013521274, 0.0797703, 0.41404334, 0.40052205, 0.08091882, 0.011224223, 0.0, 0.0, 0.0, 0.0, 0.0, 0.0, 0.0 ],
  "lightfield_0.6_0.0_0.0_y" : [ 0.0, 0.0, 0.0, 0.0, 0.0, 0.0, 0.0, 0.0, 0.0, 0.52110827, 0.4788917, 0.0, 0.0, 0.0, 0.0, 0.0, 0.0, 0.0, 0.0, 0.0 ],
  "lightfield_0.6_0.0_0.0_x" : [ 0.10007232, 0.07001446, 0.07516724, 0.15521605, 0.08063641, 0.07467004, 0.04831857, 0.033899836, 0.033899836, 0.033899836, 0.033899836, 0.033899836, 0.033899836, 0.033899836, 0.033899836, 0.033899836, 0.033899836, 0.02947026, 0.019842705, 0.0075935638 ],
  "lightfield_0.0_0.4_0.0_x" : [ 0.0, 0.0, 0.0, 0.08949538, 0.32521003, 0.1697542, 0.12263215, 0.12263215, 0.12164066, 0.04863539, 0.0, 0.0, 0.0, 0.0, 0.0, 0.0, 0.0, 0.0, 0.0, 0.0 ],
  "lightfield_0.0_0.4_0.0_y" : [ 0.0, 0.0, 0.0, 0.0, 0.0, 0.0, 0.0, 0.013567813, 0.07978918, 0.41402704, 0.4005636, 0.08078067, 0.011271722, 0.0, 0.0, 0.0, 0.0, 0.0, 0.0, 0.0 ],
  "lightfield_0.0_0.2_0.0_y" : [ 0.0, 0.0, 0.0, 0.0, 0.0, 0.0, 0.0, 0.013291124, 0.052777845, 0.44300523, 0.4253643, 0.054880258, 0.010681231, 0.0, 0.0, 0.0, 0.0, 0.0, 0.0, 0.0 ],
  "lightfield_0.0_0.2_0.0_x" : [ 0.002706556, 0.05509775, 0.03769846, 0.118943475, 0.13032551, 0.07827264, 0.06068002, 0.056789346, 0.056789346, 0.056789346, 0.056789346, 0.056789346, 0.056789346, 0.056789346, 0.055895217, 0.04296658, 0.019211715, 6.76639E-4, 0.0, 0.0 ],
  "a3" : [ 0.2814278, 0.14066103, 0.092657804, 0.061002526, 0.046580452, 0.040659666, 0.026708089, 0.0, 0.0, 0.0, 0.0, 0.0, 0.0, 0.0346935, 0.05037222, 0.058671262, 0.052302614, 0.042556453, 0.03603285, 0.03567374 ],
  "lightfield_0.4_0.0_0.0_y" : [ 0.0, 0.0, 0.0, 0.0, 0.0, 0.0, 0.0, 0.0, 0.0, 0.5210179, 0.4789821, 0.0, 0.0, 0.0, 0.0, 0.0, 0.0, 0.0, 0.0, 0.0 ],
  "lightfield_0.4_0.0_0.0_x" : [ 0.10011752, 0.07001446, 0.07507684, 0.15526125, 0.08063641, 0.07467004, 0.04831857, 0.033899836, 0.033899836, 0.033899836, 0.033899836, 0.033899836, 0.033899836, 0.033899836, 0.033899836, 0.033899836, 0.033899836, 0.02947026, 0.019842705, 0.0075935638 ],
  "lightfield_0.2_0.0_0.0_x" : [ 0.053194556, 0.037257824, 0.039805777, 0.14431998, 0.071318686, 0.067592904, 0.054035865, 0.045670882, 0.045670882, 0.045670882, 0.045670882, 0.045670882, 0.045670882, 0.045670882, 0.045670882, 0.045670882, 0.045262247, 0.039493293, 0.026368925, 0.010312004 ],
  "lightfield_0.2_0.0_0.0_y" : [ 0.0, 0.0, 0.0, 0.0, 0.0, 0.0, 0.0, 0.0, 0.06146339, 0.4572857, 0.4208211, 0.060429785, 0.0, 0.0, 0.0, 0.0, 0.0, 0.0, 0.0, 0.0 ]
}