{
  "eccentricity_minmax" : 0.16068637,
  "compactness" : 50967.508,
  "eccentricity" : 76.38723,
  "compactness_standardized" : 0.27521643,
  "convexity_minmax" : 3.6112816E-4,
  "diameter_standardized" : -0.66898274,
  "surface_area_minmax" : 0.004650303,
  "convexity" : 0.0017161962,
  "diameter_minmax" : 4.3666043E-4,
  "rectangularity _standardized" : -0.40637124,
  "convexity_standardized" : -1.1910418,
  "diameter" : 1.0002316,
  "surface_area" : 0.11075022,
  "rectangularity " : 5.0134093E-7,
  "compactness_minmax" : 0.012947392,
  "surface_area_standardized" : -0.9071638,
  "rectangularity _minmax" : 8.51261E-7,
  "eccentricity_standardized" : 3.044149,
  "lightfield_0.0_0.0_0.6_y" : [ 0.0, 0.0, 0.0, 0.0, 0.08722265, 0.115708314, 0.13477723, 0.11476664, 0.049143665, 0.048555117, 0.046730623, 0.04661291, 0.047024895, 0.047436878, 0.04678948, 0.047436878, 0.046495203, 0.046495203, 0.042610794, 0.032193515 ],
  "lightfield_0.0_0.0_0.6_x" : [ 0.0, 0.0, 0.025896063, 0.1367783, 0.14578307, 0.15996704, 0.20240127, 0.30675063, 0.022423636, 0.0, 0.0, 0.0, 0.0, 0.0, 0.0, 0.0, 0.0, 0.0, 0.0, 0.0 ],
  "lightfield_0.0_0.0_0.8_y" : [ 0.0, 0.0, 0.0, 0.0, 0.0, 0.0, 0.11898717, 0.24472207, 0.15145645, 0.10943346, 0.08605024, 0.08658472, 0.08611705, 0.0864511, 0.030197755, 0.0, 0.0, 0.0, 0.0, 0.0 ],
  "lightfield_0.0_0.0_0.8_x" : [ 0.06340192, 0.06260021, 0.063134685, 0.06286745, 0.062399786, 0.06333511, 0.0646713, 0.094869055, 0.16054249, 0.16541956, 0.13495457, 0.0018038482, 0.0, 0.0, 0.0, 0.0, 0.0, 0.0, 0.0, 0.0 ],
  "lightfield_0.0_0.0_0.2_y" : [ 0.0, 0.0, 0.0, 0.0, 0.0, 0.0, 0.10453762, 0.21160252, 0.12630673, 0.09425618, 0.07558874, 0.07369328, 0.07461229, 0.07375072, 0.07375072, 0.059678346, 0.02464101, 0.007179782, 4.020678E-4, 0.0 ],
  "lightfield_0.0_0.0_0.2_x" : [ 0.0016657093, 0.11614015, 0.14244688, 0.13946009, 0.08121769, 0.056117173, 0.054451466, 0.05399196, 0.05427915, 0.05364733, 0.05370477, 0.05295807, 0.053819645, 0.04462952, 0.03026996, 0.0067202756, 0.004078116, 4.020678E-4, 0.0, 0.0 ],
  "lightfield_0.0_0.0_0.4_y" : [ 0.0, 0.0, 0.0, 0.0, 0.087831065, 0.11525983, 0.13413554, 0.11284138, 0.049784698, 0.048840914, 0.0471303, 0.046717394, 0.047484223, 0.04677638, 0.046717394, 0.047602195, 0.047897127, 0.046717394, 0.0422934, 0.031970743 ],
  "lightfield_0.0_0.0_0.4_x" : [ 0.0, 0.0, 0.0, 0.022827819, 0.30330914, 0.20887159, 0.15985371, 0.14398631, 0.13814664, 0.023004778, 0.0, 0.0, 0.0, 0.0, 0.0, 0.0, 0.0, 0.0, 0.0, 0.0 ],
  "lightfield_0.0_0.0_0.0_y" : [ 0.0, 0.0, 0.0, 0.0, 0.0, 0.0, 0.0, 0.0, 0.013207106, 0.514259, 0.45956054, 0.012973352, 0.0, 0.0, 0.0, 0.0, 0.0, 0.0, 0.0, 0.0 ],
  "lightfield_0.0_0.0_0.0_x" : [ 0.11290322, 0.10811127, 0.1069425, 0.11874708, 0.0450561, 0.043712016, 0.04347826, 0.043653578, 0.043828893, 0.043828893, 0.043828893, 0.043828893, 0.043712016, 0.043828893, 0.043828893, 0.034478728, 0.024368864, 0.0066619916, 0.0047919587, 4.0906965E-4 ],
  "d1" : [ 0.0383026, 0.0360538, 0.0320975, 0.0835888, 0.3907862, 0.0470803, 0.0446938, 0.0920762, 0.0564006, 0.0315714, 0.0300253, 0.0304811, 0.0383713, 0.0097686, 0.0094087, 0.0056526, 0.0041507, 0.0048698, 0.0056224, 0.0089983 ],
  "d2" : [ 0.09345011, 0.17740275, 0.16396749, 0.0876805, 0.04289773, 0.04259378, 0.036952987, 0.0381671, 0.047462434, 0.054351345, 0.05223067, 0.06402995, 0.032189153, 0.02249405, 0.016680429, 0.010331814, 0.010946022, 0.0027257786, 0.0020681631, 0.0013777419 ],
  "d3" : [ 0.010449193, 0.06627492, 0.12328897, 0.15265413, 0.14141065, 0.108649954, 0.08492153, 0.07158042, 0.059921466, 0.052241035, 0.044091515, 0.034316577, 0.02344176, 0.013820267, 0.007282076, 0.0033883809, 0.0014083792, 6.141849E-4, 2.075792E-4, 3.7028185E-5 ],
  "d4" : [ 6.1009735E-7, 5.490876E-6, 1.931975E-5, 6.66023E-5, 2.0956845E-4, 6.301289E-4, 0.0020728058, 0.0070729605, 0.024850689, 0.20176855, 0.7127267, 0.036619265, 0.009806298, 0.0028704065, 8.7538804E-4, 2.9132148E-4, 8.449848E-5, 2.1353408E-5, 7.1178024E-6, 9.15146E-7 ],
  "lightfield_0.0_0.8_0.0_y" : [ 0.0, 0.0, 0.0, 0.0, 0.0, 0.0, 0.0, 0.0, 0.1066107, 0.4060021, 0.3821616, 0.1052256, 0.0, 0.0, 0.0, 0.0, 0.0, 0.0, 0.0, 0.0 ],
  "lightfield_0.0_0.8_0.0_x" : [ 0.031479537, 0.031479537, 0.031479537, 0.031479537, 0.031437565, 0.031269673, 0.03139559, 0.2272403, 0.35315844, 0.11332634, 0.08151102, 0.004742917, 0.0, 0.0, 0.0, 0.0, 0.0, 0.0, 0.0, 0.0 ],
  "lightfield_0.8_0.0_0.0_x" : [ 0.11328533, 0.109569155, 0.10771107, 0.11729184, 0.04441993, 0.04598769, 0.044826385, 0.04447799, 0.04441993, 0.043258622, 0.045174778, 0.04401347, 0.04354895, 0.03948438, 0.040413424, 0.034258507, 0.024851933, 0.005922657, 0.0068517015, 2.3226107E-4 ],
  "lightfield_0.8_0.0_0.0_y" : [ 0.0, 0.0, 0.0, 0.0, 0.0, 0.0, 0.0, 0.0, 0.013238881, 0.52537453, 0.44861224, 0.0127743585, 0.0, 0.0, 0.0, 0.0, 0.0, 0.0, 0.0, 0.0 ],
  "lightfield_0.0_0.6_0.0_x" : [ 0.0, 1.5257276E-4, 0.009345082, 0.027806384, 0.028607393, 0.18697791, 0.33203647, 0.31327, 0.101804174, 0.0, 0.0, 0.0, 0.0, 0.0, 0.0, 0.0, 0.0, 0.0, 0.0, 0.0 ],
  "lightfield_0.0_0.6_0.0_y" : [ 0.0, 0.0, 0.0, 0.0, 0.0, 0.0, 0.0, 0.0, 0.1565015, 0.34683603, 0.34309798, 0.15356448, 0.0, 0.0, 0.0, 0.0, 0.0, 0.0, 0.0, 0.0 ],
  "lightfield_0.6_0.0_0.0_y" : [ 0.0, 0.0, 0.0, 0.0, 0.0, 0.0, 0.0, 0.0, 0.013215093, 0.53173363, 0.4424158, 0.012635483, 0.0, 0.0, 0.0, 0.0, 0.0, 0.0, 0.0, 0.0 ],
  "lightfield_0.6_0.0_0.0_x" : [ 0.113023825, 0.10722773, 0.10601055, 0.11731293, 0.045731176, 0.044398077, 0.04590506, 0.044977684, 0.044977684, 0.04410827, 0.044861764, 0.044513997, 0.04387643, 0.04103634, 0.040572654, 0.03297977, 0.024923202, 0.0060279374, 0.007187156, 3.477656E-4 ],
  "lightfield_0.0_0.4_0.0_x" : [ 0.0, 0.0, 0.0, 0.10555831, 0.31465304, 0.3314386, 0.18193263, 0.028611757, 0.027772479, 0.009956892, 7.629802E-5, 0.0, 0.0, 0.0, 0.0, 0.0, 0.0, 0.0, 0.0, 0.0 ],
  "lightfield_0.0_0.4_0.0_y" : [ 0.0, 0.0, 0.0, 0.0, 0.0, 0.0, 0.0, 0.0, 0.15595315, 0.3469271, 0.34322664, 0.15389311, 0.0, 0.0, 0.0, 0.0, 0.0, 0.0, 0.0, 0.0 ],
  "lightfield_0.0_0.2_0.0_y" : [ 0.0, 0.0, 0.0, 0.0, 0.0, 0.0, 0.0, 0.0, 0.098582245, 0.41483784, 0.38986212, 0.09671781, 0.0, 0.0, 0.0, 0.0, 0.0, 0.0, 0.0, 0.0 ],
  "lightfield_0.0_0.2_0.0_x" : [ 0.004971839, 0.07570402, 0.10670033, 0.3282191, 0.20485531, 0.02913187, 0.0289765, 0.029054185, 0.02913187, 0.02913187, 0.02913187, 0.02913187, 0.02913187, 0.02493688, 0.016430374, 0.0036123518, 0.0017090697, 3.8842492E-5, 0.0, 0.0 ],
  "a3" : [ 0.33235815, 0.09370959, 0.0679761, 0.048107665, 0.052654985, 0.0682506, 0.073204525, 0.0, 0.0, 0.0, 0.0, 0.0, 0.0, 0.057277974, 0.053091176, 0.03427643, 0.031130541, 0.02495911, 0.024827298, 0.03817586 ],
  "lightfield_0.4_0.0_0.0_y" : [ 0.0, 0.0, 0.0, 0.0, 0.0, 0.0, 0.0, 0.0, 0.013324762, 0.52434105, 0.44971073, 0.012623458, 0.0, 0.0, 0.0, 0.0, 0.0, 0.0, 0.0, 0.0 ],
  "lightfield_0.4_0.0_0.0_x" : [ 0.112266965, 0.10811759, 0.10694875, 0.117176086, 0.046052247, 0.043539245, 0.0445912, 0.045350943, 0.045467827, 0.044649642, 0.04342236, 0.04365613, 0.043831453, 0.043714568, 0.040792473, 0.03348723, 0.023143008, 0.0070130327, 0.006311729, 4.6753552E-4 ],
  "lightfield_0.2_0.0_0.0_x" : [ 0.1127789, 0.11011301, 0.108490296, 0.117994785, 0.043929297, 0.043465663, 0.043465663, 0.043059982, 0.0432918, 0.043465663, 0.043465663, 0.043465663, 0.043465663, 0.043465663, 0.042654302, 0.03257027, 0.026716894, 0.0073601855, 0.0064908722, 2.897711E-4 ],
  "lightfield_0.2_0.0_0.0_y" : [ 0.0, 0.0, 0.0, 0.0, 0.0, 0.0, 0.0, 0.0, 0.013097653, 0.51851636, 0.4554622, 0.01292379, 0.0, 0.0, 0.0, 0.0, 0.0, 0.0, 0.0, 0.0 ]
}