{
  "eccentricity_minmax" : 0.21908553,
  "compactness" : 5836.4263,
  "eccentricity" : 103.78538,
  "compactness_standardized" : -0.026125375,
  "convexity_minmax" : 0.010758966,
  "diameter_standardized" : -0.658354,
  "surface_area_minmax" : 0.0025632735,
  "convexity" : 0.021606121,
  "diameter_minmax" : 0.002151165,
  "rectangularity _standardized" : -0.4063795,
  "convexity_standardized" : -1.1198556,
  "diameter" : 1.0011411,
  "surface_area" : 0.06815121,
  "rectangularity " : 1.049122E-7,
  "compactness_minmax" : 0.0014825376,
  "surface_area_standardized" : -0.9332342,
  "rectangularity _minmax" : 1.3687081E-7,
  "eccentricity_standardized" : 4.2829885,
  "lightfield_0.0_0.0_0.6_y" : [ 0.0, 0.0, 0.0, 0.0, 0.0, 0.0, 0.0, 0.030406782, 0.022580909, 0.043531425, 0.27626967, 0.18879922, 0.12219777, 0.12342056, 0.12162713, 0.06619386, 0.004972691, 0.0, 0.0, 0.0 ],
  "lightfield_0.0_0.0_0.6_x" : [ 0.3749898, 0.3645553, 0.2158637, 0.04459118, 0.0, 0.0, 0.0, 0.0, 0.0, 0.0, 0.0, 0.0, 0.0, 0.0, 0.0, 0.0, 0.0, 0.0, 0.0, 0.0 ],
  "lightfield_0.0_0.0_0.8_y" : [ 0.0, 0.0, 0.0, 0.0, 0.0, 0.0, 0.0, 0.0, 0.09273149, 0.24928406, 0.49856812, 0.15941633, 0.0, 0.0, 0.0, 0.0, 0.0, 0.0, 0.0, 0.0 ],
  "lightfield_0.0_0.0_0.8_x" : [ 0.30069548, 0.45683894, 0.14659758, 0.057548072, 0.038319923, 0.0, 0.0, 0.0, 0.0, 0.0, 0.0, 0.0, 0.0, 0.0, 0.0, 0.0, 0.0, 0.0, 0.0, 0.0 ],
  "lightfield_0.0_0.0_0.2_y" : [ 0.0, 0.0, 0.0, 0.0, 0.0, 0.0, 0.0, 0.0, 0.020927733, 0.05717687, 0.11239536, 0.12191844, 0.08659089, 0.08643729, 0.08632209, 0.08647569, 0.08678289, 0.08705168, 0.08724368, 0.08067737 ],
  "lightfield_0.0_0.0_0.2_x" : [ 0.016204592, 0.017817372, 0.076415025, 0.13877583, 0.07388066, 0.0700407, 0.0699255, 0.06988711, 0.06977191, 0.06977191, 0.0700791, 0.070232704, 0.0703095, 0.0704247, 0.04623301, 2.3039705E-4, 0.0, 0.0, 0.0, 0.0 ],
  "lightfield_0.0_0.0_0.4_y" : [ 0.0, 0.0, 0.0, 0.0, 0.0, 0.0, 0.0, 0.022198277, 0.014116379, 0.01637931, 0.19520473, 0.10953664, 0.07882543, 0.07931034, 0.079795256, 0.08028017, 0.080818966, 0.08130388, 0.08130388, 0.080926724 ],
  "lightfield_0.0_0.0_0.4_x" : [ 0.0, 0.09380388, 0.24779095, 0.37516165, 0.26837283, 0.014870689, 0.0, 0.0, 0.0, 0.0, 0.0, 0.0, 0.0, 0.0, 0.0, 0.0, 0.0, 0.0, 0.0, 0.0 ],
  "lightfield_0.0_0.0_0.0_y" : [ 0.0, 0.0, 0.0, 0.0, 0.0, 0.0, 0.0, 0.0, 0.02149635, 0.16229928, 0.79233575, 0.023868613, 0.0, 0.0, 0.0, 0.0, 0.0, 0.0, 0.0, 0.0 ],
  "lightfield_0.0_0.0_0.0_x" : [ 0.02, 0.00890511, 0.02638686, 0.14755474, 0.0579927, 0.051459853, 0.051532846, 0.0520073, 0.052043796, 0.052445255, 0.052481752, 0.05240876, 0.052372262, 0.052043796, 0.052189782, 0.051934306, 0.051751826, 0.050474454, 0.042956203, 0.021058394 ],
  "d1" : [ 0.0740207, 0.6075835, 0.3128643, 0.0, 0.0, 2.612E-4, 0.0, 0.0, 0.0, 5.384E-4, 0.0, 0.0, 2.616E-4, 0.0, 0.0, 0.0, 5.276E-4, 5.252E-4, 5.12E-4, 0.0029055 ],
  "d2" : [ 0.4573591, 0.10883671, 0.06440221, 0.3552242, 0.0028273964, 1.6502898E-5, 4.049711E-4, 1.9793476E-4, 4.9708728E-5, 3.353589E-4, 3.1415516E-4, 2.420425E-5, 2.8805058E-5, 8.609512E-4, 7.2362705E-4, 0.0013760417, 0.0036363385, 7.387297E-4, 7.797369E-4, 0.0018633272 ],
  "d3" : [ 0.29304025, 0.32841054, 0.24124749, 0.09456556, 0.017499944, 0.007817777, 0.008072547, 0.0059968554, 0.0018614713, 9.817501E-4, 2.1371704E-4, 3.8738726E-5, 5.524042E-5, 5.936584E-5, 4.175733E-5, 4.5882753E-5, 3.8537488E-5, 1.0565108E-5, 1.6099211E-6, 4.0248028E-7 ],
  "d4" : [ 1.3218776E-6, 1.931975E-6, 3.762267E-6, 6.1009737E-6, 1.1286801E-5, 2.6437552E-5, 1.11342764E-4, 6.872747E-4, 0.018896138, 0.97735053, 0.0025802033, 2.4780122E-4, 4.3113545E-5, 1.6269263E-5, 9.7615575E-6, 3.965633E-6, 1.5252434E-6, 5.084145E-7, 2.0336579E-7, 5.084145E-7 ],
  "lightfield_0.0_0.8_0.0_y" : [ 0.0, 0.0, 0.0, 0.0, 0.0, 0.0, 0.0, 0.0, 0.07464198, 0.48112252, 0.3758137, 0.06842181, 0.0, 0.0, 0.0, 0.0, 0.0, 0.0, 0.0, 0.0 ],
  "lightfield_0.0_0.8_0.0_x" : [ 0.22421524, 0.5712426, 0.0707363, 0.0710256, 0.06278027, 0.0, 0.0, 0.0, 0.0, 0.0, 0.0, 0.0, 0.0, 0.0, 0.0, 0.0, 0.0, 0.0, 0.0, 0.0 ],
  "lightfield_0.8_0.0_0.0_x" : [ 0.02475206, 0.011304421, 0.028324088, 0.14931081, 0.05778282, 0.05072281, 0.05126912, 0.05118507, 0.05181543, 0.05202555, 0.052067574, 0.05223567, 0.051647335, 0.05168936, 0.051437218, 0.051101025, 0.05118507, 0.048579592, 0.041183393, 0.020381577 ],
  "lightfield_0.8_0.0_0.0_y" : [ 0.0, 0.0, 0.0, 0.0, 0.0, 0.0, 0.0, 0.0, 0.06244747, 0.8798117, 0.057740796, 0.0, 0.0, 0.0, 0.0, 0.0, 0.0, 0.0, 0.0, 0.0 ],
  "lightfield_0.0_0.6_0.0_x" : [ 0.23142217, 0.29340166, 0.39846253, 0.076713644, 0.0, 0.0, 0.0, 0.0, 0.0, 0.0, 0.0, 0.0, 0.0, 0.0, 0.0, 0.0, 0.0, 0.0, 0.0, 0.0 ],
  "lightfield_0.0_0.6_0.0_y" : [ 0.0, 0.0, 0.0, 0.0, 0.0, 0.0, 0.0, 0.0, 0.045964126, 0.37411916, 0.53411275, 0.04580397, 0.0, 0.0, 0.0, 0.0, 0.0, 0.0, 0.0, 0.0 ],
  "lightfield_0.6_0.0_0.0_y" : [ 0.0, 0.0, 0.0, 0.0, 0.0, 0.0, 0.0, 0.0, 0.0, 0.9634885, 0.036511507, 0.0, 0.0, 0.0, 0.0, 0.0, 0.0, 0.0, 0.0, 0.0 ],
  "lightfield_0.6_0.0_0.0_x" : [ 0.05000865, 0.023014363, 0.041270114, 0.15244852, 0.052344695, 0.047586087, 0.047586087, 0.047586087, 0.047586087, 0.047586087, 0.047586087, 0.047586087, 0.047586087, 0.047586087, 0.047586087, 0.047586087, 0.047586087, 0.047586087, 0.042048797, 0.020245718 ],
  "lightfield_0.0_0.4_0.0_x" : [ 0.0, 0.065930635, 0.29830226, 0.14602646, 0.14769295, 0.14738049, 0.14488074, 0.049786482, 0.0, 0.0, 0.0, 0.0, 0.0, 0.0, 0.0, 0.0, 0.0, 0.0, 0.0, 0.0 ],
  "lightfield_0.0_0.4_0.0_y" : [ 0.0, 0.0, 0.0, 0.0, 0.0, 0.0, 0.0, 0.0, 0.027497135, 0.22362255, 0.71700865, 0.03187168, 0.0, 0.0, 0.0, 0.0, 0.0, 0.0, 0.0, 0.0 ],
  "lightfield_0.0_0.2_0.0_y" : [ 0.0, 0.0, 0.0, 0.0, 0.0, 0.0, 0.0, 0.0, 0.021973174, 0.17521179, 0.7784151, 0.024399929, 0.0, 0.0, 0.0, 0.0, 0.0, 0.0, 0.0, 0.0 ],
  "lightfield_0.0_0.2_0.0_x" : [ 0.023385104, 0.019987646, 0.06883163, 0.14392869, 0.06287505, 0.062257323, 0.06256618, 0.06296329, 0.06336039, 0.06336039, 0.06309566, 0.06274267, 0.06274267, 0.062433816, 0.06036004, 0.046681963, 0.008427462, 0.0, 0.0, 0.0 ],
  "a3" : [ 0.28633112, 0.075808674, 0.06304954, 0.065027535, 0.074050434, 0.08098668, 0.05681744, 0.0, 0.0, 0.0, 0.0, 0.0, 0.0, 0.008349151, 0.02747753, 0.03792803, 0.037571233, 0.049844265, 0.06395663, 0.07280174 ],
  "lightfield_0.4_0.0_0.0_y" : [ 0.0, 0.0, 0.0, 0.0, 0.0, 0.0, 0.0, 0.0, 0.0, 0.49993867, 0.50006133, 0.0, 0.0, 0.0, 0.0, 0.0, 0.0, 0.0, 0.0, 0.0 ],
  "lightfield_0.4_0.0_0.0_x" : [ 0.0752055, 0.030425714, 0.05520795, 0.15433688, 0.05520795, 0.050913997, 0.048337627, 0.045638572, 0.045393202, 0.045147836, 0.043675624, 0.044289045, 0.04416636, 0.043430254, 0.042939518, 0.042448778, 0.040853884, 0.039872408, 0.036069196, 0.0164397 ],
  "lightfield_0.2_0.0_0.0_x" : [ 0.028299257, 0.010827137, 0.028392194, 0.1491171, 0.057713754, 0.05111524, 0.050975837, 0.050975837, 0.050789963, 0.050789963, 0.05065056, 0.0508829, 0.05111524, 0.05120818, 0.051440522, 0.0517658, 0.05167286, 0.05032528, 0.041775092, 0.020167286 ],
  "lightfield_0.2_0.0_0.0_y" : [ 0.0, 0.0, 0.0, 0.0, 0.0, 0.0, 0.0, 0.0, 0.008039033, 0.20803903, 0.78303903, 8.828996E-4, 0.0, 0.0, 0.0, 0.0, 0.0, 0.0, 0.0, 0.0 ]
}