{
  "eccentricity_minmax" : 8.677089E-4,
  "compactness" : 2.102503,
  "eccentricity" : 1.4078168,
  "compactness_standardized" : -0.065097585,
  "convexity_minmax" : 0.476357,
  "diameter_standardized" : 1.8967407,
  "surface_area_minmax" : 0.159451,
  "convexity" : 0.91224414,
  "diameter_minmax" : 0.41407657,
  "rectangularity _standardized" : 7.908024,
  "convexity_standardized" : 2.0691345,
  "diameter" : 1.2196442,
  "surface_area" : 3.270435,
  "rectangularity " : 0.3998116,
  "compactness_minmax" : 4.1771978E-7,
  "surface_area_standardized" : 1.0267358,
  "rectangularity _minmax" : 0.7204863,
  "eccentricity_standardized" : -0.34620282,
  "lightfield_0.0_0.0_0.6_y" : [ 0.0036102666, 0.017343247, 0.031672254, 0.045778766, 0.059729367, 0.07157033, 0.07295402, 0.07298975, 0.072955646, 0.073004365, 0.07299462, 0.07284033, 0.0642556, 0.057439454, 0.054917302, 0.05473541, 0.046412144, 0.032050658, 0.01832255, 0.0044239163 ],
  "lightfield_0.0_0.0_0.6_x" : [ 0.007153947, 0.021252338, 0.035759993, 0.06144437, 0.06980336, 0.06985046, 0.06988294, 0.0699008, 0.0699008, 0.0699008, 0.0699138, 0.062493503, 0.054826356, 0.052093077, 0.051839724, 0.051787756, 0.048661456, 0.035319872, 0.021203617, 0.0070110303 ],
  "lightfield_0.0_0.0_0.8_y" : [ 0.004727244, 0.014176364, 0.023546757, 0.032899257, 0.042282175, 0.051690143, 0.06095497, 0.06450488, 0.06450129, 0.0656339, 0.06956134, 0.07706374, 0.085423194, 0.0833047, 0.07404167, 0.06468559, 0.05532772, 0.041035056, 0.019885916, 0.004754083 ],
  "lightfield_0.0_0.0_0.8_x" : [ 0.003889867, 0.018653112, 0.03972531, 0.054606646, 0.063917994, 0.06806194, 0.068122774, 0.06908897, 0.07299137, 0.080284424, 0.086201526, 0.07897647, 0.06966691, 0.06034125, 0.051024534, 0.04168277, 0.03228196, 0.02290799, 0.0134910755, 0.0040831077 ],
  "lightfield_0.0_0.0_0.2_y" : [ 0.0048121265, 0.014282363, 0.023775881, 0.033256862, 0.04276471, 0.052292254, 0.06136312, 0.06378978, 0.06380589, 0.0652995, 0.06938632, 0.07753845, 0.08519452, 0.08344661, 0.07431127, 0.064891174, 0.055413775, 0.04054579, 0.019128516, 0.004701091 ],
  "lightfield_0.0_0.0_0.2_x" : [ 0.0038056453, 0.013216782, 0.022796262, 0.032300524, 0.04180479, 0.051241, 0.060652137, 0.07008297, 0.079479784, 0.0870463, 0.080527455, 0.07269768, 0.068686076, 0.06729455, 0.06729097, 0.06419631, 0.0549374, 0.039532147, 0.018329779, 0.0040814425 ],
  "lightfield_0.0_0.0_0.4_y" : [ 0.0036254579, 0.016958157, 0.030728666, 0.04440571, 0.05787451, 0.07062182, 0.07369961, 0.07372912, 0.07369961, 0.07373896, 0.07373404, 0.073266715, 0.063751325, 0.0576843, 0.05532472, 0.05529028, 0.04826401, 0.031443592, 0.017846895, 0.004312508 ],
  "lightfield_0.0_0.0_0.4_x" : [ 0.0069344467, 0.020626249, 0.034234423, 0.047750775, 0.05232564, 0.052350234, 0.052487973, 0.055014808, 0.061370425, 0.07031519, 0.07059067, 0.07059886, 0.0706005, 0.07060378, 0.07056607, 0.07054476, 0.061114628, 0.03469683, 0.020447517, 0.006826224 ],
  "lightfield_0.0_0.0_0.0_y" : [ 0.04050605, 0.042498607, 0.0425167, 0.042813413, 0.04597834, 0.057415035, 0.057413828, 0.05743554, 0.05747293, 0.05751876, 0.05749102, 0.05747293, 0.057418652, 0.05745001, 0.05618597, 0.04496759, 0.04270365, 0.04251911, 0.042493783, 0.039728086 ],
  "lightfield_0.0_0.0_0.0_x" : [ 0.030872552, 0.05994794, 0.059996188, 0.05997689, 0.059972066, 0.05999498, 0.05994553, 0.05999498, 0.05997086, 0.059974477, 0.059985332, 0.059951562, 0.060005836, 0.05996121, 0.05072574, 0.032907322, 0.030022217, 0.029980002, 0.029992064, 0.015822243 ],
  "d1" : [ 0.0392516, 0.0413739, 0.0552539, 0.0737334, 0.0793882, 0.087511, 0.0822816, 0.0808732, 0.0743551, 0.0709733, 0.0641371, 0.0573449, 0.0504598, 0.0496485, 0.0410945, 0.02828, 0.012078, 0.0066667, 0.0038957, 0.0013996 ],
  "d2" : [ 0.0046959245, 0.012735836, 0.02152588, 0.030790906, 0.04020266, 0.049858756, 0.058477968, 0.0660439, 0.07311064, 0.08236256, 0.08803066, 0.11286192, 0.11251136, 0.08979837, 0.06925866, 0.050539173, 0.026664382, 0.008972175, 0.0014797598, 7.851379E-5 ],
  "d3" : [ 6.280705E-4, 0.0036247375, 0.010371012, 0.01915303, 0.03041111, 0.04381682, 0.058806393, 0.07400797, 0.08853812, 0.10125508, 0.11047742, 0.116095535, 0.11329991, 0.100889735, 0.07445332, 0.038642634, 0.012647943, 0.0024493944, 4.0398957E-4, 2.7771139E-5 ],
  "d4" : [ 2.2370236E-6, 3.6402475E-5, 3.2253814E-4, 0.0016547873, 0.0063023055, 0.018439481, 0.042007543, 0.08261145, 0.15121822, 0.29314935, 0.19884242, 0.107471086, 0.05698116, 0.026852826, 0.010316848, 0.0029964931, 6.645994E-4, 1.1744374E-4, 1.1490167E-5, 1.3218776E-6 ],
  "lightfield_0.0_0.8_0.0_y" : [ 0.0, 0.0, 0.036507234, 0.045634456, 0.050479017, 0.055359833, 0.06376366, 0.06927889, 0.07413992, 0.07898614, 0.08059934, 0.07636612, 0.071523204, 0.06666216, 0.059963815, 0.053889986, 0.049091563, 0.044222284, 0.023532378, 0.0 ],
  "lightfield_0.0_0.8_0.0_x" : [ 0.0071399617, 0.021255104, 0.032713976, 0.03744484, 0.05091569, 0.064152546, 0.06780739, 0.06787165, 0.06781563, 0.06787495, 0.067818925, 0.06784694, 0.06782552, 0.067856826, 0.06782057, 0.06297601, 0.049388167, 0.03529115, 0.021176009, 0.0070081367 ],
  "lightfield_0.8_0.0_0.0_x" : [ 0.05361095, 0.057369895, 0.057365954, 0.057354122, 0.057358067, 0.05734361, 0.057369895, 0.05733967, 0.057369895, 0.05733704, 0.057363324, 0.057369895, 0.057351496, 0.057369895, 0.053429577, 0.03364649, 0.028891295, 0.02868889, 0.028690206, 0.027379831 ],
  "lightfield_0.8_0.0_0.0_y" : [ 0.0, 0.038121738, 0.04841546, 0.048432548, 0.049533945, 0.05655502, 0.06535042, 0.06538723, 0.06533991, 0.06538723, 0.06538591, 0.06536619, 0.06538723, 0.06533597, 0.057381723, 0.04953657, 0.048454892, 0.048416775, 0.03221126, 0.0 ],
  "lightfield_0.0_0.6_0.0_x" : [ 0.0052578244, 0.015722312, 0.026104152, 0.036476158, 0.04687177, 0.05733626, 0.06769645, 0.07786971, 0.083340056, 0.083881184, 0.08390086, 0.083286926, 0.077773295, 0.06753707, 0.057155225, 0.046818644, 0.036326606, 0.025944766, 0.015566859, 0.005133856 ],
  "lightfield_0.0_0.6_0.0_y" : [ 0.0, 0.0062712147, 0.026127767, 0.03556115, 0.044904023, 0.054343313, 0.063656665, 0.073060535, 0.08252541, 0.0917758, 0.094369285, 0.08685249, 0.07749191, 0.06807426, 0.05861136, 0.04926652, 0.039825264, 0.030399749, 0.016883284, 0.0 ],
  "lightfield_0.6_0.0_0.0_y" : [ 0.032148305, 0.043430913, 0.043470986, 0.043626558, 0.045750372, 0.056593366, 0.058701858, 0.058754895, 0.058780823, 0.05879968, 0.058786716, 0.05879261, 0.058811467, 0.05876079, 0.0577307, 0.04603441, 0.04366663, 0.043489844, 0.043440342, 0.030428747 ],
  "lightfield_0.6_0.0_0.0_x" : [ 0.055016417, 0.057279304, 0.057306413, 0.057279304, 0.057279304, 0.057296984, 0.057279304, 0.057279304, 0.05729109, 0.057288732, 0.057279304, 0.057285197, 0.057301696, 0.057279304, 0.053342827, 0.03307585, 0.028822333, 0.028639652, 0.028664403, 0.027713282 ],
  "lightfield_0.0_0.4_0.0_x" : [ 0.0052383724, 0.01565217, 0.02609154, 0.036426656, 0.04681685, 0.05724245, 0.06756773, 0.07775334, 0.08348742, 0.08429393, 0.0842959, 0.083402835, 0.07762745, 0.067412324, 0.057090983, 0.046675216, 0.03636371, 0.025871227, 0.015542014, 0.005147886 ],
  "lightfield_0.0_0.4_0.0_y" : [ 0.0, 0.006788443, 0.02612695, 0.035511956, 0.04498155, 0.054366555, 0.06380861, 0.07321919, 0.082659274, 0.09173545, 0.09382057, 0.08681378, 0.07735992, 0.06804573, 0.058546633, 0.049167525, 0.039715637, 0.030305058, 0.01702717, 0.0 ],
  "lightfield_0.0_0.2_0.0_y" : [ 0.0, 0.0, 0.036422655, 0.045583576, 0.050521962, 0.055414163, 0.06288277, 0.068251655, 0.0731686, 0.0780608, 0.080732875, 0.07751319, 0.07261109, 0.06771229, 0.060428422, 0.05397586, 0.04908201, 0.044153523, 0.023484547, 0.0 ],
  "lightfield_0.0_0.2_0.0_x" : [ 0.007135423, 0.021132464, 0.035220224, 0.049319528, 0.06255453, 0.06784755, 0.06795641, 0.06794156, 0.06795641, 0.06795146, 0.06795641, 0.06794981, 0.06795641, 0.06793002, 0.06386253, 0.05112895, 0.03762344, 0.03258114, 0.021038447, 0.0069572846 ],