{
  "eccentricity_minmax" : 0.001471376,
  "compactness" : 3.1334872,
  "eccentricity" : 1.6910291,
  "compactness_standardized" : -0.06507447,
  "convexity_minmax" : 0.42997664,
  "diameter_standardized" : 1.7999467,
  "surface_area_minmax" : 0.15633081,
  "convexity" : 0.8235236,
  "diameter_minmax" : 0.39869365,
  "rectangularity _standardized" : 3.4749846,
  "convexity_standardized" : 1.750211,
  "diameter" : 1.2114844,
  "surface_area" : 3.2067482,
  "rectangularity " : 0.18665065,
  "compactness_minmax" : 6.796254E-7,
  "surface_area_standardized" : 0.9875776,
  "rectangularity _minmax" : 0.33635646,
  "eccentricity_standardized" : -0.33332756,
  "lightfield_0.0_0.0_0.6_y" : [ 0.010493577, 0.024945175, 0.038735494, 0.052607868, 0.064084515, 0.065353975, 0.065325014, 0.06537168, 0.06533306, 0.06537329, 0.064991966, 0.06371446, 0.061943002, 0.05295379, 0.049222637, 0.049031172, 0.04252618, 0.03269871, 0.03266814, 0.03262631 ],
  "lightfield_0.0_0.0_0.6_x" : [ 0.016995348, 0.03777656, 0.065555096, 0.07999543, 0.07965916, 0.07878067, 0.07760614, 0.07631898, 0.075035036, 0.06843512, 0.058224715, 0.05669943, 0.056363158, 0.055952877, 0.05004159, 0.036090378, 0.022219611, 0.008199214, 5.148643E-5, 0.0 ],
  "lightfield_0.0_0.0_0.8_y" : [ 0.014725995, 0.023530435, 0.03203642, 0.04059488, 0.049158257, 0.05776919, 0.06515843, 0.06793472, 0.068208575, 0.06915314, 0.07407766, 0.07801334, 0.07277724, 0.06718366, 0.061685193, 0.056129325, 0.047756173, 0.0327432, 0.01758592, 0.003778251 ],
  "lightfield_0.0_0.0_0.8_x" : [ 0.042756222, 0.057470735, 0.05912372, 0.05913028, 0.059112243, 0.059245072, 0.06159008, 0.068690695, 0.07600614, 0.0762062, 0.07318065, 0.06819874, 0.059925616, 0.05133436, 0.042669307, 0.03410921, 0.025396602, 0.016792227, 0.008169811, 8.92087E-4 ],
  "lightfield_0.0_0.0_0.2_y" : [ 0.013711786, 0.022284275, 0.030800272, 0.039409883, 0.047888756, 0.05640475, 0.06423314, 0.06539368, 0.06313555, 0.061014622, 0.06317752, 0.06868645, 0.0743358, 0.07879556, 0.07313813, 0.064710915, 0.054020725, 0.03596055, 0.018863996, 0.0040336377 ],
  "lightfield_0.0_0.0_0.2_x" : [ 0.029660717, 0.038094394, 0.04664913, 0.05508119, 0.06359557, 0.07057494, 0.07365142, 0.07628563, 0.07195661, 0.06366982, 0.05868386, 0.05762017, 0.057660524, 0.05764761, 0.057623398, 0.050014526, 0.03292927, 0.021499822, 0.012962843, 0.0041385544 ],
  "lightfield_0.0_0.0_0.4_y" : [ 0.0109048635, 0.024687603, 0.03858971, 0.05219585, 0.05952953, 0.06091778, 0.062256973, 0.06361906, 0.06499259, 0.066284366, 0.06666699, 0.0667046, 0.06348171, 0.053461466, 0.050151907, 0.05004889, 0.045256246, 0.033888634, 0.03334576, 0.03301546 ],
  "lightfield_0.0_0.0_0.4_x" : [ 0.030351788, 0.04410673, 0.05602866, 0.057804443, 0.05782243, 0.05821977, 0.06301405, 0.07412822, 0.07692433, 0.07829296, 0.079632156, 0.0809599, 0.081746414, 0.075627655, 0.05104961, 0.025205947, 0.008939404, 1.4552899E-4, 0.0, 0.0 ],
  "lightfield_0.0_0.0_0.0_y" : [ 0.0, 0.0, 0.03840088, 0.05152702, 0.05188333, 0.05246582, 0.07597451, 0.07728975, 0.0773037, 0.0773037, 0.0773037, 0.0773037, 0.0773037, 0.07257872, 0.052506097, 0.051869385, 0.05150533, 0.037480675, 0.0, 0.0 ],
  "lightfield_0.0_0.0_0.0_x" : [ 0.0576478, 0.05998395, 0.059952967, 0.0599855, 0.059991695, 0.059952967, 0.059970006, 0.059952967, 0.059952967, 0.05996691, 0.059952967, 0.059952967, 0.06000564, 0.04359371, 0.03018872, 0.029976483, 0.030015213, 0.029987328, 0.029976483, 0.028992759 ],
  "d1" : [ 0.0077866, 0.0077773, 0.0093008, 0.0118155, 0.010216, 0.0115637, 0.0127623, 0.0619911, 0.0913381, 0.100378, 0.1089242, 0.1131908, 0.105349, 0.0908003, 0.0760416, 0.0590205, 0.0378173, 0.0266024, 0.0447933, 0.0125312 ],
  "d2" : [ 0.0049746735, 0.013352345, 0.023991814, 0.03616865, 0.047048964, 0.059777297, 0.06782371, 0.07498687, 0.092674375, 0.09760974, 0.10445024, 0.11076805, 0.087163106, 0.06816817, 0.048688248, 0.028957285, 0.021532781, 0.009991154, 0.0017913146, 8.121426E-5 ],
  "d3" : [ 5.6015194E-4, 0.003756248, 0.0117476955, 0.023052562, 0.038123034, 0.055310953, 0.0730876, 0.089607306, 0.10424179, 0.114879146, 0.11950495, 0.11595598, 0.099852845, 0.07537661, 0.044489365, 0.0204461, 0.00761704, 0.00198946, 3.6937627E-4, 3.1795942E-5 ],
  "d4" : [ 2.4403894E-6, 3.7724352E-5, 2.7596738E-4, 0.0011690482, 0.004070875, 0.01229336, 0.03041254, 0.06478349, 0.12817016, 0.28331417, 0.25304663, 0.119544305, 0.05993098, 0.027380254, 0.0107411705, 0.0035450724, 0.001038589, 2.1739802E-4, 2.3590432E-5, 2.2370236E-6 ],
  "lightfield_0.0_0.8_0.0_y" : [ 0.0, 0.0, 0.03288387, 0.053776324, 0.064841665, 0.06882246, 0.071527846, 0.07127217, 0.07083218, 0.07042042, 0.06994921, 0.069516644, 0.069058806, 0.06865002, 0.0681803, 0.06456667, 0.053633623, 0.032067794, 0.0, 0.0 ],
  "lightfield_0.0_0.8_0.0_x" : [ 0.035162643, 0.04908054, 0.051551066, 0.05283241, 0.054061726, 0.055288073, 0.05652928, 0.057317115, 0.05737806, 0.05731563, 0.057364684, 0.05733941, 0.056802794, 0.055555638, 0.054354563, 0.0531193, 0.051837955, 0.050598234, 0.03251225, 0.0039986265 ],
  "lightfield_0.8_0.0_0.0_x" : [ 0.054819666, 0.060270716, 0.060278475, 0.060282357, 0.060284946, 0.06025778, 0.06027977, 0.06028365, 0.060278475, 0.060296588, 0.060256485, 0.06026554, 0.060274597, 0.042608485, 0.030309342, 0.030124363, 0.030147647, 0.030139886, 0.030137299, 0.028403932 ],
  "lightfield_0.8_0.0_0.0_y" : [ 0.023541449, 0.042705502, 0.04277535, 0.042855553, 0.04348681, 0.058987506, 0.06420184, 0.06428721, 0.06436612, 0.064411394, 0.06439458, 0.06435835, 0.06428074, 0.06420313, 0.05617014, 0.043166008, 0.042836152, 0.042758536, 0.04263953, 0.003574099 ],
  "lightfield_0.0_0.6_0.0_x" : [ 0.025269587, 0.049249694, 0.059190366, 0.059980806, 0.060802653, 0.061619263, 0.062127028, 0.062156692, 0.06210958, 0.06210609, 0.062151458, 0.06210958, 0.061463967, 0.060668293, 0.059823766, 0.059024602, 0.046131566, 0.021994416, 0.0020205898, 0.0 ],
  "lightfield_0.0_0.6_0.0_y" : [ 0.0, 0.0, 0.019406736, 0.045027047, 0.066515446, 0.074250564, 0.07425929, 0.074257545, 0.074233115, 0.074250564, 0.074234866, 0.07427674, 0.07403071, 0.07320886, 0.07241843, 0.06591345, 0.04480719, 0.01890944, 0.0, 0.0 ],
  "lightfield_0.6_0.0_0.0_y" : [ 0.0, 0.0, 0.03336826, 0.05439682, 0.05443142, 0.055123363, 0.07548963, 0.081565574, 0.081565574, 0.081568874, 0.081560634, 0.08157217, 0.08156723, 0.07115015, 0.054650534, 0.05441824, 0.053887747, 0.0036837873, 0.0, 0.0 ],
  "lightfield_0.6_0.0_0.0_x" : [ 0.05259776, 0.060451347, 0.060457937, 0.060443107, 0.06042993, 0.060457937, 0.06046782, 0.06046782, 0.06046123, 0.06045464, 0.060469467, 0.060462877, 0.06044805, 0.04270953, 0.030396188, 0.030236382, 0.030201785, 0.030219907, 0.030226497, 0.027939782 ],
  "lightfield_0.0_0.4_0.0_x" : [ 0.04615864, 0.060960334, 0.06204888, 0.06304731, 0.06406197, 0.064510725, 0.06451973, 0.06452514, 0.06451973, 0.064494506, 0.06446026, 0.0640097, 0.063005865, 0.061984, 0.06084139, 0.045408916, 0.020267848, 0.0011750521, 0.0, 0.0 ],
  "lightfield_0.0_0.4_0.0_y" : [ 0.0, 0.0, 0.020141691, 0.04670652, 0.06889554, 0.07520334, 0.07515648, 0.075196125, 0.07483568, 0.07397962, 0.073145196, 0.072290935, 0.071465515, 0.0706419, 0.06980567, 0.06644992, 0.04647223, 0.019613639, 0.0, 0.0 ],
  "lightfield_0.0_0.2_0.0_y" : [ 0.0, 0.0, 0.030167121, 0.05010298, 0.06142855, 0.06433356, 0.06702911, 0.07520532, 0.075354055, 0.074941225, 0.07449045, 0.07407154, 0.07360711, 0.070557915, 0.06048602, 0.060048904, 0.055284634, 0.032891512, 0.0, 0.0 ],
  "lightfield_0.0_0.2_0.0_x" : [ 0.053184047, 0.054454416, 0.05574148, 0.056984533, 0.058270082, 0.05896218, 0.058937896, 0.058965217, 0.05896218, 0.05859033, 0.057336655, 0.05607539, 0.054776184, 0.053502776, 0.0523174, 0.048084352, 0.034717385, 0.027705304, 0.026433416, 0.015998773 ],