{
  "eccentricity_minmax" : 8.8878523E-4,
  "compactness" : 2.2006698,
  "eccentricity" : 1.4177048,
  "compactness_standardized" : -0.06509693,
  "convexity_minmax" : 0.47263122,
  "diameter_standardized" : 1.8015499,
  "surface_area_minmax" : 0.1589049,
  "convexity" : 0.9051171,
  "diameter_minmax" : 0.3987269,
  "rectangularity _standardized" : 7.582857,
  "convexity_standardized" : 2.043619,
  "diameter" : 1.2115021,
  "surface_area" : 3.2592885,
  "rectangularity " : 0.38417453,
  "compactness_minmax" : 4.4265752E-7,
  "surface_area_standardized" : 1.0199151,
  "rectangularity _minmax" : 0.69230723,
  "eccentricity_standardized" : -0.34575585,
  "lightfield_0.0_0.0_0.6_y" : [ 0.0042359084, 0.018241106, 0.03269887, 0.046135914, 0.05876224, 0.07057623, 0.07317117, 0.07317605, 0.07318256, 0.07315489, 0.07319884, 0.07273162, 0.06359235, 0.056043576, 0.054889366, 0.054772153, 0.045934048, 0.031785592, 0.018859724, 0.0048577827 ],
  "lightfield_0.0_0.0_0.6_x" : [ 0.006975737, 0.020681392, 0.03494706, 0.059773196, 0.07047692, 0.07068855, 0.070861116, 0.070822045, 0.07087577, 0.070849724, 0.07061692, 0.061349045, 0.05319956, 0.052986298, 0.052790947, 0.0525728, 0.047827348, 0.03433821, 0.020521853, 0.0068455017 ],
  "lightfield_0.0_0.0_0.8_y" : [ 0.0048423945, 0.014395004, 0.02390296, 0.03346807, 0.043052834, 0.052648313, 0.061856184, 0.06452477, 0.06456407, 0.064917736, 0.068870604, 0.07740686, 0.08504109, 0.08323703, 0.07433459, 0.06503384, 0.055134706, 0.03851588, 0.019464247, 0.0047888085 ],
  "lightfield_0.0_0.0_0.8_x" : [ 0.003779604, 0.017988844, 0.037863918, 0.054711375, 0.06377278, 0.06711655, 0.067095116, 0.067127265, 0.07104441, 0.080214776, 0.086959474, 0.07987182, 0.07062108, 0.061470367, 0.052269638, 0.043061767, 0.03341627, 0.023692187, 0.013862716, 0.004060038 ],
  "lightfield_0.0_0.0_0.2_y" : [ 0.004799263, 0.014291099, 0.023850506, 0.03333523, 0.042851962, 0.052306455, 0.061517343, 0.064998984, 0.065013215, 0.065013215, 0.0679045, 0.07693758, 0.085234486, 0.08307224, 0.07393604, 0.064725146, 0.055484034, 0.039862867, 0.020087913, 0.004777925 ],
  "lightfield_0.0_0.0_0.2_x" : [ 0.004196466, 0.013718531, 0.02328505, 0.032796446, 0.042366523, 0.051773008, 0.060772292, 0.06975024, 0.07869974, 0.08583728, 0.08026274, 0.07183958, 0.06803253, 0.067611106, 0.06760044, 0.06397121, 0.054717645, 0.038701728, 0.019687826, 0.0043796166 ],
  "lightfield_0.0_0.0_0.4_y" : [ 0.003919258, 0.018621735, 0.033669032, 0.04709423, 0.060296025, 0.07143863, 0.07265277, 0.07269001, 0.07263982, 0.07268677, 0.0727062, 0.07255565, 0.064254135, 0.05485342, 0.05448108, 0.05449889, 0.044988092, 0.03214083, 0.01912682, 0.004686597 ],
  "lightfield_0.0_0.0_0.4_x" : [ 0.007135931, 0.021242669, 0.035250656, 0.048716325, 0.05208841, 0.052284293, 0.052502837, 0.053977616, 0.06280526, 0.07043818, 0.0704317, 0.07043979, 0.07044142, 0.07027953, 0.07009174, 0.06984082, 0.05846995, 0.03547406, 0.021058118, 0.007030705 ],
  "lightfield_0.0_0.0_0.0_y" : [ 0.040820718, 0.04247057, 0.042612843, 0.042727616, 0.04289021, 0.056453675, 0.057618137, 0.057772364, 0.057900287, 0.05798039, 0.057970826, 0.057859637, 0.057717368, 0.05756673, 0.057447176, 0.044310518, 0.042745546, 0.042612843, 0.042461008, 0.04006155 ],
  "lightfield_0.0_0.0_0.0_x" : [ 0.036602832, 0.059487972, 0.059538186, 0.05950949, 0.05948558, 0.059538186, 0.059532207, 0.059478406, 0.059535794, 0.059538186, 0.0594796, 0.059527423, 0.059538186, 0.059499927, 0.05104742, 0.030206662, 0.029749963, 0.029745182, 0.029769093, 0.019189706 ],
  "d1" : [ 0.0158486, 0.049479, 0.0607899, 0.0665578, 0.0738513, 0.0802699, 0.0838376, 0.0821543, 0.0786064, 0.0750101, 0.0691535, 0.0581609, 0.0540703, 0.056958, 0.0447906, 0.0243965, 0.0120385, 0.0077217, 0.0046243, 0.0016808 ],
  "d2" : [ 0.0036870474, 0.0119131915, 0.020848261, 0.030389136, 0.04014985, 0.04986866, 0.05904647, 0.065793656, 0.07329757, 0.082507886, 0.08813728, 0.11211228, 0.113857694, 0.090175636, 0.06971634, 0.050205816, 0.027355103, 0.009306534, 0.001543271, 8.831551E-5 ],
  "d3" : [ 6.0734275E-4, 0.003562856, 0.010334788, 0.019463142, 0.03109593, 0.04491016, 0.05966277, 0.07507374, 0.090211324, 0.1027832, 0.11223022, 0.11663949, 0.11266158, 0.09946727, 0.071312465, 0.03570423, 0.011499767, 0.0023526985, 3.905065E-4, 3.6525085E-5 ],
  "d4" : [ 2.1353408E-6, 1.7997872E-5, 1.568967E-4, 9.391432E-4, 0.004294272, 0.014259703, 0.03550004, 0.074728385, 0.14315385, 0.3035029, 0.21756987, 0.11126254, 0.056778405, 0.025587788, 0.009312729, 0.00241263, 4.5065858E-4, 6.273834E-5, 6.2026566E-6, 1.1185118E-6 ],
  "lightfield_0.0_0.8_0.0_y" : [ 0.0, 0.0, 0.036958944, 0.045915857, 0.050686974, 0.055443335, 0.062339325, 0.06788267, 0.072699696, 0.07746754, 0.0798367, 0.07792661, 0.07317845, 0.068425365, 0.061132606, 0.05390707, 0.049126115, 0.044387788, 0.022684943, 0.0 ],
  "lightfield_0.0_0.8_0.0_x" : [ 0.007351784, 0.02195206, 0.032720685, 0.03708683, 0.0509575, 0.0633788, 0.06735145, 0.06738589, 0.0674236, 0.06738589, 0.06741376, 0.06740556, 0.06738589, 0.06740392, 0.067359656, 0.06345914, 0.051065713, 0.036403134, 0.021832371, 0.007276364 ],
  "lightfield_0.8_0.0_0.0_x" : [ 0.053793296, 0.05749742, 0.05751979, 0.05748549, 0.05753321, 0.057501893, 0.057498913, 0.05752277, 0.05748549, 0.05749742, 0.05748549, 0.057491455, 0.057501893, 0.05748549, 0.055324752, 0.029641936, 0.028766604, 0.028780024, 0.02872336, 0.027463302 ],
  "lightfield_0.8_0.0_0.0_y" : [ 0.0, 0.0, 0.044391327, 0.055461943, 0.055517115, 0.05607482, 0.072120056, 0.074186854, 0.07423159, 0.074186854, 0.07421369, 0.074186854, 0.07422115, 0.07118359, 0.055497732, 0.055488784, 0.055412732, 0.03362491, 0.0, 0.0 ],
  "lightfield_0.0_0.6_0.0_x" : [ 0.0052963016, 0.015845893, 0.026403304, 0.036988087, 0.047527906, 0.05802862, 0.06858799, 0.0772783, 0.08155796, 0.08278771, 0.08278771, 0.081569694, 0.07725679, 0.06852933, 0.057934776, 0.047416463, 0.036882512, 0.02629382, 0.015765734, 0.00526111 ],
  "lightfield_0.0_0.6_0.0_y" : [ 0.0, 0.005274796, 0.026456092, 0.035838503, 0.045252196, 0.054663934, 0.06407176, 0.07345612, 0.082860045, 0.09082502, 0.091794744, 0.08724723, 0.0778003, 0.06845504, 0.059101954, 0.049645253, 0.0402472, 0.030790497, 0.016219312, 0.0 ],
  "lightfield_0.6_0.0_0.0_y" : [ 0.037329853, 0.042919323, 0.043017596, 0.0430907, 0.043664746, 0.054983906, 0.058186106, 0.058258012, 0.058287974, 0.05827359, 0.05829037, 0.058250822, 0.05818371, 0.058095027, 0.058011137, 0.04548396, 0.043093096, 0.043025985, 0.042914532, 0.03663956 ],
  "lightfield_0.6_0.0_0.0_x" : [ 0.039357595, 0.059130467, 0.059134062, 0.059131667, 0.059120882, 0.059124477, 0.059116088, 0.059122078, 0.059132867, 0.059135262, 0.059116088, 0.0591053, 0.059126873, 0.059123278, 0.05154801, 0.030525176, 0.02958321, 0.029577218, 0.029565234, 0.02122417 ],
  "lightfield_0.0_0.4_0.0_x" : [ 0.005275197, 0.015739273, 0.026230814, 0.03654972, 0.047056954, 0.057515144, 0.067965485, 0.07735255, 0.08214908, 0.08458167, 0.08458167, 0.08220009, 0.077258386, 0.067914486, 0.057318967, 0.046970636, 0.036443785, 0.026079757, 0.015586255, 0.005230076 ],
  "lightfield_0.0_0.4_0.0_y" : [ 0.0, 0.008088374, 0.026101338, 0.035702236, 0.04520897, 0.054823596, 0.06436957, 0.07398223, 0.08351055, 0.090849526, 0.09141648, 0.08720456, 0.07761543, 0.06800276, 0.058435213, 0.048832353, 0.039372705, 0.029716877, 0.01676724, 0.0 ],
  "lightfield_0.0_0.2_0.0_y" : [ 0.0, 0.0, 0.03583612, 0.045481883, 0.05066594, 0.055765506, 0.063686565, 0.06992268, 0.07502224, 0.07953199, 0.08012678, 0.07665748, 0.07151318, 0.06638711, 0.060271945, 0.05413192, 0.048992597, 0.0439096, 0.022096455, 0.0 ],
  "lightfield_0.0_0.2_0.0_x" : [ 0.007087698, 0.021031145, 0.035052463, 0.04893792, 0.06166198, 0.06740769, 0.068082, 0.0680936, 0.06811182, 0.0680936, 0.0680936, 0.068113476, 0.0680936, 0.067903064, 0.06358881, 0.05212225, 0.0384472, 0.032211088, 0.020916829, 0.0069501856 ],