{
  "eccentricity_minmax" : 7.0354645E-4,
  "compactness" : 1.9138306,
  "eccentricity" : 1.3307995,
  "compactness_standardized" : -0.06508262,
  "convexity_minmax" : 0.4652492,
  "diameter_standardized" : 0.40008366,
  "surface_area_minmax" : 0.12551379,
  "convexity" : 0.89099616,
  "diameter_minmax" : 0.17288516,
  "rectangularity _standardized" : 3.9322486,
  "convexity_standardized" : 1.9916956,
  "diameter" : 1.0917058,
  "surface_area" : 2.5777326,
  "rectangularity " : 0.20863998,
  "compactness_minmax" : 3.6979043E-7,
  "surface_area_standardized" : 0.6026219,
  "rectangularity _minmax" : 0.37598267,
  "eccentricity_standardized" : -0.34961575,
  "lightfield_0.0_0.0_0.6_y" : [ 0.008769746, 0.037010547, 0.057054095, 0.060917225, 0.06325318, 0.063495815, 0.063476786, 0.06343238, 0.063489474, 0.06352277, 0.06355925, 0.0633404, 0.060822073, 0.04846038, 0.046368644, 0.04467813, 0.03955425, 0.03824751, 0.03401805, 0.016529305 ],
  "lightfield_0.0_0.0_0.6_x" : [ 0.0, 0.0032779502, 0.03150448, 0.04854443, 0.06691966, 0.07229886, 0.074422315, 0.07553399, 0.07566245, 0.07569893, 0.07533894, 0.07452698, 0.07041646, 0.059109356, 0.056370594, 0.04984324, 0.04455126, 0.038558338, 0.007421774, 0.0 ],
  "lightfield_0.0_0.0_0.8_y" : [ 0.015368929, 0.030196102, 0.03760969, 0.044905018, 0.05232819, 0.059674658, 0.067132995, 0.07324253, 0.068974, 0.06961324, 0.07299802, 0.07386259, 0.072306044, 0.06864639, 0.06276059, 0.055856798, 0.04231929, 0.021794891, 0.010223047, 1.8697772E-4 ],
  "lightfield_0.0_0.0_0.8_x" : [ 0.011071638, 0.021884384, 0.036564533, 0.050057292, 0.058426544, 0.065205686, 0.06938631, 0.06913861, 0.06651453, 0.06778182, 0.06854252, 0.067420654, 0.064705476, 0.061964735, 0.057304677, 0.050129205, 0.041541018, 0.032853745, 0.02413451, 0.015372125 ],
  "lightfield_0.0_0.0_0.2_y" : [ 0.01658445, 0.028204089, 0.03948732, 0.046588566, 0.050247602, 0.05460337, 0.06026492, 0.06436718, 0.067224264, 0.07503181, 0.07912929, 0.07868288, 0.074854836, 0.07052936, 0.06601415, 0.058388364, 0.043823957, 0.023242466, 0.0027311253, 0.0 ],
  "lightfield_0.0_0.0_0.2_x" : [ 0.014212055, 0.028527744, 0.041652452, 0.0512935, 0.060448267, 0.065374814, 0.067134984, 0.06868947, 0.069070525, 0.06910082, 0.06565702, 0.059172787, 0.05968298, 0.060111858, 0.059343383, 0.05231229, 0.04530511, 0.031099433, 0.02142331, 0.010387205 ],
  "lightfield_0.0_0.0_0.4_y" : [ 0.020807248, 0.031392265, 0.04192752, 0.052029356, 0.059095666, 0.06336082, 0.065739796, 0.06701758, 0.066336945, 0.06573819, 0.0643641, 0.062309377, 0.05819512, 0.055185277, 0.054629862, 0.053371347, 0.044821784, 0.034453478, 0.025090054, 0.0141342245 ],
  "lightfield_0.0_0.0_0.4_x" : [ 0.00411265, 0.027188117, 0.03732206, 0.04613809, 0.05487065, 0.0594729, 0.058175858, 0.063478, 0.07370826, 0.07979215, 0.08026249, 0.079718314, 0.07810503, 0.075059876, 0.06707215, 0.058366884, 0.04717508, 0.009981443, 0.0, 0.0 ],
  "lightfield_0.0_0.0_0.0_y" : [ 0.0, 0.0037512504, 0.025722861, 0.052542876, 0.069567785, 0.074868046, 0.075283445, 0.075461015, 0.075359546, 0.075340524, 0.07507416, 0.07470157, 0.07376931, 0.06880675, 0.052829847, 0.051805627, 0.04821768, 0.02455753, 0.0023401715, 0.0 ],
  "lightfield_0.0_0.0_0.0_x" : [ 0.014329587, 0.041052885, 0.0528679, 0.056070574, 0.058666006, 0.06126303, 0.063763335, 0.06494451, 0.064923905, 0.064299226, 0.062133458, 0.05852173, 0.056468528, 0.054738767, 0.049985494, 0.039765477, 0.03874601, 0.038505018, 0.03642328, 0.022531286 ],
  "d1" : [ 0.0076486, 0.0155105, 0.033784, 0.040931, 0.0717389, 0.0847341, 0.0880504, 0.0822508, 0.0785991, 0.0801811, 0.0829762, 0.0744446, 0.0630959, 0.0578796, 0.0580572, 0.0391377, 0.0285825, 0.0091657, 0.0019148, 0.0013173 ],
  "d2" : [ 0.0035742277, 0.011930095, 0.020484997, 0.029769627, 0.039008148, 0.04828548, 0.057313863, 0.06681203, 0.07920771, 0.08659231, 0.09255755, 0.09611878, 0.11414764, 0.094730936, 0.07055999, 0.047285102, 0.02779288, 0.011529325, 0.0021365753, 1.6272858E-4 ],
  "d3" : [ 5.473732E-4, 0.003809174, 0.011056536, 0.020797666, 0.03323763, 0.04732685, 0.06285605, 0.07897921, 0.094426505, 0.10674743, 0.11594944, 0.120232634, 0.11413103, 0.0904656, 0.056393728, 0.02842024, 0.011455696, 0.0027449154, 3.9483316E-4, 2.746928E-5 ],
  "d4" : [ 2.033658E-6, 1.4947385E-5, 1.7397942E-4, 9.164679E-4, 0.0032852725, 0.010271396, 0.027063003, 0.060365472, 0.11659805, 0.2193968, 0.2868761, 0.14275435, 0.07540915, 0.035869963, 0.014359862, 0.004849664, 0.0014535569, 3.0108306E-4, 3.6300793E-5, 2.5420723E-6 ],
  "lightfield_0.0_0.8_0.0_y" : [ 0.0, 0.0026487343, 0.020036874, 0.039168574, 0.06353447, 0.08010356, 0.083186425, 0.082233794, 0.08109837, 0.08001041, 0.07892771, 0.07781514, 0.07583254, 0.067902155, 0.057982147, 0.048740577, 0.038548134, 0.020152878, 0.0020775076, 0.0 ],
  "lightfield_0.0_0.8_0.0_x" : [ 0.03233143, 0.038976993, 0.04193507, 0.04438695, 0.047116537, 0.0482959, 0.056143675, 0.06543094, 0.06555749, 0.06552585, 0.065620765, 0.06554519, 0.06554519, 0.06558737, 0.065518826, 0.065235846, 0.053867556, 0.033851773, 0.013386038, 1.4060964E-4 ],
  "lightfield_0.8_0.0_0.0_x" : [ 0.010064699, 0.028804962, 0.04080831, 0.049249023, 0.05753471, 0.065700665, 0.07184049, 0.073617965, 0.07516827, 0.07463871, 0.06806603, 0.057111062, 0.053589877, 0.05237419, 0.047687974, 0.038040783, 0.037231863, 0.037136696, 0.035798214, 0.025535507 ],
  "lightfield_0.8_0.0_0.0_y" : [ 0.018335035, 0.029979201, 0.039766073, 0.040559646, 0.04218516, 0.047961198, 0.06476741, 0.06849121, 0.07038228, 0.07133702, 0.07200473, 0.07259722, 0.07303775, 0.07319125, 0.0726709, 0.053778674, 0.038663976, 0.028106557, 0.017278986, 0.0049057156 ],
  "lightfield_0.0_0.6_0.0_x" : [ 0.0, 0.002507193, 0.03436255, 0.04408421, 0.058714293, 0.063040815, 0.063574225, 0.0642136, 0.064499155, 0.06445785, 0.064511724, 0.06460871, 0.06467157, 0.06459973, 0.06418486, 0.06369814, 0.06217515, 0.049062677, 0.030696949, 0.012336611 ],
  "lightfield_0.0_0.6_0.0_y" : [ 0.0, 0.002724507, 0.021187216, 0.042825226, 0.05816831, 0.0721231, 0.07757032, 0.0783839, 0.078207895, 0.0769974, 0.07529301, 0.074461475, 0.07429624, 0.073252775, 0.07010981, 0.057370897, 0.042731833, 0.02193255, 0.0023635142, 0.0 ],
  "lightfield_0.6_0.0_0.0_y" : [ 5.3779342E-5, 0.011006839, 0.026371598, 0.038690653, 0.049831938, 0.055588122, 0.072386995, 0.07616051, 0.07884231, 0.08112435, 0.083288066, 0.08511836, 0.08675863, 0.08808877, 0.08260507, 0.05187914, 0.024324397, 0.007880466, 0.0, 0.0 ],
  "lightfield_0.6_0.0_0.0_x" : [ 0.0071347263, 0.019889394, 0.032550845, 0.045212295, 0.057690896, 0.065931685, 0.07054057, 0.07266127, 0.07242285, 0.06983427, 0.06545126, 0.0586643, 0.05479936, 0.05277546, 0.05059023, 0.044439662, 0.043374833, 0.043322846, 0.041946094, 0.030767163 ],
  "lightfield_0.0_0.4_0.0_x" : [ 0.0, 5.750018E-4, 0.02961842, 0.062772326, 0.07373621, 0.07406062, 0.07387025, 0.07375369, 0.073574975, 0.07343706, 0.07334187, 0.07348756, 0.07368959, 0.07395378, 0.07394018, 0.061503824, 0.032670204, 0.0020144489, 0.0, 0.0 ],
  "lightfield_0.0_0.4_0.0_y" : [ 0.0, 0.004452379, 0.030807275, 0.06075982, 0.066472925, 0.06844076, 0.06934211, 0.06935182, 0.0693324, 0.06924109, 0.06922556, 0.069143966, 0.069037125, 0.06764235, 0.06562402, 0.062282797, 0.055940293, 0.029801022, 0.0031022902, 0.0 ],
  "lightfield_0.0_0.2_0.0_y" : [ 0.0, 0.0041504307, 0.029002251, 0.05859522, 0.06475934, 0.06829289, 0.07068501, 0.072283335, 0.073037125, 0.0734817, 0.07325095, 0.072360255, 0.070429645, 0.065434664, 0.0607612, 0.05927209, 0.054004826, 0.027594673, 0.002604403, 0.0 ],
  "lightfield_0.0_0.2_0.0_x" : [ 0.034100298, 0.050834317, 0.053609475, 0.05593544, 0.058213715, 0.060345847, 0.06127039, 0.061474986, 0.061330386, 0.06113963, 0.06089042, 0.059961263, 0.05801219, 0.055927746, 0.054063283, 0.05197115, 0.03979983, 0.032871164, 0.024325708, 0.003922757 ],