{
  "eccentricity_minmax" : 1.4114958E-6,
  "compactness" : 60.83207,
  "eccentricity" : 1.0013907,
  "compactness_standardized" : -0.06468922,
  "convexity_minmax" : 0.12895882,
  "diameter_standardized" : -0.65832335,
  "surface_area_minmax" : 0.113494255,
  "convexity" : 0.24770948,
  "diameter_minmax" : 0.002156109,
  "rectangularity _standardized" : -0.04279882,
  "convexity_standardized" : -0.3106306,
  "diameter" : 1.0011437,
  "surface_area" : 2.332398,
  "rectangularity " : 0.0174843,
  "compactness_minmax" : 1.5337058E-5,
  "surface_area_standardized" : 0.45247787,
  "rectangularity _minmax" : 0.031507783,
  "eccentricity_standardized" : -0.36451036,
  "lightfield_0.0_0.0_0.6_y" : [ 0.01826665, 0.033284277, 0.042008437, 0.048307016, 0.053234894, 0.056876462, 0.05972783, 0.061703328, 0.06304718, 0.06371463, 0.06366732, 0.06306891, 0.0617289, 0.059721436, 0.056899477, 0.053243846, 0.048308294, 0.041934274, 0.03315897, 0.01809787 ],
  "lightfield_0.0_0.0_0.6_x" : [ 0.018551787, 0.033343095, 0.04203273, 0.048385013, 0.053257912, 0.056930166, 0.05976491, 0.06171995, 0.06303823, 0.0636865, 0.06367627, 0.06304334, 0.061676476, 0.059730384, 0.056847055, 0.053172242, 0.048259705, 0.04188185, 0.03316664, 0.01783575 ],
  "lightfield_0.0_0.0_0.8_y" : [ 0.01836717, 0.033319183, 0.042026486, 0.048317228, 0.053264152, 0.056865983, 0.059756912, 0.061734915, 0.063069776, 0.06365155, 0.06365794, 0.06305315, 0.061724685, 0.059745405, 0.056809727, 0.053228352, 0.04825969, 0.04192292, 0.0331926, 0.018032175 ],
  "lightfield_0.0_0.0_0.8_x" : [ 0.018583253, 0.033356264, 0.04207763, 0.048382435, 0.053316575, 0.056895394, 0.059808057, 0.061715737, 0.063080005, 0.06368479, 0.063691184, 0.06303142, 0.06166587, 0.059723668, 0.056812283, 0.053210452, 0.04822261, 0.041839812, 0.03308392, 0.017818648 ],
  "lightfield_0.0_0.0_0.2_y" : [ 0.018285364, 0.033261105, 0.042052247, 0.048403036, 0.053135447, 0.056969184, 0.059688214, 0.06175273, 0.06302723, 0.06368558, 0.06367408, 0.063019566, 0.06174634, 0.059663925, 0.05692572, 0.053112436, 0.048383858, 0.041985773, 0.0332202, 0.018007964 ],
  "lightfield_0.0_0.0_0.2_x" : [ 0.018321157, 0.033309683, 0.04208804, 0.048433714, 0.053136725, 0.056984525, 0.059689492, 0.06176296, 0.06303107, 0.06367408, 0.06365874, 0.063004225, 0.06173867, 0.05966137, 0.056914218, 0.053113714, 0.048331447, 0.04197427, 0.033162676, 0.018009242 ],
  "lightfield_0.0_0.0_0.4_y" : [ 0.0182461, 0.03326237, 0.041950684, 0.048430797, 0.053152792, 0.0569222, 0.059680212, 0.061715797, 0.0630379, 0.06371814, 0.06368617, 0.06304686, 0.06174137, 0.059669986, 0.05695161, 0.053150233, 0.048366867, 0.041992877, 0.033175424, 0.018101612 ],
  "lightfield_0.0_0.0_0.4_x" : [ 0.018379077, 0.03333653, 0.042132247, 0.04842185, 0.053166855, 0.056936268, 0.059698116, 0.061740093, 0.06307754, 0.063710466, 0.06369129, 0.06305709, 0.061763108, 0.059659757, 0.056919646, 0.053101644, 0.048256904, 0.041931503, 0.033151127, 0.017868903 ],
  "lightfield_0.0_0.0_0.0_y" : [ 0.018381033, 0.03322951, 0.04203278, 0.04834383, 0.053204283, 0.056900427, 0.05974027, 0.061740436, 0.06304022, 0.06364474, 0.06364218, 0.06303255, 0.061718706, 0.059719823, 0.056877423, 0.053169776, 0.048292708, 0.041959926, 0.033198837, 0.018130533 ],
  "lightfield_0.0_0.0_0.0_x" : [ 0.018381033, 0.03329597, 0.042008493, 0.048370667, 0.05316211, 0.056888927, 0.059738994, 0.0617366, 0.0630415, 0.06367541, 0.06364218, 0.06303127, 0.061713595, 0.059718546, 0.0568787, 0.053169776, 0.048319545, 0.04193181, 0.033182222, 0.01811264 ],
  "d1" : [ 0.0143392, 0.0219941, 0.0161206, 0.0222904, 0.0452857, 0.0469251, 0.0857044, 0.0550426, 0.0836593, 0.0446701, 0.0605805, 0.0806086, 0.0702183, 0.0623998, 0.0362741, 0.0564025, 0.0458445, 0.0374069, 0.0726301, 0.0416032 ],
  "d2" : [ 0.008893861, 0.021684308, 0.032995295, 0.042851225, 0.05154515, 0.059265006, 0.06611551, 0.07188002, 0.0763015, 0.07960608, 0.08092521, 0.08015048, 0.07792928, 0.07248363, 0.064517125, 0.051658172, 0.034856122, 0.018384028, 0.0065473495, 0.0014106478 ],
  "d3" : [ 4.556077E-4, 0.005785755, 0.01915947, 0.03542098, 0.051628157, 0.06816688, 0.08302514, 0.09492286, 0.10284387, 0.10576246, 0.10308929, 0.09523428, 0.081867814, 0.064684115, 0.04513243, 0.02644537, 0.011963424, 0.0037308915, 6.3893746E-4, 4.226043E-5 ],
  "d4" : [ 8.744729E-6, 7.219485E-5, 3.5019589E-4, 0.0011846056, 0.0036616009, 0.009989429, 0.024135757, 0.05344768, 0.11684534, 0.32039943, 0.27698797, 0.10748289, 0.049543668, 0.022109725, 0.009090756, 0.0032737823, 0.0010476388, 2.9589722E-4, 6.6195564E-5, 6.507705E-6 ],
  "lightfield_0.0_0.8_0.0_y" : [ 0.018364247, 0.033191618, 0.04198242, 0.048319392, 0.05312113, 0.056857225, 0.05966048, 0.061692167, 0.0632021, 0.06387089, 0.063942045, 0.063113555, 0.061703235, 0.059638344, 0.05682244, 0.05307528, 0.04825931, 0.041911274, 0.033144183, 0.018128665 ],
  "lightfield_0.0_0.8_0.0_x" : [ 0.024337567, 0.045046557, 0.056678563, 0.06471835, 0.07055728, 0.07467283, 0.07730533, 0.07861289, 0.07874411, 0.07765159, 0.07528471, 0.0714664, 0.06592314, 0.058411427, 0.04762846, 0.030302983, 0.0026577958, 0.0, 0.0, 0.0 ],
  "lightfield_0.8_0.0_0.0_x" : [ 0.018350795, 0.033282902, 0.041972395, 0.0483002, 0.053140316, 0.056838244, 0.059693724, 0.061661005, 0.06317078, 0.063890174, 0.06393277, 0.06307612, 0.06167047, 0.059670057, 0.056817733, 0.053129274, 0.048244983, 0.041904557, 0.033192977, 0.018060515 ],
  "lightfield_0.8_0.0_0.0_y" : [ 0.0, 0.0, 0.0, 0.0030668797, 0.031121572, 0.04799099, 0.058554687, 0.06607044, 0.07140908, 0.07518904, 0.07752233, 0.07855093, 0.07842945, 0.077108994, 0.074442826, 0.070326835, 0.06455277, 0.05647539, 0.044859428, 0.024328372 ],
  "lightfield_0.0_0.6_0.0_x" : [ 0.0, 0.0, 0.0, 0.0050050667, 0.07305671, 0.10809711, 0.12126069, 0.12032378, 0.10644766, 0.096777774, 0.091341235, 0.083118625, 0.07204584, 0.055797864, 0.047580186, 0.019147461, 0.0, 0.0, 0.0, 0.0 ],
  "lightfield_0.0_0.6_0.0_y" : [ 0.010875542, 0.020116424, 0.033230685, 0.044328127, 0.052106936, 0.057565663, 0.0670457, 0.070445694, 0.07204584, 0.07270168, 0.07273866, 0.0719768, 0.070423506, 0.066969275, 0.057528682, 0.052057624, 0.04413088, 0.03286578, 0.020126285, 0.010720212 ],
  "lightfield_0.6_0.0_0.0_y" : [ 0.0, 0.0, 0.0, 0.0, 0.019879587, 0.047582787, 0.055816617, 0.07193547, 0.083011344, 0.091154285, 0.096560806, 0.10664921, 0.12005129, 0.12074891, 0.107720196, 0.07329385, 0.005595663, 0.0, 0.0, 0.0 ],
  "lightfield_0.6_0.0_0.0_x" : [ 0.010980076, 0.020309456, 0.03332097, 0.044372283, 0.0520829, 0.057553284, 0.067101285, 0.070444435, 0.07196985, 0.07263554, 0.07273134, 0.07192318, 0.07031179, 0.06684336, 0.057432923, 0.051950254, 0.044104535, 0.032846887, 0.020284893, 0.010800759 ],
  "lightfield_0.0_0.4_0.0_x" : [ 0.0, 0.0, 0.0, 0.006690481, 0.074505515, 0.10797755, 0.120708354, 0.119776055, 0.10623807, 0.09639494, 0.090963066, 0.08283488, 0.07170125, 0.05551112, 0.0475007, 0.019198025, 0.0, 0.0, 0.0, 0.0 ],
  "lightfield_0.0_0.4_0.0_y" : [ 0.010971703, 0.020331506, 0.033194795, 0.04432597, 0.05209105, 0.05764805, 0.06710599, 0.070432834, 0.07190979, 0.07263846, 0.07268017, 0.071875446, 0.070290536, 0.06692444, 0.05739535, 0.05196102, 0.044171404, 0.033059858, 0.020199021, 0.010792603 ],
  "lightfield_0.0_0.2_0.0_y" : [ 0.018365802, 0.033252947, 0.041974023, 0.04834657, 0.053161845, 0.0568391, 0.05966837, 0.061682742, 0.06308398, 0.06388153, 0.06382794, 0.063085556, 0.0616922, 0.05965891, 0.056845408, 0.053127166, 0.048267763, 0.0419425, 0.03317414, 0.018121492 ],
  "lightfield_0.0_0.2_0.0_x" : [ 0.025037829, 0.045168966, 0.056626316, 0.06457663, 0.07036757, 0.0744436, 0.07708688, 0.07839669, 0.07847235, 0.07743837, 0.075077236, 0.07129437, 0.06595107, 0.058443666, 0.04787056, 0.03092491, 0.002822962, 0.0, 0.0, 0.0 ],