{
  "eccentricity_minmax" : 0.01731706,
  "compactness" : 111.843254,
  "eccentricity" : 9.125081,
  "compactness_standardized" : -0.064348616,
  "convexity_minmax" : 0.082529105,
  "diameter_standardized" : -0.66596645,
  "surface_area_minmax" : 0.028282829,
  "convexity" : 0.15889452,
  "diameter_minmax" : 9.2321204E-4,
  "rectangularity _standardized" : -0.39886668,
  "convexity_standardized" : -0.62849975,
  "diameter" : 1.0004897,
  "surface_area" : 0.59312105,
  "rectangularity " : 3.6138584E-4,
  "compactness_minmax" : 2.829566E-5,
  "surface_area_standardized" : -0.6119543,
  "rectangularity _minmax" : 6.511884E-4,
  "eccentricity_standardized" : 0.0028118673,
  "lightfield_0.0_0.0_0.6_y" : [ 0.0, 0.0, 0.008884483, 0.027606718, 0.05504185, 0.08841585, 0.06716745, 0.08212427, 0.07002726, 0.07657623, 0.060418297, 0.056052316, 0.0471869, 0.053678673, 0.053945586, 0.050980914, 0.051362224, 0.05585213, 0.05343082, 0.041248024 ],
  "lightfield_0.0_0.0_0.6_x" : [ 0.0, 0.0018112143, 0.031848773, 0.06514652, 0.08344931, 0.1217708, 0.14953957, 0.14524986, 0.13155136, 0.14154163, 0.08090408, 0.030561857, 0.01612934, 4.9570075E-4, 0.0, 0.0, 0.0, 0.0, 0.0, 0.0 ],
  "lightfield_0.0_0.0_0.8_y" : [ 0.0, 0.0, 0.0, 0.0, 0.024071112, 0.052083444, 0.040397514, 0.07662072, 0.16075307, 0.13743418, 0.11923252, 0.122771144, 0.11626601, 0.08147308, 0.05123587, 0.017661331, 0.0, 0.0, 0.0, 0.0 ],
  "lightfield_0.0_0.0_0.8_x" : [ 0.05329124, 0.053609077, 0.058673333, 0.06613199, 0.051405385, 0.05322767, 0.072785445, 0.09466346, 0.13399091, 0.0888046, 0.06099357, 0.057899922, 0.08478922, 0.05628953, 0.013444648, 0.0, 0.0, 0.0, 0.0, 0.0 ],
  "lightfield_0.0_0.0_0.2_y" : [ 0.0, 0.0, 0.0, 0.012782366, 0.027131245, 0.06712828, 0.08381302, 0.07466422, 0.089884415, 0.11788697, 0.11653365, 0.05819267, 0.06759174, 0.06710047, 0.058952756, 0.05382683, 0.058109246, 0.03860664, 0.007795482, 0.0 ],
  "lightfield_0.0_0.0_0.2_x" : [ 1.8538602E-5, 0.013876144, 0.049238525, 0.047894478, 0.08026288, 0.104928486, 0.08124542, 0.0792896, 0.07402464, 0.06471826, 0.06397671, 0.06711901, 0.058683943, 0.06596035, 0.06997395, 0.052223243, 0.02094862, 0.005617196, 0.0, 0.0 ],
  "lightfield_0.0_0.0_0.4_y" : [ 0.0, 0.0, 0.0047451807, 0.07175976, 0.06846477, 0.049671486, 0.050016772, 0.09563364, 0.09628475, 0.071769625, 0.064834364, 0.05190103, 0.043061778, 0.045843773, 0.05293688, 0.05055936, 0.04612, 0.046070676, 0.04946432, 0.040861826 ],
  "lightfield_0.0_0.0_0.4_x" : [ 0.0, 0.0, 0.0046859896, 0.024307953, 0.037714817, 0.04321962, 0.083233036, 0.20742655, 0.3229781, 0.1935363, 0.081437565, 0.0014600556, 0.0, 0.0, 0.0, 0.0, 0.0, 0.0, 0.0, 0.0 ],
  "lightfield_0.0_0.0_0.0_y" : [ 0.0, 0.0, 0.0, 0.0, 0.0, 1.299328E-4, 0.0164365, 0.069346994, 0.2308906, 0.28333706, 0.24188848, 0.11971452, 0.024130378, 0.014106991, 1.856183E-5, 0.0, 0.0, 0.0, 0.0, 0.0 ],
  "lightfield_0.0_0.0_0.0_x" : [ 0.014227643, 0.05613097, 0.067184545, 0.05136058, 0.07037718, 0.08312915, 0.06684115, 0.06979248, 0.053931396, 0.049365185, 0.041068047, 0.045021717, 0.047629654, 0.047629654, 0.043880165, 0.04402866, 0.051499795, 0.038116716, 0.036492556, 0.022292757 ],
  "d1" : [ 0.0109992, 0.0495859, 0.136864, 0.1747845, 0.1238689, 0.0164889, 0.0284815, 0.0467998, 0.1238572, 0.0974621, 0.0438042, 0.0143588, 0.0033796, 0.002935, 0.0733216, 0.0167996, 0.0, 6.031E-4, 0.0127113, 0.0228948 ],
  "d2" : [ 0.039322603, 0.073938586, 0.11440999, 0.14298561, 0.10207993, 0.11404083, 0.09827596, 0.04873236, 0.03405938, 0.0330411, 0.042864326, 0.051282506, 0.024065025, 0.023603445, 0.023768574, 0.016437586, 0.0065963585, 0.00614938, 0.003941392, 4.0507113E-4 ],
  "d3" : [ 0.006678154, 0.034793817, 0.07524963, 0.11471292, 0.13724215, 0.13330248, 0.12649694, 0.10968191, 0.08337913, 0.062029757, 0.043984253, 0.029670745, 0.019000089, 0.01247538, 0.0065214885, 0.0030234319, 0.0012154905, 4.071088E-4, 1.2517137E-4, 9.961387E-6 ],
  "d4" : [ 4.9824616E-6, 2.8674576E-5, 1.16528594E-4, 4.089686E-4, 0.0011778947, 0.003001374, 0.007264124, 0.019102758, 0.06389021, 0.38463172, 0.422146, 0.06648302, 0.01957538, 0.007373433, 0.0030317772, 0.0011860293, 4.1689986E-4, 1.265952E-4, 2.9589723E-5, 4.067316E-6 ],
  "lightfield_0.0_0.8_0.0_y" : [ 0.0, 0.0, 0.0, 0.0, 0.0, 7.964831E-4, 0.030752521, 0.092019655, 0.22884923, 0.269263, 0.22432894, 0.09328161, 0.037010603, 0.023429016, 2.6894233E-4, 0.0, 0.0, 0.0, 0.0, 0.0 ],
  "lightfield_0.0_0.8_0.0_x" : [ 0.063460045, 0.04977502, 0.054429792, 0.05760538, 0.053488493, 0.0505715, 0.061991207, 0.091057666, 0.08620636, 0.12170675, 0.085513316, 0.084147915, 0.113235064, 0.026811482, 0.0, 0.0, 0.0, 0.0, 0.0, 0.0 ],
  "lightfield_0.8_0.0_0.0_x" : [ 0.023107152, 0.06773408, 0.065065555, 0.048934307, 0.07565383, 0.08203769, 0.081316926, 0.07745572, 0.04781885, 0.044069193, 0.037642434, 0.040525466, 0.042807866, 0.0434085, 0.04036244, 0.040388178, 0.04704661, 0.035934925, 0.0357719, 0.022918383 ],
  "lightfield_0.8_0.0_0.0_y" : [ 0.0, 0.0, 0.0, 0.0, 0.0, 0.0, 0.016474465, 0.043665912, 0.19622631, 0.3077636, 0.2772601, 0.12883545, 0.02973126, 4.290225E-5, 0.0, 0.0, 0.0, 0.0, 0.0, 0.0 ],
  "lightfield_0.0_0.6_0.0_x" : [ 0.0, 0.0, 0.0, 0.019234933, 0.10107083, 0.11352774, 0.13342881, 0.15151465, 0.24609056, 0.21504821, 0.020084267, 0.0, 0.0, 0.0, 0.0, 0.0, 0.0, 0.0, 0.0, 0.0 ],
  "lightfield_0.0_0.6_0.0_y" : [ 0.0, 0.0, 0.0, 0.0, 0.0, 0.0019318201, 0.045597617, 0.10207005, 0.18926841, 0.233617, 0.22409113, 0.1274002, 0.044132095, 0.031208886, 6.8279845E-4, 0.0, 0.0, 0.0, 0.0, 0.0 ],
  "lightfield_0.6_0.0_0.0_y" : [ 0.0, 0.0, 0.0, 0.0, 0.0, 0.0, 0.0, 0.0027809395, 0.13256985, 0.513582, 0.26090375, 0.07999014, 0.01017331, 0.0, 0.0, 0.0, 0.0, 0.0, 0.0, 0.0 ],
  "lightfield_0.6_0.0_0.0_x" : [ 0.030742874, 0.052884784, 0.05262664, 0.047991738, 0.068091944, 0.08126914, 0.1243561, 0.12102367, 0.045586284, 0.035565518, 0.030895416, 0.034309987, 0.03675064, 0.037560284, 0.036328223, 0.036316488, 0.04044683, 0.032221347, 0.032479495, 0.022552596 ],
  "lightfield_0.0_0.4_0.0_x" : [ 0.0, 0.0, 0.0, 0.0, 0.0019149432, 0.17550871, 0.24747726, 0.17620808, 0.1313318, 0.11807706, 0.10527192, 0.04421021, 0.0, 0.0, 0.0, 0.0, 0.0, 0.0, 0.0, 0.0 ],
  "lightfield_0.0_0.4_0.0_y" : [ 0.0, 0.0, 0.0, 0.0, 0.0, 0.0019315949, 0.045259267, 0.10252439, 0.18866354, 0.2340227, 0.22361541, 0.12728544, 0.045842074, 0.030172845, 6.827189E-4, 0.0, 0.0, 0.0, 0.0, 0.0 ],
  "lightfield_0.0_0.2_0.0_y" : [ 0.0, 0.0, 0.0, 0.0, 0.0, 7.1746844E-4, 0.027849104, 0.08397213, 0.20946303, 0.26137567, 0.23334718, 0.12552866, 0.036420964, 0.021099238, 2.2656898E-4, 0.0, 0.0, 0.0, 0.0, 0.0 ],
  "lightfield_0.0_0.2_0.0_x" : [ 0.0, 0.013329809, 0.089381464, 0.08687033, 0.066847295, 0.111726835, 0.08416094, 0.085293785, 0.060097426, 0.04915603, 0.046474963, 0.051591646, 0.052582886, 0.045634773, 0.053762935, 0.04710747, 0.039932784, 0.016048636, 0.0, 0.0 ],
  "a3" : [ 0.17802055, 0.16441682, 0.103721984, 0.08456382, 0.08196632, 0.07897689, 0.0466694, 0.0, 0.0, 0.0, 0.0, 0.0, 0.0, 0.006448036, 0.026625076, 0.037292212, 0.037913743, 0.042430982, 0.05065013, 0.060304023 ],
  "lightfield_0.4_0.0_0.0_y" : [ 0.0, 0.0, 0.0, 0.0, 0.0, 0.0, 0.0, 0.04781013, 0.12623478, 0.47145674, 0.31347442, 0.041023947, 0.0, 0.0, 0.0, 0.0, 0.0, 0.0, 0.0, 0.0 ],
  "lightfield_0.4_0.0_0.0_x" : [ 0.030791564, 0.053486917, 0.05327448, 0.048459243, 0.06767299, 0.08169383, 0.1251254, 0.121620186, 0.045732968, 0.03581924, 0.029989025, 0.034001723, 0.036975842, 0.037223686, 0.035960864, 0.035972666, 0.040209606, 0.03180654, 0.031723928, 0.022459313 ],
  "lightfield_0.2_0.0_0.0_x" : [ 0.023104923, 0.06800678, 0.06546825, 0.048713956, 0.074606955, 0.08209347, 0.08123295, 0.0774897, 0.047586676, 0.04361108, 0.037759554, 0.040650897, 0.04318082, 0.043679923, 0.040650897, 0.040668108, 0.047139205, 0.035849202, 0.035668492, 0.022838162 ],