{
  "eccentricity_minmax" : 0.027873958,
  "compactness" : 19.34661,
  "eccentricity" : 14.077882,
  "compactness_standardized" : -0.064982474,
  "convexity_minmax" : 0.2732835,
  "diameter_standardized" : -0.66724396,
  "surface_area_minmax" : 0.014694623,
  "convexity" : 0.5237868,
  "diameter_minmax" : 6.3060684E-4,
  "rectangularity _standardized" : -0.40440324,
  "convexity_standardized" : 0.67840904,
  "diameter" : 1.0003345,
  "surface_area" : 0.31576794,
  "rectangularity " : 7.15465E-5,
  "compactness_minmax" : 4.7983185E-6,
  "surface_area_standardized" : -0.78125596,
  "rectangularity _minmax" : 1.2887923E-4,
  "eccentricity_standardized" : 0.22655907,
  "lightfield_0.0_0.0_0.6_y" : [ 0.023035308, 0.0187819, 0.016640859, 0.04019231, 0.09693946, 0.09294412, 0.07200207, 0.1090784, 0.10957542, 0.06689797, 0.058219112, 0.04396781, 0.043212708, 0.042801704, 0.04310757, 0.043011986, 0.037267495, 0.012005123, 0.016220298, 0.014098373 ],
  "lightfield_0.0_0.0_0.6_x" : [ 0.0, 0.0, 0.0, 0.0, 0.0, 0.0068341265, 0.09241842, 0.18842117, 0.21010877, 0.17245895, 0.13399668, 0.10201487, 0.07116094, 0.022586072, 0.0, 0.0, 0.0, 0.0, 0.0, 0.0 ],
  "lightfield_0.0_0.0_0.8_y" : [ 0.0, 0.0, 0.008817404, 0.046648152, 0.05642984, 0.091159455, 0.13256963, 0.13156676, 0.101149425, 0.08815089, 0.08084548, 0.07213608, 0.06764638, 0.06050297, 0.028010491, 0.02143794, 0.012929106, 0.0, 0.0, 0.0 ],
  "lightfield_0.0_0.0_0.8_x" : [ 0.012813392, 0.015953097, 0.02221708, 0.041147884, 0.042382166, 0.042312738, 0.042420737, 0.042513307, 0.07291522, 0.106410556, 0.085034326, 0.09308802, 0.12897478, 0.07451979, 0.055403844, 0.042613592, 0.017519092, 0.015929954, 0.03086477, 0.014965671 ],
  "lightfield_0.0_0.0_0.2_y" : [ 0.0, 0.0021285564, 0.026146822, 0.030832455, 0.021369863, 0.05631191, 0.06793115, 0.08217773, 0.11921321, 0.12818405, 0.11597471, 0.10802248, 0.065486476, 0.053312257, 0.052518442, 0.042971548, 0.018995434, 0.008422901, 0.0, 0.0 ],
  "lightfield_0.0_0.0_0.2_x" : [ 0.012223393, 0.021313664, 0.037997894, 0.059164032, 0.0796066, 0.072504394, 0.0999157, 0.113375485, 0.081362836, 0.06365297, 0.05643133, 0.05049526, 0.044587284, 0.04448191, 0.04458026, 0.04507903, 0.030354759, 0.013150685, 0.015855286, 0.013867228 ],
  "lightfield_0.0_0.0_0.4_y" : [ 0.029063435, 0.018715465, 0.015665539, 0.021854514, 0.044946823, 0.07987246, 0.13799933, 0.073020026, 0.08720021, 0.11154021, 0.07872378, 0.045620184, 0.04216426, 0.04195631, 0.041599825, 0.0419068, 0.04174836, 0.016229972, 0.0159329, 0.014239597 ],
  "lightfield_0.0_0.0_0.4_x" : [ 0.0, 0.0, 0.0, 0.0, 0.0, 0.018497614, 0.033450183, 0.07464401, 0.15275384, 0.20247361, 0.17900501, 0.19636385, 0.09732042, 0.044016004, 0.0014754521, 0.0, 0.0, 0.0, 0.0, 0.0 ],
  "lightfield_0.0_0.0_0.0_y" : [ 0.0, 0.0, 0.0, 0.0, 0.0, 0.0, 0.0, 0.09279416, 0.3639134, 0.33846074, 0.09646752, 0.08242108, 0.025943125, 0.0, 0.0, 0.0, 0.0, 0.0, 0.0, 0.0 ],
  "lightfield_0.0_0.0_0.0_x" : [ 0.03125489, 0.016811896, 0.015455257, 0.027299765, 0.065557, 0.13145839, 0.07642056, 0.08068875, 0.11166188, 0.09263762, 0.05680146, 0.04225411, 0.041794937, 0.041627966, 0.041909732, 0.041951474, 0.041899297, 0.0118236365, 0.01581007, 0.014881294 ],
  "d1" : [ 0.0488529, 0.0860617, 0.1232839, 0.1025815, 0.0842953, 0.0618014, 0.0634362, 0.0695137, 0.0615448, 0.0531219, 0.040433, 0.0283255, 0.027477, 0.0270101, 0.0297085, 0.0145586, 0.0237059, 0.0256886, 0.0133719, 0.0152276 ],
  "d2" : [ 0.0415729, 0.11606618, 0.13469245, 0.13064705, 0.115132414, 0.09365985, 0.075023875, 0.0643496, 0.054912042, 0.045465782, 0.03707641, 0.02920953, 0.019553734, 0.014930522, 0.011817075, 0.0067740893, 0.0041619306, 0.0019976508, 0.0020178542, 9.390649E-4 ],
  "d3" : [ 0.0037031204, 0.033818807, 0.08901304, 0.13840804, 0.16176024, 0.15928076, 0.13288279, 0.09702723, 0.066766545, 0.04412864, 0.028270718, 0.018429069, 0.011548366, 0.007139296, 0.004200083, 0.0022131384, 9.725936E-4, 3.4955412E-4, 7.828241E-5, 9.659527E-6 ],
  "d4" : [ 3.0504867E-7, 7.422851E-6, 5.0027982E-5, 2.1810981E-4, 8.428495E-4, 0.002733338, 0.008224824, 0.02550868, 0.08469829, 0.3125065, 0.4141165, 0.105188616, 0.031332668, 0.009920488, 0.0032991015, 0.0010074741, 2.691546E-4, 6.3348445E-5, 1.1388484E-5, 9.15146E-7 ],
  "lightfield_0.0_0.8_0.0_y" : [ 0.0, 0.0, 0.0, 0.0, 0.0, 0.03428576, 0.19819199, 0.32770696, 0.22992153, 0.08219656, 0.07796866, 0.044218488, 0.0055100666, 0.0, 0.0, 0.0, 0.0, 0.0, 0.0, 0.0 ],
  "lightfield_0.0_0.8_0.0_x" : [ 0.013519545, 0.01643282, 0.016830454, 0.039528035, 0.03921155, 0.039422538, 0.039300814, 0.039519917, 0.04221409, 0.057543274, 0.09959506, 0.10610327, 0.08363291, 0.0848177, 0.1314301, 0.06068377, 0.025018461, 0.015069505, 0.018705012, 0.031421173 ],
  "lightfield_0.8_0.0_0.0_x" : [ 0.031110339, 0.017887361, 0.017616175, 0.027791036, 0.06581117, 0.12234781, 0.080455154, 0.08612835, 0.11060008, 0.09437237, 0.057849176, 0.041317742, 0.040547576, 0.040656053, 0.040525883, 0.040536728, 0.040721133, 0.012366035, 0.015793813, 0.0155660175 ],
  "lightfield_0.8_0.0_0.0_y" : [ 0.0, 0.0, 0.0, 0.0, 0.0, 0.0, 0.0, 0.01342908, 0.08076973, 0.13112336, 0.40183103, 0.32783008, 0.045016706, 0.0, 0.0, 0.0, 0.0, 0.0, 0.0, 0.0 ],
  "lightfield_0.0_0.6_0.0_x" : [ 0.009407931, 0.015123456, 0.029496446, 0.033448517, 0.034124795, 0.034099113, 0.03416474, 0.03438161, 0.04310185, 0.076795764, 0.09683863, 0.09503237, 0.09105462, 0.111651056, 0.11713544, 0.053248834, 0.021612275, 0.016162124, 0.03635622, 0.016764209 ],
  "lightfield_0.0_0.6_0.0_y" : [ 0.009590554, 0.033945024, 0.057765894, 0.081612445, 0.10256271, 0.120693736, 0.12717685, 0.09835668, 0.08788154, 0.046999708, 0.039392322, 0.03971762, 0.03966055, 0.03971191, 0.037277892, 0.016889762, 0.01566847, 0.005096319, 0.0, 0.0 ],
  "lightfield_0.6_0.0_0.0_y" : [ 0.0, 0.0, 0.0, 0.0, 0.0, 0.0, 0.0, 0.0, 0.0041985544, 0.3363804, 0.6470734, 0.012347647, 0.0, 0.0, 0.0, 0.0, 0.0, 0.0, 0.0, 0.0 ],
  "lightfield_0.6_0.0_0.0_x" : [ 0.028769841, 0.018725198, 0.019965278, 0.0272286, 0.065192744, 0.0912167, 0.067424886, 0.0724915, 0.087248445, 0.0785856, 0.058815192, 0.053110827, 0.052880526, 0.05282738, 0.05282738, 0.052915957, 0.052969106, 0.020479025, 0.021807682, 0.02451814 ],
  "lightfield_0.0_0.4_0.0_x" : [ 0.017292418, 0.03612073, 0.015793703, 0.021880087, 0.05275818, 0.11735734, 0.1116199, 0.09076089, 0.09501678, 0.09700743, 0.07666039, 0.042776283, 0.03423876, 0.03408717, 0.034118634, 0.034158673, 0.033512283, 0.030120155, 0.01533036, 0.009389846 ],
  "lightfield_0.0_0.4_0.0_y" : [ 0.009375545, 0.033992786, 0.05744881, 0.08202029, 0.10352856, 0.121244274, 0.12735067, 0.09839746, 0.08765477, 0.046714697, 0.039412756, 0.039661586, 0.03972165, 0.039858937, 0.036855787, 0.016797613, 0.015407585, 0.004556206, 0.0, 0.0 ],
  "lightfield_0.0_0.2_0.0_y" : [ 0.0, 0.0, 0.0, 0.0, 0.0, 0.033854313, 0.1974889, 0.32746384, 0.23113234, 0.08235666, 0.07808229, 0.04413876, 0.0054828743, 0.0, 0.0, 0.0, 0.0, 0.0, 0.0, 0.0 ],
  "lightfield_0.0_0.2_0.0_x" : [ 0.031956397, 0.01844387, 0.015118457, 0.025094694, 0.06088748, 0.13132133, 0.08452223, 0.08412481, 0.10609686, 0.09907294, 0.057294413, 0.04205429, 0.039475072, 0.03935341, 0.039483182, 0.039410185, 0.03955618, 0.016481066, 0.016773053, 0.013480084 ],
  "a3" : [ 0.25748494, 0.1718137, 0.09519453, 0.06452765, 0.04971034, 0.042119965, 0.026046611, 0.0, 0.0, 0.0, 0.0, 0.0, 0.0, 0.017151898, 0.061043378, 0.05661358, 0.045702945, 0.039356332, 0.036570467, 0.03666364 ],
  "lightfield_0.4_0.0_0.0_y" : [ 0.0, 0.0, 0.0, 0.0, 0.0, 0.0, 0.0, 0.0, 0.0140147805, 0.6573413, 0.32575905, 0.0028848723, 0.0, 0.0, 0.0, 0.0, 0.0, 0.0, 0.0, 0.0 ],
  "lightfield_0.4_0.0_0.0_x" : [ 0.028670644, 0.018484551, 0.020389993, 0.027744636, 0.06490962, 0.09087347, 0.068667084, 0.07240673, 0.086813286, 0.07806963, 0.058338527, 0.053298905, 0.05299617, 0.053156443, 0.05317425, 0.052978363, 0.0530674, 0.020283144, 0.021013267, 0.024663877 ],