{
  "eccentricity_minmax" : 0.014452084,
  "compactness" : 19.156193,
  "eccentricity" : 7.780968,
  "compactness_standardized" : -0.06496749,
  "convexity_minmax" : 0.23794423,
  "diameter_standardized" : -0.6456688,
  "surface_area_minmax" : 0.020258103,
  "convexity" : 0.45618665,
  "diameter_minmax" : 0.0041973786,
  "rectangularity _standardized" : -0.40309295,
  "convexity_standardized" : 0.43551025,
  "diameter" : 1.0022265,
  "surface_area" : 0.42932585,
  "rectangularity " : 1.5814998E-4,
  "compactness_minmax" : 4.749946E-6,
  "surface_area_standardized" : -0.71219647,
  "rectangularity _minmax" : 2.849443E-4,
  "eccentricity_standardized" : -0.057963777,
  "lightfield_0.0_0.0_0.6_y" : [ 0.0014449375, 0.015130561, 0.03370145, 0.06103829, 0.08001514, 0.0798844, 0.076003715, 0.066721715, 0.10684281, 0.12127843, 0.0720611, 0.042556852, 0.04023119, 0.038483504, 0.036942236, 0.03530464, 0.033433102, 0.03056387, 0.01658238, 0.011779682 ],
  "lightfield_0.0_0.0_0.6_x" : [ 0.0, 0.0, 0.0, 0.017414939, 0.042570613, 0.071256064, 0.123659134, 0.19493584, 0.17756906, 0.12837926, 0.11525785, 0.08810679, 0.04085045, 0.0, 0.0, 0.0, 0.0, 0.0, 0.0, 0.0 ],
  "lightfield_0.0_0.0_0.8_y" : [ 0.0, 0.0, 0.0, 0.028974306, 0.03785252, 0.055086695, 0.13338904, 0.15753777, 0.14508739, 0.10161549, 0.0761089, 0.07100481, 0.065545574, 0.060155977, 0.052141216, 0.015075552, 4.247615E-4, 0.0, 0.0, 0.0 ],
  "lightfield_0.0_0.0_0.8_x" : [ 0.01319546, 0.027031545, 0.040505536, 0.04099993, 0.06782954, 0.092702456, 0.09726342, 0.07698628, 0.07539169, 0.075913936, 0.11741522, 0.0945547, 0.051883575, 0.053554766, 0.056792703, 0.01797925, 0.0, 0.0, 0.0, 0.0 ],
  "lightfield_0.0_0.0_0.2_y" : [ 0.0, 0.0, 0.0010521105, 0.030724375, 0.07465858, 0.067850806, 0.07030573, 0.11818707, 0.13623798, 0.10136018, 0.09801131, 0.09617527, 0.09284015, 0.07501616, 0.020608986, 0.015747273, 0.0012240239, 0.0, 0.0, 0.0 ],
  "lightfield_0.0_0.0_0.2_x" : [ 5.9825886E-4, 0.011903289, 0.043191537, 0.0583268, 0.078873895, 0.0865825, 0.113882355, 0.13858289, 0.10589869, 0.062356453, 0.0510583, 0.04839708, 0.04579087, 0.043418463, 0.04078475, 0.037002653, 0.023187688, 0.010163524, 0.0, 0.0 ],
  "lightfield_0.0_0.0_0.4_y" : [ 0.0, 0.037893765, 0.0305506, 0.042088877, 0.071675085, 0.10753673, 0.07370719, 0.06582673, 0.064869225, 0.06731465, 0.10299031, 0.09690774, 0.052642092, 0.036956925, 0.035338122, 0.033843312, 0.032183178, 0.025432426, 0.011111188, 0.011131853 ],
  "lightfield_0.0_0.0_0.4_x" : [ 0.0, 0.0, 0.0, 0.0142730195, 0.055493943, 0.085645005, 0.09825101, 0.16951966, 0.15895267, 0.16574475, 0.13772224, 0.10126129, 0.01272999, 4.0642286E-4, 0.0, 0.0, 0.0, 0.0, 0.0, 0.0 ],
  "lightfield_0.0_0.0_0.0_y" : [ 0.0, 0.0, 0.0, 0.0, 0.0, 8.253322E-5, 0.03978101, 0.2287133, 0.28737378, 0.20109218, 0.08705191, 0.0758274, 0.052078463, 0.027937494, 6.189991E-5, 0.0, 0.0, 0.0, 0.0, 0.0 ],
  "lightfield_0.0_0.0_0.0_x" : [ 0.029450605, 0.024292277, 0.048488267, 0.08564885, 0.09177694, 0.06789045, 0.06247765, 0.060586262, 0.0886957, 0.11667446, 0.07367466, 0.037745193, 0.03639715, 0.03510413, 0.033673555, 0.032091666, 0.030351592, 0.023583867, 0.010935651, 0.0104610855 ],
  "d1" : [ 0.0320373, 0.0720908, 0.077025, 0.0967467, 0.0804785, 0.0731443, 0.0731943, 0.0941168, 0.0706976, 0.0576751, 0.0574695, 0.0463371, 0.0380115, 0.042664, 0.0197871, 0.0386143, 0.0066445, 0.0070238, 0.0073551, 0.0088867 ],
  "d2" : [ 0.026772302, 0.08108374, 0.099038795, 0.1110754, 0.11312517, 0.106740944, 0.0928284, 0.07536283, 0.06707958, 0.056624044, 0.042189308, 0.031240186, 0.026745396, 0.023268387, 0.018004961, 0.013566482, 0.008658521, 0.004110822, 0.0018211198, 6.636165E-4 ],
  "d3" : [ 0.0029814732, 0.024431158, 0.06451528, 0.108310565, 0.13625306, 0.14110205, 0.12821482, 0.105720304, 0.08363389, 0.063309245, 0.046843674, 0.033360787, 0.022752311, 0.015465305, 0.010339618, 0.006548656, 0.0038824254, 0.0017888236, 5.001824E-4, 4.6385852E-5 ],
  "d4" : [ 1.0168289E-7, 3.3555355E-6, 4.3011863E-5, 2.6549402E-4, 0.0011854192, 0.0037610468, 0.010170628, 0.026512187, 0.072048634, 0.20202062, 0.4337645, 0.15955439, 0.057253063, 0.021287518, 0.008114701, 0.0029437197, 8.5637334E-4, 1.884184E-4, 2.562409E-5, 1.2201947E-6 ],
  "lightfield_0.0_0.8_0.0_y" : [ 0.0, 0.0, 0.0, 0.0, 0.0, 1.8587793E-4, 0.042852607, 0.21752363, 0.27351162, 0.18721005, 0.099560864, 0.085046895, 0.062377535, 0.03142886, 3.0205163E-4, 0.0, 0.0, 0.0, 0.0, 0.0 ],
  "lightfield_0.0_0.8_0.0_x" : [ 0.018580047, 0.037841648, 0.035928655, 0.03803527, 0.040056694, 0.0417993, 0.08247559, 0.13279429, 0.09647065, 0.07349923, 0.07961771, 0.11072128, 0.10159003, 0.050016653, 0.054121457, 0.006451513, 0.0, 0.0, 0.0, 0.0 ],
  "lightfield_0.8_0.0_0.0_x" : [ 0.031630494, 0.025934638, 0.058519375, 0.09023124, 0.08628112, 0.06673768, 0.063224, 0.059414435, 0.083884425, 0.10796976, 0.07497078, 0.038110454, 0.03655704, 0.035158966, 0.033649933, 0.032266654, 0.030528309, 0.023634104, 0.010304322, 0.0109922625 ],
  "lightfield_0.8_0.0_0.0_y" : [ 0.0, 0.0, 0.0, 0.0, 0.0, 0.032207478, 0.06971136, 0.09691832, 0.18456793, 0.32285148, 0.253399, 0.040344413, 0.0, 0.0, 0.0, 0.0, 0.0, 0.0, 0.0, 0.0 ],
  "lightfield_0.0_0.6_0.0_x" : [ 0.0, 0.0, 0.0, 0.0, 0.009654112, 0.07005381, 0.07538816, 0.17629516, 0.22699462, 0.23720215, 0.1820907, 0.022321291, 0.0, 0.0, 0.0, 0.0, 0.0, 0.0, 0.0, 0.0 ],
  "lightfield_0.0_0.6_0.0_y" : [ 0.0, 0.0, 0.0, 0.0, 0.0, 4.1506533E-4, 0.05266718, 0.18418139, 0.23340507, 0.1876249, 0.11684858, 0.10083013, 0.08476557, 0.038447347, 8.147579E-4, 0.0, 0.0, 0.0, 0.0, 0.0 ],
  "lightfield_0.6_0.0_0.0_y" : [ 0.0, 0.0, 0.0, 0.0, 0.0, 0.0, 0.0, 0.05839644, 0.32644773, 0.54488766, 0.07026818, 0.0, 0.0, 0.0, 0.0, 0.0, 0.0, 0.0, 0.0, 0.0 ],
  "lightfield_0.6_0.0_0.0_x" : [ 0.03362825, 0.027329985, 0.0723676, 0.08461423, 0.07116793, 0.059471145, 0.0592712, 0.056446977, 0.07146785, 0.08561396, 0.07221764, 0.039989002, 0.039801553, 0.039476644, 0.039139237, 0.039214216, 0.039476644, 0.032103673, 0.01898228, 0.018219989 ],
  "lightfield_0.0_0.4_0.0_x" : [ 0.0, 0.0, 0.0, 0.0, 0.0, 0.05735192, 0.20962797, 0.21398753, 0.25097436, 0.13305092, 0.07482092, 0.0563044, 0.0038819995, 0.0, 0.0, 0.0, 0.0, 0.0, 0.0, 0.0 ],
  "lightfield_0.0_0.4_0.0_y" : [ 0.0, 0.0, 0.0, 0.0, 0.0, 3.6971425E-4, 0.052314565, 0.18311638, 0.23358238, 0.1879997, 0.11696834, 0.10124008, 0.08501887, 0.03857352, 8.1645226E-4, 0.0, 0.0, 0.0, 0.0, 0.0 ],
  "lightfield_0.0_0.2_0.0_y" : [ 0.0, 0.0, 0.0, 0.0, 0.0, 1.9115196E-4, 0.04226752, 0.2139755, 0.27242976, 0.19567844, 0.09873381, 0.0840304, 0.06149741, 0.030897802, 2.9819706E-4, 0.0, 0.0, 0.0, 0.0, 0.0 ],
  "lightfield_0.0_0.2_0.0_x" : [ 0.0, 0.018419404, 0.048560243, 0.060686924, 0.11242029, 0.09828269, 0.07511508, 0.071559645, 0.11144159, 0.12920344, 0.06213968, 0.04078418, 0.03908675, 0.03706054, 0.034950223, 0.037106417, 0.012707782, 0.010475127, 0.0, 0.0 ],
  "a3" : [ 0.21551229, 0.16861942, 0.11031502, 0.07616376, 0.058892123, 0.04990484, 0.030885633, 0.0, 0.0, 0.0, 0.0, 0.0, 0.0, 0.012411788, 0.04717904, 0.051266328, 0.047978368, 0.044727333, 0.04249055, 0.043653514 ],
  "lightfield_0.4_0.0_0.0_y" : [ 0.0, 0.0, 0.0, 0.0, 0.0, 0.0, 0.0, 0.0062039066, 0.45156467, 0.4458217, 0.09640971, 0.0, 0.0, 0.0, 0.0, 0.0, 0.0, 0.0, 0.0, 0.0 ],
  "lightfield_0.4_0.0_0.0_x" : [ 0.03336157, 0.027157664, 0.072403826, 0.08427596, 0.07042306, 0.059049234, 0.05894957, 0.056233805, 0.07077187, 0.08487393, 0.07168128, 0.04048734, 0.040437512, 0.040474884, 0.040312935, 0.040101156, 0.039839547, 0.031131653, 0.0188235, 0.019209687 ],
  "lightfield_0.2_0.0_0.0_x" : [ 0.031443745, 0.02605868, 0.058472775, 0.09015355, 0.08602031, 0.066783704, 0.06345785, 0.059302386, 0.08381295, 0.10781242, 0.07484278, 0.03798434, 0.03653252, 0.035073295, 0.033591848, 0.032199286, 0.030606728, 0.02422909, 0.011125679, 0.010496063 ],