{
  "eccentricity_minmax" : 4.8698715E-4,
  "compactness" : 11.412754,
  "eccentricity" : 1.2292,
  "compactness_standardized" : -0.06501919,
  "convexity_minmax" : 0.12664653,
  "diameter_standardized" : 1.818539,
  "surface_area_minmax" : 0.03141933,
  "convexity" : 0.24328634,
  "diameter_minmax" : 0.40169275,
  "rectangularity _standardized" : -0.3823028,
  "convexity_standardized" : -0.32646102,
  "diameter" : 1.2130753,
  "surface_area" : 0.65714115,
  "rectangularity " : 0.0011579271,
  "compactness_minmax" : 2.7828453E-6,
  "surface_area_standardized" : -0.5727742,
  "rectangularity _minmax" : 0.0020866073,
  "eccentricity_standardized" : -0.3542097,
  "lightfield_0.0_0.0_0.6_y" : [ 0.014422256, 0.017529901, 0.03777232, 0.046828277, 0.055900257, 0.0699968, 0.09380072, 0.10615656, 0.08104976, 0.07340346, 0.0848302, 0.058970526, 0.0531557, 0.049231097, 0.038914993, 0.025437847, 0.02433789, 0.023889363, 0.022768049, 0.021604015 ],
  "lightfield_0.0_0.0_0.6_x" : [ 0.016723622, 0.021342374, 0.02565677, 0.028625587, 0.030083297, 0.096465185, 0.118074544, 0.069259934, 0.057779796, 0.06297523, 0.06640325, 0.078486755, 0.10724583, 0.058431227, 0.026340239, 0.029036736, 0.031156557, 0.033751603, 0.034274884, 0.007886587 ],
  "lightfield_0.0_0.0_0.8_y" : [ 0.019179381, 0.022535069, 0.024495376, 0.02641614, 0.028619368, 0.037042476, 0.09777248, 0.15052567, 0.11615531, 0.14687057, 0.091840714, 0.024190314, 0.024998164, 0.02495297, 0.025947247, 0.026907628, 0.027071457, 0.027738076, 0.028794495, 0.0279471 ],
  "lightfield_0.0_0.0_0.8_x" : [ 0.015281363, 0.018026924, 0.020360086, 0.022015331, 0.023941744, 0.044222742, 0.07376859, 0.11604232, 0.18937592, 0.1445035, 0.08333286, 0.044177547, 0.025811663, 0.025902051, 0.025557445, 0.026026336, 0.025828611, 0.025613938, 0.025478356, 0.024732647 ],
  "lightfield_0.0_0.0_0.2_y" : [ 0.028779263, 0.028109575, 0.027895967, 0.026793292, 0.025373092, 0.024899691, 0.0252634, 0.025211442, 0.09764166, 0.16470283, 0.16406778, 0.13158791, 0.06060676, 0.035966862, 0.02790174, 0.026037006, 0.023883613, 0.021735992, 0.018231677, 0.015310452 ],
  "lightfield_0.0_0.0_0.2_x" : [ 0.01636117, 0.018705077, 0.020979708, 0.022538465, 0.024847733, 0.030586265, 0.04502497, 0.0947493, 0.2111249, 0.1714632, 0.08302976, 0.05156597, 0.026204428, 0.026493087, 0.026677828, 0.026620096, 0.026071645, 0.0255001, 0.025817625, 0.025638657 ],
  "lightfield_0.0_0.0_0.4_y" : [ 0.02299822, 0.02496811, 0.02525875, 0.034855247, 0.046389338, 0.052320544, 0.05554449, 0.06894621, 0.082999185, 0.06717008, 0.08460847, 0.10468952, 0.087816276, 0.063343324, 0.054215085, 0.047056735, 0.03714807, 0.016324269, 0.01305188, 0.010296184 ],
  "lightfield_0.0_0.0_0.4_x" : [ 0.016157418, 0.02162037, 0.026491279, 0.02996281, 0.042228885, 0.11885553, 0.105975874, 0.0678913, 0.05537226, 0.06240682, 0.06409145, 0.069839664, 0.090195216, 0.06833802, 0.028175913, 0.030834729, 0.03215337, 0.035850957, 0.03127607, 0.0022820604 ],
  "lightfield_0.0_0.0_0.0_y" : [ 0.0, 0.0, 0.03308137, 0.099951796, 0.088618696, 0.07037292, 0.05893725, 0.05618346, 0.056224488, 0.05432709, 0.043573465, 0.05481939, 0.073895924, 0.07969067, 0.08517261, 0.07550614, 0.054121967, 0.0155227585, 0.0, 0.0 ],
  "lightfield_0.0_0.0_0.0_x" : [ 0.019358577, 0.031471148, 0.03819409, 0.044117045, 0.047732353, 0.05371172, 0.06250641, 0.077090725, 0.07729072, 0.05451683, 0.060091075, 0.07967016, 0.072895944, 0.059050072, 0.052588664, 0.04520933, 0.041470945, 0.036753092, 0.030301943, 0.01597916 ],
  "d1" : [ 0.0093337, 0.0242844, 0.0563088, 0.0664781, 0.0576892, 0.0653691, 0.065733, 0.0586898, 0.0597927, 0.0575282, 0.0575777, 0.0571645, 0.0542159, 0.0509329, 0.0518613, 0.0479999, 0.0501698, 0.0452366, 0.0431045, 0.0205299 ],
  "d2" : [ 0.02044589, 0.06971164, 0.070566595, 0.073810264, 0.079703495, 0.08403636, 0.08682655, 0.08953142, 0.09243293, 0.093245074, 0.084023654, 0.05603384, 0.03194471, 0.023864191, 0.01742526, 0.011780369, 0.007215467, 0.0043801693, 0.002316807, 7.053239E-4 ],
  "d3" : [ 0.00398375, 0.032097097, 0.07924102, 0.12377808, 0.14400321, 0.13521959, 0.105575204, 0.079304315, 0.06365437, 0.05401859, 0.045745708, 0.03732441, 0.029864842, 0.023547512, 0.017804721, 0.012411083, 0.007497604, 0.0036437546, 0.0011487794, 1.363402E-4 ],
  "d4" : [ 1.6269263E-6, 1.33204585E-5, 9.700548E-5, 4.9722934E-4, 0.0020783984, 0.006182625, 0.015986584, 0.037747435, 0.09156463, 0.35867268, 0.33618155, 0.08940957, 0.03722763, 0.01570421, 0.006040269, 0.0019905444, 4.957041E-4, 9.070114E-5, 1.54558E-5, 2.847121E-6 ],
  "lightfield_0.0_0.8_0.0_y" : [ 0.0, 0.0, 0.035572328, 0.0998617, 0.09022945, 0.07543533, 0.06654361, 0.06415325, 0.06419136, 0.05882257, 0.045171898, 0.045449596, 0.061289165, 0.07594716, 0.081991136, 0.07107387, 0.04980017, 0.014467423, 0.0, 0.0 ],
  "lightfield_0.0_0.8_0.0_x" : [ 0.0, 0.008270988, 0.02744291, 0.04137672, 0.049816504, 0.058196392, 0.07083429, 0.08395135, 0.09656201, 0.070507586, 0.077292085, 0.09746589, 0.08207281, 0.06742026, 0.056835137, 0.04862949, 0.038338397, 0.02306511, 0.0019220926, 0.0 ],
  "lightfield_0.8_0.0_0.0_x" : [ 0.023400273, 0.03541909, 0.041519552, 0.046026606, 0.049921595, 0.055511154, 0.062345088, 0.075153016, 0.06802569, 0.047898225, 0.05510648, 0.07164753, 0.06756032, 0.059380848, 0.05427184, 0.047665536, 0.04425616, 0.03995144, 0.034695737, 0.020243816 ],
  "lightfield_0.8_0.0_0.0_y" : [ 0.0, 0.0, 0.008412161, 0.06568365, 0.10128484, 0.09848753, 0.07955385, 0.06002327, 0.04954727, 0.06635641, 0.06827862, 0.07281097, 0.09333806, 0.12678435, 0.09685366, 0.012585361, 0.0, 0.0, 0.0, 0.0 ],
  "lightfield_0.0_0.6_0.0_x" : [ 0.0, 0.0, 0.0, 0.0, 0.0, 0.0, 0.03157781, 0.10678144, 0.18881896, 0.19050814, 0.20783198, 0.17234358, 0.08468314, 0.017454956, 0.0, 0.0, 0.0, 0.0, 0.0, 0.0 ],
  "lightfield_0.0_0.6_0.0_y" : [ 0.0, 0.0, 0.041473836, 0.099261075, 0.09420122, 0.08826978, 0.083942674, 0.07562014, 0.06607892, 0.056923363, 0.049086757, 0.042885352, 0.039344996, 0.060309455, 0.07778755, 0.06590152, 0.045253303, 0.013660064, 0.0, 0.0 ],
  "lightfield_0.6_0.0_0.0_y" : [ 0.0, 0.0, 0.0, 0.0, 0.0, 0.0, 0.053632446, 0.2232342, 0.13062136, 0.15249854, 0.24478744, 0.1770164, 0.018209603, 0.0, 0.0, 0.0, 0.0, 0.0, 0.0, 0.0 ],
  "lightfield_0.6_0.0_0.0_x" : [ 0.030508267, 0.043026987, 0.04865063, 0.05193924, 0.05548458, 0.05978178, 0.063265994, 0.061316054, 0.04611388, 0.0400868, 0.04418839, 0.053705797, 0.06201901, 0.06186008, 0.058718175, 0.0532718, 0.050802287, 0.04623613, 0.041963384, 0.027060729 ],
  "lightfield_0.0_0.4_0.0_x" : [ 0.0, 0.0, 0.0, 0.0, 0.0, 0.0, 0.026444376, 0.10205105, 0.20317422, 0.18701127, 0.2005702, 0.18255898, 0.07959503, 0.01859487, 0.0, 0.0, 0.0, 0.0, 0.0, 0.0 ],
  "lightfield_0.0_0.4_0.0_y" : [ 0.0, 0.0, 0.039434597, 0.09542873, 0.090894125, 0.085521445, 0.08133105, 0.07352644, 0.064359955, 0.05550775, 0.048211973, 0.04909495, 0.05874782, 0.06347698, 0.07418493, 0.06437492, 0.04354268, 0.012361661, 0.0, 0.0 ],
  "lightfield_0.0_0.2_0.0_y" : [ 0.0, 0.0, 0.03495159, 0.09816946, 0.08886908, 0.07431173, 0.06534428, 0.06329841, 0.063223235, 0.058030706, 0.045508485, 0.05406247, 0.070885845, 0.071857765, 0.07969221, 0.06968302, 0.048520908, 0.013590794, 0.0, 0.0 ],
  "lightfield_0.0_0.2_0.0_x" : [ 0.0, 0.0047522136, 0.026660724, 0.03962863, 0.05011572, 0.057998486, 0.070724756, 0.09341188, 0.09821241, 0.065290585, 0.07358145, 0.09961392, 0.08664064, 0.066670604, 0.05487867, 0.04704423, 0.038313046, 0.022332719, 0.0041293246, 0.0 ],
  "a3" : [ 0.16637479, 0.14403391, 0.11961764, 0.10953903, 0.091441914, 0.07249284, 0.038778875, 0.0, 0.0, 0.0, 0.0, 0.0, 0.0, 0.0070742955, 0.030685298, 0.04071259, 0.04106768, 0.04167452, 0.04568081, 0.050825816 ],
  "lightfield_0.4_0.0_0.0_y" : [ 0.0, 0.0, 0.0, 0.0, 0.0, 0.0, 0.06317816, 0.2103504, 0.23145105, 0.12407851, 0.16206463, 0.201821, 0.0070562456, 0.0, 0.0, 0.0, 0.0, 0.0, 0.0, 0.0 ],