{
  "eccentricity_minmax" : 1.6904359E-4,
  "compactness" : 879.2201,
  "eccentricity" : 1.0800358,
  "compactness_standardized" : -0.059224818,
  "convexity_minmax" : 0.011693496,
  "diameter_standardized" : 0.026769118,
  "surface_area_minmax" : 0.09103463,
  "convexity" : 0.023393774,
  "diameter_minmax" : 0.112666704,
  "rectangularity _standardized" : -0.2419209,
  "convexity_standardized" : -1.1134576,
  "diameter" : 1.0597633,
  "surface_area" : 1.8739675,
  "rectangularity " : 0.007908737,
  "compactness_minmax" : 2.2323588E-4,
  "surface_area_standardized" : 0.17191987,
  "rectangularity _minmax" : 0.014252003,
  "eccentricity_standardized" : -0.36095434,
  "lightfield_0.0_0.0_0.6_y" : [ 0.013185888, 0.026546303, 0.057281274, 0.10125028, 0.068580456, 0.06659445, 0.06854735, 0.058292333, 0.04999925, 0.07038291, 0.06682916, 0.072071016, 0.059501994, 0.03784548, 0.025144061, 0.01883999, 0.021187091, 0.044200707, 0.05078763, 0.022932371 ],
  "lightfield_0.0_0.0_0.6_x" : [ 0.04178741, 0.034108177, 0.036587678, 0.03208305, 0.044077333, 0.050444596, 0.07647032, 0.10597457, 0.088157676, 0.07897691, 0.09200933, 0.084077336, 0.062140975, 0.056881066, 0.061530128, 0.031908523, 0.021181073, 0.0016038517, 0.0, 0.0 ],
  "lightfield_0.0_0.0_0.8_y" : [ 0.03932361, 0.04689282, 0.055435546, 0.057264484, 0.058191914, 0.06460328, 0.056604914, 0.08274289, 0.08969285, 0.07415696, 0.053163055, 0.058888927, 0.060049657, 0.033952005, 0.025536008, 0.03406145, 0.037416905, 0.027768178, 0.032503255, 0.011751288 ],
  "lightfield_0.0_0.0_0.8_x" : [ 0.034087375, 0.05326386, 0.07277158, 0.065896496, 0.065689124, 0.05734225, 0.07915702, 0.09751552, 0.08896128, 0.087017134, 0.0415673, 0.02607749, 0.040190555, 0.045870345, 0.057034068, 0.04646367, 0.029977303, 0.0096976925, 0.0014199472, 0.0 ],
  "lightfield_0.0_0.0_0.2_y" : [ 0.02287267, 0.031190526, 0.051113825, 0.044793744, 0.04156635, 0.04603483, 0.05113102, 0.08575531, 0.099364266, 0.10061968, 0.099404395, 0.057167344, 0.056109697, 0.043607116, 0.03637557, 0.04618101, 0.038450737, 0.034383528, 0.013823921, 5.445874E-5 ],
  "lightfield_0.0_0.0_0.2_x" : [ 0.0044971453, 0.041193735, 0.07817695, 0.048092797, 0.060245696, 0.06573743, 0.09285788, 0.0803553, 0.06355335, 0.07557153, 0.06433297, 0.07297184, 0.03765965, 0.037479077, 0.02605134, 0.011092385, 0.029978102, 0.03916443, 0.03821857, 0.03276983 ],
  "lightfield_0.0_0.0_0.4_y" : [ 0.019690078, 0.05238165, 0.06098964, 0.052906994, 0.038423385, 0.051495317, 0.057505943, 0.06495465, 0.07568456, 0.058735657, 0.05310363, 0.062976554, 0.06783083, 0.09258064, 0.07593109, 0.05398116, 0.03863176, 0.020150853, 0.002045608, 0.0 ],
  "lightfield_0.0_0.0_0.4_x" : [ 0.040463123, 0.043911602, 0.043961495, 0.045220558, 0.052901123, 0.06735539, 0.059260998, 0.06269187, 0.07832595, 0.07801485, 0.055489685, 0.06922784, 0.06690635, 0.08045373, 0.05519913, 0.032224927, 0.028899716, 0.026895195, 0.011724826, 8.716579E-4 ],
  "lightfield_0.0_0.0_0.0_y" : [ 0.01100617, 0.02798752, 0.0672236, 0.08622862, 0.06189103, 0.06671627, 0.080445096, 0.08779006, 0.0677112, 0.059216294, 0.058824524, 0.064639054, 0.052711237, 0.032826852, 0.030462146, 0.03444466, 0.043568086, 0.03838208, 0.024971744, 0.0029537685 ],
  "lightfield_0.0_0.0_0.0_x" : [ 0.007113847, 0.03353993, 0.0469559, 0.0627704, 0.077646345, 0.060143575, 0.061217416, 0.05545362, 0.06739552, 0.06456013, 0.043796383, 0.081262454, 0.07833687, 0.06822416, 0.05352296, 0.022333646, 0.030402958, 0.0364486, 0.040470574, 0.008404711 ],
  "d1" : [ 0.0038069, 0.0139395, 0.018464, 0.0215236, 0.026372, 0.0271902, 0.0401852, 0.0663787, 0.066817, 0.0711684, 0.0859718, 0.1022244, 0.0963536, 0.0785105, 0.0915075, 0.080896, 0.0571572, 0.0277246, 0.0171304, 0.0066785 ],
  "d2" : [ 0.0058797323, 0.01548892, 0.027259586, 0.04150819, 0.055402428, 0.068574645, 0.07937634, 0.08747796, 0.092737585, 0.088698976, 0.086082816, 0.08337524, 0.07862101, 0.06914354, 0.056276884, 0.03668034, 0.01913836, 0.0070817433, 0.0011517023, 4.4007727E-5 ],
  "d3" : [ 7.8725145E-4, 0.008218345, 0.022407183, 0.042048827, 0.06459044, 0.08845017, 0.10856785, 0.1198535, 0.11951793, 0.10881497, 0.093481176, 0.07401492, 0.054153018, 0.038614262, 0.027530959, 0.017239137, 0.008278114, 0.0028125322, 5.8369705E-4, 3.5720124E-5 ],
  "d4" : [ 4.57573E-6, 3.1521697E-5, 1.6055729E-4, 5.674922E-4, 0.0014576243, 0.0036098445, 0.009451933, 0.026768632, 0.09278615, 0.4878606, 0.2833049, 0.06294161, 0.01953481, 0.007098483, 0.002738422, 0.0011642692, 3.9452963E-4, 1.0514011E-4, 1.7591141E-5, 1.3218776E-6 ],
  "lightfield_0.0_0.8_0.0_y" : [ 0.011701206, 0.024692507, 0.07520671, 0.10052874, 0.07732111, 0.08285696, 0.08977041, 0.083376385, 0.053212963, 0.05069205, 0.053588416, 0.050279897, 0.041858982, 0.029070932, 0.030205766, 0.03302309, 0.04970401, 0.032170553, 0.028195813, 0.0025434948 ],
  "lightfield_0.0_0.8_0.0_x" : [ 0.03563716, 0.038039505, 0.05160387, 0.06560015, 0.06081804, 0.06761857, 0.09494773, 0.08478787, 0.078650735, 0.08693332, 0.086874045, 0.06321474, 0.04622329, 0.036622375, 0.019145375, 0.016932167, 0.017400779, 0.019134082, 0.017841162, 0.011975033 ],
  "lightfield_0.8_0.0_0.0_x" : [ 0.0010313215, 0.027647234, 0.056394946, 0.06201159, 0.08812537, 0.07207224, 0.058881544, 0.05866205, 0.063788585, 0.06414038, 0.062023614, 0.069188744, 0.061996553, 0.06677732, 0.047230314, 0.022854446, 0.03614436, 0.032334786, 0.03824609, 0.01044852 ],
  "lightfield_0.8_0.0_0.0_y" : [ 0.048712652, 0.049232822, 0.055288453, 0.04479784, 0.03800555, 0.06627519, 0.0740116, 0.066551805, 0.060327798, 0.07684698, 0.07139872, 0.061689865, 0.050576847, 0.04545933, 0.047795586, 0.07202713, 0.049007315, 0.021086466, 9.08044E-4, 0.0 ],
  "lightfield_0.0_0.6_0.0_x" : [ 0.0057523213, 0.020921173, 0.04500884, 0.06411364, 0.065569595, 0.08294956, 0.10654809, 0.10085298, 0.09158519, 0.08965726, 0.06486593, 0.0653093, 0.036727898, 0.025675204, 0.022359967, 0.023564208, 0.024754146, 0.025208954, 0.022557337, 0.016018398 ],
  "lightfield_0.0_0.6_0.0_y" : [ 0.010632212, 0.024957236, 0.052932225, 0.093118384, 0.07767493, 0.08521502, 0.08314693, 0.07944267, 0.081759624, 0.06500609, 0.051470548, 0.05944542, 0.043246813, 0.029571107, 0.032972157, 0.03492583, 0.039236493, 0.030632326, 0.021996694, 0.0026172919 ],
  "lightfield_0.6_0.0_0.0_y" : [ 0.012265208, 0.024175365, 0.04228834, 0.06454006, 0.06720825, 0.068721205, 0.08262919, 0.070244744, 0.07216309, 0.07648996, 0.059047345, 0.055894267, 0.050539337, 0.07465111, 0.07554669, 0.04117284, 0.034556676, 0.022373606, 0.00537878, 1.1393475E-4 ],
  "lightfield_0.6_0.0_0.0_x" : [ 0.005723234, 0.02847044, 0.074950516, 0.059439495, 0.09458174, 0.059585225, 0.062314358, 0.07520489, 0.07001953, 0.054940395, 0.05500399, 0.06334772, 0.06135519, 0.063636534, 0.0507937, 0.030765032, 0.033419978, 0.021488624, 0.028422745, 0.006536675 ],
  "lightfield_0.0_0.4_0.0_x" : [ 0.030569555, 0.039847508, 0.043782573, 0.051184375, 0.053109072, 0.054011453, 0.07295858, 0.082710564, 0.08073447, 0.102294505, 0.102762826, 0.0858432, 0.06643917, 0.053774435, 0.03932207, 0.031451948, 0.009203707, 0.0, 0.0, 0.0 ],
  "lightfield_0.0_0.4_0.0_y" : [ 0.003935063, 0.021011751, 0.05384297, 0.074346416, 0.08141126, 0.08070591, 0.06858375, 0.07760184, 0.07560575, 0.060842127, 0.06463155, 0.07545726, 0.06221283, 0.040007424, 0.04049574, 0.042277653, 0.033270985, 0.023573253, 0.017602125, 0.0025843482 ],
  "lightfield_0.0_0.2_0.0_y" : [ 0.006656194, 0.028240386, 0.06192079, 0.056099225, 0.069739506, 0.07424056, 0.06982893, 0.07756121, 0.059899785, 0.05452535, 0.061434913, 0.078345165, 0.06544413, 0.0533509, 0.046873555, 0.044068594, 0.03072938, 0.033122987, 0.024699159, 0.0032192967 ],
  "lightfield_0.0_0.2_0.0_x" : [ 0.031236121, 0.03202604, 0.037549518, 0.040202457, 0.04717462, 0.06308629, 0.053714562, 0.059726898, 0.09169332, 0.08835479, 0.0914638, 0.08493578, 0.08187745, 0.07896219, 0.035841502, 0.029238963, 0.023503847, 0.022538058, 0.006829082, 4.4712455E-5 ],