{
  "eccentricity_minmax" : 8.813781E-6,
  "compactness" : 6.780628,
  "eccentricity" : 1.0048635,
  "compactness_standardized" : -0.065050125,
  "convexity_minmax" : 0.2627926,
  "diameter_standardized" : -0.17517374,
  "surface_area_minmax" : 0.09684172,
  "convexity" : 0.5037188,
  "diameter_minmax" : 0.08009179,
  "rectangularity _standardized" : 1.4432275,
  "convexity_standardized" : 0.605628,
  "diameter" : 1.0424842,
  "surface_area" : 1.9924979,
  "rectangularity " : 0.08894568,
  "compactness_minmax" : 1.6061251E-6,
  "surface_area_standardized" : 0.2444601,
  "rectangularity _minmax" : 0.1602858,
  "eccentricity_standardized" : -0.36435333,
  "lightfield_0.0_0.0_0.6_y" : [ 0.0, 0.001001388, 0.043758802, 0.090470366, 0.098306686, 0.09653215, 0.09456433, 0.09100499, 0.086939804, 0.0800329, 0.04769239, 0.03091554, 0.03167018, 0.036701795, 0.03928443, 0.040287875, 0.037668224, 0.028846964, 0.017745335, 0.0065758494 ],
  "lightfield_0.0_0.0_0.6_x" : [ 0.026081324, 0.035947155, 0.03989719, 0.043283813, 0.04584383, 0.06428828, 0.07739886, 0.08347299, 0.088808924, 0.08824757, 0.08166555, 0.06635069, 0.05186038, 0.041809488, 0.04410014, 0.040849227, 0.036695626, 0.029529635, 0.0132113295, 6.579962E-4 ],
  "lightfield_0.0_0.0_0.8_y" : [ 0.029261488, 0.033336163, 0.03748947, 0.04968038, 0.05947077, 0.058494005, 0.06937291, 0.07345793, 0.07389043, 0.07446987, 0.082710266, 0.088030726, 0.078666635, 0.064398035, 0.04390465, 0.037346683, 0.03260566, 0.01341393, 0.0, 0.0 ],
  "lightfield_0.0_0.0_0.8_x" : [ 7.925849E-4, 0.018674375, 0.045959577, 0.07296748, 0.08552467, 0.089593135, 0.08854808, 0.0874306, 0.08033458, 0.055638216, 0.047826186, 0.049816962, 0.051242784, 0.049581047, 0.04175039, 0.041065417, 0.037050758, 0.031477828, 0.018999273, 0.0057260636 ],
  "lightfield_0.0_0.0_0.2_y" : [ 0.039609846, 0.043846782, 0.042590138, 0.041252825, 0.040274255, 0.0458952, 0.054538894, 0.07602501, 0.079489276, 0.08358611, 0.09243359, 0.098517284, 0.09045522, 0.0714824, 0.05009393, 0.037606005, 0.012303251, 0.0, 0.0, 0.0 ],
  "lightfield_0.0_0.0_0.2_x" : [ 0.010749424, 0.032609135, 0.040658467, 0.060533438, 0.076973855, 0.08594233, 0.08544986, 0.08280283, 0.07723495, 0.07096021, 0.06631996, 0.058593277, 0.04068394, 0.03995797, 0.04302317, 0.04288519, 0.03837867, 0.028138699, 0.015154056, 0.0029505726 ],
  "lightfield_0.0_0.0_0.4_y" : [ 0.032894652, 0.03681104, 0.04417196, 0.057890043, 0.062928155, 0.06615607, 0.07607786, 0.07162099, 0.06439948, 0.07127782, 0.080170125, 0.08477285, 0.0788425, 0.046932306, 0.037570294, 0.035620682, 0.03202601, 0.019837167, 0.0, 0.0 ],
  "lightfield_0.0_0.0_0.4_x" : [ 0.030496776, 0.037128467, 0.04047434, 0.043429863, 0.04868031, 0.053808503, 0.055580102, 0.053795636, 0.060864866, 0.08558572, 0.093517154, 0.093808845, 0.08891015, 0.08324361, 0.076781355, 0.051148966, 0.002745332, 0.0, 0.0, 0.0 ],
  "lightfield_0.0_0.0_0.0_y" : [ 0.029075282, 0.03564655, 0.04258863, 0.06420918, 0.08278623, 0.09164316, 0.08730487, 0.079894714, 0.07971032, 0.078636386, 0.052213524, 0.044691924, 0.040481284, 0.039913923, 0.04067378, 0.039202694, 0.031253546, 0.022299357, 0.013369482, 0.0044051614 ],
  "lightfield_0.0_0.0_0.0_x" : [ 0.0070940526, 0.031237336, 0.043453857, 0.05947981, 0.08119762, 0.09062394, 0.09817593, 0.09371606, 0.081708245, 0.063183874, 0.058821265, 0.059094813, 0.038311124, 0.036594857, 0.0385097, 0.03649354, 0.033221077, 0.029393408, 0.01698439, 0.0027051014 ],
  "d1" : [ 0.0052919, 0.0161822, 0.0159547, 0.0197284, 0.0381625, 0.058857, 0.1452893, 0.1821884, 0.1182569, 0.0844193, 0.0619277, 0.0487401, 0.0476037, 0.043411, 0.038322, 0.0301421, 0.0228323, 0.0157235, 0.0054527, 0.0015143 ],
  "d2" : [ 0.00916551, 0.027639154, 0.048019033, 0.064943805, 0.08145761, 0.10405827, 0.11696204, 0.12202823, 0.110735446, 0.08777491, 0.06972624, 0.055318415, 0.041421372, 0.028557315, 0.017141711, 0.008935969, 0.0042461455, 0.0015441711, 2.9935257E-4, 2.5304444E-5 ],
  "d3" : [ 0.0018987007, 0.016168237, 0.043416657, 0.07796345, 0.111210935, 0.13526759, 0.1458659, 0.14056976, 0.11837609, 0.084908955, 0.054220837, 0.032250848, 0.018687664, 0.010422026, 0.0053188778, 0.0022997723, 8.622134E-4, 2.3796647E-4, 4.8096394E-5, 5.4334837E-6 ],
  "d4" : [ 2.0336579E-7, 4.0673157E-7, 2.033658E-6, 6.609388E-6, 3.3250304E-5, 1.08495646E-4, 3.916825E-4, 0.0015148717, 0.0077101053, 0.07233334, 0.76725906, 0.13540368, 0.012366063, 0.0021376794, 5.281409E-4, 1.5069405E-4, 4.1689986E-5, 8.43968E-6, 2.745438E-6, 8.1346315E-7 ],
  "lightfield_0.0_0.8_0.0_y" : [ 0.018847957, 0.024259485, 0.032665953, 0.06338567, 0.07882593, 0.08822831, 0.08878266, 0.08639727, 0.0802874, 0.07507745, 0.059440415, 0.054163277, 0.049387693, 0.0424235, 0.040897235, 0.04117801, 0.03317471, 0.023659537, 0.014216361, 0.00470119 ],
  "lightfield_0.0_0.8_0.0_x" : [ 0.03877102, 0.0424379, 0.04567282, 0.050395604, 0.056222297, 0.062089786, 0.07724206, 0.08113693, 0.084261455, 0.09767149, 0.10939206, 0.101940714, 0.0837047, 0.04349141, 0.023760328, 0.0018094422, 0.0, 0.0, 0.0, 0.0 ],
  "lightfield_0.8_0.0_0.0_x" : [ 0.009378909, 0.04082902, 0.046833687, 0.056262184, 0.076007254, 0.08290225, 0.086447805, 0.07992246, 0.06849466, 0.062471967, 0.05674905, 0.047041055, 0.044207774, 0.048138756, 0.050293583, 0.04635584, 0.040594608, 0.03438257, 0.01958053, 0.0031060171 ],
  "lightfield_0.8_0.0_0.0_y" : [ 0.0034125615, 0.016747247, 0.032236762, 0.04248346, 0.042790007, 0.04402069, 0.061849862, 0.072468475, 0.08178427, 0.08959214, 0.096149035, 0.101851664, 0.09892371, 0.08370468, 0.07002288, 0.038002502, 0.020657944, 0.0033021155, 0.0, 0.0 ],
  "lightfield_0.0_0.6_0.0_x" : [ 0.0014575233, 0.01666661, 0.045745894, 0.06693083, 0.07837069, 0.08479057, 0.09976239, 0.12530294, 0.1351802, 0.10314859, 0.082736485, 0.060687207, 0.034255188, 0.012134729, 0.009921327, 0.010697544, 0.011555109, 0.012382169, 0.008273987, 0.0 ],
  "lightfield_0.0_0.6_0.0_y" : [ 0.006230065, 0.0063656485, 0.011494097, 0.047671184, 0.07682504, 0.09113927, 0.09179685, 0.12583172, 0.11679169, 0.089098744, 0.062273532, 0.059931327, 0.053582627, 0.045091704, 0.033367116, 0.028581016, 0.023642385, 0.016859816, 0.010080638, 0.0033455247 ],
  "lightfield_0.6_0.0_0.0_y" : [ 0.009156334, 0.009041586, 0.008820916, 0.010639237, 0.038864404, 0.06060481, 0.07791123, 0.085696466, 0.09492636, 0.11976791, 0.12651454, 0.124937475, 0.1229691, 0.094941065, 0.015208578, 0.0, 0.0, 0.0, 0.0, 0.0 ],
  "lightfield_0.6_0.0_0.0_x" : [ 0.009447618, 0.04097695, 0.045734596, 0.048768073, 0.053402144, 0.06743087, 0.073197715, 0.072668105, 0.07686967, 0.08983035, 0.06806346, 0.06726611, 0.055750072, 0.048585653, 0.050300993, 0.044875454, 0.037596285, 0.029911084, 0.016676769, 0.0026480402 ],
  "lightfield_0.0_0.4_0.0_x" : [ 0.0, 0.0, 4.8702428E-4, 0.026608532, 0.07579412, 0.11639107, 0.124504276, 0.1388599, 0.108857654, 0.10104981, 0.09050535, 0.071186714, 0.049800165, 0.025839344, 0.011236346, 0.011762023, 0.012654901, 0.013412494, 0.014328564, 0.006721708 ],
  "lightfield_0.0_0.4_0.0_y" : [ 0.040751565, 0.04668089, 0.049402043, 0.052239154, 0.055014417, 0.0691072, 0.081201635, 0.12612383, 0.124917865, 0.08131373, 0.05788245, 0.056197193, 0.05233965, 0.039016057, 0.02266209, 0.016156837, 0.01258146, 0.0090524675, 0.00546936, 0.001890118 ],
  "lightfield_0.0_0.2_0.0_y" : [ 0.038502246, 0.04584305, 0.05117498, 0.061246958, 0.0707722, 0.073623754, 0.0697314, 0.08549645, 0.083903894, 0.07241742, 0.064549945, 0.055967696, 0.048195522, 0.04088732, 0.038695358, 0.03544253, 0.02783337, 0.019855542, 0.011925363, 0.0039349934 ],
  "lightfield_0.0_0.2_0.0_x" : [ 0.0018082411, 0.025014421, 0.05352745, 0.07087001, 0.07890803, 0.10751636, 0.12196474, 0.11317934, 0.09806386, 0.08353021, 0.06881599, 0.05671758, 0.047377925, 0.03272139, 0.025265217, 0.009244351, 0.0054748827, 0.0, 0.0, 0.0 ],