{
  "eccentricity_minmax" : 0.010934078,
  "compactness" : 49.465836,
  "eccentricity" : 6.130485,
  "compactness_standardized" : -0.06478141,
  "convexity_minmax" : 0.031717125,
  "diameter_standardized" : 0.896228,
  "surface_area_minmax" : 0.04707828,
  "convexity" : 0.061696786,
  "diameter_minmax" : 0.25274256,
  "rectangularity _standardized" : -0.30207962,
  "convexity_standardized" : -0.9759306,
  "diameter" : 1.1340656,
  "surface_area" : 0.97676086,
  "rectangularity " : 0.0049922313,
  "compactness_minmax" : 1.2449643E-5,
  "surface_area_standardized" : -0.37678748,
  "rectangularity _minmax" : 0.0089962715,
  "eccentricity_standardized" : -0.13271028,
  "lightfield_0.0_0.0_0.6_y" : [ 0.04482879, 0.060818758, 0.086839624, 0.07878647, 0.036103465, 0.035340805, 0.035560552, 0.03633614, 0.03614224, 0.03625858, 0.03583201, 0.035780303, 0.036271505, 0.035909567, 0.03571567, 0.035767376, 0.043665413, 0.10961596, 0.09961092, 0.044815864 ],
  "lightfield_0.0_0.0_0.6_x" : [ 0.0, 0.0, 0.0, 0.014102713, 0.0268223, 0.033789635, 0.07321519, 0.16998228, 0.16280814, 0.15524618, 0.13059552, 0.114941634, 0.03208335, 0.0197257, 0.019518878, 0.019661069, 0.019609364, 0.007898036, 0.0, 0.0 ],
  "lightfield_0.0_0.0_0.8_y" : [ 0.0, 0.017940758, 0.023114733, 0.023050059, 0.023153538, 0.031716466, 0.076251455, 0.08111499, 0.08124434, 0.08167119, 0.06490751, 0.058504723, 0.05863407, 0.082912944, 0.11019273, 0.086418316, 0.044004656, 0.03346268, 0.021290908, 4.13918E-4 ],
  "lightfield_0.0_0.0_0.8_x" : [ 0.023903765, 0.045737937, 0.06708059, 0.11146036, 0.06678308, 0.041909195, 0.04259475, 0.042879317, 0.04218083, 0.042297244, 0.043034535, 0.042801708, 0.042297244, 0.06780494, 0.073677406, 0.07353512, 0.04205148, 0.031768207, 0.031794075, 0.024408227 ],
  "lightfield_0.0_0.0_0.2_y" : [ 0.0, 0.017689353, 0.02311426, 0.022945544, 0.02311426, 0.031160774, 0.07668847, 0.080802575, 0.081386596, 0.081101075, 0.06537144, 0.058142554, 0.058661684, 0.0834761, 0.111340396, 0.08589005, 0.044320717, 0.0330556, 0.021323262, 4.1530395E-4 ],
  "lightfield_0.0_0.0_0.2_x" : [ 0.02504802, 0.031900536, 0.031809688, 0.043009914, 0.073301144, 0.074040905, 0.06690287, 0.042127393, 0.04289311, 0.04217931, 0.04223122, 0.041984633, 0.042789284, 0.04216633, 0.042205263, 0.06681202, 0.11226185, 0.06686394, 0.046059802, 0.02341276 ],
  "lightfield_0.0_0.0_0.4_y" : [ 0.04469693, 0.060303327, 0.08610694, 0.079507224, 0.035936125, 0.035185568, 0.035703193, 0.036570217, 0.03627258, 0.036479633, 0.035897303, 0.035703193, 0.036557276, 0.03619494, 0.03623376, 0.035729077, 0.043351106, 0.10985299, 0.09904757, 0.044671047 ],
  "lightfield_0.0_0.0_0.4_x" : [ 0.0, 0.0, 0.0, 0.015813448, 0.019488586, 0.019695636, 0.019630933, 0.019592112, 0.06308556, 0.1287722, 0.13951291, 0.15787567, 0.17609607, 0.13190383, 0.04793209, 0.030915162, 0.024250738, 0.005435064, 0.0, 0.0 ],
  "lightfield_0.0_0.0_0.0_y" : [ 0.0, 0.0, 0.0, 0.0036241896, 0.01647359, 0.016622383, 0.033701774, 0.040641937, 0.04645552, 0.3475821, 0.33904773, 0.04618982, 0.040206186, 0.03317037, 0.016516102, 0.01647359, 0.0032947178, 0.0, 0.0, 0.0 ],
  "lightfield_0.0_0.0_0.0_x" : [ 0.2163673, 0.03055585, 0.031044744, 0.031034116, 0.030523967, 0.030757785, 0.031225422, 0.03135296, 0.0314061, 0.03152301, 0.030821554, 0.031087257, 0.031650547, 0.031108513, 0.03129982, 0.031140398, 0.030821554, 0.04142842, 0.058592837, 0.18625784 ],
  "d1" : [ 0.0188372, 0.0135425, 0.0127842, 0.0131301, 0.032083, 0.0937324, 0.1138456, 0.1350445, 0.1764833, 0.1842661, 0.0067843, 0.0056409, 0.0063952, 0.0063751, 0.0067487, 0.0259697, 0.0103408, 0.0185333, 0.0472302, 0.0722329 ],
  "d2" : [ 0.015872886, 0.043056462, 0.061492197, 0.07511389, 0.083967745, 0.08986338, 0.0843183, 0.07454239, 0.06471016, 0.052252874, 0.036767457, 0.016882164, 0.017987158, 0.016941175, 0.021439865, 0.036854073, 0.049757037, 0.098822854, 0.050663296, 0.008694626 ],
  "d3" : [ 0.0032629077, 0.019937063, 0.049130466, 0.0681549, 0.0772573, 0.08422856, 0.08755033, 0.08746531, 0.08376641, 0.07836301, 0.06989463, 0.05958167, 0.0499311, 0.041715976, 0.03633612, 0.03299513, 0.028440364, 0.022586992, 0.014626838, 0.0047749253 ],
  "d4" : [ 1.1378316E-4, 6.1050407E-4, 0.0015010429, 0.0032219242, 0.0065871193, 0.012300376, 0.02358067, 0.048050046, 0.10618104, 0.558258, 0.12898964, 0.05565481, 0.027252642, 0.0139703145, 0.0074047516, 0.0037313555, 0.0017375572, 6.9083355E-4, 1.6198085E-4, 1.6269263E-6 ],
  "lightfield_0.0_0.8_0.0_y" : [ 0.0, 0.0, 0.0, 0.0, 0.0019498019, 0.039581917, 0.059904855, 0.080757424, 0.09646364, 0.11700218, 0.21722013, 0.114096224, 0.09526845, 0.079309136, 0.05897682, 0.038217995, 0.0012514354, 0.0, 0.0, 0.0 ],
  "lightfield_0.0_0.8_0.0_x" : [ 0.0100817885, 0.041006774, 0.043865856, 0.048173234, 0.019587073, 0.012373744, 0.012340934, 0.012420613, 0.012214384, 0.012397178, 0.012420613, 0.012420613, 0.012345621, 0.06834149, 0.110398166, 0.12737456, 0.13121323, 0.12695274, 0.10921235, 0.06485904 ],
  "lightfield_0.8_0.0_0.0_x" : [ 0.21158546, 0.030553484, 0.030449914, 0.03046027, 0.029890629, 0.029932057, 0.030408485, 0.030273842, 0.030128842, 0.030470626, 0.030439556, 0.030149557, 0.030615626, 0.030512055, 0.030729555, 0.0301392, 0.030108128, 0.04068274, 0.059833042, 0.20263693 ],
  "lightfield_0.8_0.0_0.0_y" : [ 0.0, 0.0, 0.0, 0.003852846, 0.016053526, 0.022153866, 0.03609454, 0.040558457, 0.046027012, 0.3378283, 0.33257726, 0.04614094, 0.04097274, 0.036032397, 0.022122795, 0.016053526, 0.0035317757, 0.0, 0.0, 0.0 ],
  "lightfield_0.0_0.6_0.0_x" : [ 0.0039913175, 0.00525365, 0.012655693, 0.020692948, 0.018672002, 0.029591987, 0.04848854, 0.05972613, 0.06745994, 0.07286936, 0.07645001, 0.0784305, 0.078895785, 0.07831924, 0.07619714, 0.072464764, 0.06693801, 0.058987748, 0.047260597, 0.026654636 ],
  "lightfield_0.0_0.6_0.0_y" : [ 0.0, 0.0036372978, 0.03275591, 0.048437964, 0.060290538, 0.07059757, 0.07656937, 0.08091875, 0.082533084, 0.08400985, 0.089324184, 0.08323303, 0.07258614, 0.06579908, 0.05914554, 0.049635563, 0.034795064, 0.0057310704, 0.0, 0.0 ],
  "lightfield_0.6_0.0_0.0_y" : [ 0.0, 0.0, 0.0, 0.0040922742, 0.017051142, 0.017051142, 0.021957472, 0.039283633, 0.04612609, 0.35741395, 0.3520786, 0.04613709, 0.039206628, 0.021748457, 0.017051142, 0.017051142, 0.0037512514, 0.0, 0.0, 0.0 ],
  "lightfield_0.6_0.0_0.0_x" : [ 0.22472306, 0.032364167, 0.032331165, 0.032331165, 0.032012146, 0.03191314, 0.031869136, 0.03226516, 0.032155156, 0.03228716, 0.03226516, 0.031407103, 0.03177013, 0.032375168, 0.032452174, 0.03204515, 0.031880137, 0.042891875, 0.05714883, 0.16151282 ],
  "lightfield_0.0_0.4_0.0_x" : [ 0.027140273, 0.047444873, 0.059087984, 0.06700862, 0.072524525, 0.07623283, 0.07828535, 0.07889868, 0.078475624, 0.07643727, 0.072826125, 0.067360826, 0.05956974, 0.048250496, 0.02925757, 0.018715614, 0.020780282, 0.012549947, 0.0051778653, 0.0039754994 ],
  "lightfield_0.0_0.4_0.0_y" : [ 0.0, 0.0035423236, 0.03273512, 0.04844482, 0.058314744, 0.065338664, 0.07170068, 0.08272034, 0.08928478, 0.08432755, 0.0826495, 0.08128519, 0.07706275, 0.071301915, 0.061401628, 0.049548, 0.034706675, 0.005635331, 0.0, 0.0 ],
  "lightfield_0.0_0.2_0.0_y" : [ 0.0, 0.0, 0.0, 0.0, 0.0019360313, 0.03965817, 0.06001228, 0.08003825, 0.09658124, 0.120193325, 0.21696207, 0.11102881, 0.09536712, 0.07988356, 0.058948167, 0.03817685, 0.0012141214, 0.0, 0.0, 0.0 ],
  "lightfield_0.0_0.2_0.0_x" : [ 0.065782875, 0.10954281, 0.12707022, 0.13122354, 0.12727179, 0.110119395, 0.06747514, 0.012324034, 0.012422477, 0.012422477, 0.012361536, 0.012234967, 0.012422477, 0.012295908, 0.012263094, 0.019786896, 0.048316404, 0.043877125, 0.04097542, 0.009811413 ],
  "a3" : [ 0.13070588, 0.13880177, 0.09819231, 0.07898253, 0.0957081, 0.17109698, 0.0855823, 0.0, 0.0, 0.0, 0.0, 0.0, 0.0, 0.004078333, 0.016599093, 0.024276404, 0.026651038, 0.027184425, 0.035778787, 0.06636205 ],