{
  "eccentricity_minmax" : 1.1842843E-5,
  "compactness" : 92.62826,
  "eccentricity" : 1.0062846,
  "compactness_standardized" : -0.064476915,
  "convexity_minmax" : 0.08848682,
  "diameter_standardized" : -0.6645426,
  "surface_area_minmax" : 0.11364516,
  "convexity" : 0.17029099,
  "diameter_minmax" : 0.0011528914,
  "rectangularity _standardized" : -0.1530786,
  "convexity_standardized" : -0.58771175,
  "diameter" : 1.0006115,
  "surface_area" : 2.335478,
  "rectangularity " : 0.012181066,
  "compactness_minmax" : 2.3414388E-5,
  "surface_area_standardized" : 0.4543629,
  "rectangularity _minmax" : 0.021951016,
  "eccentricity_standardized" : -0.36428908,
  "lightfield_0.0_0.0_0.6_y" : [ 0.01758561, 0.032967594, 0.041819092, 0.048197735, 0.053037543, 0.056797866, 0.059629276, 0.061633848, 0.06296087, 0.06350699, 0.06352613, 0.06297491, 0.061710406, 0.059741564, 0.05696885, 0.05332719, 0.04849887, 0.04220699, 0.03367449, 0.01923418 ],
  "lightfield_0.0_0.0_0.6_x" : [ 0.019861965, 0.03393224, 0.0424456, 0.04869154, 0.053431824, 0.057046685, 0.059787497, 0.061742306, 0.06304764, 0.063632034, 0.06357589, 0.062921315, 0.06158153, 0.05953485, 0.056686856, 0.052918877, 0.047985923, 0.041597072, 0.032714948, 0.016863402 ],
  "lightfield_0.0_0.0_0.8_y" : [ 0.01787521, 0.033122275, 0.041881904, 0.048245586, 0.053088516, 0.056820225, 0.05962826, 0.06168357, 0.06295809, 0.063440345, 0.06344162, 0.063014224, 0.06171036, 0.059736703, 0.056941427, 0.05326968, 0.048443336, 0.042208508, 0.03351905, 0.01897112 ],
  "lightfield_0.0_0.0_0.8_x" : [ 0.020378325, 0.034150567, 0.04258742, 0.048786525, 0.05350953, 0.057093248, 0.059847694, 0.06182646, 0.0630576, 0.063594714, 0.06359344, 0.06289813, 0.06150751, 0.05945092, 0.056602065, 0.052856322, 0.047939394, 0.041435376, 0.032520097, 0.016364664 ],
  "lightfield_0.0_0.0_0.2_y" : [ 0.018120684, 0.033168532, 0.041920185, 0.04829036, 0.053078834, 0.05681114, 0.059645444, 0.061644256, 0.06296829, 0.06358567, 0.06358439, 0.06294278, 0.06165701, 0.059673507, 0.05688512, 0.0532268, 0.04840006, 0.04206815, 0.033483595, 0.018845204 ],
  "lightfield_0.0_0.0_0.2_x" : [ 0.01892429, 0.033509105, 0.042167645, 0.048426844, 0.053249758, 0.056911908, 0.05970157, 0.06170038, 0.06298615, 0.063615, 0.06357546, 0.06297212, 0.061653186, 0.059622485, 0.05679583, 0.053101793, 0.048207447, 0.041876815, 0.033083066, 0.017919144 ],
  "lightfield_0.0_0.0_0.4_y" : [ 0.01767292, 0.032937057, 0.04182838, 0.048161644, 0.05302642, 0.056788865, 0.059627607, 0.061633226, 0.06294224, 0.06355209, 0.063583985, 0.0630073, 0.061700847, 0.05974371, 0.056964934, 0.053289242, 0.048471674, 0.042206027, 0.03362091, 0.019240927 ],
  "lightfield_0.0_0.0_0.4_x" : [ 0.01933789, 0.033731904, 0.04225706, 0.048553325, 0.05325607, 0.05694707, 0.0597284, 0.061762087, 0.06299838, 0.06361461, 0.06360823, 0.062986895, 0.061600056, 0.05956892, 0.05675952, 0.05302642, 0.048138678, 0.041713554, 0.032900058, 0.01751089 ],
  "lightfield_0.0_0.0_0.0_y" : [ 0.018735152, 0.033413634, 0.042057488, 0.048340797, 0.053189415, 0.056891553, 0.05968442, 0.061645802, 0.06296444, 0.06359825, 0.06360081, 0.06295041, 0.0616356, 0.059639785, 0.05683927, 0.05310397, 0.048254076, 0.04191338, 0.033226166, 0.018315583 ],
  "lightfield_0.0_0.0_0.0_x" : [ 0.018871605, 0.033493977, 0.04209447, 0.048422415, 0.053207267, 0.05687115, 0.0597163, 0.061701912, 0.062949136, 0.06360846, 0.06361866, 0.062977195, 0.061627947, 0.059611727, 0.056799732, 0.05313075, 0.048200514, 0.041847065, 0.033153478, 0.018096235 ],
  "d1" : [ 0.0027593, 0.0068386, 0.0089046, 0.0137389, 0.0158114, 0.0202063, 0.0247361, 0.0233563, 0.0285176, 0.0596711, 0.0747527, 0.0850484, 0.0748576, 0.0760359, 0.076156, 0.0789366, 0.069723, 0.0630508, 0.0868549, 0.1100439 ],
  "d2" : [ 0.0054587587, 0.023213776, 0.037604004, 0.050014082, 0.059869613, 0.06623773, 0.070938356, 0.07321315, 0.07453529, 0.076313004, 0.0820294, 0.08043482, 0.07107458, 0.06346635, 0.056113854, 0.045359965, 0.030516159, 0.019216774, 0.010089772, 0.004300555 ],
  "d3" : [ 0.0015923126, 0.0107419975, 0.03212698, 0.05999653, 0.0803897, 0.091686115, 0.09748807, 0.098362155, 0.09625004, 0.0918139, 0.084383614, 0.07380704, 0.0612414, 0.04821885, 0.03385795, 0.020932093, 0.010748236, 0.0045976327, 0.0015089992, 2.5637995E-4 ],
  "d4" : [ 2.0336579E-7, 1.5252434E-6, 1.1185118E-5, 5.246837E-5, 2.2319394E-4, 7.858054E-4, 0.0025624088, 0.007245313, 0.019575685, 0.0764635, 0.71576804, 0.1373923, 0.02584525, 0.009224062, 0.0033356056, 0.0011003106, 3.1643716E-4, 7.829583E-5, 1.6574311E-5, 1.830292E-6 ],
  "lightfield_0.0_0.8_0.0_y" : [ 0.019308973, 0.03353815, 0.041839644, 0.04794025, 0.052596852, 0.05617652, 0.0588006, 0.060702678, 0.06202382, 0.064748004, 0.07024037, 0.061957076, 0.060713295, 0.05874296, 0.05609613, 0.052505843, 0.047882613, 0.04178049, 0.033407707, 0.018998027 ],
  "lightfield_0.0_0.8_0.0_x" : [ 0.0, 0.013906101, 0.039098773, 0.051656432, 0.06015511, 0.06633762, 0.07070603, 0.07364409, 0.07526859, 0.07577824, 0.07534443, 0.07393076, 0.07124146, 0.06711878, 0.061424676, 0.053297617, 0.04177594, 0.02028428, 0.0048537874, 0.0041772905 ],
  "lightfield_0.8_0.0_0.0_x" : [ 0.01962144, 0.0336733, 0.041966353, 0.048006747, 0.052607436, 0.056154463, 0.058880966, 0.06080814, 0.0620359, 0.06533011, 0.069400944, 0.06198897, 0.06068703, 0.058759857, 0.05609845, 0.052568074, 0.047888663, 0.04163784, 0.033269092, 0.01861622 ],
  "lightfield_0.8_0.0_0.0_y" : [ 0.004391775, 0.0048444257, 0.023347104, 0.043056346, 0.054092556, 0.06176643, 0.0674995, 0.07143409, 0.07393805, 0.07527632, 0.07558818, 0.07504167, 0.07326134, 0.0702578, 0.065828174, 0.05954859, 0.050867986, 0.037951533, 0.01200812, 0.0 ],
  "lightfield_0.0_0.6_0.0_x" : [ 0.0, 0.0, 0.0, 0.0, 0.0, 5.3265656E-5, 0.08132412, 0.13354012, 0.15302595, 0.15647256, 0.15046607, 0.13196723, 0.08369288, 0.033150036, 0.030079428, 0.025238521, 0.010026476, 0.010023342, 9.399821E-4, 0.0 ],
  "lightfield_0.0_0.6_0.0_y" : [ 0.019006439, 0.03766195, 0.06926728, 0.04348044, 0.045363538, 0.04810202, 0.05016058, 0.05180868, 0.054127306, 0.06897589, 0.094104744, 0.05518635, 0.052209742, 0.050242044, 0.04805502, 0.045266405, 0.04272532, 0.06759725, 0.037896946, 0.018762043 ],
  "lightfield_0.6_0.0_0.0_y" : [ 0.0, 0.0017428489, 0.009959136, 0.009959136, 0.026270334, 0.02976537, 0.033929534, 0.090914465, 0.13250631, 0.15037051, 0.15539053, 0.1513851, 0.13112448, 0.07668224, 0.0, 0.0, 0.0, 0.0, 0.0, 0.0 ],
  "lightfield_0.6_0.0_0.0_x" : [ 0.019289602, 0.040474553, 0.06824187, 0.041834597, 0.045503918, 0.048261352, 0.050452363, 0.0520396, 0.05437066, 0.07167466, 0.09087712, 0.055049125, 0.05209562, 0.05029364, 0.048164874, 0.045407437, 0.044679176, 0.06734244, 0.03552922, 0.018418178 ],
  "lightfield_0.0_0.4_0.0_x" : [ 0.0, 0.0, 0.0, 0.0, 0.0, 5.9080886E-4, 0.082094446, 0.13258684, 0.15170106, 0.15532677, 0.1499473, 0.13177836, 0.087262474, 0.032842755, 0.029851396, 0.024932135, 0.0099504655, 0.0099504655, 0.0011847273, 0.0 ],
  "lightfield_0.0_0.4_0.0_y" : [ 0.019219946, 0.037357777, 0.06724649, 0.04351152, 0.045492284, 0.048340604, 0.050349355, 0.052177753, 0.05503229, 0.093105264, 0.06931121, 0.05414297, 0.051913444, 0.050417762, 0.048318837, 0.045408327, 0.042954914, 0.068692416, 0.03816936, 0.018837474 ],
  "lightfield_0.0_0.2_0.0_y" : [ 0.019469444, 0.03360125, 0.041877843, 0.047944926, 0.052534964, 0.056097426, 0.058822997, 0.060746484, 0.061975334, 0.06980851, 0.06480533, 0.06196928, 0.06067384, 0.05881089, 0.056108017, 0.05256523, 0.047879852, 0.041806716, 0.03342116, 0.01908051 ],
  "lightfield_0.0_0.2_0.0_x" : [ 0.0, 0.012925653, 0.03845461, 0.051160827, 0.059764307, 0.06589647, 0.070377536, 0.07334525, 0.075026594, 0.07561076, 0.075238466, 0.07399751, 0.07137787, 0.06738865, 0.061742276, 0.05381981, 0.04255886, 0.022302464, 0.004842769, 0.004169321 ],