{
  "eccentricity_minmax" : 0.0021660754,
  "compactness" : 54.080578,
  "eccentricity" : 2.0169494,
  "compactness_standardized" : -0.064734295,
  "convexity_minmax" : 0.0712887,
  "diameter_standardized" : 2.3602061,
  "surface_area_minmax" : 0.13564289,
  "convexity" : 0.13739286,
  "diameter_minmax" : 0.48906776,
  "rectangularity _standardized" : 0.7473842,
  "convexity_standardized" : -0.7054543,
  "diameter" : 1.2594228,
  "surface_area" : 2.7844806,
  "rectangularity " : 0.055483334,
  "compactness_minmax" : 1.3621946E-5,
  "surface_area_standardized" : 0.72915107,
  "rectangularity _minmax" : 0.0999845,
  "eccentricity_standardized" : -0.31859067,
  "lightfield_0.0_0.0_0.6_y" : [ 0.004485024, 0.020874413, 0.02317374, 0.05246342, 0.0783509, 0.07930004, 0.079413675, 0.07920647, 0.07926662, 0.06992895, 0.052122533, 0.025272544, 0.0242833, 0.024550661, 0.024490505, 0.024116196, 0.02864801, 0.053646505, 0.08111143, 0.09529507 ],
  "lightfield_0.0_0.0_0.6_x" : [ 0.0531452, 0.056540716, 0.06845176, 0.07208122, 0.061961513, 0.067389, 0.08756158, 0.08808962, 0.088443875, 0.088143095, 0.08861766, 0.0709583, 0.047336724, 0.021836922, 0.0128802415, 0.012793348, 0.012512616, 0.0012566089, 0.0, 0.0 ],
  "lightfield_0.0_0.0_0.8_y" : [ 0.013756023, 0.018636191, 0.049732715, 0.05171116, 0.051866334, 0.05176547, 0.051812023, 0.051850818, 0.051858574, 0.051881853, 0.051788747, 0.05177323, 0.07329562, 0.0989844, 0.07676373, 0.076267175, 0.06604132, 0.020645672, 0.015773263, 0.02379567 ],
  "lightfield_0.0_0.0_0.8_x" : [ 0.0638146, 0.03129825, 0.026115494, 0.026092218, 0.026092218, 0.026154287, 0.03520859, 0.09186975, 0.14939988, 0.15007487, 0.14464384, 0.11162318, 0.059702534, 0.033230145, 0.024610324, 6.9827525E-5, 0.0, 0.0, 0.0, 0.0 ],
  "lightfield_0.0_0.0_0.2_y" : [ 0.001135009, 0.013523148, 0.0143330535, 0.015804574, 0.03812832, 0.056853116, 0.07544673, 0.07761979, 0.07744868, 0.077363126, 0.067843884, 0.05173702, 0.04701447, 0.06300156, 0.06600734, 0.051389102, 0.051343475, 0.051332068, 0.051314957, 0.051360585 ],
  "lightfield_0.0_0.0_0.2_x" : [ 0.04640419, 0.04648974, 0.04650115, 0.046381373, 0.04630723, 0.046187453, 0.046244487, 0.046312932, 0.054862574, 0.043854695, 0.04890805, 0.0504252, 0.062322833, 0.07115195, 0.07168238, 0.066794425, 0.04595361, 0.044145577, 0.043774847, 0.025295302 ],
  "lightfield_0.0_0.0_0.4_y" : [ 0.0, 0.0, 0.0, 0.0, 0.015849777, 0.14791743, 0.20508713, 0.17962389, 0.036748, 0.021865094, 0.02167172, 0.021512877, 0.021664813, 0.021443814, 0.021733876, 0.02150597, 0.021720063, 0.022051562, 0.03734884, 0.18225516 ],
  "lightfield_0.0_0.0_0.4_x" : [ 0.042604472, 0.042590663, 0.048198514, 0.050056286, 0.051458247, 0.05280496, 0.054241456, 0.055829886, 0.05710063, 0.058323033, 0.1575516, 0.20490065, 0.03723834, 0.03281836, 0.03411673, 0.020166164, 0.0, 0.0, 0.0, 0.0 ],
  "lightfield_0.0_0.0_0.0_y" : [ 0.003970391, 0.0081855655, 0.008214939, 0.008259, 0.02134024, 0.06616992, 0.11650723, 0.12711616, 0.101643965, 0.06229744, 0.06059864, 0.060530104, 0.060481146, 0.0604224, 0.060608435, 0.060461566, 0.055742133, 0.037672207, 0.01579344, 0.003985078 ],
  "lightfield_0.0_0.0_0.0_x" : [ 0.024292331, 0.04694461, 0.09875552, 0.13061166, 0.10795938, 0.03306048, 0.015915833, 0.01581792, 0.015641676, 0.015881564, 0.015788546, 0.015597614, 0.015720006, 0.015700424, 0.019568006, 0.0639277, 0.115268625, 0.12285692, 0.082668334, 0.028022833 ],
  "d1" : [ 0.0039703, 0.010201, 0.0151135, 0.0358763, 0.0511798, 0.059039, 0.0572574, 0.0573154, 0.059856, 0.0590884, 0.059909, 0.0874845, 0.1056976, 0.0849195, 0.0662854, 0.0755191, 0.0536947, 0.0349514, 0.0172084, 0.0054333 ],
  "d2" : [ 0.007945996, 0.025498077, 0.04175483, 0.053496893, 0.06109903, 0.06531967, 0.066889144, 0.06532987, 0.05960677, 0.056569535, 0.064364105, 0.09426916, 0.10321722, 0.09832116, 0.0654779, 0.039019853, 0.020335471, 0.008259251, 0.002880906, 3.451606E-4 ],
  "d3" : [ 0.001425887, 0.010846341, 0.03100859, 0.04907271, 0.06168906, 0.07128097, 0.07817355, 0.08436993, 0.08820235, 0.089720905, 0.08932336, 0.0870432, 0.07829932, 0.06509142, 0.051378317, 0.034720868, 0.018921403, 0.0076425974, 0.001680154, 1.09072156E-4 ],
  "d4" : [ 9.964923E-6, 1.1693533E-4, 5.896591E-4, 0.0018439175, 0.004943619, 0.011351065, 0.024895227, 0.052269176, 0.10907737, 0.46471146, 0.1827214, 0.07895189, 0.03809631, 0.017778542, 0.007940316, 0.0032145013, 0.0011219691, 3.1481023E-4, 4.9621252E-5, 2.2370236E-6 ],
  "lightfield_0.0_0.8_0.0_y" : [ 0.0074285967, 0.025812812, 0.03476348, 0.040897675, 0.04611936, 0.054366823, 0.060363315, 0.07303379, 0.065361, 0.064200625, 0.06508743, 0.065397725, 0.06508009, 0.06424102, 0.0625078, 0.05993919, 0.056283645, 0.050986685, 0.030929841, 0.0071990923 ],
  "lightfield_0.0_0.8_0.0_x" : [ 0.062427018, 0.054078568, 0.034025397, 0.011122699, 0.011778163, 0.04319639, 0.060442265, 0.070999466, 0.07800761, 0.0826032, 0.08460815, 0.08435295, 0.08170171, 0.076452486, 0.06877235, 0.056986846, 0.03655178, 0.0018929518, 0.0, 0.0 ],
  "lightfield_0.8_0.0_0.0_x" : [ 0.05435344, 0.09456973, 0.10593519, 0.10575464, 0.08315357, 0.042395618, 0.010107921, 0.01008258, 0.010209286, 0.01013643, 0.010202951, 0.010022395, 0.010035066, 0.010161771, 0.026006278, 0.07410364, 0.0942783, 0.10347078, 0.08233632, 0.052684095 ],
  "lightfield_0.8_0.0_0.0_y" : [ 0.0021951706, 0.029287947, 0.038531106, 0.043583483, 0.048588343, 0.053751588, 0.056783013, 0.0581641, 0.05929178, 0.060166046, 0.064724274, 0.08933362, 0.11465886, 0.0886019, 0.056523267, 0.04999794, 0.04071677, 0.018888604, 0.015869848, 0.010342326 ],
  "lightfield_0.0_0.6_0.0_x" : [ 0.04834952, 0.053088874, 0.056253552, 0.058697786, 0.06049264, 0.06288949, 0.064868286, 0.06615032, 0.06661297, 0.06621582, 0.065095425, 0.063214175, 0.060409024, 0.056518324, 0.051418044, 0.044755634, 0.035527755, 0.01944237, 0.0, 0.0 ],
  "lightfield_0.0_0.6_0.0_y" : [ 0.008716458, 0.029778097, 0.040352114, 0.047821373, 0.05352226, 0.057676338, 0.05948791, 0.060867492, 0.061783034, 0.062392004, 0.06262751, 0.062472828, 0.061973948, 0.061073735, 0.05967046, 0.057758555, 0.05517915, 0.05140829, 0.036978405, 0.00846005 ],
  "lightfield_0.6_0.0_0.0_y" : [ 0.004942119, 0.016432747, 0.021348137, 0.031558465, 0.047192026, 0.05403722, 0.06483558, 0.072934344, 0.07384579, 0.07350634, 0.09855906, 0.12047919, 0.06933133, 0.06222954, 0.05617551, 0.04758761, 0.03039577, 0.023122916, 0.019113626, 0.012372672 ],
  "lightfield_0.6_0.0_0.0_x" : [ 0.073166884, 0.11588989, 0.12731369, 0.11770209, 0.08560638, 0.05259655, 0.008387436, 0.008392782, 0.008459603, 0.0083714, 0.008384763, 0.008339325, 0.008269831, 0.0083714, 0.025456324, 0.062226865, 0.07165138, 0.07528914, 0.06832633, 0.05779794 ],
  "lightfield_0.0_0.4_0.0_x" : [ 0.062225956, 0.06696725, 0.07044075, 0.07287423, 0.07438397, 0.07503122, 0.07475473, 0.073661305, 0.071662985, 0.06883832, 0.06676302, 0.06416301, 0.060830906, 0.056110032, 0.039820276, 0.0014720322, 0.0, 0.0, 0.0, 0.0 ],
  "lightfield_0.0_0.4_0.0_y" : [ 0.009820355, 0.03352997, 0.04538478, 0.05105611, 0.054240536, 0.05897712, 0.05913422, 0.05895198, 0.059189204, 0.059376154, 0.05909337, 0.058424123, 0.057663757, 0.05737155, 0.057145327, 0.05688925, 0.05663475, 0.056378674, 0.04124832, 0.009490444 ],
  "lightfield_0.0_0.2_0.0_y" : [ 0.006520417, 0.022605514, 0.030462041, 0.03573208, 0.040212743, 0.065584294, 0.06916236, 0.078102656, 0.06920118, 0.06644161, 0.065634444, 0.064597584, 0.06332617, 0.061736103, 0.05984517, 0.05760645, 0.05490188, 0.051500134, 0.030586595, 0.0062405774 ],
  "lightfield_0.0_0.2_0.0_x" : [ 0.06555033, 0.070786394, 0.07377405, 0.074618414, 0.07343598, 0.070100546, 0.06445523, 0.056127995, 0.04294967, 0.016944027, 0.005973679, 0.022613602, 0.043496408, 0.05461557, 0.05491967, 0.05489379, 0.05491967, 0.053161375, 0.034850504, 0.0118130995 ],