{
  "eccentricity_minmax" : 0.014382622,
  "compactness" : 33.147865,
  "eccentricity" : 7.74838,
  "compactness_standardized" : -0.06489035,
  "convexity_minmax" : 0.032462314,
  "diameter_standardized" : -0.62931454,
  "surface_area_minmax" : 0.020106986,
  "convexity" : 0.06312225,
  "diameter_minmax" : 0.006746774,
  "rectangularity _standardized" : -0.382968,
  "convexity_standardized" : -0.9708273,
  "diameter" : 1.0035788,
  "surface_area" : 0.42624137,
  "rectangularity " : 0.0011023546,
  "compactness_minmax" : 8.304314E-6,
  "surface_area_standardized" : -0.71365607,
  "rectangularity _minmax" : 0.001986462,
  "eccentricity_standardized" : -0.05957184,
  "lightfield_0.0_0.0_0.6_y" : [ 0.012900515, 0.018284807, 0.02943465, 0.039191734, 0.056667343, 0.07905261, 0.07229113, 0.08124679, 0.0989636, 0.11021459, 0.07467204, 0.04422589, 0.036608517, 0.035962716, 0.03549587, 0.020315588, 0.018331492, 0.036678545, 0.06840852, 0.03105305 ],
  "lightfield_0.0_0.0_0.6_x" : [ 0.0, 0.0, 0.004660681, 0.014347739, 0.014736776, 0.034647763, 0.042529684, 0.11633806, 0.18397628, 0.12503695, 0.13347131, 0.14406094, 0.13203187, 0.016705312, 0.010612969, 0.012877173, 0.013896453, 7.002692E-5, 0.0, 0.0 ],
  "lightfield_0.0_0.0_0.8_y" : [ 0.0, 0.009442697, 0.013770052, 0.02058613, 0.030055093, 0.05087762, 0.067891546, 0.09309396, 0.1021755, 0.10182747, 0.090795666, 0.10109202, 0.07438587, 0.048697524, 0.062152382, 0.060602676, 0.035380565, 0.032701414, 0.00447182, 0.0 ],
  "lightfield_0.0_0.0_0.8_x" : [ 0.0017335688, 0.012476442, 0.046399232, 0.043306388, 0.038578473, 0.029969728, 0.036372114, 0.03696967, 0.059368167, 0.075896166, 0.08452462, 0.095024526, 0.061771523, 0.06290097, 0.07497029, 0.07847026, 0.0705707, 0.04836263, 0.030238956, 0.012095583 ],
  "lightfield_0.0_0.0_0.2_y" : [ 0.0, 0.008169528, 0.02450252, 0.063797526, 0.0810342, 0.0899012, 0.078644596, 0.070929945, 0.0775529, 0.09213918, 0.093982935, 0.0631789, 0.059133556, 0.07707377, 0.05306858, 0.036517248, 0.025630606, 0.0043546557, 3.8815872E-4, 0.0 ],
  "lightfield_0.0_0.0_0.2_x" : [ 0.011584112, 0.018765049, 0.047088508, 0.051333994, 0.057756808, 0.059491392, 0.07627925, 0.07712835, 0.074386984, 0.097543076, 0.07272518, 0.06739406, 0.052292258, 0.038803745, 0.026977032, 0.0203844, 0.03232028, 0.048259046, 0.04401356, 0.025472917 ],
  "lightfield_0.0_0.0_0.4_y" : [ 0.013116537, 0.027142055, 0.037395723, 0.048617836, 0.051930953, 0.080856994, 0.091034204, 0.08371137, 0.12639958, 0.08863007, 0.05579625, 0.03806684, 0.035960037, 0.035960037, 0.03142362, 0.019080143, 0.037123878, 0.07059483, 0.025426032, 0.0017330139 ],
  "lightfield_0.0_0.0_0.4_x" : [ 0.0, 0.0, 0.0019199075, 0.014722123, 0.012496389, 0.010185705, 0.00789201, 0.0137621695, 0.08008393, 0.15603071, 0.16885842, 0.170481, 0.16136569, 0.1017636, 0.048473418, 0.036877517, 0.014713628, 3.737873E-4, 0.0, 0.0 ],
  "lightfield_0.0_0.0_0.0_y" : [ 0.0, 0.0, 0.0022417535, 0.014793795, 0.012400812, 0.0100612035, 0.017604882, 0.05595488, 0.26420668, 0.35891187, 0.16949259, 0.03958652, 0.00807743, 0.0078461375, 0.010248017, 0.012142831, 0.0145358145, 0.0018948155, 0.0, 0.0 ],
  "lightfield_0.0_0.0_0.0_x" : [ 0.014046543, 0.02409885, 0.031731486, 0.047174677, 0.04892716, 0.054576024, 0.06123012, 0.19377825, 0.084474966, 0.0721898, 0.061176743, 0.03777177, 0.03611714, 0.035921432, 0.032843467, 0.019615343, 0.017773904, 0.06548233, 0.057440486, 0.0036295056 ],
  "d1" : [ 0.013933, 0.0568409, 0.1089833, 0.1013689, 0.0673629, 0.0691797, 0.0597917, 0.084465, 0.0640247, 0.048381, 0.0418779, 0.0363288, 0.0344675, 0.042567, 0.0411971, 0.0467567, 0.0544817, 0.0204977, 0.0048893, 0.0026052 ],
  "d2" : [ 0.023907999, 0.07532973, 0.117119566, 0.12079761, 0.10659562, 0.090111025, 0.08034701, 0.070450574, 0.06165943, 0.04870235, 0.048504516, 0.046714004, 0.0392918, 0.029431367, 0.016995685, 0.011097749, 0.008308159, 0.0036488408, 8.964574E-4, 9.0515896E-5 ],
  "d3" : [ 0.0046958383, 0.03593374, 0.08377657, 0.12940083, 0.15632053, 0.15294462, 0.13314079, 0.10642293, 0.073840745, 0.046952646, 0.029414568, 0.017585672, 0.011278504, 0.008126781, 0.0055299783, 0.0030633782, 0.0012171004, 2.9220068E-4, 5.604538E-5, 6.5403046E-6 ],
  "d4" : [ 9.15146E-7, 1.0066607E-5, 4.8401056E-5, 1.1957908E-4, 2.6579908E-4, 6.9052854E-4, 0.0018554077, 0.005650315, 0.022197783, 0.20413868, 0.709443, 0.042110648, 0.00904327, 0.0027420826, 0.001025167, 3.9391953E-4, 1.6920033E-4, 6.8330904E-5, 2.3590432E-5, 3.3555355E-6 ],
  "lightfield_0.0_0.8_0.0_y" : [ 0.0, 0.0, 0.013230625, 0.011833273, 0.009719557, 0.010763149, 0.02995463, 0.09726632, 0.29207313, 0.32160324, 0.12797269, 0.030724058, 0.007959601, 0.0067125964, 0.008905909, 0.010816213, 0.012611545, 0.007853473, 0.0, 0.0 ],
  "lightfield_0.0_0.8_0.0_x" : [ 0.0060669845, 0.04491868, 0.078685075, 0.032820087, 0.022331102, 0.024418285, 0.035544038, 0.044193473, 0.048624314, 0.076252975, 0.09202183, 0.113530435, 0.11671428, 0.09238443, 0.067630075, 0.038630594, 0.027416402, 0.010559737, 0.013142185, 0.014115025 ],
  "lightfield_0.8_0.0_0.0_x" : [ 0.009482335, 0.022228485, 0.03831118, 0.05280288, 0.059875995, 0.06984017, 0.07515865, 0.122743055, 0.07522228, 0.07136753, 0.06528538, 0.0460116, 0.03875666, 0.03700202, 0.034265507, 0.024564976, 0.024510428, 0.061530627, 0.06328527, 0.0077549685 ],
  "lightfield_0.8_0.0_0.0_y" : [ 0.0, 0.0, 0.0, 0.0, 0.0, 0.008855028, 0.0122915795, 0.008945943, 0.010027819, 0.049929995, 0.15314472, 0.25549576, 0.38717565, 0.09808717, 0.01604633, 0.0, 0.0, 0.0, 0.0, 0.0 ],
  "lightfield_0.0_0.6_0.0_x" : [ 0.0, 0.0013806894, 0.010069511, 0.024614358, 0.07908017, 0.06551133, 0.05244239, 0.07723529, 0.14341316, 0.14666253, 0.16881308, 0.09980242, 0.026792515, 0.016818225, 0.03936155, 0.03444582, 0.013556941, 0.0, 0.0, 0.0 ],
  "lightfield_0.0_0.6_0.0_y" : [ 0.00987907, 0.008736432, 0.007748524, 0.0067725196, 0.0069391546, 0.020162826, 0.04602695, 0.097933725, 0.26074794, 0.2667587, 0.1345101, 0.06812988, 0.018187013, 0.0038921158, 0.0047014854, 0.0056893923, 0.0067011043, 0.007748524, 0.008914969, 0.009819558 ],
  "lightfield_0.6_0.0_0.0_y" : [ 0.0, 0.0, 0.0, 0.0, 0.0, 0.0, 0.0, 0.012142311, 0.039010663, 0.1281675, 0.34113708, 0.446888, 0.03265445, 0.0, 0.0, 0.0, 0.0, 0.0, 0.0, 0.0 ],
  "lightfield_0.6_0.0_0.0_x" : [ 0.0010795861, 0.013015685, 0.034571014, 0.04888463, 0.06600031, 0.08306748, 0.08049588, 0.08337074, 0.0722231, 0.071895584, 0.06694647, 0.04818108, 0.039774865, 0.03691214, 0.034316283, 0.030956222, 0.032242022, 0.07736629, 0.06682517, 0.011875447 ],
  "lightfield_0.0_0.4_0.0_x" : [ 0.0, 0.0, 0.01868944, 0.09208027, 0.10262862, 0.108047955, 0.13149141, 0.16130984, 0.12901157, 0.07634243, 0.08101177, 0.06036266, 0.02113298, 0.014903165, 0.0018145088, 0.0011733824, 0.0, 0.0, 0.0, 0.0 ],
  "lightfield_0.0_0.4_0.0_y" : [ 0.00816529, 0.007088681, 0.0064596515, 0.005407236, 0.005903202, 0.017818477, 0.04008855, 0.14491877, 0.22980149, 0.24004743, 0.16866465, 0.069955364, 0.016717674, 0.0033145028, 0.0038104686, 0.004717723, 0.005552397, 0.0062782005, 0.0072943256, 0.007995935 ],
  "lightfield_0.0_0.2_0.0_y" : [ 0.0, 0.007416336, 0.011147536, 0.009596708, 0.008068912, 0.016406532, 0.03699723, 0.12839627, 0.29435024, 0.26438546, 0.13573584, 0.032951258, 0.008951809, 0.005788734, 0.0072781434, 0.008951809, 0.01034909, 0.011961337, 0.0012667654, 0.0 ],
  "lightfield_0.0_0.2_0.0_x" : [ 0.02119721, 0.038463604, 0.049519014, 0.055952646, 0.050977714, 0.06802914, 0.1419238, 0.091614015, 0.09304968, 0.09752558, 0.03791851, 0.032175843, 0.032367777, 0.03250597, 0.026794009, 0.060965966, 0.05249783, 0.011446953, 0.0034855243, 0.0015892148 ],
  "a3" : [ 0.1606328, 0.16443251, 0.11924716, 0.09181753, 0.08022509, 0.06945079, 0.040765315, 0.0, 0.0, 0.0, 0.0, 0.0, 0.0, 0.006222144, 0.028401624, 0.042015318, 0.044942457, 0.047770184, 0.049939755, 0.054137323 ],