{
  "eccentricity_minmax" : 0.003203656,
  "compactness" : 84.207756,
  "eccentricity" : 2.5037336,
  "compactness_standardized" : -0.06453314,
  "convexity_minmax" : 0.034559716,
  "diameter_standardized" : -0.51071006,
  "surface_area_minmax" : 0.027201828,
  "convexity" : 0.06713435,
  "diameter_minmax" : 0.02596725,
  "rectangularity _standardized" : -0.39351264,
  "convexity_standardized" : -0.9569099,
  "diameter" : 1.0137742,
  "surface_area" : 0.5710564,
  "rectangularity " : 6.1885663E-4,
  "compactness_minmax" : 2.1275291E-5,
  "surface_area_standardized" : -0.6254577,
  "rectangularity _minmax" : 0.0011151674,
  "eccentricity_standardized" : -0.29658017,
  "lightfield_0.0_0.0_0.6_y" : [ 0.0, 0.008223852, 0.014971848, 0.025081044, 0.037101176, 0.046954446, 0.077102885, 0.085480295, 0.14560655, 0.14070125, 0.1537195, 0.11095376, 0.04015526, 0.026002388, 0.024176762, 0.023144515, 0.02080703, 0.0081897285, 0.0062361374, 0.005391571 ],
  "lightfield_0.0_0.0_0.6_x" : [ 0.0117300805, 0.011832451, 0.01445999, 0.033176932, 0.06986009, 0.091835864, 0.106022865, 0.11557755, 0.112199284, 0.14369561, 0.10042655, 0.07598533, 0.045094695, 0.028459307, 0.011695956, 0.011687425, 0.01164477, 0.0046152533, 0.0, 0.0 ],
  "lightfield_0.0_0.0_0.8_y" : [ 0.010804906, 0.010984134, 0.011060946, 0.011026807, 0.010992669, 0.01896406, 0.08190733, 0.15842928, 0.14208536, 0.08355452, 0.1255793, 0.12834452, 0.07989315, 0.04859647, 0.023069242, 0.0206966, 0.01150475, 0.011095085, 0.010685421, 7.2544784E-4 ],
  "lightfield_0.0_0.0_0.8_x" : [ 0.01872509, 0.01951028, 0.02122575, 0.022881478, 0.027063472, 0.051558007, 0.094658144, 0.09835366, 0.23152882, 0.12904437, 0.11136051, 0.057446934, 0.041854072, 0.027524345, 0.013117804, 0.011427937, 0.011555958, 0.010463518, 6.998438E-4, 0.0 ],
  "lightfield_0.0_0.0_0.2_y" : [ 0.01081677, 0.0110923555, 0.011126804, 0.011161253, 0.011238761, 0.016991628, 0.09168418, 0.15984876, 0.14078163, 0.08323573, 0.12375555, 0.120775774, 0.07521789, 0.050509837, 0.023226773, 0.02097041, 0.0146405315, 0.011342106, 0.010937339, 6.459058E-4 ],
  "lightfield_0.0_0.0_0.2_x" : [ 0.011488511, 0.012539185, 0.023622928, 0.039942816, 0.050070617, 0.093242966, 0.12216232, 0.25569257, 0.09662751, 0.10271625, 0.06261842, 0.030193944, 0.023467911, 0.021952186, 0.02018671, 0.019084364, 0.012754487, 0.0016362948, 0.0, 0.0 ],
  "lightfield_0.0_0.0_0.4_y" : [ 0.0, 0.009542132, 0.014592334, 0.024684148, 0.03710352, 0.043416273, 0.06330788, 0.091530606, 0.14890364, 0.13736892, 0.1548299, 0.11642089, 0.04236844, 0.026032586, 0.024538139, 0.022992158, 0.0215063, 0.009370357, 0.0063127517, 0.005179033 ],
  "lightfield_0.0_0.0_0.4_x" : [ 0.011749448, 0.011723682, 0.020767665, 0.034483943, 0.073425464, 0.091831215, 0.147246, 0.1204662, 0.10113286, 0.11734847, 0.09478575, 0.0808977, 0.043038364, 0.016885538, 0.011732271, 0.0117923925, 0.010693029, 0.0, 0.0, 0.0 ],
  "lightfield_0.0_0.0_0.0_y" : [ 0.0, 0.0, 0.017286684, 0.027577583, 0.027678972, 0.03970192, 0.0707436, 0.0681751, 0.06393369, 0.20373954, 0.17019695, 0.06371402, 0.06794697, 0.0703296, 0.038257137, 0.027805706, 0.027526889, 0.015385656, 0.0, 0.0 ],
  "lightfield_0.0_0.0_0.0_x" : [ 0.0020531104, 0.029647592, 0.0587291, 0.06488843, 0.06745693, 0.06771885, 0.08880759, 0.17604366, 0.16568518, 0.08460843, 0.0505927, 0.048471995, 0.04596264, 0.015444798, 0.008550403, 0.0073083974, 0.0064972923, 0.005669289, 0.004308997, 0.0015546187 ],
  "d1" : [ 0.0413823, 0.1567304, 0.1782956, 0.1100479, 0.0652659, 0.0620571, 0.093917, 0.0462935, 0.0370344, 0.0322643, 0.024198, 0.0205608, 0.0216519, 0.0194714, 0.0219564, 0.0168809, 0.0179795, 0.0179366, 0.011324, 0.0047521 ],
  "d2" : [ 0.04419266, 0.13568172, 0.14373665, 0.13369238, 0.116214104, 0.087221615, 0.069886275, 0.05963867, 0.05136262, 0.04607259, 0.036457103, 0.028718643, 0.018535154, 0.010052465, 0.0067898924, 0.0050688903, 0.0034832116, 0.001987549, 0.0010008757, 2.0693634E-4 ],
  "d3" : [ 0.021025369, 0.14269254, 0.21306069, 0.18784016, 0.14337455, 0.10130368, 0.066739686, 0.045511767, 0.030892877, 0.020297281, 0.013032915, 0.007758411, 0.0036858139, 0.0016757266, 6.929704E-4, 2.4390305E-4, 8.0999154E-5, 4.9404454E-5, 3.1292842E-5, 9.961387E-6 ],
  "d4" : [ 6.1009735E-7, 8.1346315E-7, 3.1521697E-6, 1.0778386E-5, 4.077484E-5, 1.301541E-4, 4.232042E-4, 0.0017009514, 0.008561497, 0.07009164, 0.8617194, 0.04883148, 0.0066346056, 0.0013648894, 3.5446655E-4, 9.436173E-5, 2.5522406E-5, 8.236314E-6, 2.948804E-6, 5.084145E-7 ],
  "lightfield_0.0_0.8_0.0_y" : [ 0.0, 0.0, 0.018460467, 0.02911033, 0.02950086, 0.042493906, 0.06502855, 0.059160043, 0.07021099, 0.20198853, 0.17561191, 0.068849415, 0.058748405, 0.065693505, 0.040309045, 0.02923699, 0.029215878, 0.016381158, 0.0, 0.0 ],
  "lightfield_0.0_0.8_0.0_x" : [ 0.007293415, 0.008739432, 0.010259333, 0.011779235, 0.032656766, 0.06165099, 0.09363224, 0.2047328, 0.19789325, 0.06385696, 0.08210633, 0.0810614, 0.07118204, 0.05323876, 0.01991704, 0.0, 0.0, 0.0, 0.0, 0.0 ],
  "lightfield_0.8_0.0_0.0_x" : [ 0.0025873336, 0.028549582, 0.05520534, 0.06257613, 0.06960905, 0.06262059, 0.08321256, 0.15308835, 0.14216109, 0.081283174, 0.05082199, 0.047194388, 0.04404691, 0.017720124, 0.0112918, 0.009815863, 0.010367117, 0.019249406, 0.029500937, 0.019098256 ],
  "lightfield_0.8_0.0_0.0_y" : [ 0.0, 0.0, 0.0030585662, 0.023108179, 0.02921642, 0.029403135, 0.03712957, 0.06838207, 0.062318288, 0.17637436, 0.30190006, 0.085462034, 0.070676, 0.07233865, 0.028834099, 0.011798597, 0.0, 0.0, 0.0, 0.0 ],
  "lightfield_0.0_0.6_0.0_x" : [ 0.0, 0.0, 0.0, 0.0, 0.011367292, 0.02024665, 0.045297585, 0.40875068, 0.23054156, 0.12446113, 0.09256837, 0.066766754, 0.0, 0.0, 0.0, 0.0, 0.0, 0.0, 0.0, 0.0 ],
  "lightfield_0.0_0.6_0.0_y" : [ 0.0, 0.0, 0.016707774, 0.026230562, 0.02625201, 0.038541555, 0.07169973, 0.06685255, 0.079957105, 0.19215013, 0.16208042, 0.07749062, 0.06629491, 0.07107775, 0.03682574, 0.026466489, 0.026745308, 0.014627346, 0.0, 0.0 ],
  "lightfield_0.6_0.0_0.0_y" : [ 0.0, 0.0, 0.0, 0.0, 0.0, 6.084798E-5, 0.021114249, 0.041279268, 0.071411185, 0.2390717, 0.4799932, 0.11776517, 0.029304385, 0.0, 0.0, 0.0, 0.0, 0.0, 0.0, 0.0 ],
  "lightfield_0.6_0.0_0.0_x" : [ 0.003699557, 0.023426471, 0.04275179, 0.05779341, 0.071703255, 0.076291196, 0.08769411, 0.11132746, 0.09854938, 0.06499781, 0.043469794, 0.040682957, 0.04158351, 0.026322834, 0.02132113, 0.018996738, 0.02134547, 0.041985106, 0.06409726, 0.041960765 ],
  "lightfield_0.0_0.4_0.0_x" : [ 0.0, 0.0, 0.0, 0.0, 0.0, 0.057782575, 0.10632797, 0.3845729, 0.22919752, 0.12756345, 0.06840031, 0.013730264, 0.008785361, 0.0036396496, 0.0, 0.0, 0.0, 0.0, 0.0, 0.0 ],
  "lightfield_0.0_0.4_0.0_y" : [ 0.0, 0.0, 0.012977233, 0.019854916, 0.020356936, 0.029845126, 0.05793318, 0.05286277, 0.06445945, 0.26883206, 0.22048746, 0.06204975, 0.052159943, 0.057305656, 0.028891288, 0.020582845, 0.019980421, 0.01142097, 0.0, 0.0 ],
  "lightfield_0.0_0.2_0.0_y" : [ 0.0, 0.0, 0.016729983, 0.026285436, 0.02675104, 0.0382324, 0.067967534, 0.060263913, 0.06287764, 0.22252674, 0.18450598, 0.06192527, 0.06012635, 0.06754426, 0.036528714, 0.026380673, 0.026539402, 0.014814658, 0.0, 0.0 ],
  "lightfield_0.0_0.2_0.0_x" : [ 0.0, 0.00250791, 0.019661168, 0.04358684, 0.08335362, 0.08502556, 0.1308346, 0.22793409, 0.119236834, 0.09048582, 0.060782425, 0.059142232, 0.041343477, 0.009767093, 0.008264462, 0.0071533634, 0.0056613158, 0.0036295913, 0.0016296124, 0.0 ],
  "a3" : [ 0.15894902, 0.16779655, 0.12976618, 0.10297106, 0.083672635, 0.07033313, 0.040925805, 0.0, 0.0, 0.0, 0.0, 0.0, 0.0, 0.0068128845, 0.025433334, 0.03277729, 0.037176702, 0.042892125, 0.04669063, 0.053802658 ],
  "lightfield_0.4_0.0_0.0_y" : [ 0.0, 0.0, 0.0, 0.0, 0.0, 0.0, 0.019861363, 0.042709306, 0.073927045, 0.24122462, 0.4731331, 0.12090114, 0.028243449, 0.0, 0.0, 0.0, 0.0, 0.0, 0.0, 0.0 ],