{
  "eccentricity_minmax" : 0.005192029,
  "compactness" : 22.995178,
  "eccentricity" : 3.4365847,
  "compactness_standardized" : -0.06494186,
  "convexity_minmax" : 0.045474313,
  "diameter_standardized" : -0.6521514,
  "surface_area_minmax" : 0.017442454,
  "convexity" : 0.08801278,
  "diameter_minmax" : 0.003151686,
  "rectangularity _standardized" : -0.39110148,
  "convexity_standardized" : -0.8821859,
  "diameter" : 1.0016718,
  "surface_area" : 0.37185478,
  "rectangularity " : 7.348064E-4,
  "compactness_minmax" : 5.725181E-6,
  "surface_area_standardized" : -0.7473686,
  "rectangularity _minmax" : 0.0013241164,
  "eccentricity_standardized" : -0.2544002,
  "lightfield_0.0_0.0_0.6_y" : [ 0.01646531, 0.015914768, 0.015955549, 0.03796707, 0.051016975, 0.071366675, 0.07689249, 0.08595606, 0.1640312, 0.060865577, 0.080246724, 0.08036907, 0.070071876, 0.053443443, 0.029494826, 0.026232349, 0.024223888, 0.020726921, 0.01875924, 0.0 ],
  "lightfield_0.0_0.0_0.6_x" : [ 0.0, 0.0, 0.0, 0.0049243, 0.038538, 0.037834533, 0.036631495, 0.038191363, 0.06939899, 0.1192741, 0.14199929, 0.15548758, 0.15342815, 0.109598815, 0.020308916, 0.014212163, 0.014548606, 0.014793292, 0.015231687, 0.015598715 ],
  "lightfield_0.0_0.0_0.8_y" : [ 0.009269483, 0.01634063, 0.015894884, 0.023543475, 0.040360242, 0.039033137, 0.06438999, 0.09382946, 0.12789862, 0.14904115, 0.095035, 0.09068898, 0.06649715, 0.05750119, 0.0418697, 0.03997528, 0.018265441, 0.010566198, 0.0, 0.0 ],
  "lightfield_0.0_0.0_0.8_x" : [ 0.0, 0.0, 5.2679033E-4, 0.021963105, 0.047178127, 0.025782334, 0.028375763, 0.033157397, 0.047644135, 0.13966022, 0.151513, 0.11352331, 0.06599062, 0.08803477, 0.07105591, 0.04168735, 0.035852134, 0.03714885, 0.037999816, 0.012906363 ],
  "lightfield_0.0_0.0_0.2_y" : [ 0.009763508, 0.016296146, 0.015617562, 0.022454044, 0.04198106, 0.04043146, 0.05772016, 0.097432524, 0.12006887, 0.16352864, 0.100086085, 0.088519774, 0.063361526, 0.06470856, 0.053334683, 0.018230617, 0.01632653, 0.010138249, 0.0, 0.0 ],
  "lightfield_0.0_0.0_0.2_x" : [ 0.0, 0.0010533246, 0.035813034, 0.037858915, 0.03627893, 0.03805135, 0.06293614, 0.08110599, 0.06812174, 0.08928951, 0.14341418, 0.15812021, 0.07243632, 0.037656352, 0.030435003, 0.025776068, 0.024044158, 0.04354079, 0.01406796, 0.0 ],
  "lightfield_0.0_0.0_0.4_y" : [ 0.016568815, 0.016193634, 0.016345734, 0.037923727, 0.046867236, 0.070027076, 0.0778856, 0.08808647, 0.16795953, 0.05776777, 0.083046876, 0.08134335, 0.069956094, 0.051947393, 0.028949797, 0.025593445, 0.024538882, 0.034648497, 0.0043500746, 0.0 ],
  "lightfield_0.0_0.0_0.4_x" : [ 0.0, 0.013516665, 0.015301311, 0.01501739, 0.014703049, 0.014043947, 0.013912126, 0.07248096, 0.15535545, 0.14359301, 0.13270262, 0.13021831, 0.072288305, 0.06342591, 0.049067624, 0.036919862, 0.038096108, 0.019357326, 0.0, 0.0 ],
  "lightfield_0.0_0.0_0.0_y" : [ 0.0, 0.010056555, 0.016298905, 0.015884096, 0.024959277, 0.040458918, 0.039204378, 0.03772726, 0.059782885, 0.297842, 0.22524054, 0.04761182, 0.03878957, 0.040327396, 0.042199086, 0.022510901, 0.015499641, 0.015965035, 0.009641748, 0.0 ],
  "lightfield_0.0_0.0_0.0_x" : [ 0.015732339, 0.015256827, 0.014953309, 0.014548618, 0.014336156, 0.038486052, 0.11803806, 0.15291226, 0.12458393, 0.045345556, 0.061401647, 0.077063166, 0.07272286, 0.06131059, 0.052913263, 0.05082911, 0.02340122, 0.0075474754, 0.024827754, 0.013789824 ],
  "d1" : [ 0.0216257, 0.0373616, 0.0798956, 0.1132646, 0.0839164, 0.1068019, 0.0919122, 0.0577706, 0.0521192, 0.0478657, 0.0404903, 0.0275271, 0.0318924, 0.0296273, 0.0383927, 0.08748, 0.0206115, 0.0173409, 0.0079552, 0.0061491 ],
  "d2" : [ 0.030345928, 0.06303117, 0.10227106, 0.11913762, 0.10400786, 0.10099614, 0.09467182, 0.08473438, 0.07479643, 0.06006695, 0.052753765, 0.043527745, 0.025063202, 0.018706786, 0.011128254, 0.00649184, 0.0032283668, 0.0025594495, 0.002140776, 3.4045978E-4 ],
  "d3" : [ 0.012633756, 0.061643478, 0.1181664, 0.16140093, 0.16118883, 0.13865033, 0.112817034, 0.085058875, 0.056830518, 0.038816206, 0.02383267, 0.014208863, 0.0077233952, 0.003791968, 0.0018001937, 8.377627E-4, 3.6826945E-4, 1.4328299E-4, 7.496195E-5, 1.2275648E-5 ],
  "d4" : [ 2.745438E-6, 1.4947385E-5, 4.5045523E-5, 1.2334135E-4, 3.8619162E-4, 0.0012611729, 0.0040336587, 0.013532874, 0.06375761, 0.73269486, 0.1508295, 0.023891006, 0.006513501, 0.0019683775, 6.275868E-4, 2.1739802E-4, 6.578883E-5, 2.8369526E-5, 5.592559E-6, 4.0673157E-7 ],
  "lightfield_0.0_0.8_0.0_y" : [ 0.0, 0.009958804, 0.016335303, 0.01592931, 0.0250403, 0.04014568, 0.039059047, 0.03762613, 0.0632993, 0.29199356, 0.2233208, 0.051883694, 0.03848588, 0.039882977, 0.041936833, 0.023296913, 0.015690489, 0.016096484, 0.010018509, 0.0 ],
  "lightfield_0.0_0.8_0.0_x" : [ 0.0, 0.0, 2.6270226E-4, 0.02986447, 0.013147053, 0.03449758, 0.05809302, 0.061305154, 0.06950863, 0.08423189, 0.0609111, 0.0816407, 0.16614723, 0.17627321, 0.061603677, 0.051620994, 0.02019225, 0.01807869, 0.012621649, 0.0 ],
  "lightfield_0.8_0.0_0.0_x" : [ 0.012414696, 0.012096849, 0.011750958, 0.011629429, 0.011255492, 0.051126484, 0.12269795, 0.12964383, 0.10636627, 0.07284285, 0.0675423, 0.06764513, 0.067196414, 0.06748621, 0.056193326, 0.052080024, 0.028522015, 0.014359166, 0.024745256, 0.012405347 ],
  "lightfield_0.8_0.0_0.0_y" : [ 0.0, 0.0, 0.0, 0.005534262, 0.014920071, 0.014574179, 0.03163504, 0.054136675, 0.17265588, 0.27538562, 0.24619988, 0.034467608, 0.0348135, 0.0374591, 0.0371693, 0.015826868, 0.015209872, 0.010012153, 0.0, 0.0 ],
  "lightfield_0.0_0.6_0.0_x" : [ 0.0, 0.0, 0.0, 0.0, 0.0, 0.0, 2.1910071E-4, 0.046644107, 0.1226964, 0.118411765, 0.29369232, 0.11634248, 0.14898849, 0.13973756, 0.013267766, 0.0, 0.0, 0.0, 0.0, 0.0 ],
  "lightfield_0.0_0.6_0.0_y" : [ 0.0, 0.0093482975, 0.015190983, 0.014533681, 0.023881977, 0.035226528, 0.034910046, 0.033984955, 0.06972272, 0.29610243, 0.24125423, 0.0584512, 0.034958735, 0.03551866, 0.036833264, 0.021374492, 0.014411958, 0.014558026, 0.009737809, 0.0 ],
  "lightfield_0.6_0.0_0.0_y" : [ 0.0, 0.0, 0.0, 0.0, 0.0, 0.0, 0.0, 0.055111658, 0.27591112, 0.35465184, 0.17028615, 0.08682191, 0.042432107, 0.014785222, 0.0, 0.0, 0.0, 0.0, 0.0, 0.0 ],
  "lightfield_0.6_0.0_0.0_x" : [ 0.0068292017, 0.0068292017, 0.0068292017, 0.0063739214, 0.0062942477, 0.047417425, 0.08783492, 0.10532905, 0.11382003, 0.10250632, 0.09556329, 0.0824057, 0.077272415, 0.07015867, 0.053734437, 0.04268251, 0.030059868, 0.023856677, 0.02494935, 0.009253568 ],
  "lightfield_0.0_0.4_0.0_x" : [ 0.0, 0.0, 0.0, 0.0, 0.0, 0.0, 0.025133196, 0.03243936, 0.22586156, 0.13953646, 0.20987794, 0.22123058, 0.10781647, 0.038104445, 0.0, 0.0, 0.0, 0.0, 0.0, 0.0 ],
  "lightfield_0.0_0.4_0.0_y" : [ 0.0, 0.008699953, 0.014072792, 0.013847987, 0.022413056, 0.033855632, 0.03282153, 0.031787425, 0.0740058, 0.28343412, 0.25742418, 0.06928489, 0.032259516, 0.034147877, 0.03475485, 0.020232448, 0.013713104, 0.014140233, 0.009104602, 0.0 ],
  "lightfield_0.0_0.2_0.0_y" : [ 0.0, 0.010007671, 0.01614445, 0.015920222, 0.02527881, 0.039853662, 0.03882693, 0.03732814, 0.06579336, 0.2912728, 0.2244173, 0.051135894, 0.03835487, 0.039912667, 0.041458666, 0.022647075, 0.015896618, 0.015814008, 0.009936862, 0.0 ],
  "lightfield_0.0_0.2_0.0_x" : [ 0.0, 0.011872307, 0.017891072, 0.017430814, 0.016946953, 0.016439488, 0.08654039, 0.1662123, 0.094695225, 0.106980585, 0.09697291, 0.09260636, 0.093314454, 0.08105269, 0.049507286, 0.012426978, 0.017348204, 0.02157314, 1.8882398E-4, 0.0 ],
  "a3" : [ 0.13512038, 0.15721473, 0.13793412, 0.10883097, 0.089571185, 0.07235388, 0.043137334, 0.0, 0.0, 0.0, 0.0, 0.0, 0.0, 0.0063652257, 0.023123499, 0.03241194, 0.03967047, 0.04503986, 0.052312978, 0.056913428 ],
  "lightfield_0.4_0.0_0.0_y" : [ 0.0, 0.0, 0.0, 0.0, 0.0, 0.0, 0.0, 0.059014194, 0.28452826, 0.3525043, 0.16105223, 0.088720314, 0.04070376, 0.013476935, 0.0, 0.0, 0.0, 0.0, 0.0, 0.0 ],