{
  "eccentricity_minmax" : 0.0035080875,
  "compactness" : 158.72281,
  "eccentricity" : 2.6465585,
  "compactness_standardized" : -0.06405208,
  "convexity_minmax" : 0.025052186,
  "diameter_standardized" : -0.47155106,
  "surface_area_minmax" : 0.027387023,
  "convexity" : 0.048947483,
  "diameter_minmax" : 0.032186344,
  "rectangularity _standardized" : -0.39624506,
  "convexity_standardized" : -1.0215747,
  "diameter" : 1.017073,
  "surface_area" : 0.5748365,
  "rectangularity " : 4.638677E-4,
  "compactness_minmax" : 4.0204686E-5,
  "surface_area_standardized" : -0.6227292,
  "rectangularity _minmax" : 8.3586737E-4,
  "eccentricity_standardized" : -0.29020435,
  "lightfield_0.0_0.0_0.6_y" : [ 0.009269739, 0.014850587, 0.024612753, 0.03738132, 0.046676975, 0.07811461, 0.095228635, 0.14581047, 0.1398927, 0.15406944, 0.10354807, 0.03814156, 0.025485301, 0.024379497, 0.02285038, 0.019584805, 0.0072913878, 0.0063410886, 0.004777414, 0.0016932606 ],
  "lightfield_0.0_0.0_0.6_x" : [ 0.0, 0.010721104, 0.011766434, 0.011844185, 0.019196047, 0.046193186, 0.082494624, 0.09535822, 0.1203079, 0.09854604, 0.12635526, 0.14400491, 0.08232184, 0.067039296, 0.03144627, 0.01793474, 0.011757795, 0.011844185, 0.01085069, 1.727817E-5 ],
  "lightfield_0.0_0.0_0.8_y" : [ 0.0076450845, 0.0107555045, 0.010771875, 0.010870099, 0.010747319, 0.011459442, 0.04382418, 0.12977818, 0.1585823, 0.09984448, 0.09912417, 0.1283785, 0.10947041, 0.0632643, 0.034173694, 0.021699272, 0.018809855, 0.0121879345, 0.010976508, 0.0076368996 ],
  "lightfield_0.0_0.0_0.8_x" : [ 0.0024637799, 0.015363838, 0.018629778, 0.019980356, 0.021568306, 0.023639191, 0.032143734, 0.06705411, 0.100744866, 0.09363183, 0.25061798, 0.11787673, 0.08669886, 0.047851354, 0.037930753, 0.021412786, 0.011885079, 0.0111238435, 0.01116477, 0.0082180565 ],
  "lightfield_0.0_0.0_0.2_y" : [ 0.007763899, 0.010702915, 0.010678423, 0.010751898, 0.01073557, 0.011453996, 0.04501592, 0.13001877, 0.15860887, 0.09967344, 0.10041636, 0.1284513, 0.1078537, 0.06313168, 0.033561923, 0.02151196, 0.018613765, 0.0124826515, 0.010841701, 0.0077312435 ],
  "lightfield_0.0_0.0_0.2_x" : [ 0.008319046, 0.011217242, 0.011176422, 0.01150298, 0.02085068, 0.037905134, 0.047718182, 0.08635807, 0.11818108, 0.25169402, 0.090276755, 0.10102049, 0.068266794, 0.033463955, 0.023365173, 0.021756878, 0.020009797, 0.01875255, 0.015544126, 0.002620622 ],
  "lightfield_0.0_0.0_0.4_y" : [ 0.00932934, 0.014921767, 0.02552839, 0.037662573, 0.04780316, 0.078596026, 0.09598605, 0.14529951, 0.14109656, 0.15391254, 0.099861056, 0.038283955, 0.02553702, 0.024173435, 0.023060128, 0.01921965, 0.007059575, 0.0062051765, 0.0047639185, 0.0017001666 ],
  "lightfield_0.0_0.0_0.4_x" : [ 0.0, 0.010399496, 0.011840754, 0.011849384, 0.018166754, 0.03126753, 0.065771416, 0.08028756, 0.14123465, 0.12797853, 0.09884268, 0.122282535, 0.09506261, 0.08221211, 0.047906723, 0.020367477, 0.01170267, 0.011849384, 0.010960464, 1.7260574E-5 ],
  "lightfield_0.0_0.0_0.0_y" : [ 0.0, 0.0, 0.01690994, 0.027829891, 0.027156858, 0.0399613, 0.070399195, 0.06821184, 0.064013794, 0.18531106, 0.18794431, 0.062852815, 0.06777436, 0.07042443, 0.039397635, 0.027745763, 0.027283052, 0.016783746, 0.0, 0.0 ],
  "lightfield_0.0_0.0_0.0_x" : [ 0.002061162, 0.031607285, 0.059521306, 0.06433349, 0.067740716, 0.06760611, 0.090590164, 0.17740294, 0.16257098, 0.083195224, 0.050805535, 0.048399445, 0.045438103, 0.014848778, 0.008547512, 0.0074958988, 0.006318092, 0.0058301436, 0.0041054976, 0.0015816262 ],
  "d1" : [ 0.0413664, 0.1513423, 0.1865636, 0.1109657, 0.0631623, 0.0615449, 0.0892752, 0.0458484, 0.0327035, 0.031947, 0.0217849, 0.0202786, 0.0262528, 0.0229051, 0.0229948, 0.0176224, 0.0188029, 0.0176865, 0.0124296, 0.0045231 ],
  "d2" : [ 0.04265369, 0.13397463, 0.14231019, 0.12836283, 0.1122039, 0.082874455, 0.06960812, 0.06331292, 0.055783797, 0.049786344, 0.03851186, 0.030054078, 0.019323193, 0.010182788, 0.00717496, 0.005229418, 0.0040007024, 0.0026899723, 0.0016412882, 3.2085634E-4 ],
  "d3" : [ 0.020938836, 0.14621495, 0.2177207, 0.19005401, 0.14386296, 0.098579496, 0.06404508, 0.043950647, 0.030118203, 0.019520696, 0.0120774275, 0.006972971, 0.0033174437, 0.0015348586, 6.621807E-4, 2.5044335E-4, 9.12624E-5, 4.9001974E-5, 2.5758738E-5, 1.3080609E-5 ],
  "d4" : [ 2.0336579E-7, 8.1346315E-7, 2.4403894E-6, 8.948095E-6, 2.4200528E-5, 9.161628E-5, 2.7312024E-4, 0.0011111906, 0.0057678604, 0.043781906, 0.8812588, 0.058889646, 0.007031169, 0.0013149632, 3.1582706E-4, 8.399007E-5, 3.0403186E-5, 1.0066607E-5, 2.2370236E-6, 6.1009735E-7 ],
  "lightfield_0.0_0.8_0.0_y" : [ 0.014673519, 0.023270193, 0.023024194, 0.023170464, 0.038222954, 0.053169068, 0.0452705, 0.050476376, 0.067317344, 0.187837, 0.1512496, 0.060303044, 0.049465783, 0.04455245, 0.053634472, 0.03384151, 0.023117276, 0.023270193, 0.023177113, 0.0109569365 ],
  "lightfield_0.0_0.8_0.0_x" : [ 0.0030450711, 0.0051792804, 0.0060170074, 0.0070741386, 0.00808473, 0.008875917, 0.010358561, 0.037691064, 0.04933281, 0.07058182, 0.12735444, 0.1844994, 0.12799272, 0.045855578, 0.063281626, 0.06588789, 0.060861528, 0.05374085, 0.041287974, 0.0229976 ],
  "lightfield_0.8_0.0_0.0_x" : [ 0.0029322915, 0.030997245, 0.05570468, 0.06261461, 0.06995863, 0.062437434, 0.084575795, 0.15333848, 0.13927943, 0.08052728, 0.050947458, 0.046898946, 0.043550286, 0.017336842, 0.01154313, 0.010391474, 0.009851082, 0.018798558, 0.029154597, 0.019161772 ],
  "lightfield_0.8_0.0_0.0_y" : [ 0.0, 0.0, 0.0, 0.0051027187, 0.027427113, 0.029234326, 0.028995136, 0.043895785, 0.06777934, 0.076744534, 0.24579868, 0.23020703, 0.078755505, 0.068408325, 0.06378399, 0.028764805, 0.0051027187, 0.0, 0.0, 0.0 ],
  "lightfield_0.0_0.6_0.0_x" : [ 0.0, 0.0, 0.0, 0.0011572618, 0.010126041, 0.014755088, 0.020566555, 0.068970285, 0.39436212, 0.17035648, 0.1183426, 0.07645475, 0.07020302, 0.05470578, 0.0, 0.0, 0.0, 0.0, 0.0, 0.0 ],
  "lightfield_0.0_0.6_0.0_y" : [ 0.019182872, 0.019761503, 0.019774083, 0.020151451, 0.03829027, 0.05670583, 0.0497371, 0.05431583, 0.07824096, 0.14283378, 0.14752573, 0.07578807, 0.053661726, 0.04961131, 0.056642935, 0.037623588, 0.02003824, 0.020101134, 0.020113714, 0.019899871 ],
  "lightfield_0.6_0.0_0.0_y" : [ 0.0, 0.0, 0.0, 0.0, 0.0, 0.0, 0.0025547757, 0.026411513, 0.048771884, 0.08917383, 0.32094064, 0.4195063, 0.083443835, 0.009197192, 0.0, 0.0, 0.0, 0.0, 0.0, 0.0 ],
  "lightfield_0.6_0.0_0.0_x" : [ 0.004452609, 0.025632916, 0.04349201, 0.05848003, 0.07172836, 0.07648511, 0.08736116, 0.110816434, 0.09776275, 0.06455066, 0.043516345, 0.038759597, 0.040803418, 0.025997883, 0.021265466, 0.019160816, 0.021107312, 0.041910484, 0.06476965, 0.04194698 ],
  "lightfield_0.0_0.4_0.0_x" : [ 0.0, 0.0, 0.0, 0.027637536, 0.06563371, 0.094141714, 0.3402681, 0.18423572, 0.11696263, 0.09924849, 0.044988975, 0.010967966, 0.008095404, 0.005629062, 0.0021906917, 0.0, 0.0, 0.0, 0.0, 0.0 ],
  "lightfield_0.0_0.4_0.0_y" : [ 0.015015668, 0.015059193, 0.014536908, 0.014943129, 0.029712163, 0.045554783, 0.03902623, 0.043233518, 0.06933322, 0.20833333, 0.21880803, 0.06612697, 0.043059424, 0.03918582, 0.046831477, 0.029030293, 0.015741063, 0.015320335, 0.015915157, 0.015233287 ],
  "lightfield_0.0_0.2_0.0_y" : [ 0.0, 0.015976792, 0.023643311, 0.023902483, 0.025992593, 0.058706976, 0.055580173, 0.05171765, 0.06495222, 0.23736112, 0.14811347, 0.054794293, 0.05304696, 0.058924347, 0.047629397, 0.023576427, 0.023718555, 0.023701834, 0.008661411, 0.0 ],
  "lightfield_0.0_0.2_0.0_x" : [ 0.003093361, 0.018075261, 0.034536958, 0.07292808, 0.07534424, 0.08383008, 0.17164809, 0.20069225, 0.07346314, 0.075427845, 0.05403349, 0.05247845, 0.045037664, 0.010291696, 0.007624717, 0.006671627, 0.0060445946, 0.0045480765, 0.003034838, 0.0011955422 ],