{
  "eccentricity_minmax" : 0.0069323475,
  "compactness" : 34.523674,
  "eccentricity" : 4.253061,
  "compactness_standardized" : -0.06488116,
  "convexity_minmax" : 0.09215744,
  "diameter_standardized" : -0.44827497,
  "surface_area_minmax" : 0.06288608,
  "convexity" : 0.17731248,
  "diameter_minmax" : 0.03593965,
  "rectangularity _standardized" : -0.25756517,
  "convexity_standardized" : -0.562012,
  "diameter" : 1.019064,
  "surface_area" : 1.2994188,
  "rectangularity " : 0.0071329083,
  "compactness_minmax" : 8.6538175E-6,
  "surface_area_standardized" : -0.1793497,
  "rectangularity _minmax" : 0.012853909,
  "eccentricity_standardized" : -0.21758096,
  "lightfield_0.0_0.0_0.6_y" : [ 0.038179662, 0.06519507, 0.0772316, 0.0855787, 0.085215606, 0.077110566, 0.07114238, 0.061296973, 0.07663895, 0.07337523, 0.052232016, 0.008639255, 0.018230079, 0.013163386, 0.020913674, 0.060337055, 0.05217776, 0.03766214, 0.01772508, 0.007954792 ],
  "lightfield_0.0_0.0_0.6_x" : [ 0.0, 0.0, 3.3388424E-5, 0.010429709, 0.0073871887, 0.00823442, 0.01615165, 0.04509524, 0.05452747, 0.10877531, 0.1378149, 0.13011052, 0.1375144, 0.10776531, 0.10175957, 0.088541925, 0.045596067, 2.6293384E-4, 0.0, 0.0 ],
  "lightfield_0.0_0.0_0.8_y" : [ 0.0, 0.026211157, 0.06107357, 0.07398131, 0.09035416, 0.1010645, 0.09911682, 0.09521376, 0.078360714, 0.07508768, 0.06595239, 0.0783223, 0.048865, 0.03424392, 0.019941684, 0.01937313, 0.016806949, 0.010564367, 0.00546658, 0.0 ],
  "lightfield_0.0_0.0_0.8_x" : [ 0.007660127, 0.013407143, 0.018773843, 0.023710283, 0.030386964, 0.041443054, 0.046963416, 0.028692823, 0.023698758, 0.05473495, 0.053524848, 0.054285485, 0.08257878, 0.093607984, 0.09391915, 0.08134563, 0.08100757, 0.07568697, 0.059921093, 0.034651127 ],
  "lightfield_0.0_0.0_0.2_y" : [ 4.902787E-4, 0.03650661, 0.064728275, 0.07684352, 0.099124394, 0.102996826, 0.099063106, 0.09472337, 0.07500115, 0.075748056, 0.08281113, 0.065735646, 0.03258438, 0.022905208, 0.023717232, 0.020388698, 0.010805283, 0.007829138, 0.007997671, 0.0 ],
  "lightfield_0.0_0.0_0.2_x" : [ 0.035028115, 0.06030428, 0.076226845, 0.081593096, 0.08096876, 0.0891273, 0.091414, 0.07832585, 0.050330173, 0.052750923, 0.053045858, 0.03446506, 0.03892353, 0.042022247, 0.03090288, 0.03556819, 0.03311296, 0.018833596, 0.00938041, 0.0076759257 ],
  "lightfield_0.0_0.0_0.4_y" : [ 0.036949128, 0.0632312, 0.07483805, 0.08324799, 0.08355322, 0.07629593, 0.07043227, 0.06868923, 0.07495452, 0.07622766, 0.053234857, 0.010739344, 0.015325855, 0.012426152, 0.015992546, 0.040977385, 0.06803459, 0.04034684, 0.018390223, 0.016113032 ],
  "lightfield_0.0_0.0_0.4_x" : [ 0.0, 0.0, 0.0, 0.029354475, 0.0730669, 0.09584684, 0.11668695, 0.11116466, 0.11453426, 0.1250487, 0.14408553, 0.07846469, 0.043065812, 0.028731963, 0.01604074, 0.017020695, 0.006887799, 0.0, 0.0, 0.0 ],
  "lightfield_0.0_0.0_0.0_y" : [ 0.0, 0.0, 0.0, 0.0, 0.009609022, 0.06657269, 0.09694098, 0.11416981, 0.13153428, 0.1760243, 0.13268507, 0.116130255, 0.09025412, 0.04934385, 0.012305138, 0.0044305073, 0.0, 0.0, 0.0, 0.0 ],
  "lightfield_0.0_0.0_0.0_x" : [ 0.03776617, 0.06461225, 0.07692149, 0.08099033, 0.0846194, 0.08398647, 0.061858594, 0.032098573, 0.09662862, 0.09356261, 0.047872495, 0.0059100827, 0.016283553, 0.012847649, 0.012124301, 0.0134066, 0.060473546, 0.08214933, 0.023566352, 0.012321577 ],
  "d1" : [ 0.010503, 0.012825, 0.0153247, 0.1047207, 0.0592536, 0.0769855, 0.0650524, 0.0451378, 0.0476826, 0.0767956, 0.0457176, 0.0386519, 0.0513274, 0.0420223, 0.0323525, 0.0349613, 0.0575411, 0.0495089, 0.1007277, 0.0329084 ],
  "d2" : [ 0.022193696, 0.027989615, 0.045579605, 0.061186746, 0.08831571, 0.10493042, 0.090244144, 0.093527526, 0.09234232, 0.102178045, 0.06871907, 0.052613538, 0.043605857, 0.027466424, 0.017006986, 0.016973881, 0.01845324, 0.013267229, 0.009045889, 0.004360066 ],
  "d3" : [ 0.003264719, 0.018707888, 0.04084571, 0.058571547, 0.07514639, 0.08836062, 0.10368124, 0.111055784, 0.11313852, 0.10217133, 0.08723046, 0.06982782, 0.053966872, 0.036542695, 0.01886757, 0.0093179215, 0.0052824533, 0.002633529, 0.0011805753, 2.0637177E-4 ],
  "d4" : [ 8.337997E-6, 3.8842863E-5, 1.3127261E-4, 3.8914042E-4, 9.937469E-4, 0.0025664761, 0.008027865, 0.0229904, 0.07072127, 0.31851983, 0.4537126, 0.08164902, 0.026396878, 0.009133463, 0.002951651, 0.0011328491, 4.2239073E-4, 1.5771016E-4, 4.707918E-5, 9.15146E-6 ],
  "lightfield_0.0_0.8_0.0_y" : [ 0.0, 0.0, 0.0, 0.027336193, 0.0734626, 0.08450458, 0.09490973, 0.10274697, 0.13947485, 0.124026336, 0.10822175, 0.09694693, 0.0756573, 0.05019054, 0.012682022, 0.009840208, 0.0, 0.0, 0.0, 0.0 ],
  "lightfield_0.0_0.8_0.0_x" : [ 0.014267274, 0.016612627, 0.055716667, 0.09084902, 0.03465643, 0.012219799, 0.011819206, 0.011976704, 0.01704061, 0.008261803, 0.02892487, 0.081878476, 0.09426946, 0.09316013, 0.08343291, 0.082518734, 0.07916677, 0.0756436, 0.06604991, 0.04153499 ],
  "lightfield_0.8_0.0_0.0_x" : [ 0.036196735, 0.062192325, 0.0741934, 0.078094766, 0.08144265, 0.08043919, 0.058673445, 0.030108446, 0.09878954, 0.094456196, 0.051343203, 0.006407776, 0.019542815, 0.013891014, 0.012901048, 0.01370652, 0.06257481, 0.07859425, 0.03178239, 0.014669486 ],
  "lightfield_0.8_0.0_0.0_y" : [ 0.0, 0.0, 0.0, 0.0, 0.0147009855, 0.036952708, 0.07782928, 0.115875445, 0.12873149, 0.17624083, 0.15333213, 0.12611708, 0.105503306, 0.044462945, 0.008954687, 0.011299104, 0.0, 0.0, 0.0, 0.0 ],
  "lightfield_0.0_0.6_0.0_x" : [ 0.0075994707, 0.007592862, 0.011502734, 0.0119939465, 0.015670327, 0.020401824, 0.030772349, 0.05991687, 0.034437716, 0.05663478, 0.06520346, 0.072690584, 0.079699725, 0.08202582, 0.08212054, 0.08215358, 0.08214257, 0.0799266, 0.071525335, 0.04598891 ],
  "lightfield_0.0_0.6_0.0_y" : [ 7.995965E-4, 0.04163849, 0.061712105, 0.061597563, 0.06588851, 0.07080063, 0.0756731, 0.077190794, 0.07748156, 0.08291133, 0.07857412, 0.07849923, 0.06876089, 0.057676677, 0.04988116, 0.034884874, 0.006973891, 0.008518015, 5.374698E-4, 0.0 ],
  "lightfield_0.6_0.0_0.0_y" : [ 0.0, 0.0, 0.0, 0.0, 0.010263036, 0.028191878, 0.05696018, 0.056112103, 0.09397734, 0.22442855, 0.23326045, 0.15099715, 0.095309086, 0.020545948, 0.021148877, 0.008805406, 0.0, 0.0, 0.0, 0.0 ],
  "lightfield_0.6_0.0_0.0_x" : [ 0.029152587, 0.050043065, 0.059703175, 0.06713046, 0.07152985, 0.061717354, 0.047717486, 0.025561519, 0.102126814, 0.11531836, 0.06732923, 0.008672895, 0.021798184, 0.018233618, 0.018220367, 0.021122376, 0.08034188, 0.07526668, 0.041840587, 0.017173525 ],
  "lightfield_0.0_0.4_0.0_x" : [ 0.008062351, 0.015335541, 0.043615937, 0.056196056, 0.061101772, 0.063260354, 0.064865194, 0.06803012, 0.068941966, 0.068922065, 0.069462545, 0.07726626, 0.07155978, 0.067678645, 0.06507078, 0.062441353, 0.04511302, 0.012606644, 0.004819505, 0.005650111 ],
  "lightfield_0.0_0.4_0.0_y" : [ 0.0215626, 0.04838902, 0.054015923, 0.05930627, 0.06180306, 0.063407905, 0.06441756, 0.06579528, 0.0715747, 0.07202731, 0.068567276, 0.07223289, 0.064278305, 0.060198218, 0.056270663, 0.049939156, 0.033736534, 0.0035827141, 0.0063630063, 0.0025316079 ],
  "lightfield_0.0_0.2_0.0_y" : [ 0.0, 0.0, 0.0, 0.00360293, 0.05615482, 0.089413606, 0.1050284, 0.113839395, 0.120687164, 0.12877883, 0.12528585, 0.10221704, 0.087277606, 0.053896315, 0.009238202, 0.004579836, 0.0, 0.0, 0.0, 0.0 ],
  "lightfield_0.0_0.2_0.0_x" : [ 0.0336797, 0.056626, 0.06513545, 0.068923704, 0.07027127, 0.054640774, 0.06810072, 0.079028875, 0.08013143, 0.08010944, 0.07866764, 0.067488186, 0.045273785, 0.030214982, 0.03586282, 0.043960772, 0.018806227, 0.011678896, 0.0043316833, 0.007067648 ],
  "a3" : [ 0.100704394, 0.15656915, 0.15397276, 0.11916405, 0.10209113, 0.09038238, 0.054319244, 0.0, 0.0, 0.0, 0.0, 0.0, 0.0, 0.0019110771, 0.009825651, 0.019451369, 0.030010138, 0.041457985, 0.052367114, 0.06777356 ],