{
  "eccentricity_minmax" : 0.0056319665,
  "compactness" : 5.712486,
  "eccentricity" : 3.6429827,
  "compactness_standardized" : -0.065057255,
  "convexity_minmax" : 0.24557737,
  "diameter_standardized" : -0.59209853,
  "surface_area_minmax" : 0.0451586,
  "convexity" : 0.470788,
  "diameter_minmax" : 0.01283867,
  "rectangularity _standardized" : -0.28209144,
  "convexity_standardized" : 0.48776856,
  "diameter" : 1.0068102,
  "surface_area" : 0.9375776,
  "rectangularity " : 0.00597698,
  "compactness_minmax" : 1.33478E-6,
  "surface_area_standardized" : -0.4011479,
  "rectangularity _minmax" : 0.010770852,
  "eccentricity_standardized" : -0.24506767,
  "lightfield_0.0_0.0_0.6_y" : [ 0.014380353, 0.026219321, 0.032719083, 0.04263804, 0.05713675, 0.06470172, 0.07279273, 0.08035112, 0.08272155, 0.07697138, 0.07047162, 0.06250555, 0.054654546, 0.048634786, 0.04313777, 0.039928988, 0.041063238, 0.04209557, 0.034754165, 0.01212171 ],
  "lightfield_0.0_0.0_0.6_x" : [ 0.0, 0.0, 0.0, 0.008972104, 0.05471701, 0.080144, 0.09369586, 0.11331678, 0.14805451, 0.13210921, 0.10272714, 0.099958904, 0.067976266, 0.05881676, 0.029201256, 0.0103101935, 0.0, 0.0, 0.0, 0.0 ],
  "lightfield_0.0_0.0_0.8_y" : [ 0.0, 0.008086333, 0.023042763, 0.038265448, 0.048725087, 0.06271181, 0.08771042, 0.08796353, 0.09327224, 0.09780847, 0.09532012, 0.087408, 0.084383845, 0.07520618, 0.05349471, 0.03507365, 0.018927278, 0.0026001176, 0.0, 0.0 ],
  "lightfield_0.0_0.0_0.8_x" : [ 0.014019598, 0.03207579, 0.045178276, 0.05176568, 0.06751431, 0.08233925, 0.092355125, 0.09096139, 0.06982187, 0.065630786, 0.06832294, 0.07213272, 0.06648215, 0.0609532, 0.0476239, 0.037870992, 0.027707197, 0.0072448286, 0.0, 0.0 ],
  "lightfield_0.0_0.0_0.2_y" : [ 0.0, 0.007012687, 0.027731841, 0.04003117, 0.058978245, 0.06447201, 0.08182455, 0.0914937, 0.08826189, 0.08048316, 0.07868807, 0.09484388, 0.13764988, 0.09456114, 0.034760967, 0.018141588, 0.0010652184, 0.0, 0.0, 0.0 ],
  "lightfield_0.0_0.0_0.2_x" : [ 6.5754216E-6, 0.010780404, 0.027679238, 0.03915006, 0.050548553, 0.057837408, 0.06973564, 0.08535555, 0.09120439, 0.08730845, 0.07899383, 0.07064962, 0.06295966, 0.056607805, 0.052889403, 0.050075125, 0.046484943, 0.036345642, 0.021550944, 0.0038367587 ],
  "lightfield_0.0_0.0_0.4_y" : [ 0.016019886, 0.028087413, 0.041624743, 0.048010338, 0.05343579, 0.06058424, 0.061767973, 0.06641413, 0.0721421, 0.07759715, 0.08138181, 0.074479975, 0.0650627, 0.0536002, 0.04467286, 0.0414143, 0.040799417, 0.041775998, 0.02987288, 0.0012560749 ],
  "lightfield_0.0_0.0_0.4_x" : [ 0.0, 0.0029790676, 0.012800784, 0.014458014, 0.032588895, 0.045915782, 0.08251294, 0.09570501, 0.0947646, 0.11543065, 0.12525566, 0.13764542, 0.12922774, 0.08142785, 0.026058622, 0.0032289673, 0.0, 0.0, 0.0, 0.0 ],
  "lightfield_0.0_0.0_0.0_y" : [ 0.0, 0.0, 0.0, 0.0, 0.04545619, 0.07467403, 0.15677667, 0.12820336, 0.15261349, 0.14715797, 0.12028807, 0.08489452, 0.029349381, 0.02573209, 0.022634374, 0.012219866, 0.0, 0.0, 0.0, 0.0 ],
  "lightfield_0.0_0.0_0.0_x" : [ 0.009911376, 0.027119815, 0.032660846, 0.042098686, 0.047820583, 0.055482663, 0.07006692, 0.07087917, 0.072641775, 0.07901149, 0.074904226, 0.068261564, 0.060938194, 0.052319176, 0.043858007, 0.039310083, 0.037932225, 0.03895822, 0.040835924, 0.034989066 ],
  "d1" : [ 0.0030565, 0.0070653, 0.0133403, 0.0164444, 0.037585, 0.0684379, 0.0771673, 0.1002534, 0.1066936, 0.0909515, 0.074831, 0.0661087, 0.0619057, 0.0589146, 0.0576795, 0.040179, 0.0317864, 0.0227696, 0.0352938, 0.0295365 ],
  "d2" : [ 0.011255876, 0.03541482, 0.059209898, 0.078575395, 0.09184763, 0.09746091, 0.09783658, 0.09504739, 0.086246446, 0.07717065, 0.06484759, 0.05102496, 0.040469505, 0.033629604, 0.02636033, 0.020497799, 0.014985931, 0.010627866, 0.006042061, 0.0014487545 ],
  "d3" : [ 0.0015825524, 0.013624058, 0.036356144, 0.06487358, 0.09155883, 0.11099622, 0.122423835, 0.12396785, 0.11547662, 0.098862946, 0.07664332, 0.05547597, 0.037560567, 0.023351906, 0.013681311, 0.007608588, 0.0038744765, 0.0016053932, 4.3055328E-4, 4.5279034E-5 ],
  "d4" : [ 2.5420723E-6, 2.4810626E-5, 1.2913728E-4, 4.4018525E-4, 0.0012622915, 0.0032695117, 0.008261329, 0.022707518, 0.06810232, 0.2226286, 0.47023508, 0.13535386, 0.043588102, 0.014895628, 0.0056933267, 0.0022387523, 8.2119106E-4, 2.7362866E-4, 6.456864E-5, 7.6262168E-6 ],
  "lightfield_0.0_0.8_0.0_y" : [ 0.0, 0.0, 0.0, 0.0, 0.035365216, 0.07243838, 0.15094016, 0.13239563, 0.1573141, 0.15218231, 0.12668654, 0.087053455, 0.030125925, 0.02392318, 0.01983446, 0.011740631, 0.0, 0.0, 0.0, 0.0 ],
  "lightfield_0.0_0.8_0.0_x" : [ 0.033653293, 0.049725495, 0.04789015, 0.045931388, 0.04789015, 0.058336884, 0.07411049, 0.08702957, 0.09777887, 0.09724141, 0.08406754, 0.072537914, 0.06483822, 0.05250837, 0.04201386, 0.031431768, 0.013014623, 0.0, 0.0, 0.0 ],
  "lightfield_0.8_0.0_0.0_x" : [ 0.011035298, 0.029835157, 0.035668887, 0.04489016, 0.051074326, 0.05943669, 0.07328578, 0.07144084, 0.068675146, 0.067166895, 0.064981826, 0.062006555, 0.05819986, 0.052764665, 0.045810916, 0.04115905, 0.040571555, 0.041533537, 0.043711737, 0.036751114 ],
  "lightfield_0.8_0.0_0.0_y" : [ 0.0, 0.0, 0.0, 0.0, 0.01479046, 0.070104375, 0.1198388, 0.13635051, 0.16983433, 0.13506216, 0.14912425, 0.13357452, 0.054578688, 0.016741907, 0.0, 0.0, 0.0, 0.0, 0.0, 0.0 ],
  "lightfield_0.0_0.6_0.0_x" : [ 0.0, 0.0, 0.0, 0.0016034206, 0.05600017, 0.08350446, 0.09166925, 0.16494837, 0.18888716, 0.15855579, 0.12298518, 0.086444065, 0.043988578, 0.0014135418, 0.0, 0.0, 0.0, 0.0, 0.0, 0.0 ],
  "lightfield_0.0_0.6_0.0_y" : [ 0.0, 0.0, 0.0, 0.0, 0.026920589, 0.071703844, 0.12116375, 0.13546091, 0.14910406, 0.14375229, 0.12832288, 0.09450336, 0.04683676, 0.034691554, 0.027623843, 0.019916171, 0.0, 0.0, 0.0, 0.0 ],
  "lightfield_0.6_0.0_0.0_y" : [ 0.0, 0.0, 0.0, 0.0, 0.0, 0.0038045766, 0.13798922, 0.20020999, 0.2090179, 0.19247757, 0.18779305, 0.06317297, 0.0055347024, 0.0, 0.0, 0.0, 0.0, 0.0, 0.0, 0.0 ],
  "lightfield_0.6_0.0_0.0_x" : [ 0.014691192, 0.040422034, 0.047159746, 0.058947556, 0.0621485, 0.06136633, 0.058756266, 0.055436295, 0.054156765, 0.053778432, 0.054798655, 0.05643101, 0.05702189, 0.05357864, 0.046777163, 0.043066107, 0.044630446, 0.048060942, 0.05159346, 0.037178576 ],
  "lightfield_0.0_0.4_0.0_x" : [ 0.0, 0.0, 0.0, 0.0, 0.0, 0.03751925, 0.084853575, 0.12634741, 0.16460192, 0.16082156, 0.13473357, 0.10725136, 0.09006978, 0.07360959, 0.020192001, 0.0, 0.0, 0.0, 0.0, 0.0 ],
  "lightfield_0.0_0.4_0.0_y" : [ 0.0, 0.0, 0.0, 0.0, 0.06617372, 0.07428242, 0.14710125, 0.11850922, 0.13186188, 0.12864336, 0.089833945, 0.080448925, 0.053036083, 0.045177087, 0.040557414, 0.024374679, 0.0, 0.0, 0.0, 0.0 ],
  "lightfield_0.0_0.2_0.0_y" : [ 0.0, 0.0, 0.0, 0.0, 0.05239893, 0.073591076, 0.15699926, 0.12704477, 0.14910904, 0.14311963, 0.11042574, 0.081663914, 0.033461668, 0.030193025, 0.027114462, 0.014878479, 0.0, 0.0, 0.0, 0.0 ],
  "lightfield_0.0_0.2_0.0_x" : [ 0.0, 0.0064776544, 0.023775004, 0.04066983, 0.048671857, 0.06550332, 0.07424704, 0.08301684, 0.08481329, 0.08812666, 0.08133593, 0.073087916, 0.06396404, 0.05335679, 0.04560075, 0.043491226, 0.045887735, 0.04588028, 0.032015566, 7.826855E-5 ],
  "a3" : [ 0.10161027, 0.16030106, 0.14209737, 0.11612019, 0.09430405, 0.0804217, 0.048141673, 0.0, 0.0, 0.0, 0.0, 0.0, 0.0, 0.0030801815, 0.01592866, 0.028346987, 0.039572064, 0.048579168, 0.056340095, 0.06515653 ],
  "lightfield_0.4_0.0_0.0_y" : [ 0.0, 0.0, 0.0, 0.0, 0.0, 0.0, 0.09172737, 0.23457564, 0.26934892, 0.19287369, 0.09759444, 0.05731549, 0.04036366, 0.016200801, 0.0, 0.0, 0.0, 0.0, 0.0, 0.0 ],
  "lightfield_0.4_0.0_0.0_x" : [ 0.016037043, 0.026432887, 0.028352816, 0.03314699, 0.031345643, 0.03656333, 0.054830875, 0.057682533, 0.06376983, 0.0789655, 0.07571291, 0.07043876, 0.063860185, 0.054926872, 0.04667683, 0.047998194, 0.05330623, 0.060189735, 0.06530578, 0.034457054 ],