{
  "eccentricity_minmax" : 0.008364984,
  "compactness" : 11.468694,
  "eccentricity" : 4.9251866,
  "compactness_standardized" : -0.06503506,
  "convexity_minmax" : 0.20616822,
  "diameter_standardized" : -0.5588312,
  "surface_area_minmax" : 0.044183,
  "convexity" : 0.3954026,
  "diameter_minmax" : 0.018112306,
  "rectangularity _standardized" : -0.33703715,
  "convexity_standardized" : 0.21877773,
  "diameter" : 1.0096076,
  "surface_area" : 0.9176644,
  "rectangularity " : 0.003311144,
  "compactness_minmax" : 2.797056E-6,
  "surface_area_standardized" : -0.4129492,
  "rectangularity _minmax" : 0.005966843,
  "eccentricity_standardized" : -0.1871969,
  "lightfield_0.0_0.0_0.6_y" : [ 0.032793723, 0.055017505, 0.06703784, 0.0739935, 0.07823551, 0.07865659, 0.07920634, 0.079572834, 0.06846874, 0.051980257, 0.04310244, 0.04463861, 0.046822, 0.041437607, 0.036817398, 0.035218846, 0.032926288, 0.027791424, 0.014979608, 0.011302938 ],
  "lightfield_0.0_0.0_0.6_x" : [ 0.0, 0.0, 0.0, 0.0, 0.01118597, 0.025514461, 0.046225466, 0.08012258, 0.13767049, 0.16239735, 0.15201847, 0.1304536, 0.10559416, 0.07821602, 0.05143051, 0.019170936, 0.0, 0.0, 0.0, 0.0 ],
  "lightfield_0.0_0.0_0.8_y" : [ 0.0, 0.008145796, 0.03179245, 0.050509583, 0.06824144, 0.09033801, 0.09453955, 0.08975751, 0.084984876, 0.07760785, 0.075546294, 0.08028441, 0.08393057, 0.058636554, 0.032909516, 0.02760973, 0.024989646, 0.0184159, 0.0017603203, 0.0 ],
  "lightfield_0.0_0.0_0.8_x" : [ 0.009746087, 0.01658341, 0.02694765, 0.028817793, 0.029865827, 0.031510048, 0.03343667, 0.040255167, 0.061793204, 0.07390835, 0.07224216, 0.07175894, 0.07254967, 0.072656356, 0.0725685, 0.07263753, 0.07030927, 0.06309226, 0.051460344, 0.027860755 ],
  "lightfield_0.0_0.0_0.2_y" : [ 0.0, 0.009904476, 0.040118065, 0.05568553, 0.068732455, 0.081674084, 0.092753276, 0.097067155, 0.09676114, 0.09626756, 0.09454004, 0.081894554, 0.056695722, 0.040430665, 0.035501458, 0.022428209, 0.016297964, 0.01250399, 7.4365834E-4, 0.0 ],
  "lightfield_0.0_0.0_0.2_x" : [ 0.021141615, 0.040585317, 0.05522157, 0.0669128, 0.07619865, 0.08603732, 0.0926414, 0.081845194, 0.065448515, 0.052770127, 0.048522063, 0.052316036, 0.054658886, 0.048729364, 0.043076243, 0.04034182, 0.028068166, 0.01765037, 0.01696594, 0.0108686 ],
  "lightfield_0.0_0.0_0.4_y" : [ 0.038448546, 0.064126424, 0.07187004, 0.07099327, 0.069365494, 0.06793176, 0.06781317, 0.067838326, 0.06932596, 0.07085313, 0.06568234, 0.038470108, 0.039066598, 0.03573559, 0.03219976, 0.029508362, 0.028667524, 0.028369278, 0.026004873, 0.017729452 ],
  "lightfield_0.0_0.0_0.4_x" : [ 0.0, 0.0, 0.0, 0.0, 0.016673015, 0.067604765, 0.09386835, 0.094766684, 0.09696939, 0.11282313, 0.1743911, 0.13974789, 0.0816834, 0.06959187, 0.047345612, 0.0045347726, 0.0, 0.0, 0.0, 0.0 ],
  "lightfield_0.0_0.0_0.0_y" : [ 0.0, 0.0, 0.0, 0.0, 0.0, 0.003062872, 0.06010985, 0.15568808, 0.19067368, 0.13684785, 0.15299323, 0.15032607, 0.107592285, 0.04106781, 0.0016382803, 0.0, 0.0, 0.0, 0.0, 0.0 ],
  "lightfield_0.0_0.0_0.0_x" : [ 0.04282481, 0.065463945, 0.071862735, 0.07390465, 0.0725869, 0.0706637, 0.069595255, 0.07165696, 0.07427267, 0.06409871, 0.04193048, 0.040494017, 0.04153476, 0.037783336, 0.033885494, 0.030980911, 0.030327972, 0.029607762, 0.025393346, 0.0111316005 ],
  "d1" : [ 0.0145161, 0.0189688, 0.0502914, 0.0950378, 0.1453632, 0.1410873, 0.1118473, 0.0707123, 0.0614047, 0.0562369, 0.049231, 0.0464587, 0.0405168, 0.0316567, 0.013218, 0.0124735, 0.0130097, 0.0111302, 0.0112513, 0.0055883 ],
  "d2" : [ 0.010232597, 0.039661966, 0.07589443, 0.10743646, 0.12993571, 0.13754876, 0.124987446, 0.09698853, 0.07191273, 0.054885138, 0.040643536, 0.031849593, 0.0244938, 0.017818028, 0.012829453, 0.00956938, 0.006805195, 0.0041197236, 0.0019661454, 4.21374E-4 ],
  "d3" : [ 6.6801667E-4, 0.0073922547, 0.022907568, 0.046970658, 0.07712317, 0.10537749, 0.12306348, 0.12755224, 0.12088556, 0.10637795, 0.08595318, 0.064666204, 0.045855083, 0.029892815, 0.018115437, 0.009970846, 0.0047684857, 0.001934119, 4.8579372E-4, 3.9644307E-5 ],
  "d4" : [ 7.117803E-7, 1.3218776E-6, 1.4540654E-5, 6.822922E-5, 3.1826744E-4, 0.0012555803, 0.0045218384, 0.015942149, 0.05591329, 0.21402185, 0.51622117, 0.13817301, 0.03835082, 0.010982667, 0.003130308, 8.384771E-4, 2.0133212E-4, 3.6300793E-5, 6.9144367E-6, 1.2201947E-6 ],
  "lightfield_0.0_0.8_0.0_y" : [ 0.0, 0.0, 0.0, 0.0, 0.0076366276, 0.06709449, 0.14286873, 0.17281614, 0.1191624, 0.11818977, 0.1283179, 0.118764184, 0.09009952, 0.0339437, 0.0011065534, 0.0, 0.0, 0.0, 0.0, 0.0 ],
  "lightfield_0.0_0.8_0.0_x" : [ 0.011379174, 0.013927066, 0.015230967, 0.016097885, 0.029940372, 0.034193907, 0.035970032, 0.03726336, 0.044036593, 0.06447612, 0.06998421, 0.07329682, 0.076877266, 0.07507647, 0.07223608, 0.07114715, 0.07347655, 0.07417079, 0.06817285, 0.043046333 ],
  "lightfield_0.8_0.0_0.0_x" : [ 0.03471951, 0.052864794, 0.056341086, 0.056319386, 0.055585936, 0.05598955, 0.07504622, 0.081703685, 0.08491958, 0.07810154, 0.058294058, 0.05115486, 0.046454705, 0.04044823, 0.037080437, 0.033677924, 0.03262766, 0.0313387, 0.026260968, 0.011071184 ],
  "lightfield_0.8_0.0_0.0_y" : [ 0.0, 0.0, 0.0, 0.0, 0.0, 0.0, 0.033725664, 0.070259266, 0.13789287, 0.16716576, 0.14971487, 0.12744664, 0.19639958, 0.11739534, 0.0, 0.0, 0.0, 0.0, 0.0, 0.0 ],
  "lightfield_0.0_0.6_0.0_x" : [ 0.009010661, 0.012929904, 0.014249457, 0.01470873, 0.016155098, 0.039139308, 0.06104217, 0.063316256, 0.0647592, 0.06593137, 0.06733661, 0.06883439, 0.070339024, 0.071934484, 0.073363714, 0.073924094, 0.073055245, 0.06534529, 0.05300318, 0.021621816 ],
  "lightfield_0.0_0.6_0.0_y" : [ 0.0060665156, 0.023313243, 0.05111468, 0.06586968, 0.07464042, 0.0812896, 0.08272397, 0.06878298, 0.0587698, 0.058822926, 0.05933532, 0.060474936, 0.058471616, 0.055123035, 0.052537054, 0.051011857, 0.049445532, 0.034316942, 0.007889898, 0.0 ],
  "lightfield_0.6_0.0_0.0_y" : [ 0.0, 0.0, 0.0, 0.0, 0.0, 0.0, 0.009286594, 0.107902154, 0.14312279, 0.17034802, 0.18176451, 0.16473633, 0.19106765, 0.031771958, 0.0, 0.0, 0.0, 0.0, 0.0, 0.0 ],
  "lightfield_0.6_0.0_0.0_x" : [ 0.019588476, 0.02902957, 0.031120848, 0.038724486, 0.045886695, 0.052447457, 0.06966324, 0.080875576, 0.08589133, 0.087993644, 0.06393017, 0.06676084, 0.069619104, 0.05517329, 0.045345943, 0.04004326, 0.039199024, 0.036522854, 0.030006235, 0.012177963 ],
  "lightfield_0.0_0.4_0.0_x" : [ 0.03270217, 0.059032146, 0.07178838, 0.07847652, 0.08205064, 0.0836422, 0.08019052, 0.07581667, 0.07209247, 0.06801285, 0.059045967, 0.043225076, 0.03873275, 0.03793499, 0.03374281, 0.028997727, 0.018447176, 0.014851338, 0.013737637, 0.007479972 ],
  "lightfield_0.0_0.4_0.0_y" : [ 0.0051380377, 0.023950523, 0.03697531, 0.04648325, 0.053349104, 0.061792705, 0.06795558, 0.063404016, 0.06372984, 0.06662072, 0.069748566, 0.081243, 0.09185082, 0.072682895, 0.06383055, 0.052134696, 0.04906609, 0.028124932, 0.0019193593, 0.0 ],
  "lightfield_0.0_0.2_0.0_y" : [ 0.0, 0.0, 0.0, 0.0, 0.013024706, 0.060527187, 0.12110257, 0.14780615, 0.13094254, 0.12658376, 0.15110105, 0.12589861, 0.08375338, 0.037982702, 0.0012773371, 0.0, 0.0, 0.0, 0.0, 0.0 ],
  "lightfield_0.0_0.2_0.0_x" : [ 0.041639123, 0.06373946, 0.071234785, 0.075132206, 0.07561078, 0.07466397, 0.07359321, 0.07264295, 0.06735457, 0.062413927, 0.04791219, 0.043784086, 0.04322288, 0.043398473, 0.037576433, 0.03032901, 0.02940974, 0.022485953, 0.013919876, 0.009936375 ],
  "a3" : [ 0.087989435, 0.16276936, 0.15761289, 0.1264749, 0.10212082, 0.08434004, 0.048445947, 0.0, 0.0, 0.0, 0.0, 0.0, 0.0, 0.0024413448, 0.013065214, 0.023178438, 0.032953776, 0.04303118, 0.052690104, 0.062886536 ],
  "lightfield_0.4_0.0_0.0_y" : [ 0.0, 0.0, 0.0, 0.0, 0.0, 0.0, 0.058709312, 0.14397283, 0.15220243, 0.17145734, 0.21329714, 0.1797585, 0.06675286, 0.0138495965, 0.0, 0.0, 0.0, 0.0, 0.0, 0.0 ],