{
  "eccentricity_minmax" : 7.159397E-5,
  "compactness" : 28.149189,
  "eccentricity" : 1.034317,
  "compactness_standardized" : -0.06490744,
  "convexity_minmax" : 0.25969517,
  "diameter_standardized" : -0.663403,
  "surface_area_minmax" : 0.06550171,
  "convexity" : 0.49779382,
  "diameter_minmax" : 0.0013367247,
  "rectangularity _standardized" : -0.30120713,
  "convexity_standardized" : 0.5844225,
  "diameter" : 1.000709,
  "surface_area" : 1.3528073,
  "rectangularity " : 0.0050577275,
  "compactness_minmax" : 7.0344777E-6,
  "surface_area_standardized" : -0.14702861,
  "rectangularity _minmax" : 0.0091143,
  "eccentricity_standardized" : -0.36302155,
  "lightfield_0.0_0.0_0.6_y" : [ 0.00878406, 0.02275719, 0.038248118, 0.053584527, 0.06582862, 0.0692867, 0.07586447, 0.07472808, 0.07130912, 0.071133085, 0.06977372, 0.068148345, 0.06819333, 0.06821094, 0.06266589, 0.048800334, 0.034758747, 0.020932311, 0.0069924328, 0.0 ],
  "lightfield_0.0_0.0_0.6_x" : [ 0.018092308, 0.03207326, 0.045927078, 0.060095802, 0.07404546, 0.08124326, 0.081311725, 0.08128825, 0.081253044, 0.08127651, 0.08124522, 0.07609527, 0.06238619, 0.0520413, 0.049938682, 0.028701246, 0.0127878385, 1.9754845E-4, 0.0, 0.0 ],
  "lightfield_0.0_0.0_0.8_y" : [ 0.017665317, 0.038695738, 0.05893895, 0.06473386, 0.064729966, 0.06476309, 0.06668044, 0.06762937, 0.06761378, 0.07069829, 0.072625384, 0.068841346, 0.067754075, 0.067604035, 0.06523463, 0.0460709, 0.02492162, 0.004799214, 0.0, 0.0 ],
  "lightfield_0.0_0.0_0.8_x" : [ 0.011375482, 0.032402005, 0.053463597, 0.07267799, 0.07658868, 0.07714791, 0.077140115, 0.07713427, 0.07717129, 0.07713816, 0.07711868, 0.07711673, 0.074599236, 0.05632598, 0.04682108, 0.028538082, 0.007240715, 0.0, 0.0, 0.0 ],
  "lightfield_0.0_0.0_0.2_y" : [ 0.0, 2.2192503E-4, 0.025024967, 0.027296778, 0.07035607, 0.07507101, 0.07506711, 0.07506906, 0.07509632, 0.07508658, 0.07507101, 0.07505348, 0.075059325, 0.07506906, 0.07507879, 0.075059325, 0.04910383, 0.0022153568, 0.0, 0.0 ],
  "lightfield_0.0_0.0_0.2_x" : [ 0.0, 0.024945151, 0.06275417, 0.063102625, 0.064733975, 0.065787144, 0.06590589, 0.0667021, 0.07065197, 0.06908682, 0.06580077, 0.06578325, 0.065726794, 0.06322527, 0.06301308, 0.06307537, 0.053682495, 0.006023123, 0.0, 0.0 ],
  "lightfield_0.0_0.0_0.4_y" : [ 0.0014282397, 0.015368332, 0.027394269, 0.04192651, 0.055101335, 0.05893555, 0.06605117, 0.077032484, 0.08700066, 0.088082656, 0.08510027, 0.08209625, 0.077329546, 0.06665906, 0.055685613, 0.044651184, 0.033701345, 0.022828229, 0.011807569, 0.001819727 ],
  "lightfield_0.0_0.0_0.4_x" : [ 0.020731118, 0.03172227, 0.04273309, 0.05374195, 0.06464261, 0.073721565, 0.07461471, 0.074724875, 0.07498259, 0.07780759, 0.0781558, 0.08099064, 0.07458717, 0.05851455, 0.04719093, 0.03598928, 0.022969874, 0.0109065585, 0.0012728253, 0.0 ],
  "lightfield_0.0_0.0_0.0_y" : [ 0.0039973534, 0.016979994, 0.02812354, 0.038348515, 0.054213375, 0.060104314, 0.06701113, 0.07317842, 0.082965516, 0.09279348, 0.09264168, 0.082788415, 0.072905965, 0.06308189, 0.05306321, 0.043287795, 0.033350848, 0.023554025, 0.013731901, 0.0038786393 ],
  "lightfield_0.0_0.0_0.0_x" : [ 0.0054297056, 0.016577145, 0.028713219, 0.038819477, 0.0500253, 0.06458625, 0.069764905, 0.07813327, 0.08299276, 0.082482874, 0.08235443, 0.08178227, 0.07424101, 0.064444184, 0.054536432, 0.044687063, 0.03496808, 0.024992216, 0.015156469, 0.005312938 ],
  "d1" : [ 0.01018, 0.0203639, 0.0342852, 0.0559112, 0.0779498, 0.0435383, 0.0447252, 0.0634435, 0.0675435, 0.058891, 0.0626295, 0.1026283, 0.1020898, 0.0924461, 0.0615049, 0.0382548, 0.0305118, 0.0139076, 0.0114537, 0.0077419 ],
  "d2" : [ 0.008897862, 0.03337116, 0.05500196, 0.073779054, 0.087121196, 0.097337395, 0.09620279, 0.09323807, 0.08979487, 0.08276994, 0.07356412, 0.0626676, 0.051519748, 0.040667143, 0.02768266, 0.015347795, 0.0069833263, 0.002984024, 8.919566E-4, 1.7733114E-4 ],
  "d3" : [ 0.0028289333, 0.016513264, 0.043473404, 0.07906111, 0.11129888, 0.12651958, 0.12604043, 0.11459681, 0.0984667, 0.081270225, 0.0647456, 0.049021795, 0.035178587, 0.023466513, 0.0143448, 0.007822204, 0.0037319984, 0.0012830065, 3.023633E-4, 3.3808345E-5 ],
  "d4" : [ 5.084145E-7, 6.9144367E-6, 3.792772E-5, 1.7641982E-4, 6.359248E-4, 0.0019601411, 0.0062507526, 0.021167329, 0.075011976, 0.26905182, 0.46251196, 0.11672769, 0.032699898, 0.0095768, 0.0029107744, 9.33754E-4, 2.6112166E-4, 6.59922E-5, 1.088007E-5, 1.4235605E-6 ],
  "lightfield_0.0_0.8_0.0_y" : [ 0.0039981827, 0.02309443, 0.036634944, 0.045245524, 0.05565702, 0.06995545, 0.07433143, 0.06935746, 0.07804917, 0.08739448, 0.0871882, 0.07798658, 0.06878033, 0.05955786, 0.05051617, 0.04105033, 0.03183017, 0.022355057, 0.013204433, 0.0038127599 ],
  "lightfield_0.0_0.8_0.0_x" : [ 0.0023456006, 0.01602518, 0.031345755, 0.04669414, 0.0616091, 0.07653565, 0.091130756, 0.09603287, 0.09602129, 0.09690204, 0.09937976, 0.08805042, 0.077483624, 0.058252946, 0.03893419, 0.020579632, 0.0026770441, 0.0, 0.0, 0.0 ],
  "lightfield_0.8_0.0_0.0_x" : [ 0.005280872, 0.018267622, 0.03357335, 0.04421405, 0.05169209, 0.06152746, 0.072910324, 0.080774106, 0.081933595, 0.080095105, 0.079892084, 0.079438664, 0.07224937, 0.06261928, 0.053178675, 0.043654606, 0.03391624, 0.024511728, 0.014985405, 0.0052853837 ],
  "lightfield_0.8_0.0_0.0_y" : [ 0.0037446592, 0.017081061, 0.031015255, 0.044843424, 0.05875506, 0.07238246, 0.086253494, 0.100289196, 0.1097704, 0.100361384, 0.092353225, 0.08387135, 0.07353293, 0.056939125, 0.04384635, 0.021281395, 0.0036792406, 0.0, 0.0, 0.0 ],
  "lightfield_0.0_0.6_0.0_x" : [ 0.0, 0.0, 0.0, 0.0, 0.0, 0.0045786966, 0.08090009, 0.17074233, 0.20230402, 0.22072643, 0.1865085, 0.10395989, 0.026337288, 0.003942766, 0.0, 0.0, 0.0, 0.0, 0.0, 0.0 ],
  "lightfield_0.0_0.6_0.0_y" : [ 0.006833802, 0.04334597, 0.056925524, 0.061959155, 0.066493824, 0.07657576, 0.08550324, 0.069438666, 0.06922832, 0.07070074, 0.06987403, 0.06298153, 0.057067383, 0.04992051, 0.04298887, 0.0361942, 0.029810444, 0.022629326, 0.015878685, 0.0056499937 ],
  "lightfield_0.6_0.0_0.0_y" : [ 0.0, 0.0, 0.0, 0.0, 0.0, 0.011980542, 0.079220735, 0.15422182, 0.21870986, 0.21958072, 0.1747379, 0.11788565, 0.023662774, 0.0, 0.0, 0.0, 0.0, 0.0, 0.0, 0.0 ],
  "lightfield_0.6_0.0_0.0_x" : [ 0.008064012, 0.02164196, 0.036884673, 0.0486487, 0.049524385, 0.058897115, 0.07465465, 0.07707001, 0.07663217, 0.07742606, 0.07645415, 0.075520724, 0.06912147, 0.061553042, 0.05357564, 0.044948686, 0.036206257, 0.02710778, 0.018297993, 0.0077705123 ],
  "lightfield_0.0_0.4_0.0_x" : [ 0.0, 0.0, 0.0, 0.0, 0.0, 0.0110821985, 0.093522705, 0.16913073, 0.2153978, 0.22271003, 0.1694263, 0.09513634, 0.023593888, 0.0, 0.0, 0.0, 0.0, 0.0, 0.0, 0.0 ],
  "lightfield_0.0_0.4_0.0_y" : [ 0.0063818344, 0.028187646, 0.041363202, 0.0424438, 0.0513648, 0.06672578, 0.06571787, 0.06879491, 0.07727495, 0.08419951, 0.08471315, 0.07575339, 0.06786453, 0.060290646, 0.05181061, 0.04338872, 0.033517957, 0.025837464, 0.017904995, 0.0064642117 ],
  "lightfield_0.0_0.2_0.0_y" : [ 0.0040174457, 0.021732684, 0.035070606, 0.0429448, 0.05252103, 0.06383552, 0.07031549, 0.07108276, 0.08036702, 0.089859515, 0.089658074, 0.08016559, 0.07055314, 0.061146658, 0.051731125, 0.04222958, 0.032556023, 0.022920944, 0.013473721, 0.0038182712 ],
  "lightfield_0.0_0.2_0.0_x" : [ 0.0, 0.0041192966, 0.017595282, 0.0400794, 0.056033753, 0.06909328, 0.084615335, 0.0961471, 0.10432006, 0.09988616, 0.09785367, 0.08822764, 0.0745389, 0.060963325, 0.047274586, 0.03352021, 0.019679826, 0.0060521974, 0.0, 0.0 ],
  "a3" : [ 0.11482591, 0.16094361, 0.14211911, 0.122178525, 0.10166189, 0.081894375, 0.045833852, 0.0, 0.0, 0.0, 0.0, 0.0, 0.0, 0.0038126959, 0.016817236, 0.028806018, 0.03488558, 0.040338486, 0.047880564, 0.058002137 ],
  "lightfield_0.4_0.0_0.0_y" : [ 0.0, 0.0, 0.0, 0.0, 0.0015156635, 0.027528116, 0.08810156, 0.15942946, 0.19719554, 0.2227253, 0.18577014, 0.10043442, 0.017299803, 0.0, 0.0, 0.0, 0.0, 0.0, 0.0, 0.0 ],