{
  "eccentricity_minmax" : 0.0027773692,
  "compactness" : 20202.77,
  "eccentricity" : 2.3037398,
  "compactness_standardized" : 0.069749534,
  "convexity_minmax" : 0.06843325,
  "diameter_standardized" : 0.8404077,
  "surface_area_minmax" : 0.2598998,
  "convexity" : 0.1319307,
  "diameter_minmax" : 0.24374147,
  "rectangularity _standardized" : -0.3825826,
  "convexity_standardized" : -0.7244845,
  "diameter" : 1.129291,
  "surface_area" : 5.320727,
  "rectangularity " : 0.0011208873,
  "compactness_minmax" : 0.0051320847,
  "surface_area_standardized" : 2.2813306,
  "rectangularity _minmax" : 0.0020198592,
  "eccentricity_standardized" : -0.30570182,
  "lightfield_0.0_0.0_0.6_y" : [ 0.010847153, 0.029380586, 0.047799587, 0.056364607, 0.05651358, 0.05651142, 0.056489833, 0.05651358, 0.056995053, 0.058897194, 0.06443736, 0.06447622, 0.06449781, 0.061734207, 0.057774477, 0.056843918, 0.056440175, 0.047648452, 0.029194906, 0.010639883 ],
  "lightfield_0.0_0.0_0.6_x" : [ 0.0, 0.0, 3.2386006E-4, 0.013338717, 0.03173181, 0.050204787, 0.06869504, 0.08704927, 0.100999, 0.101955466, 0.10199649, 0.10199217, 0.096823364, 0.07913197, 0.063770205, 0.062222157, 0.03296248, 0.0068032206, 0.0, 0.0 ],
  "lightfield_0.0_0.0_0.8_y" : [ 1.972685E-5, 0.007485243, 0.01901449, 0.030515244, 0.041983116, 0.05354963, 0.06510518, 0.0766125, 0.087780096, 0.09193808, 0.09189862, 0.089424, 0.07890082, 0.075623974, 0.06891465, 0.054064717, 0.035177354, 0.021598708, 0.009828354, 5.65503E-4 ],
  "lightfield_0.0_0.0_0.8_x" : [ 0.0071389275, 0.018738315, 0.030263178, 0.041779272, 0.05323838, 0.06411664, 0.06707129, 0.06700991, 0.06698361, 0.06702964, 0.06727732, 0.07119858, 0.0765051, 0.07649414, 0.07204464, 0.05489982, 0.04228998, 0.030133858, 0.01869667, 0.0070907064 ],
  "lightfield_0.0_0.0_0.2_y" : [ 0.0, 0.007211802, 0.018823989, 0.03232362, 0.049694717, 0.066545665, 0.07522134, 0.0771439, 0.087884784, 0.092454165, 0.092456356, 0.08969542, 0.07900501, 0.0674016, 0.055883788, 0.044306714, 0.032646243, 0.021176713, 0.009615005, 5.091717E-4 ],
  "lightfield_0.0_0.0_0.2_x" : [ 0.007222776, 0.018771317, 0.03040106, 0.041881565, 0.05343669, 0.06425, 0.06689243, 0.06693193, 0.06692096, 0.06689462, 0.067063615, 0.07112821, 0.076393306, 0.076349415, 0.07203023, 0.05496201, 0.042458773, 0.030227678, 0.01867475, 0.007108651 ],
  "lightfield_0.0_0.0_0.4_y" : [ 0.010809712, 0.029147308, 0.04742437, 0.056534797, 0.056936916, 0.057881687, 0.061883442, 0.06454047, 0.06455344, 0.064611815, 0.058895636, 0.057081766, 0.056614786, 0.056642894, 0.056636408, 0.056556415, 0.056489393, 0.047236282, 0.028896524, 0.010625947 ],
  "lightfield_0.0_0.0_0.4_x" : [ 0.0, 0.0, 4.12931E-4, 0.013572675, 0.03179785, 0.050254352, 0.068498984, 0.08670903, 0.10102541, 0.10220367, 0.10221448, 0.102197185, 0.0964529, 0.07877686, 0.06372325, 0.062160168, 0.032999888, 0.0070003695, 0.0, 0.0 ],
  "lightfield_0.0_0.0_0.0_y" : [ 0.0, 0.0, 0.0, 0.009968132, 0.019156164, 0.07113772, 0.08736764, 0.08736764, 0.08736764, 0.08736764, 0.08736764, 0.08736764, 0.08736764, 0.08736764, 0.08736764, 0.08741137, 0.02601789, 0.0, 0.0, 0.0 ],
  "lightfield_0.0_0.0_0.0_x" : [ 0.04808106, 0.048364416, 0.04845012, 0.04845012, 0.04843788, 0.048362665, 0.049293187, 0.05057703, 0.055184163, 0.055184163, 0.05524538, 0.055271618, 0.050538547, 0.04938939, 0.04845012, 0.048427384, 0.048362665, 0.048362665, 0.048362665, 0.04720476 ],
  "d1" : [ 0.0049148, 0.0182309, 0.0183444, 0.0329498, 0.0379093, 0.0442501, 0.08233, 0.0895108, 0.0632751, 0.0603693, 0.0730003, 0.0709932, 0.0678212, 0.0595173, 0.0523011, 0.0455965, 0.0618061, 0.0578477, 0.0400547, 0.0189774 ],
  "d2" : [ 0.018403031, 0.038617183, 0.059824705, 0.07253904, 0.083005875, 0.088490136, 0.09457811, 0.09590294, 0.09576832, 0.08616513, 0.06762047, 0.05512028, 0.041213635, 0.030373633, 0.023050347, 0.020268159, 0.0139344465, 0.010783194, 0.00353132, 8.1004226E-4 ],
  "d3" : [ 0.007638774, 0.038041834, 0.06613979, 0.08753031, 0.099786334, 0.10567845, 0.10496283, 0.09943346, 0.09065858, 0.07945494, 0.066850364, 0.05311291, 0.039451018, 0.026663413, 0.017129863, 0.00987737, 0.00499961, 0.0019602801, 5.308715E-4, 9.901015E-5 ],
  "d4" : [ 5.084145E-7, 1.016829E-6, 3.86395E-6, 1.1388484E-5, 3.2945256E-5, 1.0930911E-4, 4.5330235E-4, 0.0019685808, 0.008959992, 0.06767983, 0.86558783, 0.046056654, 0.0070192716, 0.001615131, 3.790738E-4, 8.226146E-5, 2.6844284E-5, 8.948095E-6, 2.4403894E-6, 8.1346315E-7 ],
  "lightfield_0.0_0.8_0.0_y" : [ 0.0, 0.006166088, 0.019586314, 0.030373061, 0.07086243, 0.070879474, 0.07092351, 0.070905045, 0.07095049, 0.07095049, 0.07095049, 0.07095049, 0.070905045, 0.07095049, 0.07092067, 0.07090362, 0.07094197, 0.021880308, 0.0, 0.0 ],
  "lightfield_0.0_0.8_0.0_x" : [ 0.0479239, 0.04822077, 0.04815259, 0.04815259, 0.04835003, 0.049034674, 0.04915541, 0.04928183, 0.054175213, 0.055040255, 0.05503315, 0.054970656, 0.054510433, 0.04920939, 0.0491128, 0.04854747, 0.04815259, 0.04815259, 0.04819236, 0.046631306 ],
  "lightfield_0.8_0.0_0.0_x" : [ 0.04524093, 0.045494903, 0.045494903, 0.045494903, 0.045494903, 0.045494903, 0.057021614, 0.056993615, 0.056993615, 0.056993615, 0.056993615, 0.056993615, 0.056993615, 0.056531668, 0.045494903, 0.045494903, 0.045494903, 0.045494903, 0.04547091, 0.044319037 ],
  "lightfield_0.8_0.0_0.0_y" : [ 0.0, 0.0, 0.0, 0.0, 0.07026013, 0.09988881, 0.09988881, 0.09988881, 0.09988881, 0.09988881, 0.09988881, 0.09988881, 0.09988881, 0.06301894, 0.039795544, 0.027814886, 0.0, 0.0, 0.0, 0.0 ],
  "lightfield_0.0_0.6_0.0_x" : [ 0.0, 0.0, 0.0024032153, 0.09129739, 0.09209501, 0.09226446, 0.09247109, 0.09667414, 0.10311302, 0.103195675, 0.09972414, 0.09226239, 0.091917306, 0.042582165, 0.0, 0.0, 0.0, 0.0, 0.0, 0.0 ],
  "lightfield_0.0_0.6_0.0_y" : [ 0.028855115, 0.015911227, 0.03468441, 0.053273685, 0.054589976, 0.054778017, 0.054625105, 0.05376962, 0.05486274, 0.054922666, 0.054866873, 0.05486274, 0.05486274, 0.053591907, 0.054932997, 0.054922666, 0.05395766, 0.05411057, 0.05343073, 0.05018856 ],
  "lightfield_0.6_0.0_0.0_y" : [ 0.0, 0.0, 0.0, 0.0, 0.0, 0.0, 0.0, 0.20211859, 0.21936952, 0.21936952, 0.18619838, 0.087396465, 0.08554752, 0.0, 0.0, 0.0, 0.0, 0.0, 0.0, 0.0 ],
  "lightfield_0.6_0.0_0.0_x" : [ 0.040224332, 0.040847965, 0.040246293, 0.040184807, 0.040184807, 0.040184807, 0.06469095, 0.06477878, 0.06477878, 0.06477878, 0.06462508, 0.0645592, 0.0645592, 0.06357104, 0.040184807, 0.040184807, 0.040184807, 0.040263858, 0.041045595, 0.0399213 ],
  "lightfield_0.0_0.4_0.0_x" : [ 0.0, 0.0, 0.0016178314, 0.09115993, 0.092388324, 0.09252089, 0.09258511, 0.096794374, 0.1032947, 0.1033672, 0.09983117, 0.092388324, 0.09217288, 0.04187925, 0.0, 0.0, 0.0, 0.0, 0.0, 0.0 ],
  "lightfield_0.0_0.4_0.0_y" : [ 0.028762598, 0.01595045, 0.034517188, 0.05344851, 0.054366175, 0.05455261, 0.054533966, 0.05381309, 0.054790832, 0.05485712, 0.054894406, 0.05485712, 0.05488405, 0.05353551, 0.054894406, 0.054869547, 0.053858664, 0.05438482, 0.054043025, 0.050185915 ],
  "lightfield_0.0_0.2_0.0_y" : [ 0.0, 0.0059995474, 0.01971097, 0.030122994, 0.070937, 0.0709555, 0.0709555, 0.07098397, 0.07101671, 0.0709555, 0.0709555, 0.0709555, 0.07102667, 0.070966884, 0.0709555, 0.0709555, 0.07099962, 0.02154713, 0.0, 0.0 ],
  "lightfield_0.0_0.2_0.0_x" : [ 0.047046985, 0.04818142, 0.048251163, 0.048252586, 0.048457555, 0.049189173, 0.049267456, 0.049320124, 0.054256406, 0.05501364, 0.05501364, 0.05501364, 0.05455247, 0.049311582, 0.049303044, 0.048669636, 0.048252586, 0.048252586, 0.048184264, 0.046210036 ],
  "a3" : [ 0.14998116, 0.1477318, 0.12885024, 0.10766318, 0.088123865, 0.073875055, 0.043281823, 0.0, 0.0, 0.0, 0.0, 0.0, 0.0, 0.013810205, 0.029361641, 0.03348485, 0.03700605, 0.04177051, 0.048105147, 0.05695448 ],
  "lightfield_0.4_0.0_0.0_y" : [ 0.0, 0.0, 0.0, 0.0, 0.0, 0.0, 0.009911776, 0.0860202, 0.0860202, 0.14943741, 0.21591504, 0.21591504, 0.21597987, 0.020800464, 0.0, 0.0, 0.0, 0.0, 0.0, 0.0 ],