{
  "eccentricity_minmax" : 0.007227881,
  "compactness" : 3.4328372,
  "eccentricity" : 4.391711,
  "compactness_standardized" : -0.06507248,
  "convexity_minmax" : 0.24048683,
  "diameter_standardized" : -0.59338164,
  "surface_area_minmax" : 0.036822572,
  "convexity" : 0.46105036,
  "diameter_minmax" : 0.012631689,
  "rectangularity _standardized" : -0.2744105,
  "convexity_standardized" : 0.4529175,
  "diameter" : 1.0067004,
  "surface_area" : 0.7674284,
  "rectangularity " : 0.006346348,
  "compactness_minmax" : 7.556706E-7,
  "surface_area_standardized" : -0.5052787,
  "rectangularity _minmax" : 0.011436477,
  "eccentricity_standardized" : -0.21121302,
  "lightfield_0.0_0.0_0.6_y" : [ 0.012899733, 0.050965376, 0.058981095, 0.065509155, 0.06937065, 0.07313591, 0.08754335, 0.09199431, 0.08585922, 0.07148786, 0.053912625, 0.04813842, 0.043306533, 0.03954929, 0.036265213, 0.032880887, 0.02890711, 0.024147402, 0.019367645, 0.0057782144 ],
  "lightfield_0.0_0.0_0.6_x" : [ 0.0, 0.0, 0.0, 0.010606091, 0.025278185, 0.044794194, 0.092732124, 0.12082924, 0.14217776, 0.1552459, 0.10778916, 0.077574834, 0.06432223, 0.06542495, 0.04372356, 0.02983339, 0.016588809, 0.0030795757, 0.0, 0.0 ],
  "lightfield_0.0_0.0_0.8_y" : [ 0.0, 0.0, 0.0, 0.0031644036, 0.12082452, 0.14890052, 0.1460348, 0.13235603, 0.10626584, 0.08722695, 0.06154846, 0.05030756, 0.03997885, 0.03333118, 0.026639113, 0.020310305, 0.013472933, 0.008823197, 8.153183E-4, 0.0 ],
  "lightfield_0.0_0.0_0.8_x" : [ 0.0, 0.0, 0.0, 0.032083984, 0.08711797, 0.10176545, 0.096877575, 0.08457515, 0.075457305, 0.06704984, 0.061839066, 0.058876473, 0.055312485, 0.05766157, 0.05445277, 0.045371253, 0.040967725, 0.036152504, 0.0273172, 0.017121684 ],
  "lightfield_0.0_0.0_0.2_y" : [ 0.014276315, 0.022954313, 0.034784645, 0.04251008, 0.051809665, 0.059906438, 0.058166802, 0.063878134, 0.069076866, 0.078041434, 0.08873757, 0.12801056, 0.13431926, 0.11609143, 0.032193355, 0.0052431254, 0.0, 0.0, 0.0, 0.0 ],
  "lightfield_0.0_0.0_0.2_x" : [ 0.0, 0.0, 0.0, 0.018264158, 0.078683205, 0.098493256, 0.118194334, 0.11976444, 0.10840232, 0.086557984, 0.06590839, 0.055777326, 0.049726944, 0.043926813, 0.037884507, 0.033654485, 0.029263016, 0.023878621, 0.01890189, 0.012718312 ],
  "lightfield_0.0_0.0_0.4_y" : [ 0.03416937, 0.040684134, 0.045006588, 0.04941193, 0.054911353, 0.062221818, 0.057920083, 0.059391294, 0.06363915, 0.06997157, 0.07736492, 0.08236703, 0.07839269, 0.055309203, 0.05166226, 0.050713226, 0.054094937, 0.012768444, 0.0, 0.0 ],
  "lightfield_0.0_0.0_0.4_x" : [ 0.0, 0.0, 0.0, 0.0, 0.022685641, 0.05439332, 0.09112384, 0.12062678, 0.14443137, 0.15603942, 0.1642782, 0.113407485, 0.049863655, 0.034409735, 0.023957927, 0.014247943, 0.009133934, 0.0014007576, 0.0, 0.0 ],
  "lightfield_0.0_0.0_0.0_y" : [ 0.0, 0.0, 0.0, 0.0, 0.008117208, 0.041640278, 0.08705656, 0.1359442, 0.17476651, 0.15734157, 0.13500622, 0.106285326, 0.06963563, 0.04257025, 0.030721128, 0.01091514, 0.0, 0.0, 0.0, 0.0 ],
  "lightfield_0.0_0.0_0.0_x" : [ 0.01582956, 0.03629294, 0.04246202, 0.048771396, 0.053104583, 0.05612298, 0.061855134, 0.06662124, 0.06535455, 0.0718403, 0.07600112, 0.077512324, 0.06482543, 0.047889527, 0.04350423, 0.04123542, 0.03899066, 0.035266764, 0.031995833, 0.02452399 ],
  "d1" : [ 0.0218846, 0.0383314, 0.0514129, 0.0634831, 0.070222, 0.0767656, 0.0995404, 0.0995101, 0.0785089, 0.0604281, 0.0534867, 0.0417728, 0.0357247, 0.0329636, 0.0308717, 0.0279091, 0.0329772, 0.0354406, 0.0347112, 0.0140553 ],
  "d2" : [ 0.011744462, 0.034250114, 0.058534577, 0.08561844, 0.11415044, 0.1116064, 0.09871253, 0.08468137, 0.07306653, 0.065159746, 0.05649672, 0.049792442, 0.044792265, 0.035563644, 0.025994265, 0.018921623, 0.013988757, 0.009722208, 0.0059355423, 0.0012679227 ],
  "d3" : [ 0.0017269423, 0.014895393, 0.039122995, 0.07098414, 0.10560992, 0.13636425, 0.14846914, 0.14046009, 0.11533837, 0.081860065, 0.055965085, 0.03668115, 0.023253702, 0.013878627, 0.008075263, 0.0042055165, 0.0019860389, 8.256883E-4, 2.6312147E-4, 3.4512683E-5 ],
  "d4" : [ 8.1346315E-7, 1.016829E-6, 4.9824616E-6, 2.7962795E-5, 1.0971584E-4, 6.430426E-4, 0.004038336, 0.020270383, 0.09954704, 0.5636292, 0.25438, 0.045576714, 0.009683872, 0.0017429464, 2.6407046E-4, 6.1009734E-5, 1.2812045E-5, 5.2875102E-6, 7.117803E-7, 1.0168289E-7 ],
  "lightfield_0.0_0.8_0.0_y" : [ 0.0, 0.0, 0.0, 0.0, 0.014945868, 0.067586064, 0.09974219, 0.13043419, 0.16344969, 0.14797637, 0.1275014, 0.10102898, 0.066926755, 0.040959045, 0.029205145, 0.010244308, 0.0, 0.0, 0.0, 0.0 ],
  "lightfield_0.0_0.8_0.0_x" : [ 0.0031919682, 0.011490176, 0.027968371, 0.05279479, 0.05097146, 0.047129273, 0.049648292, 0.05616864, 0.08205905, 0.08782914, 0.090375446, 0.08533741, 0.0724695, 0.06759971, 0.06392576, 0.05836937, 0.04992111, 0.038262695, 0.0044878526, 0.0 ],
  "lightfield_0.8_0.0_0.0_x" : [ 0.014736806, 0.03396021, 0.04172023, 0.047551952, 0.052932464, 0.060194448, 0.07381599, 0.07036804, 0.062424976, 0.06755434, 0.07161526, 0.0728114, 0.060798902, 0.04690493, 0.042448133, 0.03958761, 0.03652702, 0.03265339, 0.03282366, 0.038570248 ],
  "lightfield_0.8_0.0_0.0_y" : [ 0.0, 0.0, 0.0, 0.0077642794, 0.033913385, 0.05663582, 0.104366556, 0.14154485, 0.1700905, 0.18956505, 0.15199088, 0.08997029, 0.041622326, 0.010858923, 0.0016771525, 0.0, 0.0, 0.0, 0.0, 0.0 ],
  "lightfield_0.0_0.6_0.0_x" : [ 0.0, 0.0, 0.0, 0.0, 0.012152303, 0.022456627, 0.03727002, 0.1086611, 0.13998063, 0.17917255, 0.15891871, 0.13359402, 0.124398485, 0.081554964, 0.0018405861, 0.0, 0.0, 0.0, 0.0, 0.0 ],
  "lightfield_0.0_0.6_0.0_y" : [ 0.0, 0.0, 0.0, 0.0, 0.029678525, 0.12507854, 0.13136905, 0.13009764, 0.12928453, 0.12252094, 0.10898635, 0.08919081, 0.06290517, 0.037602656, 0.025154676, 0.008131103, 0.0, 0.0, 0.0, 0.0 ],
  "lightfield_0.6_0.0_0.0_y" : [ 0.0, 0.0, 0.0, 0.0, 0.0, 0.0, 0.055869576, 0.17826974, 0.23298268, 0.25310618, 0.20205161, 0.04879887, 0.026744125, 0.0021772126, 0.0, 0.0, 0.0, 0.0, 0.0, 0.0 ],
  "lightfield_0.6_0.0_0.0_x" : [ 0.013047574, 0.029397603, 0.042089287, 0.049301304, 0.055257235, 0.063306645, 0.077500395, 0.07264353, 0.06145915, 0.060333908, 0.059313342, 0.05773277, 0.056293506, 0.05185534, 0.04571623, 0.040545348, 0.035322133, 0.028795728, 0.03239127, 0.067697704 ],
  "lightfield_0.0_0.4_0.0_x" : [ 0.0, 0.0, 0.0, 0.0, 0.0, 0.0, 0.05131003, 0.120121725, 0.1316856, 0.14600311, 0.18453203, 0.14842278, 0.119290434, 0.05652787, 0.025087211, 0.015334372, 0.0016848511, 0.0, 0.0, 0.0 ],
  "lightfield_0.0_0.4_0.0_y" : [ 0.0, 0.0, 0.0, 0.0, 0.029941365, 0.12469383, 0.13238329, 0.13059452, 0.12939954, 0.122838266, 0.10907742, 0.0896608, 0.0636087, 0.03625028, 0.023558227, 0.007993765, 0.0, 0.0, 0.0, 0.0 ],
  "lightfield_0.0_0.2_0.0_y" : [ 0.0, 0.0, 0.0, 0.0, 0.015240846, 0.06691848, 0.100033715, 0.13003244, 0.16370355, 0.14836246, 0.12762672, 0.10118646, 0.06694581, 0.040792614, 0.028969, 0.0101879025, 0.0, 0.0, 0.0, 0.0 ],
  "lightfield_0.0_0.2_0.0_x" : [ 0.0, 2.4148426E-4, 0.02932439, 0.047987025, 0.056297727, 0.06275401, 0.06659954, 0.07053619, 0.08138931, 0.09036068, 0.08857005, 0.08764967, 0.060940605, 0.051108092, 0.04775921, 0.04677049, 0.056744244, 0.035552863, 0.013924073, 0.0054903496 ],
  "a3" : [ 0.10393852, 0.17121008, 0.14910637, 0.11368418, 0.086237945, 0.07258178, 0.04446401, 0.0, 0.0, 0.0, 0.0, 0.0, 0.0, 0.0021482385, 0.012862968, 0.027242381, 0.040661577, 0.05153971, 0.05975041, 0.06457182 ],
  "lightfield_0.4_0.0_0.0_y" : [ 0.0, 0.0, 0.0, 0.0, 0.0030822277, 0.028722182, 0.053662103, 0.21008776, 0.25210533, 0.2309581, 0.17316894, 0.04821335, 0.0, 0.0, 0.0, 0.0, 0.0, 0.0, 0.0, 0.0 ],
  "lightfield_0.4_0.0_0.0_x" : [ 0.012741615, 0.029479679, 0.041625746, 0.049446244, 0.05550622, 0.06318566, 0.077510186, 0.07239578, 0.061200503, 0.060369868, 0.059403405, 0.05867203, 0.056075644, 0.05175008, 0.046071466, 0.04066451, 0.035027687, 0.028252011, 0.032713406, 0.067908265 ],