{
  "eccentricity_minmax" : 0.016983949,
  "compactness" : 3.2743132,
  "eccentricity" : 8.968801,
  "compactness_standardized" : -0.065073535,
  "convexity_minmax" : 0.3007813,
  "diameter_standardized" : -0.5234063,
  "surface_area_minmax" : 0.026669877,
  "convexity" : 0.57638705,
  "diameter_minmax" : 0.023919238,
  "rectangularity _standardized" : -0.35636657,
  "convexity_standardized" : 0.86570805,
  "diameter" : 1.0126878,
  "surface_area" : 0.5601986,
  "rectangularity " : 0.0024051704,
  "compactness_minmax" : 7.1540006E-7,
  "surface_area_standardized" : -0.63210267,
  "rectangularity _minmax" : 0.00433422,
  "eccentricity_standardized" : -0.0042545404,
  "lightfield_0.0_0.0_0.6_y" : [ 0.0076557565, 0.0464877, 0.05695352, 0.06552752, 0.070290245, 0.07238673, 0.07741497, 0.09046958, 0.09665946, 0.089971736, 0.0638791, 0.056118242, 0.049485836, 0.042571317, 0.036890347, 0.03040176, 0.02266303, 0.014852389, 0.0089667495, 3.5402342E-4 ],
  "lightfield_0.0_0.0_0.6_x" : [ 0.0, 0.0, 0.0, 0.0, 0.01023349, 0.03200593, 0.080330126, 0.17979412, 0.1754186, 0.1534083, 0.13379319, 0.10592491, 0.07041747, 0.043417655, 0.015256197, 0.0, 0.0, 0.0, 0.0, 0.0 ],
  "lightfield_0.0_0.0_0.8_y" : [ 0.0, 0.0, 0.0, 9.2903397E-4, 0.078967884, 0.15410905, 0.16348232, 0.12791912, 0.10198913, 0.09078542, 0.08079278, 0.06989875, 0.053325444, 0.040623117, 0.02446456, 0.012265461, 4.479271E-4, 0.0, 0.0, 0.0 ],
  "lightfield_0.0_0.0_0.8_x" : [ 0.0, 1.54839E-4, 0.018248882, 0.03412541, 0.04779548, 0.07381396, 0.102934755, 0.097902484, 0.09035961, 0.08503426, 0.080997385, 0.07587111, 0.068566024, 0.060746655, 0.05417153, 0.04643511, 0.03533094, 0.020914324, 0.006597247, 0.0 ],
  "lightfield_0.0_0.0_0.2_y" : [ 0.0, 0.00768452, 0.024586037, 0.04119987, 0.056048863, 0.06787162, 0.08140944, 0.09328753, 0.103633136, 0.107859895, 0.11299398, 0.12542531, 0.116213836, 0.061785974, 0.0, 0.0, 0.0, 0.0, 0.0, 0.0 ],
  "lightfield_0.0_0.0_0.2_x" : [ 0.0, 0.0, 0.004448059, 0.06823677, 0.084109254, 0.09025023, 0.100512855, 0.11343104, 0.10953069, 0.082571246, 0.07010672, 0.06443047, 0.05648039, 0.047174875, 0.0392082, 0.03151815, 0.020912517, 0.013073089, 0.004005466, 0.0 ],
  "lightfield_0.0_0.0_0.4_y" : [ 0.026100622, 0.040266655, 0.047956467, 0.053711243, 0.058811687, 0.06435394, 0.06934813, 0.07247438, 0.076870166, 0.08632723, 0.09237283, 0.092087604, 0.059247907, 0.04824728, 0.041150283, 0.031693213, 0.023427363, 0.014244329, 0.0013086663, 0.0 ],
  "lightfield_0.0_0.0_0.4_x" : [ 0.0, 0.0, 0.0, 0.0, 0.0, 0.0387231, 0.13955192, 0.1590421, 0.17621136, 0.17528298, 0.13086663, 0.10163415, 0.058202095, 0.020412957, 7.270368E-5, 0.0, 0.0, 0.0, 0.0, 0.0 ],
  "lightfield_0.0_0.0_0.0_y" : [ 0.0, 0.0, 0.0, 0.0, 0.0, 0.0, 0.029223204, 0.22091924, 0.24200553, 0.204225, 0.14971153, 0.08901378, 0.044811126, 0.020090606, 0.0, 0.0, 0.0, 0.0, 0.0, 0.0 ],
  "lightfield_0.0_0.0_0.0_x" : [ 0.019028548, 0.037913278, 0.047875606, 0.05418158, 0.059641223, 0.063480124, 0.066810116, 0.06994098, 0.078365535, 0.08686753, 0.09170765, 0.07834894, 0.053346314, 0.04678589, 0.041486662, 0.035706185, 0.028293902, 0.02113054, 0.013972707, 0.005116688 ],
  "d1" : [ 0.1088727, 0.0856027, 0.0835995, 0.0879315, 0.0774558, 0.0856301, 0.0761486, 0.0515213, 0.0451809, 0.0380858, 0.036723, 0.0334522, 0.0305164, 0.0255061, 0.0290497, 0.0287605, 0.0322784, 0.0282888, 0.0112218, 0.0041742 ],
  "d2" : [ 0.015014636, 0.046767812, 0.079417445, 0.11761625, 0.13362597, 0.11378558, 0.09388739, 0.07891016, 0.0677672, 0.05797398, 0.047811296, 0.03850226, 0.031850394, 0.02551098, 0.018554458, 0.013602588, 0.00990904, 0.006360517, 0.002767286, 3.6476404E-4 ],
  "d3" : [ 0.0012744538, 0.011724049, 0.03211199, 0.058081325, 0.087646216, 0.11603799, 0.13445206, 0.13814, 0.12873946, 0.106059894, 0.07487411, 0.04846205, 0.029947149, 0.01701244, 0.008652622, 0.004159332, 0.0017310677, 6.801917E-4, 1.9308992E-4, 2.0526495E-5 ],
  "d4" : [ 7.117803E-7, 1.4235605E-6, 8.948095E-6, 3.0301502E-5, 1.3889883E-4, 8.183439E-4, 0.004854443, 0.02942825, 0.17619479, 0.5995826, 0.15756558, 0.026161585, 0.0043153204, 7.33337E-4, 1.2862886E-4, 2.6132504E-5, 7.524534E-6, 2.1353408E-6, 8.1346315E-7, 2.0336579E-7 ],
  "lightfield_0.0_0.8_0.0_y" : [ 0.0, 0.0, 0.0, 0.0, 0.0, 0.0, 0.02954974, 0.22634731, 0.24035466, 0.2015152, 0.14839052, 0.0890793, 0.044992886, 0.019770404, 0.0, 0.0, 0.0, 0.0, 0.0, 0.0 ],
  "lightfield_0.0_0.8_0.0_x" : [ 0.008548648, 0.0119892815, 0.020875376, 0.031759687, 0.042055115, 0.05059053, 0.05886128, 0.0788765, 0.10993483, 0.10369537, 0.091256164, 0.08148344, 0.0776789, 0.07285539, 0.065530814, 0.05511629, 0.03562378, 0.003268601, 0.0, 0.0 ],
  "lightfield_0.8_0.0_0.0_x" : [ 0.017599072, 0.035119325, 0.046165194, 0.05269025, 0.059879635, 0.07285655, 0.072986044, 0.06606689, 0.07129145, 0.07826126, 0.081267625, 0.07061586, 0.050652225, 0.044774607, 0.039206635, 0.03249016, 0.025666721, 0.024180427, 0.03936427, 0.0188658 ],
  "lightfield_0.8_0.0_0.0_y" : [ 0.0, 0.0, 0.0, 0.0, 0.0, 0.031589378, 0.07806984, 0.15172584, 0.22426713, 0.25917253, 0.2170327, 0.03770345, 4.3913233E-4, 0.0, 0.0, 0.0, 0.0, 0.0, 0.0, 0.0 ],
  "lightfield_0.0_0.6_0.0_x" : [ 0.0, 0.0, 0.0, 0.0032285696, 0.016459115, 0.022283718, 0.044646505, 0.09784543, 0.16871582, 0.20897411, 0.16887395, 0.15624958, 0.10990314, 0.0028200566, 0.0, 0.0, 0.0, 0.0, 0.0, 0.0 ],
  "lightfield_0.0_0.6_0.0_y" : [ 0.0, 0.0, 0.0, 0.0, 0.0, 0.0, 0.034315083, 0.23427555, 0.22887264, 0.19217236, 0.14881729, 0.09618501, 0.046241023, 0.019121038, 0.0, 0.0, 0.0, 0.0, 0.0, 0.0 ],
  "lightfield_0.6_0.0_0.0_y" : [ 0.0, 0.0, 0.0, 0.0, 0.0, 0.0, 0.01012547, 0.18006289, 0.2778176, 0.30358976, 0.18857397, 0.037518486, 0.0023118102, 0.0, 0.0, 0.0, 0.0, 0.0, 0.0, 0.0 ],
  "lightfield_0.6_0.0_0.0_x" : [ 0.016311822, 0.031797078, 0.04526757, 0.054508355, 0.062418878, 0.076819256, 0.076296195, 0.06460153, 0.0645757, 0.063432716, 0.06153419, 0.05855725, 0.05244193, 0.045545246, 0.03851295, 0.030641172, 0.02283397, 0.032326598, 0.06914121, 0.03243638 ],
  "lightfield_0.0_0.4_0.0_x" : [ 0.0, 0.0, 0.0, 0.0, 0.0, 0.0020005829, 0.1096081, 0.15783407, 0.17166592, 0.21227378, 0.16932087, 0.098055065, 0.040409125, 0.020562284, 0.015103739, 0.0031664856, 0.0, 0.0, 0.0, 0.0 ],
  "lightfield_0.0_0.4_0.0_y" : [ 0.0, 0.0, 0.0, 0.0, 0.0, 0.0, 0.035189062, 0.23218687, 0.22691381, 0.1904926, 0.14948727, 0.097101144, 0.048795674, 0.019833595, 0.0, 0.0, 0.0, 0.0, 0.0, 0.0 ],
  "lightfield_0.0_0.2_0.0_y" : [ 0.0, 0.0, 0.0, 0.0, 0.0, 0.0, 0.02969144, 0.22712263, 0.23985416, 0.20098464, 0.14804031, 0.0896434, 0.04501029, 0.019653125, 0.0, 0.0, 0.0, 0.0, 0.0, 0.0 ],
  "lightfield_0.0_0.2_0.0_x" : [ 0.0, 0.0031696456, 0.036262333, 0.055346377, 0.06558321, 0.073100366, 0.07778535, 0.08155716, 0.09196604, 0.10414171, 0.110037655, 0.07785153, 0.058602046, 0.05037685, 0.041410524, 0.03168322, 0.019970752, 0.011176474, 0.008006829, 0.0019719298 ],
  "a3" : [ 0.12729828, 0.1857049, 0.14646268, 0.10118455, 0.07679495, 0.06363576, 0.03803137, 0.0, 0.0, 0.0, 0.0, 0.0, 0.0, 0.0037791892, 0.019912511, 0.036163155, 0.046729974, 0.050424743, 0.05084765, 0.0530303 ],
  "lightfield_0.4_0.0_0.0_y" : [ 0.0, 0.0, 0.0, 0.0, 0.0, 0.005922669, 0.04118712, 0.20585154, 0.3045002, 0.2744213, 0.1653692, 0.0027479632, 0.0, 0.0, 0.0, 0.0, 0.0, 0.0, 0.0, 0.0 ],
  "lightfield_0.4_0.0_0.0_x" : [ 0.016326135, 0.032038018, 0.045506272, 0.053776026, 0.062039312, 0.07680719, 0.07680073, 0.065323934, 0.064528644, 0.06350058, 0.061153498, 0.058450796, 0.05232122, 0.045241173, 0.038658995, 0.030770723, 0.023173412, 0.032180265, 0.06892539, 0.03247769 ],
  "lightfield_0.2_0.0_0.0_x" : [ 0.017665477, 0.035376005, 0.04639088, 0.052545924, 0.05981597, 0.07249772, 0.07398439, 0.06571197, 0.07144466, 0.07854013, 0.08140648, 0.070194505, 0.05058622, 0.04451565, 0.039244726, 0.033134736, 0.025842166, 0.02382615, 0.03832119, 0.01895505 ],