{
  "eccentricity_minmax" : 0.02430448,
  "compactness" : 11.1456,
  "eccentricity" : 12.40325,
  "compactness_standardized" : -0.06503722,
  "convexity_minmax" : 0.14996102,
  "diameter_standardized" : -0.5459855,
  "surface_area_minmax" : 0.040191833,
  "convexity" : 0.2878844,
  "diameter_minmax" : 0.02018369,
  "rectangularity _standardized" : -0.2832314,
  "convexity_standardized" : -0.16615078,
  "diameter" : 1.0107063,
  "surface_area" : 0.83619946,
  "rectangularity " : 0.005898633,
  "compactness_minmax" : 2.714979E-6,
  "surface_area_standardized" : -0.46279848,
  "rectangularity _minmax" : 0.010629666,
  "eccentricity_standardized" : 0.15085581,
  "lightfield_0.0_0.0_0.6_y" : [ 0.017303312, 0.03830453, 0.051659323, 0.060553238, 0.08256247, 0.08861055, 0.08802579, 0.07485478, 0.07306709, 0.07659792, 0.06960866, 0.062129304, 0.054649953, 0.039891735, 0.025011, 0.015627, 0.0098963585, 0.043522812, 0.020388614, 0.0077355327 ],
  "lightfield_0.0_0.0_0.6_x" : [ 0.0, 0.0, 0.0, 0.0, 3.8427053E-4, 0.006894593, 0.015654847, 0.032935884, 0.16429514, 0.16534771, 0.15512834, 0.15366922, 0.15422614, 0.11167792, 0.038321238, 0.0014646833, 0.0, 0.0, 0.0, 0.0 ],
  "lightfield_0.0_0.0_0.8_y" : [ 0.0, 0.0103720315, 0.06690428, 0.091225825, 0.09261855, 0.09465647, 0.10588727, 0.10815657, 0.096823424, 0.08217977, 0.06923142, 0.060118627, 0.04620471, 0.036962878, 0.014915079, 0.011350945, 0.008391957, 0.004000196, 0.0, 0.0 ],
  "lightfield_0.0_0.0_0.8_x" : [ 0.0043428154, 0.009437614, 0.013295422, 0.03401724, 0.02327589, 0.021478249, 0.036299884, 0.05081005, 0.062152095, 0.06978762, 0.08630901, 0.09252511, 0.08743921, 0.07570115, 0.07197238, 0.06796328, 0.07469109, 0.055704616, 0.041821845, 0.020975443 ],
  "lightfield_0.0_0.0_0.2_y" : [ 0.0, 2.8870476E-4, 0.04576658, 0.07893555, 0.080750264, 0.09047916, 0.09411775, 0.10425908, 0.115124464, 0.11009275, 0.080993146, 0.06989405, 0.058602486, 0.03611101, 0.014526891, 0.010819555, 0.007327602, 0.0019109506, 0.0, 0.0 ],
  "lightfield_0.0_0.0_0.2_x" : [ 0.021451222, 0.043901455, 0.0589416, 0.085497856, 0.08061737, 0.078908056, 0.0847738, 0.08536954, 0.08356399, 0.072620705, 0.061278734, 0.055623785, 0.04935477, 0.035267808, 0.019751072, 0.019975621, 0.034190893, 0.013908238, 0.010155076, 0.004848407 ],
  "lightfield_0.0_0.0_0.4_y" : [ 0.01702998, 0.037213456, 0.050544143, 0.059547044, 0.07900279, 0.06934383, 0.08360072, 0.092449255, 0.07602571, 0.06948717, 0.07476321, 0.07393073, 0.054662433, 0.038343642, 0.024968851, 0.016715733, 0.010199243, 0.04755053, 0.017564751, 0.007056774 ],
  "lightfield_0.0_0.0_0.4_x" : [ 0.0, 0.0, 0.0, 0.0, 0.0068803546, 0.04035041, 0.12018017, 0.16072354, 0.1491791, 0.14995094, 0.15827021, 0.1427839, 0.037003957, 0.020558367, 0.009846405, 0.004272656, 0.0, 0.0, 0.0, 0.0 ],
  "lightfield_0.0_0.0_0.0_y" : [ 0.0, 0.0, 0.0, 0.0, 0.0, 2.0619706E-4, 0.024080472, 0.11816206, 0.20103098, 0.2555283, 0.20726705, 0.13189366, 0.052362908, 0.009412617, 5.5728935E-5, 0.0, 0.0, 0.0, 0.0, 0.0 ],
  "lightfield_0.0_0.0_0.0_x" : [ 0.015503789, 0.03426215, 0.047871154, 0.05631966, 0.062488854, 0.085922875, 0.09075457, 0.0763152, 0.07238631, 0.067928, 0.068384975, 0.07021846, 0.06365359, 0.045491528, 0.029068213, 0.020881632, 0.013140882, 0.01051605, 0.04144561, 0.027446501 ],
  "d1" : [ 0.0320203, 0.0709697, 0.0836997, 0.0592575, 0.0470662, 0.0563528, 0.0944488, 0.1068612, 0.0511371, 0.0478335, 0.0376664, 0.0420345, 0.0417913, 0.0292616, 0.0484187, 0.0681862, 0.0471893, 0.0210865, 0.0078126, 0.0069061 ],
  "d2" : [ 0.02978653, 0.05495895, 0.06912724, 0.09600416, 0.109903, 0.10128018, 0.09106529, 0.07764894, 0.06218382, 0.054640695, 0.051508646, 0.046607785, 0.042915136, 0.039014053, 0.02642574, 0.017337544, 0.013072096, 0.011073245, 0.004646916, 8.000405E-4 ],
  "d3" : [ 0.009331305, 0.04135032, 0.07471906, 0.1007383, 0.11994909, 0.13128997, 0.13516515, 0.13201706, 0.11160164, 0.07386157, 0.038682982, 0.01845523, 0.007875332, 0.0029981763, 0.00126409, 5.20407E-4, 1.4277989E-4, 2.7268039E-5, 8.7539465E-6, 1.5093011E-6 ],
  "d4" : [ 7.117803E-7, 3.762267E-6, 1.6269263E-5, 6.578883E-5, 1.9065542E-4, 6.362299E-4, 0.0019795625, 0.007004731, 0.03752048, 0.27815416, 0.597134, 0.063235775, 0.010218215, 0.0026643968, 8.1742875E-4, 2.5522406E-4, 7.910929E-5, 1.8404604E-5, 3.86395E-6, 1.2201947E-6 ],
  "lightfield_0.0_0.8_0.0_y" : [ 0.0, 0.0, 0.0, 0.0, 0.019100083, 0.06373078, 0.12649073, 0.17424762, 0.20628001, 0.1752496, 0.12955904, 0.07367048, 0.025307944, 0.006305833, 5.7892532E-5, 0.0, 0.0, 0.0, 0.0, 0.0 ],
  "lightfield_0.0_0.8_0.0_x" : [ 0.027427701, 0.04043571, 0.0102202585, 0.0130659, 0.02074334, 0.029053146, 0.045361027, 0.06357491, 0.06943096, 0.06712862, 0.06702174, 0.07138595, 0.07544288, 0.09789182, 0.083752684, 0.06515136, 0.055158224, 0.047195774, 0.03453512, 0.016022872 ],
  "lightfield_0.8_0.0_0.0_x" : [ 0.016572308, 0.03572923, 0.048504617, 0.05670769, 0.078935385, 0.09755077, 0.085815385, 0.07254769, 0.071796924, 0.06948923, 0.06567384, 0.065735385, 0.06009846, 0.04206769, 0.027267693, 0.019064615, 0.012510769, 0.012018462, 0.037273847, 0.02464 ],
  "lightfield_0.8_0.0_0.0_y" : [ 0.0, 0.0, 0.0, 0.0, 0.0, 2.6461537E-4, 0.005003077, 0.021723077, 0.10448, 0.19902153, 0.27781537, 0.23161846, 0.13946462, 0.0192, 0.0014092308, 0.0, 0.0, 0.0, 0.0, 0.0 ],
  "lightfield_0.0_0.6_0.0_x" : [ 9.201247E-4, 0.0022276703, 0.010799359, 0.06083114, 0.030914979, 0.075813435, 0.12444687, 0.120306306, 0.13496171, 0.14341839, 0.11976755, 0.093998, 0.06053452, 0.0089046275, 0.0033657192, 0.0028027482, 0.002263991, 0.0018281424, 0.0013075456, 5.8718486E-4 ],
  "lightfield_0.0_0.6_0.0_y" : [ 0.0, 0.0, 0.005841581, 0.02520052, 0.064590335, 0.1023215, 0.124598205, 0.14565212, 0.159569, 0.14506492, 0.10990647, 0.07132177, 0.032833923, 0.009134659, 0.0038681559, 9.6855234E-5, 0.0, 0.0, 0.0, 0.0 ],
  "lightfield_0.6_0.0_0.0_y" : [ 0.0, 0.0, 0.0, 3.4444852E-4, 0.0049835104, 0.010450714, 0.015976548, 0.020945402, 0.0874313, 0.24461707, 0.33733237, 0.19895932, 0.042059362, 0.018578233, 0.012216929, 0.005709051, 3.9574935E-4, 0.0, 0.0, 0.0 ],
  "lightfield_0.6_0.0_0.0_x" : [ 0.017508244, 0.036746062, 0.04818615, 0.05564676, 0.13262734, 0.12312202, 0.06963723, 0.07045804, 0.070157565, 0.067592524, 0.062279224, 0.054378893, 0.04471235, 0.03629168, 0.02750458, 0.020710884, 0.01641627, 0.017009893, 0.017222425, 0.011791865 ],
  "lightfield_0.0_0.4_0.0_x" : [ 5.3901173E-4, 0.0012476002, 0.0017926682, 0.0022287227, 0.002798016, 0.0033612528, 0.009229819, 0.060938608, 0.09446029, 0.11981807, 0.14354064, 0.13480139, 0.12034497, 0.12431185, 0.07519516, 0.030566204, 0.061277762, 0.010283617, 0.002295342, 9.690099E-4 ],
  "lightfield_0.0_0.4_0.0_y" : [ 0.0, 0.0, 0.005808003, 0.025230594, 0.064620845, 0.10230927, 0.124663115, 0.1457088, 0.1595838, 0.1450971, 0.10994022, 0.07134335, 0.032855492, 0.008951228, 0.0037973074, 9.0844675E-5, 0.0, 0.0, 0.0, 0.0 ],
  "lightfield_0.0_0.2_0.0_y" : [ 0.0, 0.0, 0.0, 0.0, 0.01903101, 0.06372141, 0.12650862, 0.17443314, 0.20632944, 0.17517605, 0.12953365, 0.073632844, 0.025312401, 0.006263596, 5.7831498E-5, 0.0, 0.0, 0.0, 0.0, 0.0 ],
  "lightfield_0.0_0.2_0.0_x" : [ 0.016348518, 0.03463217, 0.047239434, 0.05516235, 0.06530066, 0.083815634, 0.09756619, 0.075309955, 0.07129289, 0.06691549, 0.067062296, 0.069371104, 0.06333438, 0.04510412, 0.02894244, 0.02065919, 0.013052124, 0.0103607355, 0.040873524, 0.027656801 ],
  "a3" : [ 0.17823356, 0.19295649, 0.12331835, 0.08042582, 0.06301684, 0.05580168, 0.033636585, 0.0, 0.0, 0.0, 0.0, 0.0, 0.0, 0.0057731774, 0.026826618, 0.047483016, 0.052460488, 0.04820084, 0.045663703, 0.046202824 ],
  "lightfield_0.4_0.0_0.0_y" : [ 0.0, 0.0, 0.0, 4.1066558E-4, 0.005771318, 0.012290634, 0.018641284, 0.04326655, 0.20069079, 0.33748645, 0.24317269, 0.08574844, 0.02091461, 0.015942624, 0.010398639, 0.00493532, 3.299991E-4, 0.0, 0.0, 0.0 ],