{
  "eccentricity_minmax" : 0.009823349,
  "compactness" : 591.0455,
  "eccentricity" : 5.609383,
  "compactness_standardized" : -0.061166164,
  "convexity_minmax" : 0.022268662,
  "diameter_standardized" : 0.46379936,
  "surface_area_minmax" : 0.05877308,
  "convexity" : 0.043622907,
  "diameter_minmax" : 0.18301286,
  "rectangularity _standardized" : -0.38940233,
  "convexity_standardized" : -1.0406373,
  "diameter" : 1.097078,
  "surface_area" : 1.2154671,
  "rectangularity " : 7.929309E-4,
  "compactness_minmax" : 1.5002958E-4,
  "surface_area_standardized" : -0.23072064,
  "rectangularity _minmax" : 0.0014288605,
  "eccentricity_standardized" : -0.15626717,
  "lightfield_0.0_0.0_0.6_y" : [ 0.0115220975, 0.03350041, 0.054847416, 0.05905809, 0.05787769, 0.056726657, 0.05699973, 0.056550477, 0.056905773, 0.056941006, 0.056318507, 0.05692339, 0.056808874, 0.056388978, 0.056899898, 0.056729592, 0.058265284, 0.055270243, 0.03416989, 0.011296001 ],
  "lightfield_0.0_0.0_0.6_x" : [ 0.0, 0.0, 0.0, 0.003018531, 0.023584476, 0.0453132, 0.0673385, 0.08971908, 0.11123639, 0.12473463, 0.12466709, 0.121630944, 0.1012265, 0.079964645, 0.058197748, 0.03598453, 0.01332793, 5.5789973E-5, 0.0, 0.0 ],
  "lightfield_0.0_0.0_0.8_y" : [ 0.0, 0.00461447, 0.01769785, 0.031744126, 0.04435606, 0.058156613, 0.070871405, 0.08411194, 0.09136937, 0.09028361, 0.09053219, 0.09092649, 0.08583772, 0.07264291, 0.059870966, 0.04653329, 0.033655632, 0.020303668, 0.006491688, 0.0 ],
  "lightfield_0.0_0.0_0.8_x" : [ 0.0069831363, 0.020757973, 0.034224227, 0.04716189, 0.060368128, 0.0667741, 0.06588264, 0.065854065, 0.06587406, 0.06600264, 0.06595407, 0.06587121, 0.066048354, 0.06673695, 0.06707411, 0.0602967, 0.04715903, 0.034101363, 0.019946512, 0.0069288486 ],
  "lightfield_0.0_0.0_0.2_y" : [ 0.0, 0.0045383014, 0.017499164, 0.0317167, 0.044457644, 0.057946883, 0.07053931, 0.08399999, 0.09175423, 0.09084314, 0.090848856, 0.09120872, 0.08585644, 0.0726728, 0.05956342, 0.046576854, 0.03341321, 0.020218147, 0.006346196, 0.0 ],
  "lightfield_0.0_0.0_0.2_x" : [ 0.0070088054, 0.020129608, 0.034338575, 0.047696434, 0.060717274, 0.06677501, 0.06680357, 0.06617809, 0.06583536, 0.06551548, 0.06550977, 0.065752536, 0.06588106, 0.06579538, 0.066537954, 0.060620166, 0.04731943, 0.034104377, 0.020589437, 0.006891706 ],
  "lightfield_0.0_0.0_0.4_y" : [ 0.011355703, 0.033180453, 0.054813728, 0.058867022, 0.058095247, 0.056787353, 0.056828592, 0.057238046, 0.05673433, 0.05675495, 0.056716654, 0.056669526, 0.0572351, 0.056743167, 0.05663123, 0.056860995, 0.05831912, 0.055037603, 0.03400525, 0.011125938 ],
  "lightfield_0.0_0.0_0.4_x" : [ 0.0, 0.0, 0.0, 0.0032697355, 0.023547987, 0.04535506, 0.06704725, 0.08881014, 0.11128, 0.12484203, 0.12513955, 0.122011214, 0.1013294, 0.07950465, 0.057815403, 0.036388326, 0.013573821, 8.542552E-5, 0.0, 0.0 ],
  "lightfield_0.0_0.0_0.0_y" : [ 0.0, 0.0, 0.0, 0.0, 0.0, 0.066752195, 0.110232934, 0.11032972, 0.11032724, 0.10232938, 0.10460243, 0.1103446, 0.11038927, 0.11028009, 0.06441215, 0.0, 0.0, 0.0, 0.0, 0.0 ],
  "lightfield_0.0_0.0_0.0_x" : [ 0.04928992, 0.04958522, 0.05465491, 0.049592663, 0.04948844, 0.049607553, 0.049595144, 0.049617477, 0.04957281, 0.049550477, 0.049562886, 0.04958274, 0.04958274, 0.0495604, 0.04955296, 0.049493402, 0.04957529, 0.04958522, 0.05453828, 0.04841147 ],
  "d1" : [ 0.0074277, 0.0185275, 0.0258771, 0.0287683, 0.0421767, 0.045389, 0.0566042, 0.061807, 0.0565992, 0.0514268, 0.0481331, 0.0493592, 0.0540716, 0.0605967, 0.0852343, 0.0945157, 0.0791465, 0.0637187, 0.0520895, 0.0185312 ],
  "d2" : [ 0.017465767, 0.04542868, 0.06520235, 0.07645562, 0.08690346, 0.094126426, 0.09202116, 0.082805544, 0.06901452, 0.060302287, 0.05342058, 0.04880697, 0.04349674, 0.040013928, 0.042623285, 0.040298976, 0.026377833, 0.012368572, 0.0027088756, 1.5842782E-4 ],
  "d3" : [ 0.0043038223, 0.029508848, 0.056054737, 0.07395505, 0.08871883, 0.09801693, 0.10028591, 0.09861894, 0.09279364, 0.08403124, 0.07299755, 0.061260216, 0.04903488, 0.03765565, 0.026523652, 0.01583136, 0.0074092597, 0.0025015157, 4.637579E-4, 3.4210825E-5 ],
  "d4" : [ 2.2370236E-6, 9.049778E-6, 4.9316204E-5, 2.3204036E-4, 8.6979545E-4, 0.0028450873, 0.0075360243, 0.018194221, 0.04751377, 0.76292074, 0.109461024, 0.030641632, 0.012322746, 0.004963244, 0.001739896, 5.420715E-4, 1.2140937E-4, 2.8572893E-5, 6.1009737E-6, 1.016829E-6 ],
  "lightfield_0.0_0.8_0.0_y" : [ 0.0, 0.0, 0.0, 0.0, 0.034787126, 0.09755976, 0.11238898, 0.0979343, 0.09747236, 0.09762718, 0.09776201, 0.09763716, 0.111979485, 0.09879823, 0.056053415, 0.0, 0.0, 0.0, 0.0, 0.0 ],
  "lightfield_0.0_0.8_0.0_x" : [ 0.053618915, 0.059109647, 0.056595247, 0.055818703, 0.05564142, 0.05547413, 0.054065865, 0.053975973, 0.054193206, 0.054058373, 0.054338027, 0.05409083, 0.05416574, 0.054018423, 0.05400344, 0.05849041, 0.05691485, 0.04203569, 0.010135009, 0.009256092 ],
  "lightfield_0.8_0.0_0.0_x" : [ 0.048490617, 0.048783317, 0.06210248, 0.04870421, 0.048778042, 0.048783317, 0.04872794, 0.048638288, 0.048725303, 0.048783317, 0.048783317, 0.04870421, 0.04873849, 0.0487464, 0.048783317, 0.048701573, 0.04870685, 0.048783317, 0.061891526, 0.04764416 ],
  "lightfield_0.8_0.0_0.0_y" : [ 0.0, 0.0, 0.0, 0.0, 4.5355302E-4, 0.00972502, 0.009830498, 0.054336704, 0.13136688, 0.13121393, 0.13143808, 0.13158311, 0.13126932, 0.13150136, 0.1313616, 0.0059199217, 0.0, 0.0, 0.0, 0.0 ],
  "lightfield_0.0_0.6_0.0_x" : [ 0.07542151, 0.0856193, 0.081836656, 0.07905752, 0.07900024, 0.079043776, 0.07905065, 0.07902316, 0.07901628, 0.08308761, 0.070763655, 0.014983951, 0.0147388, 0.014239335, 0.014482195, 0.014399714, 0.014424916, 0.013842971, 0.0147640025, 0.013203748 ],
  "lightfield_0.0_0.6_0.0_y" : [ 0.0, 0.034563895, 0.05234302, 0.07181757, 0.11299823, 0.0576905, 0.059184313, 0.05224908, 0.058364093, 0.055546008, 0.052029133, 0.061532717, 0.052359056, 0.10444776, 0.084214844, 0.0522697, 0.038390074, 0.0, 0.0, 0.0 ],
  "lightfield_0.6_0.0_0.0_y" : [ 0.0, 0.0, 0.0, 0.0, 0.0, 0.007335298, 0.02211902, 0.022500074, 0.022375042, 0.023071656, 0.023035932, 0.19176565, 0.29734752, 0.297282, 0.09316781, 0.0, 0.0, 0.0, 0.0, 0.0 ],
  "lightfield_0.6_0.0_0.0_x" : [ 0.043261588, 0.043464024, 0.10895776, 0.043737907, 0.043464024, 0.04353547, 0.043761723, 0.04347593, 0.043464024, 0.04360692, 0.04369623, 0.043464024, 0.043571196, 0.043761723, 0.04362478, 0.043464024, 0.043648597, 0.043761723, 0.10784436, 0.042433985 ],
  "lightfield_0.0_0.4_0.0_x" : [ 0.07668955, 0.08199995, 0.08524172, 0.07924873, 0.07921864, 0.07919551, 0.07919551, 0.07922096, 0.079225585, 0.08264784, 0.07091638, 0.015216199, 0.014748791, 0.01377464, 0.012911556, 0.014045366, 0.014447984, 0.014193456, 0.014012972, 0.013848685 ],
  "lightfield_0.0_0.4_0.0_y" : [ 0.0, 0.031406548, 0.053363137, 0.0727513, 0.11343426, 0.05799556, 0.059006736, 0.05284945, 0.058673535, 0.05717644, 0.053545933, 0.06123039, 0.054068875, 0.10967418, 0.0785291, 0.05263657, 0.03365797, 0.0, 0.0, 0.0 ],
  "lightfield_0.0_0.2_0.0_y" : [ 0.0, 0.0, 0.0, 0.0, 8.0650114E-4, 0.100404054, 0.11500119, 0.10491458, 0.10054025, 0.1006444, 0.10071116, 0.10063372, 0.11763701, 0.1022574, 0.056449737, 0.0, 0.0, 0.0, 0.0, 0.0 ],
  "lightfield_0.0_0.2_0.0_x" : [ 0.056025125, 0.055939667, 0.062236786, 0.057694208, 0.057646137, 0.057576705, 0.056764863, 0.05601177, 0.056022454, 0.056009103, 0.055971712, 0.055966374, 0.055971712, 0.055963702, 0.055995747, 0.05970245, 0.058476675, 0.00996109, 0.010431104, 0.009632614 ],
  "a3" : [ 0.17184187, 0.16977534, 0.121071205, 0.087220095, 0.075087726, 0.07087879, 0.043833524, 0.0, 0.0, 0.0, 0.0, 0.0, 0.0, 0.01435627, 0.029232645, 0.03376407, 0.038514145, 0.041825753, 0.046412416, 0.056186147 ],
  "lightfield_0.4_0.0_0.0_y" : [ 0.0, 0.0, 0.0, 0.0, 0.0, 0.007152226, 0.021139063, 0.022680085, 0.02272714, 0.02286242, 0.022538923, 0.19873306, 0.29378238, 0.29365298, 0.0947317, 0.0, 0.0, 0.0, 0.0, 0.0 ],