{
  "eccentricity_minmax" : 7.485634E-4,
  "compactness" : 722.8298,
  "eccentricity" : 1.3519193,
  "compactness_standardized" : -0.060269035,
  "convexity_minmax" : 0.02935468,
  "diameter_standardized" : 5.5276475,
  "surface_area_minmax" : 0.2428519,
  "convexity" : 0.057177685,
  "diameter_minmax" : 1.0,
  "rectangularity _standardized" : 0.19951503,
  "convexity_standardized" : -0.99254483,
  "diameter" : 1.5304434,
  "surface_area" : 4.972757,
  "rectangularity " : 0.029136907,
  "compactness_minmax" : 1.8350733E-4,
  "surface_area_standardized" : 2.0683694,
  "rectangularity _minmax" : 0.052506536,
  "eccentricity_standardized" : -0.3486608,
  "lightfield_0.0_0.0_0.6_y" : [ 0.014948586, 0.0533788, 0.094536014, 0.10057325, 0.10038935, 0.08711689, 0.037421383, 0.02497386, 0.021122431, 0.017108118, 0.0136980545, 0.013309234, 0.013277708, 0.0133355055, 0.013624494, 0.039943464, 0.082571894, 0.100026794, 0.09754675, 0.06109742 ],
  "lightfield_0.0_0.0_0.6_x" : [ 0.06981962, 0.07522633, 0.057855494, 0.053368293, 0.053315748, 0.05345236, 0.0534366, 0.053373545, 0.053441852, 0.053310495, 0.051713176, 0.04765683, 0.053163372, 0.06997199, 0.07011386, 0.07006132, 0.048618373, 0.011990395, 1.1034106E-4, 0.0 ],
  "lightfield_0.0_0.0_0.8_y" : [ 0.047566663, 0.059263766, 0.059310578, 0.059099928, 0.0591877, 0.056601346, 0.040480524, 0.035582837, 0.03558869, 0.035612095, 0.035647202, 0.037554786, 0.041873176, 0.04629689, 0.056572087, 0.058941934, 0.058936086, 0.058824908, 0.058871716, 0.058187094 ],
  "lightfield_0.0_0.0_0.8_x" : [ 0.06475831, 0.064635426, 0.06478171, 0.064711496, 0.055571485, 0.036127023, 0.02442992, 0.03159798, 0.045027122, 0.062253874, 0.06517376, 0.064927995, 0.065027475, 0.06499822, 0.065080136, 0.065085985, 0.057830155, 0.029175468, 0.0088064745, 0.0 ],
  "lightfield_0.0_0.0_0.2_y" : [ 0.043625712, 0.05470816, 0.05468666, 0.054681286, 0.05452005, 0.054627538, 0.05467591, 0.05438031, 0.05822853, 0.05372998, 0.03737504, 0.031898312, 0.031726323, 0.037428785, 0.05280017, 0.0544448, 0.05429969, 0.05438568, 0.054391056, 0.053386003 ],
  "lightfield_0.0_0.0_0.2_x" : [ 0.061464045, 0.061490916, 0.06142642, 0.061394174, 0.061415672, 0.058094162, 0.04056756, 0.03041492, 0.026598947, 0.025045684, 0.043249488, 0.05946469, 0.061329678, 0.061130818, 0.06117919, 0.06120069, 0.06124906, 0.056637645, 0.030801892, 0.01584435 ],
  "lightfield_0.0_0.0_0.4_y" : [ 0.018629748, 0.053407263, 0.084655404, 0.08704307, 0.08398527, 0.054127038, 0.020208288, 0.012757381, 0.012732562, 0.012985724, 0.01640093, 0.020689793, 0.024561683, 0.025420448, 0.03821754, 0.077780314, 0.09944801, 0.09905089, 0.09850982, 0.05938884 ],
  "lightfield_0.0_0.0_0.4_x" : [ 0.062357288, 0.06258067, 0.058683954, 0.04211425, 0.04603578, 0.049962275, 0.0507714, 0.050756507, 0.05086075, 0.05105931, 0.051039454, 0.051014632, 0.054812066, 0.066929094, 0.0622729, 0.06228779, 0.059651926, 0.038257252, 0.027410997, 0.0011417111 ],
  "lightfield_0.0_0.0_0.0_y" : [ 0.0, 0.055510685, 0.16136314, 0.041206878, 0.041151617, 0.04122388, 0.041202627, 0.041194122, 0.041155867, 0.04123663, 0.041266385, 0.041279137, 0.04122388, 0.041308895, 0.04123238, 0.041274887, 0.052322615, 0.18841073, 0.006435652, 0.0 ],
  "lightfield_0.0_0.0_0.0_x" : [ 0.15786901, 0.17119089, 0.032480065, 0.02061619, 0.02060769, 0.020475915, 0.020463163, 0.020467414, 0.020590685, 0.020369647, 0.020526925, 0.020620441, 0.020454662, 0.02050567, 0.0787751, 0.17183276, 0.1036633, 0.020637443, 0.020475915, 0.01737711 ],
  "d1" : [ 0.0163856, 0.0429697, 0.0557757, 0.066086, 0.0735165, 0.0888549, 0.0996129, 0.1095909, 0.1174173, 0.106435, 0.077792, 0.0525804, 0.032724, 0.0225187, 0.0129159, 0.0067699, 0.0046607, 0.0043822, 0.0051965, 0.0038152 ],
  "d2" : [ 0.006421528, 0.020632023, 0.03194181, 0.04144478, 0.049750738, 0.056965604, 0.062554985, 0.06739014, 0.07293501, 0.10787014, 0.14114338, 0.12038414, 0.09069743, 0.06426378, 0.038774308, 0.017019488, 0.006832, 0.0022977034, 6.110073E-4, 7.001229E-5 ],
  "d3" : [ 7.806105E-4, 0.0065127346, 0.018331971, 0.030056624, 0.04202538, 0.053285472, 0.06526771, 0.0769819, 0.088361226, 0.09872419, 0.10586026, 0.10852539, 0.106250875, 0.09325478, 0.0628474, 0.030329304, 0.009869219, 0.0023190915, 3.8879595E-4, 2.7066799E-5 ],
  "d4" : [ 1.4235605E-6, 7.0161195E-6, 3.86395E-5, 1.5821858E-4, 7.3150673E-4, 0.0036259103, 0.013966552, 0.039893858, 0.094483234, 0.21126157, 0.39072922, 0.14485368, 0.064404726, 0.025657644, 0.0080509465, 0.0017014599, 3.4033266E-4, 7.626217E-5, 1.5557482E-5, 2.2370236E-6 ],
  "lightfield_0.0_0.8_0.0_y" : [ 0.0, 0.03038838, 0.062213212, 0.05904496, 0.05906644, 0.058967095, 0.059002, 0.058949642, 0.05892548, 0.058920108, 0.058843587, 0.058867753, 0.05876841, 0.058799285, 0.058744244, 0.058685176, 0.05916041, 0.061554056, 0.02109976, 0.0 ],
  "lightfield_0.0_0.8_0.0_x" : [ 0.05421203, 0.054344937, 0.054895353, 0.05487656, 0.05489938, 0.0548779, 0.030878386, 0.02679993, 0.057408478, 0.05768771, 0.05770919, 0.057721276, 0.057693083, 0.05768637, 0.05768771, 0.057725303, 0.05770919, 0.05768771, 0.037499495, 0.0 ],
  "lightfield_0.8_0.0_0.0_x" : [ 0.098250695, 0.11300435, 0.047355644, 0.041721016, 0.04154221, 0.041576594, 0.04141384, 0.04141613, 0.041228157, 0.041248787, 0.041118123, 0.04100121, 0.04092098, 0.040987458, 0.067959405, 0.114618175, 0.06723502, 0.013187967, 0.013261323, 0.010952912 ],
  "lightfield_0.8_0.0_0.0_y" : [ 0.021848517, 0.064486474, 0.03833061, 0.049393557, 0.06550887, 0.04869897, 0.038821176, 0.060188293, 0.088125326, 0.022238217, 0.022247387, 0.10068748, 0.046892587, 0.054147918, 0.03614828, 0.06278325, 0.06329903, 0.03629499, 0.052887116, 0.02697195 ],
  "lightfield_0.0_0.6_0.0_x" : [ 0.052272588, 0.053648897, 0.055551175, 0.055504654, 0.05556927, 0.055521455, 0.055566683, 0.055524036, 0.055531792, 0.055524036, 0.055529207, 0.055529207, 0.05552662, 0.055564098, 0.055524036, 0.055566683, 0.055504654, 0.055549882, 0.005491019, 0.0 ],
  "lightfield_0.0_0.6_0.0_y" : [ 0.0, 0.03318907, 0.058412347, 0.058412347, 0.058412347, 0.058412347, 0.058412347, 0.05845241, 0.058476962, 0.058476962, 0.058476962, 0.058476962, 0.058476962, 0.058523487, 0.058541577, 0.058541577, 0.058541577, 0.05847567, 0.031288084, 0.0 ],
  "lightfield_0.6_0.0_0.0_y" : [ 0.08519651, 0.019826416, 0.020249391, 0.041400168, 0.076490626, 0.07217875, 0.06375416, 0.021376638, 0.06385683, 0.028468648, 0.043048948, 0.049362767, 0.021271922, 0.06448308, 0.086861715, 0.07658302, 0.026630968, 0.020140568, 0.02102553, 0.09779335 ],
  "lightfield_0.6_0.0_0.0_x" : [ 0.0945656, 0.10189784, 0.048750892, 0.041734852, 0.041646563, 0.04175128, 0.041714318, 0.041837517, 0.041769758, 0.04186626, 0.04182109, 0.041812878, 0.041697893, 0.0419525, 0.067423366, 0.10266371, 0.069100894, 0.019832576, 0.019871589, 0.016288625 ],
  "lightfield_0.0_0.4_0.0_x" : [ 0.056534912, 0.056504663, 0.056538858, 0.056486253, 0.056527022, 0.056486253, 0.056528337, 0.056486253, 0.056527022, 0.056515187, 0.056525707, 0.056523077, 0.056488883, 0.055699784, 0.053061567, 0.052882705, 0.05282747, 0.045667723, 0.0050620628, 1.2625565E-4 ],
  "lightfield_0.0_0.4_0.0_y" : [ 0.0, 0.03310397, 0.059958283, 0.05840639, 0.058459, 0.05850503, 0.058537908, 0.058590513, 0.05863786, 0.058670737, 0.05872203, 0.058769375, 0.05880357, 0.058853544, 0.058902208, 0.058935087, 0.059699196, 0.05841165, 0.026033653, 0.0 ],
  "lightfield_0.0_0.2_0.0_y" : [ 0.0, 0.025044655, 0.062702894, 0.059811283, 0.059891533, 0.059901886, 0.059987314, 0.060045563, 0.06008698, 0.06017629, 0.06023713, 0.060274664, 0.060329027, 0.060414456, 0.06045976, 0.06052189, 0.060791116, 0.056018796, 0.013304771, 0.0 ],
  "lightfield_0.0_0.2_0.0_x" : [ 0.05561107, 0.05561625, 0.05562272, 0.055607185, 0.05561366, 0.05563825, 0.05561107, 0.04047348, 0.024010459, 0.052024387, 0.051988143, 0.05201144, 0.052021798, 0.05185871, 0.051852234, 0.051889773, 0.051854823, 0.051870357, 0.051889773, 0.026934428 ],