{
  "eccentricity_minmax" : 2.0612158E-6,
  "compactness" : 94.05155,
  "eccentricity" : 1.0016955,
  "compactness_standardized" : -0.064483784,
  "convexity_minmax" : 0.38419273,
  "diameter_standardized" : 0.53409314,
  "surface_area_minmax" : 0.48756415,
  "convexity" : 0.735944,
  "diameter_minmax" : 0.19434781,
  "rectangularity _standardized" : 3.0406797,
  "convexity_standardized" : 1.4379581,
  "diameter" : 1.1030905,
  "surface_area" : 9.967654,
  "rectangularity " : 0.1657437,
  "compactness_minmax" : 2.3775954E-5,
  "surface_area_standardized" : 5.124834,
  "rectangularity _minmax" : 0.29868078,
  "eccentricity_standardized" : -0.3645619,
  "lightfield_0.0_0.0_0.6_y" : [ 0.018049654, 0.033361353, 0.0422227, 0.04783377, 0.05249872, 0.056771066, 0.059689235, 0.061661284, 0.063202105, 0.063727304, 0.06383028, 0.06318666, 0.06175525, 0.05995183, 0.057064556, 0.05349247, 0.048540466, 0.042182796, 0.03323134, 0.017747153 ],
  "lightfield_0.0_0.0_0.6_x" : [ 0.017819239, 0.03327897, 0.04212873, 0.047939323, 0.051876985, 0.056476288, 0.05951803, 0.061638113, 0.06305794, 0.06372344, 0.06379681, 0.063285775, 0.061850507, 0.060014907, 0.057219025, 0.05346801, 0.048657604, 0.0422832, 0.033419278, 0.018547814 ],
  "lightfield_0.0_0.0_0.8_y" : [ 0.017658317, 0.033254217, 0.04219695, 0.047523357, 0.052128304, 0.05649061, 0.059597146, 0.061873805, 0.06324316, 0.06406271, 0.064000756, 0.0633606, 0.0621913, 0.060057897, 0.05735533, 0.05342151, 0.048699114, 0.04208725, 0.033233568, 0.017564101 ],
  "lightfield_0.0_0.0_0.8_x" : [ 0.017906118, 0.033289064, 0.0421905, 0.048368715, 0.052789103, 0.056827467, 0.059642315, 0.06174216, 0.06307279, 0.06378264, 0.06385621, 0.06312184, 0.061907362, 0.059798483, 0.05693717, 0.053265344, 0.04846035, 0.04217243, 0.033268414, 0.017601531 ],
  "lightfield_0.0_0.0_0.2_y" : [ 0.018754777, 0.03352027, 0.04240608, 0.048697565, 0.053419072, 0.05706605, 0.05989329, 0.061792705, 0.06315421, 0.063644506, 0.063609764, 0.063037105, 0.061608683, 0.059547126, 0.056578327, 0.052339394, 0.048060566, 0.04204447, 0.03317668, 0.01764936 ],
  "lightfield_0.0_0.0_0.2_x" : [ 0.018124213, 0.033351693, 0.042263236, 0.04739268, 0.05222229, 0.056484386, 0.059678387, 0.06171807, 0.06317866, 0.06386199, 0.063800216, 0.063303486, 0.061965145, 0.05999753, 0.05724235, 0.05342808, 0.048685983, 0.04214613, 0.033268046, 0.01788743 ],
  "lightfield_0.0_0.0_0.4_y" : [ 0.017649427, 0.033352435, 0.042165533, 0.048350707, 0.05308768, 0.0569276, 0.059648458, 0.06183108, 0.06311277, 0.06379557, 0.06380589, 0.06307663, 0.061836243, 0.059771076, 0.056903075, 0.05308768, 0.04849914, 0.04216037, 0.0332182, 0.017720418 ],
  "lightfield_0.0_0.0_0.4_x" : [ 0.017912736, 0.03339116, 0.042170696, 0.047515605, 0.051923443, 0.056488752, 0.059502605, 0.06188529, 0.063258626, 0.063951746, 0.06412987, 0.063429005, 0.062262185, 0.060107958, 0.057259317, 0.05349039, 0.048581745, 0.042099707, 0.03313301, 0.017506156 ],
  "lightfield_0.0_0.0_0.0_y" : [ 0.018011648, 0.033352517, 0.042234477, 0.048601776, 0.053573042, 0.0572373, 0.060127422, 0.062146638, 0.06337752, 0.0640407, 0.06386523, 0.06320979, 0.061794404, 0.05950037, 0.056421876, 0.05184542, 0.04780957, 0.04208352, 0.03320801, 0.017558776 ],
  "lightfield_0.0_0.0_0.0_x" : [ 0.017907139, 0.033338323, 0.042151902, 0.048092134, 0.052917603, 0.056977965, 0.05967068, 0.061838273, 0.06319689, 0.063792974, 0.06388587, 0.06315173, 0.06183698, 0.059852604, 0.05689281, 0.0533408, 0.048494685, 0.042108033, 0.033165433, 0.017387176 ],
  "d1" : [ 0.0161228, 0.0242572, 0.0325504, 0.1096075, 0.0150967, 0.0, 0.0, 0.0, 0.0026543, 0.0100529, 0.0253491, 0.0200773, 0.0068724, 0.0246023, 0.0145593, 0.0, 0.1228729, 0.3026912, 0.1930394, 0.0795943 ],
  "d2" : [ 0.006259399, 0.015537228, 0.024794653, 0.034815613, 0.03616165, 0.03831443, 0.051103976, 0.0769086, 0.10392835, 0.11412364, 0.09728678, 0.063010365, 0.04394572, 0.04719779, 0.05223047, 0.044176456, 0.051523548, 0.074888654, 0.021600094, 0.002192585 ],
  "d3" : [ 0.001573396, 0.008419787, 0.015252996, 0.025682367, 0.04089562, 0.05678846, 0.071752876, 0.08395769, 0.08862415, 0.10706187, 0.11588846, 0.10780787, 0.08228659, 0.05586396, 0.042171583, 0.03668477, 0.02789782, 0.021824092, 0.008993723, 5.719245E-4 ],
  "d4" : [ 1.931975E-6, 1.6675995E-5, 1.284255E-4, 6.665314E-4, 0.0023852773, 0.0064363237, 0.016504353, 0.04270346, 0.107086115, 0.3013767, 0.33707047, 0.112887226, 0.045088127, 0.017534707, 0.006776148, 0.002465912, 7.115769E-4, 1.384921E-4, 2.0438261E-5, 1.1185118E-6 ],
  "lightfield_0.0_0.8_0.0_y" : [ 0.0026159296, 0.033870365, 0.04404632, 0.05050997, 0.055097286, 0.058589533, 0.0611039, 0.063024506, 0.0641964, 0.0648162, 0.06482011, 0.064249784, 0.06305966, 0.061210673, 0.058774434, 0.055292603, 0.050761275, 0.044446066, 0.034483656, 0.005031335 ],
  "lightfield_0.0_0.8_0.0_x" : [ 0.019436527, 0.035546176, 0.044409607, 0.050519083, 0.054707956, 0.057631183, 0.059191108, 0.059827834, 0.059653353, 0.059599966, 0.05968851, 0.059636425, 0.05970023, 0.059073918, 0.05751139, 0.05465197, 0.050422728, 0.04427549, 0.035366483, 0.019150063 ],
  "lightfield_0.8_0.0_0.0_x" : [ 0.0026618314, 0.033697877, 0.043978143, 0.050449844, 0.055039387, 0.058536865, 0.061064627, 0.06295589, 0.06413127, 0.06476386, 0.06480941, 0.06421327, 0.06307044, 0.06121822, 0.05873992, 0.055317935, 0.050826013, 0.044545654, 0.034800354, 0.005179182 ],
  "lightfield_0.8_0.0_0.0_y" : [ 0.01930316, 0.035511047, 0.044389457, 0.05048759, 0.054699663, 0.057587977, 0.059135616, 0.059695315, 0.05967449, 0.059635438, 0.059600297, 0.059743475, 0.059744775, 0.059136916, 0.05758277, 0.05471268, 0.050477177, 0.044324376, 0.035400406, 0.019157378 ],
  "lightfield_0.0_0.6_0.0_x" : [ 0.0, 0.0, 0.022341412, 0.053820524, 0.06743026, 0.07147171, 0.0715902, 0.07143559, 0.07164655, 0.07135467, 0.07165667, 0.07131711, 0.07161909, 0.07138213, 0.0714038, 0.06683062, 0.052800406, 0.021899266, 0.0, 0.0 ],
  "lightfield_0.0_0.6_0.0_y" : [ 0.035072636, 0.043805756, 0.04686466, 0.049407724, 0.05150142, 0.053122625, 0.05430602, 0.05515419, 0.055713374, 0.056008138, 0.055980686, 0.05567436, 0.0550935, 0.05421788, 0.052995473, 0.05131936, 0.04912163, 0.046642143, 0.043502323, 0.03449611 ],
  "lightfield_0.6_0.0_0.0_y" : [ 0.0, 0.0, 0.02245273, 0.053023133, 0.06691811, 0.07137663, 0.071320355, 0.07164501, 0.07135066, 0.07167242, 0.07134777, 0.07159451, 0.071382396, 0.07156997, 0.07143434, 0.06735387, 0.053633474, 0.021924635, 0.0, 0.0 ],
  "lightfield_0.6_0.0_0.0_x" : [ 0.035569996, 0.04374394, 0.046802856, 0.04933512, 0.05144173, 0.053089503, 0.05425247, 0.055080686, 0.055624653, 0.055916116, 0.055919003, 0.055601567, 0.055037398, 0.054163013, 0.052953873, 0.05129744, 0.049117245, 0.04664991, 0.043541934, 0.034861542 ],
  "lightfield_0.0_0.4_0.0_x" : [ 0.0, 0.0, 0.022170166, 0.053778414, 0.06742437, 0.07154549, 0.0716684, 0.07148187, 0.07166551, 0.071452945, 0.07168286, 0.071389325, 0.07175227, 0.07137053, 0.07142113, 0.06678379, 0.052675113, 0.02173781, 0.0, 0.0 ],
  "lightfield_0.0_0.4_0.0_y" : [ 0.035136502, 0.04376916, 0.046844814, 0.049314592, 0.051490832, 0.05315808, 0.05435103, 0.055198394, 0.055704493, 0.055938747, 0.05593007, 0.055671237, 0.05513766, 0.054259934, 0.053029384, 0.05133322, 0.049230725, 0.046635143, 0.04344959, 0.034416392 ],
  "lightfield_0.0_0.2_0.0_y" : [ 0.0026403035, 0.033941556, 0.044083964, 0.050480522, 0.05507569, 0.05859913, 0.061122376, 0.062988795, 0.064145066, 0.06475117, 0.06478759, 0.0642114, 0.06305903, 0.06119261, 0.058705784, 0.05523697, 0.050734147, 0.04445855, 0.034516443, 0.005268901 ],
  "lightfield_0.0_0.2_0.0_x" : [ 0.019535644, 0.03554915, 0.044410426, 0.05051694, 0.054699805, 0.05754821, 0.059136294, 0.059761904, 0.059620135, 0.059622735, 0.059578516, 0.059621435, 0.05962794, 0.05909988, 0.057532605, 0.054659486, 0.050406385, 0.044306375, 0.035395674, 0.019370463 ],