{
  "eccentricity_minmax" : 0.008290038,
  "compactness" : 195.76686,
  "eccentricity" : 4.8900256,
  "compactness_standardized" : -0.06378826,
  "convexity_minmax" : 0.05890948,
  "diameter_standardized" : -0.56201494,
  "surface_area_minmax" : 0.066688344,
  "convexity" : 0.11371278,
  "diameter_minmax" : 0.017691376,
  "rectangularity _standardized" : -0.3535517,
  "convexity_standardized" : -0.7902054,
  "diameter" : 1.0093843,
  "surface_area" : 1.3770279,
  "rectangularity " : 0.002540535,
  "compactness_minmax" : 4.9615155E-5,
  "surface_area_standardized" : -0.1322057,
  "rectangularity _minmax" : 0.0045781564,
  "eccentricity_standardized" : -0.18868116,
  "lightfield_0.0_0.0_0.6_y" : [ 0.0068486407, 0.035090495, 0.058132585, 0.06708715, 0.06323742, 0.06425347, 0.059194334, 0.045711514, 0.061194785, 0.07475495, 0.07551084, 0.06729106, 0.045546275, 0.021101408, 0.025671856, 0.046527162, 0.05039798, 0.049905777, 0.04845378, 0.03408851 ],
  "lightfield_0.0_0.0_0.6_x" : [ 0.0, 0.0, 0.0036739372, 0.020173255, 0.037846826, 0.075081915, 0.09160936, 0.109173946, 0.1528604, 0.14882082, 0.120378576, 0.08346693, 0.054666076, 0.04757485, 0.039256632, 0.015416473, 0.0, 0.0, 0.0, 0.0 ],
  "lightfield_0.0_0.0_0.8_y" : [ 0.0, 0.004835188, 0.008671197, 0.027725471, 0.031882893, 0.06070187, 0.08645344, 0.12511049, 0.12505458, 0.11749437, 0.0765979, 0.067483015, 0.04759376, 0.03955142, 0.048474155, 0.050130136, 0.04594127, 0.03280521, 0.003493633, 0.0 ],
  "lightfield_0.0_0.0_0.8_x" : [ 0.006987266, 0.041375093, 0.05484305, 0.086582705, 0.09661292, 0.07957797, 0.054521635, 0.050811395, 0.05021049, 0.053515468, 0.05445176, 0.058993485, 0.063779764, 0.069718935, 0.059049383, 0.05239401, 0.04238825, 0.024127029, 5.9391758E-5, 0.0 ],
  "lightfield_0.0_0.0_0.2_y" : [ 0.0, 0.014748593, 0.039454233, 0.046940368, 0.049932025, 0.056502488, 0.074354574, 0.096452996, 0.077821545, 0.06268152, 0.081606545, 0.09081568, 0.09036833, 0.09814105, 0.088631354, 0.03092661, 6.2209705E-4, 0.0, 0.0, 0.0 ],
  "lightfield_0.0_0.0_0.2_x" : [ 0.008167645, 0.018673396, 0.036151525, 0.0546327, 0.062352996, 0.07074082, 0.08376292, 0.099357285, 0.085293695, 0.076902375, 0.06876968, 0.051102825, 0.03340801, 0.028878583, 0.040051866, 0.04780012, 0.051053897, 0.045273285, 0.033760995, 0.0038653894 ],
  "lightfield_0.0_0.0_0.4_y" : [ 0.019811977, 0.045601435, 0.067439675, 0.07152714, 0.06328234, 0.049070537, 0.04443808, 0.04565733, 0.046838153, 0.049891524, 0.051823463, 0.058751192, 0.058950324, 0.051079337, 0.065357514, 0.06000538, 0.057109218, 0.05204705, 0.035187133, 0.0061311973 ],
  "lightfield_0.0_0.0_0.4_x" : [ 0.0, 0.0, 0.002459466, 0.010092894, 0.03956456, 0.053063676, 0.09602747, 0.122236155, 0.12930363, 0.13500163, 0.14036074, 0.1069169, 0.05162433, 0.049475793, 0.04238736, 0.021485392, 0.0, 0.0, 0.0, 0.0 ],
  "lightfield_0.0_0.0_0.0_y" : [ 0.0, 0.0, 0.0, 0.0, 0.010463608, 0.06677061, 0.1120057, 0.15602417, 0.15716738, 0.1495775, 0.13606536, 0.107649654, 0.056688074, 0.02548254, 0.017522085, 0.0045832912, 0.0, 0.0, 0.0, 0.0 ],
  "lightfield_0.0_0.0_0.0_x" : [ 0.029936478, 0.0675747, 0.06696989, 0.06893116, 0.056485303, 0.045661606, 0.042501196, 0.04369334, 0.04828013, 0.060215566, 0.06951849, 0.06906051, 0.045032322, 0.022066921, 0.041385964, 0.052506827, 0.056513272, 0.049884807, 0.04265502, 0.02112649 ],
  "d1" : [ 0.0259898, 0.0406239, 0.0727606, 0.0790379, 0.1025346, 0.0552761, 0.064342, 0.0661568, 0.068805, 0.0612072, 0.0581225, 0.0517239, 0.0511868, 0.0567879, 0.0530557, 0.0371924, 0.0160014, 0.0145842, 0.0122018, 0.0124095 ],
  "d2" : [ 0.009182612, 0.035680264, 0.06563663, 0.08820999, 0.100449435, 0.10293047, 0.09533194, 0.08674143, 0.07934883, 0.071447745, 0.06229594, 0.054656398, 0.04304306, 0.03167476, 0.025204526, 0.019582639, 0.013574284, 0.008660621, 0.0051055965, 0.0012428182 ],
  "d3" : [ 0.0010216963, 0.0110507, 0.03290427, 0.061682317, 0.09144312, 0.11732814, 0.13390821, 0.13702914, 0.12388112, 0.10000569, 0.073653996, 0.04993432, 0.0310588, 0.017810054, 0.009379602, 0.004674708, 0.0020841435, 8.516483E-4, 2.6644196E-4, 3.189656E-5 ],
  "d4" : [ 4.0673157E-7, 6.1009735E-7, 2.2370236E-6, 6.9144367E-6, 3.1725063E-5, 1.4286446E-4, 8.146833E-4, 0.0053811604, 0.044868898, 0.33732557, 0.53080165, 0.0706145, 0.008512485, 0.0012048406, 2.3051511E-4, 4.4435423E-5, 1.159185E-5, 3.660584E-6, 1.016829E-6, 2.0336579E-7 ],
  "lightfield_0.0_0.8_0.0_y" : [ 0.0, 0.0, 0.0, 0.0, 0.009134295, 0.057020262, 0.107397065, 0.14515539, 0.14448693, 0.14391184, 0.13412777, 0.10881986, 0.07422829, 0.04335243, 0.023929913, 0.008435966, 0.0, 0.0, 0.0, 0.0 ],
  "lightfield_0.0_0.8_0.0_x" : [ 0.024299616, 0.047101747, 0.057740998, 0.059910674, 0.051728643, 0.0670172, 0.076644436, 0.07025864, 0.07195032, 0.06218491, 0.05548543, 0.046265244, 0.06337991, 0.07549051, 0.078888796, 0.07394821, 0.017495574, 2.0912533E-4, 0.0, 0.0 ],
  "lightfield_0.8_0.0_0.0_x" : [ 0.03980089, 0.061696596, 0.058960937, 0.060573827, 0.04874132, 0.047590744, 0.050569728, 0.05376075, 0.05787293, 0.06714706, 0.07199616, 0.06599648, 0.0451575, 0.024103003, 0.03840004, 0.0493253, 0.0545081, 0.04571367, 0.03928991, 0.018795058 ],
  "lightfield_0.8_0.0_0.0_y" : [ 0.0, 0.0, 0.0, 0.006409855, 0.007616048, 0.017905187, 0.06524218, 0.1277348, 0.1532595, 0.16305503, 0.16293685, 0.15416676, 0.12417878, 0.017495012, 0.0, 0.0, 0.0, 0.0, 0.0, 0.0 ],
  "lightfield_0.0_0.6_0.0_x" : [ 0.0, 0.0, 0.0, 0.0, 0.0073409355, 0.059530705, 0.14855024, 0.13541557, 0.123775415, 0.13604762, 0.15297456, 0.15691826, 0.07695802, 0.0024886758, 0.0, 0.0, 0.0, 0.0, 0.0, 0.0 ],
  "lightfield_0.0_0.6_0.0_y" : [ 0.0, 0.0, 0.0, 0.0, 0.010731592, 0.068866536, 0.10566997, 0.11817919, 0.11328742, 0.11253028, 0.11407748, 0.10390551, 0.098269776, 0.08287685, 0.050293636, 0.021311756, 0.0, 0.0, 0.0, 0.0 ],
  "lightfield_0.6_0.0_0.0_y" : [ 0.0, 0.0, 0.0, 0.0, 0.006257187, 0.006861163, 0.011461041, 0.109851085, 0.21690938, 0.23856553, 0.22787274, 0.15002754, 0.032194316, 0.0, 0.0, 0.0, 0.0, 0.0, 0.0, 0.0 ],
  "lightfield_0.6_0.0_0.0_x" : [ 0.037055112, 0.049651626, 0.049680617, 0.050613157, 0.049376216, 0.053309303, 0.057271384, 0.061180312, 0.06395377, 0.07457891, 0.074124716, 0.06338362, 0.050791934, 0.028923184, 0.039123125, 0.045950465, 0.04896068, 0.043036886, 0.03820508, 0.02082991 ],
  "lightfield_0.0_0.4_0.0_x" : [ 0.0, 0.0, 0.0, 0.0, 0.002268804, 0.07260789, 0.14533292, 0.14238594, 0.13180642, 0.12096178, 0.1395931, 0.13836005, 0.094167694, 0.012515413, 0.0, 0.0, 0.0, 0.0, 0.0, 0.0 ],
  "lightfield_0.0_0.4_0.0_y" : [ 0.0, 0.0, 0.0, 0.0, 0.009802713, 0.07234895, 0.108717635, 0.119950674, 0.11848336, 0.119673245, 0.113199756, 0.108249076, 0.09215783, 0.07324291, 0.045332924, 0.018840937, 0.0, 0.0, 0.0, 0.0 ],
  "lightfield_0.0_0.2_0.0_y" : [ 0.0, 0.0, 0.0, 0.0, 0.009011104, 0.060232695, 0.11179377, 0.14829575, 0.14666106, 0.14521086, 0.1368898, 0.11131037, 0.07008144, 0.033273187, 0.019136602, 0.008103351, 0.0, 0.0, 0.0, 0.0 ],
  "lightfield_0.0_0.2_0.0_x" : [ 1.9557268E-4, 0.017247297, 0.07212942, 0.07739512, 0.07473829, 0.06314415, 0.046513088, 0.050055534, 0.063007616, 0.07009251, 0.07566448, 0.07498182, 0.056181017, 0.055435628, 0.058752984, 0.06216628, 0.047797225, 0.03296322, 0.0015387511, 0.0 ],
  "a3" : [ 0.11378993, 0.17838801, 0.1467419, 0.11065471, 0.08643113, 0.07412177, 0.044713747, 0.0, 0.0, 0.0, 0.0, 0.0, 0.0, 0.0026131033, 0.014390783, 0.028104695, 0.039567333, 0.04680061, 0.053266454, 0.06041581 ],
  "lightfield_0.4_0.0_0.0_y" : [ 0.0, 0.0, 0.0, 0.0, 0.0, 0.00181979, 0.06123746, 0.15749824, 0.23703018, 0.24203715, 0.19480902, 0.08143306, 0.009134532, 0.0062930165, 0.0076553174, 0.0010522249, 0.0, 0.0, 0.0, 0.0 ],
  "lightfield_0.4_0.0_0.0_x" : [ 0.039303396, 0.053094152, 0.05329748, 0.054680113, 0.053734638, 0.058090948, 0.0622846, 0.06660533, 0.06948751, 0.07186645, 0.08401025, 0.071556374, 0.054603864, 0.031465083, 0.0329138, 0.03220215, 0.033488203, 0.030402692, 0.028303325, 0.01860964 ],