{
  "eccentricity_minmax" : 0.0020292182,
  "compactness" : 2.1825624,
  "eccentricity" : 1.9527425,
  "compactness_standardized" : -0.06508082,
  "convexity_minmax" : 0.43500757,
  "diameter_standardized" : -0.6697936,
  "surface_area_minmax" : 0.09964273,
  "convexity" : 0.8331472,
  "diameter_minmax" : 3.0586455E-4,
  "rectangularity _standardized" : 1.5326174,
  "convexity_standardized" : 1.784654,
  "diameter" : 1.0001622,
  "surface_area" : 2.0496702,
  "rectangularity " : 0.093244344,
  "compactness_minmax" : 4.380576E-7,
  "surface_area_standardized" : 0.27944937,
  "rectangularity _minmax" : 0.16803227,
  "eccentricity_standardized" : -0.32149386,
  "lightfield_0.0_0.0_0.6_y" : [ 0.025325958, 0.030326005, 0.03675624, 0.044538043, 0.053036813, 0.057786014, 0.061758347, 0.06629976, 0.068194196, 0.06796394, 0.0675128, 0.066825785, 0.06562398, 0.06362283, 0.06097399, 0.056831308, 0.04936774, 0.03966342, 0.017592827, 0.0 ],
  "lightfield_0.0_0.0_0.6_x" : [ 0.0, 0.0, 0.017152913, 0.045092147, 0.05726186, 0.06581117, 0.07451025, 0.083538786, 0.087720774, 0.08774324, 0.08733515, 0.08622881, 0.08458522, 0.075581014, 0.065316975, 0.056217298, 0.025904398, 0.0, 0.0, 0.0 ],
  "lightfield_0.0_0.0_0.8_y" : [ 0.0033761673, 0.021855168, 0.05131552, 0.062250517, 0.06290684, 0.06540235, 0.068251975, 0.07127032, 0.07470952, 0.07262375, 0.07053983, 0.07012454, 0.06885268, 0.06514464, 0.059475053, 0.051393386, 0.040310066, 0.020197675, 0.0, 0.0 ],
  "lightfield_0.0_0.0_0.8_x" : [ 0.0, 0.01590933, 0.03604768, 0.048775513, 0.060791407, 0.06700422, 0.070269145, 0.07212873, 0.07269976, 0.072644144, 0.07305759, 0.07374358, 0.07288517, 0.07111273, 0.06599563, 0.057240963, 0.0430021, 0.025870971, 8.213301E-4, 0.0 ],
  "lightfield_0.0_0.0_0.2_y" : [ 0.0, 0.0, 0.005288141, 0.038526293, 0.06654676, 0.07468479, 0.07919417, 0.08167693, 0.08453423, 0.08276348, 0.07912557, 0.07499444, 0.07174776, 0.06855485, 0.06483164, 0.059613958, 0.050350443, 0.017566565, 0.0, 0.0 ],
  "lightfield_0.0_0.0_0.2_x" : [ 0.0034691833, 0.025176147, 0.032058887, 0.03902507, 0.05127197, 0.059471186, 0.06613884, 0.06685085, 0.065467626, 0.065193206, 0.067010306, 0.06773159, 0.06723652, 0.06606467, 0.063593045, 0.06000519, 0.05483943, 0.04671809, 0.030050805, 0.0026273825 ],
  "lightfield_0.0_0.0_0.4_y" : [ 0.00825173, 0.025936129, 0.040798884, 0.046434756, 0.05288449, 0.05797346, 0.061223354, 0.06424151, 0.0677732, 0.07063749, 0.07279543, 0.07323109, 0.07180545, 0.06745989, 0.061147343, 0.05428419, 0.04603802, 0.035713624, 0.020793397, 5.765644E-4 ],
  "lightfield_0.0_0.0_0.4_x" : [ 0.0, 0.0, 0.00985165, 0.05003133, 0.061660875, 0.07142354, 0.07733935, 0.07838866, 0.07951213, 0.080255546, 0.07989403, 0.08113244, 0.07435271, 0.06687591, 0.062089127, 0.054297168, 0.043390643, 0.0272042, 0.002300696, 0.0 ],
  "lightfield_0.0_0.0_0.0_y" : [ 0.0, 0.0, 0.017891737, 0.041057747, 0.052244022, 0.06657817, 0.07378418, 0.078116685, 0.082617894, 0.08789031, 0.09205967, 0.08993884, 0.08528005, 0.07894537, 0.070132054, 0.046367243, 0.027976811, 0.009119206, 0.0, 0.0 ],
  "lightfield_0.0_0.0_0.0_x" : [ 0.008689107, 0.02117124, 0.032548465, 0.04257051, 0.045264184, 0.047444344, 0.05289288, 0.05971699, 0.06459082, 0.0683616, 0.07071417, 0.071205445, 0.06903085, 0.06665418, 0.06349704, 0.058886454, 0.053428646, 0.046776947, 0.03677715, 0.019778982 ],
  "d1" : [ 0.0043679, 0.003671, 0.0040345, 0.0057234, 0.0140687, 0.0507236, 0.0694025, 0.0740335, 0.0888362, 0.0841114, 0.0688339, 0.0786912, 0.1049812, 0.0995592, 0.0676752, 0.0560967, 0.0608508, 0.0462962, 0.0136974, 0.0043455 ],
  "d2" : [ 0.006189887, 0.01691067, 0.026042273, 0.034707595, 0.04419146, 0.052518923, 0.058578588, 0.06660549, 0.07682389, 0.08797405, 0.10451085, 0.11737781, 0.10041453, 0.07488955, 0.05193702, 0.03433023, 0.025532383, 0.014178989, 0.005364442, 9.213618E-4 ],
  "d3" : [ 6.0231175E-4, 0.004211151, 0.010907115, 0.020142328, 0.029586125, 0.039975148, 0.05102303, 0.062309984, 0.07292017, 0.08310624, 0.091499865, 0.09837856, 0.10256224, 0.102343895, 0.09215973, 0.06935057, 0.042420417, 0.019684205, 0.00604133, 7.7557954E-4 ],
  "d4" : [ 1.1795216E-5, 2.501399E-4, 0.0018592717, 0.006253091, 0.013920083, 0.026240185, 0.044430643, 0.07176931, 0.115921445, 0.21965793, 0.21991427, 0.11567151, 0.07165817, 0.044110853, 0.026032548, 0.013977229, 0.0062528877, 0.0018086336, 2.5075002E-4, 9.253144E-6 ],
  "lightfield_0.0_0.8_0.0_y" : [ 0.0, 0.0, 0.018522466, 0.041803442, 0.054779727, 0.06479006, 0.07128226, 0.076590925, 0.081619434, 0.085990205, 0.08896833, 0.08911653, 0.08414486, 0.078160174, 0.06862285, 0.050547004, 0.034064773, 0.010996953, 0.0, 0.0 ],
  "lightfield_0.0_0.8_0.0_x" : [ 0.0, 0.012982373, 0.03844366, 0.050009035, 0.05813545, 0.06487329, 0.06999316, 0.073332645, 0.075791076, 0.078148, 0.07683454, 0.074154824, 0.07003579, 0.06518187, 0.05681387, 0.04918076, 0.038583733, 0.030958747, 0.015599148, 9.480482E-4 ],
  "lightfield_0.8_0.0_0.0_x" : [ 0.008858987, 0.019867636, 0.031248199, 0.041529756, 0.045631964, 0.049059153, 0.055902366, 0.06313981, 0.0677534, 0.0702694, 0.070754744, 0.06875943, 0.06693147, 0.06463118, 0.06166517, 0.05808364, 0.05329711, 0.046440877, 0.036743224, 0.019432496 ],
  "lightfield_0.8_0.0_0.0_y" : [ 0.0, 0.01441538, 0.032685645, 0.052759692, 0.06975058, 0.07888478, 0.08582283, 0.09031369, 0.09223463, 0.08769356, 0.0824254, 0.07727997, 0.07378212, 0.059991557, 0.05112699, 0.03913277, 0.0117004085, 0.0, 0.0, 0.0 ],
  "lightfield_0.0_0.6_0.0_x" : [ 0.0, 0.0, 0.0, 0.019021569, 0.058090407, 0.06825754, 0.07956766, 0.09005423, 0.09580163, 0.09694213, 0.0960462, 0.09264967, 0.087625995, 0.08043613, 0.06741402, 0.050621033, 0.017471794, 0.0, 0.0, 0.0 ],
  "lightfield_0.0_0.6_0.0_y" : [ 0.0, 0.0, 0.019323539, 0.042887125, 0.05670534, 0.064621426, 0.0693581, 0.07387267, 0.07704459, 0.07849455, 0.07985465, 0.07985715, 0.08046858, 0.07815764, 0.069021195, 0.05920345, 0.048327565, 0.022802426, 0.0, 0.0 ],
  "lightfield_0.6_0.0_0.0_y" : [ 0.0, 0.0, 0.009899559, 0.041706152, 0.07102702, 0.08606526, 0.09443086, 0.099511735, 0.102461986, 0.10152467, 0.0960123, 0.08867899, 0.07882073, 0.06576652, 0.048682295, 0.015411931, 0.0, 0.0, 0.0, 0.0 ],
  "lightfield_0.6_0.0_0.0_x" : [ 0.011784501, 0.025183488, 0.03410238, 0.041059945, 0.04795144, 0.053106643, 0.057029307, 0.060520474, 0.062137026, 0.06348518, 0.06534122, 0.06541761, 0.06295046, 0.061775725, 0.060896225, 0.05879244, 0.055774055, 0.050148133, 0.04031051, 0.022233233 ],
  "lightfield_0.0_0.4_0.0_x" : [ 0.0, 0.0, 0.0, 0.0, 0.006495938, 0.059979163, 0.08241435, 0.09148574, 0.09564568, 0.098152354, 0.09929105, 0.098840155, 0.0962214, 0.091386385, 0.079882205, 0.061008323, 0.03745736, 0.0017398924, 0.0, 0.0 ],
  "lightfield_0.0_0.4_0.0_y" : [ 0.0, 0.0, 0.021181853, 0.048393466, 0.059541006, 0.066531144, 0.07185781, 0.074667625, 0.07690936, 0.078916736, 0.0785015, 0.07669028, 0.07406898, 0.06977147, 0.064488105, 0.059204746, 0.05234962, 0.0269263, 0.0, 0.0 ],
  "lightfield_0.0_0.2_0.0_y" : [ 0.0, 0.0, 0.018491466, 0.042940736, 0.056465693, 0.065983325, 0.072480924, 0.07580999, 0.080363125, 0.083371125, 0.08665002, 0.08596976, 0.08235976, 0.07472238, 0.06607965, 0.05308044, 0.038361512, 0.016870076, 0.0, 0.0 ],
  "lightfield_0.0_0.2_0.0_x" : [ 0.0, 0.001533096, 0.017074756, 0.033118084, 0.048693858, 0.055097144, 0.06391044, 0.06917193, 0.0731652, 0.07575782, 0.077363156, 0.07798723, 0.076187246, 0.07162207, 0.06648299, 0.060880367, 0.05408578, 0.04475075, 0.029433837, 0.0036842464 ],
  "a3" : [ 0.051177986, 0.11306094, 0.14616182, 0.16061047, 0.15386821, 0.12672605, 0.06654841, 0.0, 0.0, 0.0, 0.0, 0.0, 0.0, 3.1514207E-4, 0.0023549122, 0.0069749835, 0.016015094, 0.030304551, 0.050537135, 0.07534431 ],
  "lightfield_0.4_0.0_0.0_y" : [ 0.0, 0.0, 0.0, 0.006333568, 0.050493147, 0.0748777, 0.0898357, 0.0982441, 0.10383971, 0.10648351, 0.10499263, 0.10047935, 0.09397252, 0.08246045, 0.062067255, 0.022947151, 0.0029732047, 0.0, 0.0, 0.0 ],