{
  "eccentricity_minmax" : 0.0010261366,
  "compactness" : 5.781116,
  "eccentricity" : 1.4821436,
  "compactness_standardized" : -0.06505679,
  "convexity_minmax" : 0.33790112,
  "diameter_standardized" : 0.34234768,
  "surface_area_minmax" : 0.12397552,
  "convexity" : 0.64739317,
  "diameter_minmax" : 0.16357191,
  "rectangularity _standardized" : 1.3163099,
  "convexity_standardized" : 1.1198393,
  "diameter" : 1.0867656,
  "surface_area" : 2.5463343,
  "rectangularity " : 0.08284235,
  "compactness_minmax" : 1.3522144E-6,
  "surface_area_standardized" : 0.58340627,
  "rectangularity _minmax" : 0.14928721,
  "eccentricity_standardized" : -0.34277257,
  "lightfield_0.0_0.0_0.6_y" : [ 0.005374128, 0.027095484, 0.033159476, 0.040024053, 0.056844816, 0.062634565, 0.06328695, 0.06631384, 0.067504495, 0.06864405, 0.0725618, 0.06988751, 0.06448783, 0.060687616, 0.058350593, 0.05390821, 0.046628013, 0.03868861, 0.032105092, 0.011812861 ],
  "lightfield_0.0_0.0_0.6_x" : [ 0.0044049113, 0.029517675, 0.041851766, 0.051899936, 0.06067058, 0.06530374, 0.072035454, 0.07641822, 0.07844353, 0.078462265, 0.08097985, 0.081405684, 0.078378804, 0.060920976, 0.04684945, 0.038123094, 0.033770986, 0.020062275, 5.0079037E-4, 0.0 ],
  "lightfield_0.0_0.0_0.8_y" : [ 0.0, 0.005613043, 0.028897658, 0.046637185, 0.058627762, 0.06533657, 0.06885491, 0.07129278, 0.07645903, 0.07991961, 0.08222157, 0.07985166, 0.07414178, 0.068579696, 0.06400636, 0.055153586, 0.033253543, 0.018543089, 0.012349035, 0.010261132 ],
  "lightfield_0.0_0.0_0.8_x" : [ 0.023921689, 0.03696726, 0.0451235, 0.051915552, 0.06310766, 0.070497714, 0.07147796, 0.06669566, 0.0646859, 0.064074315, 0.06207985, 0.061665326, 0.06055597, 0.060350407, 0.05860058, 0.05446045, 0.043494288, 0.027090069, 0.010918592, 0.002317249 ],
  "lightfield_0.0_0.0_0.2_y" : [ 0.0032713432, 0.013297687, 0.028946122, 0.03902682, 0.050332144, 0.05410795, 0.060283754, 0.066308394, 0.070889294, 0.07654875, 0.081148334, 0.07788379, 0.0703067, 0.06497846, 0.060142778, 0.055004764, 0.04939966, 0.04082215, 0.028045908, 0.009255217 ],
  "lightfield_0.0_0.0_0.2_x" : [ 0.00992783, 0.026152061, 0.04032958, 0.047252733, 0.052874826, 0.06257335, 0.07175893, 0.07647402, 0.075651936, 0.07549397, 0.07426764, 0.073250234, 0.07330968, 0.06345998, 0.052256566, 0.04533681, 0.03579794, 0.020849293, 0.012842485, 0.010140144 ],
  "lightfield_0.0_0.0_0.4_y" : [ 0.0011837468, 0.02509779, 0.04244145, 0.050318502, 0.05352455, 0.060015794, 0.060376137, 0.059780054, 0.05951401, 0.05933552, 0.060078096, 0.060366035, 0.06077521, 0.059621774, 0.05966892, 0.062378235, 0.06312755, 0.054374896, 0.034665428, 0.013356301 ],
  "lightfield_0.0_0.0_0.4_x" : [ 0.0, 0.0023506552, 0.040705398, 0.058810156, 0.06705597, 0.073393986, 0.077026054, 0.07808014, 0.07668086, 0.07453059, 0.07619928, 0.076017424, 0.07547691, 0.07114268, 0.060428336, 0.051217675, 0.025400883, 0.011574787, 0.0039082165, 0.0 ],
  "lightfield_0.0_0.0_0.0_y" : [ 0.0, 4.5806824E-4, 0.008267121, 0.032036148, 0.06814607, 0.07313598, 0.069772884, 0.06886517, 0.073664784, 0.078117475, 0.07895614, 0.07869006, 0.07739669, 0.07474428, 0.07136939, 0.062046353, 0.05034035, 0.03190816, 0.002084884, 0.0 ],
  "lightfield_0.0_0.0_0.0_x" : [ 0.015212244, 0.032743458, 0.050478447, 0.05148047, 0.054020055, 0.05787995, 0.060399327, 0.06557112, 0.06482339, 0.063167945, 0.06083045, 0.060150083, 0.059363622, 0.058083724, 0.05578328, 0.05270311, 0.053351477, 0.04957915, 0.029681811, 0.0046968833 ],
  "d1" : [ 0.0173542, 0.0689067, 0.086034, 0.0760269, 0.0789945, 0.0611755, 0.0933553, 0.0799451, 0.0875042, 0.0759065, 0.0658904, 0.0744206, 0.0755761, 0.0340257, 0.0077682, 0.0042788, 0.0050605, 0.0023501, 0.0034746, 0.0019521 ],
  "d2" : [ 0.005170908, 0.01627726, 0.027238883, 0.039536044, 0.05245491, 0.064077355, 0.076277696, 0.086679325, 0.09504779, 0.104174495, 0.11134555, 0.10919687, 0.0802731, 0.05306652, 0.036346383, 0.024804056, 0.013483767, 0.003285977, 0.0010222795, 2.4084229E-4 ],
  "d3" : [ 4.0378835E-4, 0.0039929063, 0.011972078, 0.023234483, 0.0361374, 0.051460426, 0.06779076, 0.0832126, 0.09697813, 0.10873669, 0.11616789, 0.117164426, 0.1086739, 0.08462198, 0.051701915, 0.025352838, 0.009569673, 0.0023419322, 4.4957048E-4, 3.6625705E-5 ],
  "d4" : [ 1.2201947E-6, 8.337997E-6, 8.9887675E-5, 6.645994E-4, 0.0033340803, 0.011562158, 0.028869603, 0.0570077, 0.10243138, 0.18700053, 0.29235417, 0.15227307, 0.08517254, 0.046514127, 0.022136264, 0.008061623, 0.0020978197, 3.684988E-4, 4.768928E-5, 4.677413E-6 ],
  "lightfield_0.0_0.8_0.0_y" : [ 0.0, 5.7171733E-4, 0.0082087545, 0.031603057, 0.06910587, 0.07157532, 0.06966468, 0.069847256, 0.072593346, 0.07769823, 0.078631416, 0.079062976, 0.07822384, 0.0755423, 0.07336424, 0.06263809, 0.05068182, 0.029135453, 0.0018516264, 0.0 ],
  "lightfield_0.0_0.8_0.0_x" : [ 0.0011268364, 0.036541957, 0.056874808, 0.059945483, 0.060762487, 0.061767604, 0.06395673, 0.06554094, 0.066230685, 0.06897309, 0.07171179, 0.07090586, 0.06468336, 0.062472105, 0.059290774, 0.05608547, 0.04573554, 0.024958227, 0.0024362535, 0.0 ],
  "lightfield_0.8_0.0_0.0_x" : [ 0.018638697, 0.037187994, 0.05119256, 0.05116884, 0.052228853, 0.05649262, 0.05753074, 0.06257537, 0.061309196, 0.05908518, 0.059603326, 0.06009228, 0.05991896, 0.05843567, 0.055959877, 0.057713185, 0.05331076, 0.04811834, 0.031590547, 0.007847008 ],
  "lightfield_0.8_0.0_0.0_y" : [ 0.0, 0.0, 0.0049114497, 0.044987567, 0.062228724, 0.075797245, 0.07975997, 0.08247842, 0.08512389, 0.0855198, 0.08531911, 0.08283784, 0.077388175, 0.08033468, 0.08323922, 0.063015066, 0.0070588407, 0.0, 0.0, 0.0 ],
  "lightfield_0.0_0.6_0.0_x" : [ 0.0, 0.0, 0.009681027, 0.055836134, 0.06790798, 0.07999775, 0.08767192, 0.0903136, 0.0909305, 0.09945963, 0.099641375, 0.08949959, 0.08428791, 0.07352155, 0.0538216, 0.017429434, 0.0, 0.0, 0.0, 0.0 ],
  "lightfield_0.0_0.6_0.0_y" : [ 0.0, 8.703198E-4, 0.00955048, 0.026096795, 0.052242227, 0.060697127, 0.07150957, 0.07574086, 0.079135105, 0.08100373, 0.0831693, 0.08369917, 0.080606975, 0.079682894, 0.07484494, 0.06589857, 0.049554475, 0.024453426, 0.0012440453, 0.0 ],
  "lightfield_0.6_0.0_0.0_y" : [ 0.0, 0.0, 0.0, 0.022220004, 0.050732177, 0.06738391, 0.08763815, 0.09396003, 0.0973651, 0.10009086, 0.102602206, 0.105387405, 0.09989131, 0.083672635, 0.064091355, 0.024964867, 0.0, 0.0, 0.0, 0.0 ],
  "lightfield_0.6_0.0_0.0_x" : [ 0.023160433, 0.035080306, 0.04170576, 0.044614084, 0.046934374, 0.05178724, 0.056113634, 0.05972038, 0.06274546, 0.0645605, 0.06517614, 0.06484709, 0.0660826, 0.06455413, 0.062942885, 0.059994224, 0.051422104, 0.04099885, 0.026550645, 0.011009167 ],
  "lightfield_0.0_0.4_0.0_x" : [ 0.0, 0.0, 0.0, 0.010316776, 0.048931576, 0.074544236, 0.08525009, 0.089555316, 0.09911429, 0.1000501, 0.09073779, 0.0885839, 0.08764555, 0.078671455, 0.06903365, 0.056911375, 0.020653896, 0.0, 0.0, 0.0 ],
  "lightfield_0.0_0.4_0.0_y" : [ 0.0, 8.7477715E-4, 0.009576776, 0.02559486, 0.049892813, 0.06049186, 0.069725335, 0.074757844, 0.07913428, 0.08089909, 0.082997024, 0.08363531, 0.080619365, 0.07964287, 0.074546784, 0.06601262, 0.054442164, 0.026078023, 0.0010782137, 0.0 ],
  "lightfield_0.0_0.2_0.0_y" : [ 0.0, 5.8518705E-4, 0.007877942, 0.031068278, 0.065185785, 0.07058865, 0.07018196, 0.07027581, 0.07334712, 0.0777029, 0.07910146, 0.0795836, 0.07847947, 0.07569339, 0.073091336, 0.06241995, 0.052906062, 0.030046962, 0.0018641335, 0.0 ],
  "lightfield_0.0_0.2_0.0_x" : [ 0.0019359018, 0.02321426, 0.043541227, 0.055822793, 0.060025837, 0.06311739, 0.064795665, 0.07013228, 0.07179399, 0.06900238, 0.0661795, 0.06551518, 0.06409086, 0.061829243, 0.05846718, 0.058354925, 0.056868035, 0.042917397, 0.0023959544, 0.0 ],
  "a3" : [ 0.047051053, 0.11517205, 0.15446076, 0.1637801, 0.15060782, 0.124157116, 0.06565701, 0.0, 0.0, 0.0, 0.0, 0.0, 0.0, 4.7683853E-4, 0.0028680745, 0.007161332, 0.015407147, 0.029084332, 0.049404453, 0.07471191 ],