{
  "eccentricity_minmax" : 0.005885049,
  "compactness" : 121.68294,
  "eccentricity" : 3.761717,
  "compactness_standardized" : -0.06429934,
  "convexity_minmax" : 0.014660089,
  "diameter_standardized" : 0.85397816,
  "surface_area_minmax" : 0.024554875,
  "convexity" : 0.029068543,
  "diameter_minmax" : 0.2459297,
  "rectangularity _standardized" : -0.39096183,
  "convexity_standardized" : -1.0927438,
  "diameter" : 1.1304518,
  "surface_area" : 0.5170286,
  "rectangularity " : 7.179369E-4,
  "compactness_minmax" : 3.079528E-5,
  "surface_area_standardized" : -0.6581024,
  "rectangularity _minmax" : 0.0012937165,
  "eccentricity_standardized" : -0.23979262,
  "lightfield_0.0_0.0_0.6_y" : [ 0.1528683, 0.053697575, 0.036054328, 0.024400232, 0.025952974, 0.029024333, 0.03276115, 0.03474047, 0.0323687, 0.028239429, 0.028034672, 0.019963827, 0.019230112, 0.03755588, 0.052810293, 0.060591064, 0.06994165, 0.0760673, 0.08144217, 0.104255535 ],
  "lightfield_0.0_0.0_0.6_x" : [ 0.010596185, 0.020834044, 0.020390404, 0.020441594, 0.024639115, 0.033802, 0.033716686, 0.034160323, 0.03431389, 0.034279767, 0.034757532, 0.03540593, 0.034996416, 0.035696004, 0.06289458, 0.07721052, 0.085417874, 0.080554895, 0.15561546, 0.13027677 ],
  "lightfield_0.0_0.0_0.8_y" : [ 0.032544095, 0.031370815, 0.02825489, 0.02610067, 0.02473505, 0.02417726, 0.023407897, 0.028658805, 0.036121637, 0.034698315, 0.04570022, 0.057182975, 0.06485738, 0.06841569, 0.06274163, 0.062241543, 0.05862553, 0.08870766, 0.1155777, 0.08588025 ],
  "lightfield_0.0_0.0_0.8_x" : [ 0.07176242, 0.04393068, 0.03581389, 0.031601623, 0.028678041, 0.025542883, 0.019714952, 0.028389528, 0.0327172, 0.03725645, 0.050200995, 0.054124754, 0.0503741, 0.051893596, 0.04804678, 0.06129907, 0.07382047, 0.0863611, 0.08745745, 0.08101402 ],
  "lightfield_0.0_0.0_0.2_y" : [ 0.08588698, 0.11472704, 0.08957114, 0.05917682, 0.062131822, 0.062880166, 0.06848316, 0.064664684, 0.056471266, 0.04538041, 0.034922767, 0.03617001, 0.028187662, 0.0226998, 0.023889475, 0.025175093, 0.026057757, 0.028341169, 0.032313153, 0.032869615 ],
  "lightfield_0.0_0.0_0.2_x" : [ 0.07097764, 0.04384534, 0.03582462, 0.031833444, 0.028993571, 0.025424542, 0.02003262, 0.028226038, 0.03237072, 0.037244555, 0.05008155, 0.05445649, 0.051040966, 0.05249928, 0.048623238, 0.061057277, 0.07429723, 0.08573347, 0.08659695, 0.080840446 ],
  "lightfield_0.0_0.0_0.4_y" : [ 0.10485877, 0.08109305, 0.075948074, 0.06981499, 0.06039388, 0.052489012, 0.037497018, 0.018552592, 0.02042659, 0.027684078, 0.028195169, 0.032369077, 0.03468602, 0.032658692, 0.028944768, 0.025980443, 0.024413098, 0.036338545, 0.05376674, 0.1538894 ],
  "lightfield_0.0_0.0_0.4_x" : [ 0.010596613, 0.020886572, 0.020358445, 0.02037548, 0.024617534, 0.03380013, 0.03366384, 0.034157895, 0.034890458, 0.03509489, 0.035367474, 0.035299327, 0.034566764, 0.035623018, 0.0627449, 0.07702136, 0.08543732, 0.080053836, 0.15526934, 0.13017479 ],
  "lightfield_0.0_0.0_0.0_y" : [ 0.0, 0.22325273, 0.22868474, 0.06314717, 0.03266925, 0.032592088, 0.033101343, 0.03374948, 0.033332817, 0.032777272, 0.032376043, 0.032376043, 0.03268468, 0.033487137, 0.033950094, 0.033903796, 0.032576658, 0.031727906, 0.023610746, 0.0 ],
  "lightfield_0.0_0.0_0.0_x" : [ 0.17905588, 0.07148038, 0.053023875, 0.031403836, 0.03393466, 0.032839, 0.029428558, 0.02597182, 0.02595639, 0.016650978, 0.017052205, 0.02580207, 0.02587923, 0.02927424, 0.032638386, 0.033950094, 0.0314347, 0.0530856, 0.07171185, 0.17942624 ],
  "d1" : [ 0.0764075, 0.0781862, 0.0793187, 0.1014646, 0.1237269, 0.1085291, 0.0903171, 0.0848671, 0.1105272, 0.0600892, 0.0197534, 0.0098607, 0.007072, 0.0071397, 0.0052936, 0.0017786, 0.0070505, 0.0070373, 0.0070801, 0.0145005 ],
  "d2" : [ 0.03627447, 0.072845995, 0.10040943, 0.10698069, 0.09236372, 0.07311424, 0.0643749, 0.055161286, 0.060842283, 0.058335043, 0.054394353, 0.05108407, 0.043511942, 0.035464026, 0.0313182, 0.021367852, 0.01395065, 0.013186416, 0.0103690205, 0.0046514166 ],
  "d3" : [ 0.011439395, 0.06618376, 0.11789885, 0.14501566, 0.15252756, 0.14055386, 0.112353176, 0.08086231, 0.0503044, 0.027157659, 0.018407537, 0.015434414, 0.013133032, 0.011750714, 0.010629001, 0.009208548, 0.0073841047, 0.0054812785, 0.003629366, 6.4537715E-4 ],
  "d4" : [ 9.558192E-6, 8.0634534E-5, 3.3504513E-4, 0.0010957349, 0.0026679558, 0.0053711953, 0.010220859, 0.019918153, 0.039755467, 0.6034844, 0.24599095, 0.03535026, 0.017874023, 0.009291376, 0.0049100635, 0.0023835488, 9.1758644E-4, 2.846104E-4, 5.3891934E-5, 4.677413E-6 ],
  "lightfield_0.0_0.8_0.0_y" : [ 0.20578676, 0.24494827, 0.09215875, 0.041755706, 0.035404388, 0.03215418, 0.03008677, 0.028357305, 0.027025415, 0.025723346, 0.024987824, 0.024361638, 0.023983939, 0.023894483, 0.023894483, 0.024063453, 0.024212545, 0.023655936, 0.023626117, 0.019918695 ],
  "lightfield_0.0_0.8_0.0_x" : [ 0.044250514, 0.1264698, 0.05102923, 0.046129074, 0.03853532, 0.03495711, 0.03516584, 0.03389359, 0.029092824, 0.018576866, 0.01627091, 0.027254023, 0.032452364, 0.03664682, 0.03891302, 0.039022353, 0.036597125, 0.09002177, 0.21652138, 0.0082000615 ],
  "lightfield_0.8_0.0_0.0_x" : [ 0.07220894, 0.04934669, 0.06013257, 0.053841416, 0.05753692, 0.05832881, 0.055997126, 0.04794621, 0.032929566, 0.011489786, 0.012054376, 0.032907568, 0.04807086, 0.05604112, 0.05832881, 0.057522252, 0.053834084, 0.060088575, 0.049148716, 0.072245605 ],
  "lightfield_0.8_0.0_0.0_y" : [ 0.0, 0.0, 0.014576703, 0.017707616, 0.017707616, 0.01803757, 0.017736945, 0.01706237, 0.016461117, 0.01613116, 0.01581587, 0.015786542, 0.015683888, 0.014833336, 0.09283483, 0.25402912, 0.26686805, 0.18872724, 0.0, 0.0 ],
  "lightfield_0.0_0.6_0.0_x" : [ 0.0, 0.0, 0.0, 0.0, 0.008259029, 0.21786785, 0.09839956, 0.0759954, 0.05879936, 0.053272795, 0.060258042, 0.08753133, 0.29152113, 0.045239758, 0.002855734, 0.0, 0.0, 0.0, 0.0, 0.0 ],
  "lightfield_0.0_0.6_0.0_y" : [ 0.16918683, 0.23884414, 0.12014628, 0.055337552, 0.04380162, 0.03720672, 0.03309775, 0.02987221, 0.02702675, 0.025208531, 0.023708757, 0.022763694, 0.022260344, 0.022095986, 0.022106258, 0.022085713, 0.022085713, 0.022085713, 0.022321979, 0.018757448 ],
  "lightfield_0.6_0.0_0.0_y" : [ 0.0, 0.0, 0.0, 0.0, 0.0, 0.0029239114, 0.016708065, 0.01717589, 0.016524278, 0.063351415, 0.17786293, 0.22767524, 0.22709046, 0.21916527, 0.03152255, 0.0, 0.0, 0.0, 0.0, 0.0 ],
  "lightfield_0.6_0.0_0.0_x" : [ 0.028776858, 0.041608654, 0.061040133, 0.06166947, 0.066219635, 0.06698821, 0.06444301, 0.055765953, 0.038796127, 0.01450817, 0.01519877, 0.038746003, 0.055933036, 0.06448756, 0.06699377, 0.06616951, 0.061630484, 0.0609733, 0.041419294, 0.028632054 ],
  "lightfield_0.0_0.4_0.0_x" : [ 0.0, 0.0, 0.0, 0.0, 0.0082535045, 0.21785964, 0.0984048, 0.07603914, 0.058894873, 0.053303458, 0.06029273, 0.08758172, 0.2913292, 0.045183573, 0.0028573778, 0.0, 0.0, 0.0, 0.0, 0.0 ],
  "lightfield_0.0_0.4_0.0_y" : [ 0.16921227, 0.2389405, 0.12021543, 0.055369403, 0.04382683, 0.037228137, 0.033116803, 0.029889405, 0.027042305, 0.02522304, 0.023722403, 0.022766517, 0.022221765, 0.022098426, 0.022098426, 0.022098426, 0.022098426, 0.022098426, 0.022221765, 0.018511286 ],
  "lightfield_0.0_0.2_0.0_y" : [ 0.2059555, 0.24520455, 0.092247695, 0.041776106, 0.03535896, 0.032145415, 0.030115807, 0.02838467, 0.027051497, 0.025748169, 0.025011938, 0.02436525, 0.023927491, 0.023877745, 0.023877745, 0.023877745, 0.023847898, 0.02360912, 0.023648918, 0.019967765 ],
  "lightfield_0.0_0.2_0.0_x" : [ 0.044293217, 0.1261541, 0.050670568, 0.04617359, 0.03866205, 0.035020694, 0.035199776, 0.033926297, 0.02913085, 0.018405762, 0.016475644, 0.02721068, 0.032483682, 0.03668219, 0.038950574, 0.03906001, 0.03663244, 0.0900589, 0.216601, 0.008207975 ],
  "a3" : [ 0.20295149, 0.17715491, 0.10322975, 0.07781604, 0.058213037, 0.044636775, 0.0283326, 0.0, 0.0, 0.0, 0.0, 0.0, 0.0, 0.0036827952, 0.031843033, 0.055671778, 0.053181533, 0.053288992, 0.055953313, 0.054043945 ],