{
  "eccentricity_minmax" : 2.2208077E-4,
  "compactness" : 240.55368,
  "eccentricity" : 1.1049184,
  "compactness_standardized" : -0.06350583,
  "convexity_minmax" : 0.0048068995,
  "diameter_standardized" : -0.3880576,
  "surface_area_minmax" : 0.010603576,
  "convexity" : 0.010220469,
  "diameter_minmax" : 0.045649778,
  "rectangularity _standardized" : -0.4037848,
  "convexity_standardized" : -1.1602222,
  "diameter" : 1.0242146,
  "surface_area" : 0.23226433,
  "rectangularity " : 1.0128551E-4,
  "compactness_minmax" : 6.0992556E-5,
  "surface_area_standardized" : -0.8323527,
  "rectangularity _minmax" : 1.8247085E-4,
  "eccentricity_standardized" : -0.35989562,
  "lightfield_0.0_0.0_0.6_y" : [ 0.10529323, 0.10254013, 0.08815126, 0.06836008, 0.07838554, 0.09500805, 0.090384915, 0.071892366, 0.030491922, 0.016466677, 0.017921148, 0.01999896, 0.020050906, 0.019323671, 0.020985924, 0.021713158, 0.02425848, 0.036465637, 0.037712328, 0.034595605 ],
  "lightfield_0.0_0.0_0.6_x" : [ 0.015635552, 0.035530623, 0.034803387, 0.029712742, 0.019427562, 0.017869202, 0.017349748, 0.017609475, 0.016414732, 0.015219988, 0.033400863, 0.0514259, 0.055945147, 0.07480131, 0.07963223, 0.08596956, 0.085917614, 0.07932056, 0.1357332, 0.09828061 ],
  "lightfield_0.0_0.0_0.8_y" : [ 0.22558075, 0.04488525, 0.033095438, 0.037468515, 0.039427653, 0.040512174, 0.03820319, 0.033480268, 0.01822698, 0.03190596, 0.037538484, 0.039147776, 0.038832914, 0.036244053, 0.03243073, 0.02315981, 0.041526727, 0.046389587, 0.058879092, 0.10306465 ],
  "lightfield_0.0_0.0_0.8_x" : [ 0.016302826, 0.03645396, 0.04236636, 0.04345088, 0.044990204, 0.039672542, 0.030926391, 0.02833753, 0.027148055, 0.026518332, 0.024979008, 0.024244333, 0.025048979, 0.024979008, 0.024244333, 0.022879932, 0.024139378, 0.03935768, 0.16264343, 0.2913168 ],
  "lightfield_0.0_0.0_0.2_y" : [ 0.24651957, 0.10152351, 0.09211102, 0.0731985, 0.042990983, 0.027536994, 0.028762806, 0.030951755, 0.032834254, 0.036643025, 0.0412836, 0.040189125, 0.039576218, 0.029769722, 0.016679801, 0.02110148, 0.026967866, 0.02679275, 0.026486298, 0.018080728 ],
  "lightfield_0.0_0.0_0.2_x" : [ 0.103143334, 0.11111111, 0.12525173, 0.11189913, 0.04272831, 0.021013921, 0.041108485, 0.042990983, 0.04220296, 0.03992645, 0.034848087, 0.022677524, 0.021714386, 0.026136065, 0.026398739, 0.024209788, 0.02718676, 0.03209001, 0.052053235, 0.051308993 ],
  "lightfield_0.0_0.0_0.4_y" : [ 0.26636928, 0.10987207, 0.08302474, 0.060932502, 0.029666724, 0.027604781, 0.027268136, 0.028193906, 0.029161757, 0.029203838, 0.029708803, 0.037114963, 0.039092746, 0.040397238, 0.038545698, 0.031181619, 0.025542838, 0.024364585, 0.023354653, 0.019399092 ],
  "lightfield_0.0_0.0_0.4_x" : [ 0.015022723, 0.088200636, 0.04309039, 0.035263423, 0.033706445, 0.03303316, 0.020745665, 0.031013297, 0.03787241, 0.04022892, 0.04237502, 0.040775962, 0.032570273, 0.025248274, 0.04334287, 0.048392527, 0.049654942, 0.07725972, 0.2530298, 0.0091735395 ],
  "lightfield_0.0_0.0_0.0_y" : [ 0.043799687, 0.113524735, 0.11301838, 0.10441035, 0.08673857, 0.09868854, 0.05342043, 0.04790116, 0.04207808, 0.03053319, 0.01757051, 0.019849107, 0.021975797, 0.020608637, 0.022532787, 0.025368374, 0.027393792, 0.045622565, 0.048508786, 0.01645653 ],
  "lightfield_0.0_0.0_0.0_x" : [ 0.1779837, 0.104055904, 0.070990935, 0.08066231, 0.0740797, 0.06435769, 0.04486303, 0.037622157, 0.0472429, 0.04643273, 0.04466049, 0.023444224, 0.016405893, 0.018178135, 0.017975593, 0.018988304, 0.026684895, 0.029925566, 0.029824294, 0.02562155 ],
  "d1" : [ 0.3579473, 0.1295826, 0.0589795, 0.0652226, 0.1163388, 0.0995, 0.016387, 0.0091479, 0.0094386, 0.0066203, 0.0075968, 0.0069792, 0.0050292, 0.0063025, 0.0123747, 0.0213693, 0.0186339, 0.0176437, 0.0185554, 0.0163507 ],
  "d2" : [ 0.09266787, 0.14030124, 0.092357315, 0.079260215, 0.10324093, 0.07565789, 0.072593644, 0.0336039, 0.027906101, 0.02778928, 0.031641755, 0.023362502, 0.022053573, 0.027244985, 0.034718797, 0.04037639, 0.035400517, 0.025079504, 0.011206468, 0.0035371212 ],
  "d3" : [ 0.06812693, 0.16848831, 0.17340168, 0.13430193, 0.095539965, 0.070342086, 0.053200245, 0.0412986, 0.039954823, 0.036476485, 0.0316433, 0.024016602, 0.016539324, 0.011572214, 0.008715811, 0.006782195, 0.0053967577, 0.006287849, 0.006168614, 0.0017462614 ],
  "d4" : [ 3.5589012E-6, 2.491231E-5, 1.07682186E-4, 3.3596027E-4, 9.485997E-4, 0.0023089135, 0.005450203, 0.014266212, 0.046603203, 0.6719354, 0.20208183, 0.03669278, 0.011571615, 0.0045416662, 0.0019536335, 7.713664E-4, 2.9142317E-4, 8.8769164E-5, 1.9929847E-5, 2.3387065E-6 ],
  "lightfield_0.0_0.8_0.0_y" : [ 0.08204278, 0.10452469, 0.099571384, 0.06888116, 0.05753912, 0.09259634, 0.08151712, 0.08899762, 0.086349115, 0.054850187, 0.012797703, 0.012939226, 0.014233149, 0.015567507, 0.017124256, 0.019105576, 0.021086896, 0.02415996, 0.026080627, 0.020035584 ],
  "lightfield_0.0_0.8_0.0_x" : [ 0.0, 0.02145081, 0.041304436, 0.025595406, 0.015183373, 0.012757268, 0.011119647, 0.009178763, 0.011240953, 0.040152036, 0.036411792, 0.03067001, 0.057417817, 0.07921232, 0.093688086, 0.09401157, 0.14004691, 0.22688124, 0.05367757, 0.0 ],
  "lightfield_0.8_0.0_0.0_x" : [ 0.11966786, 0.08093862, 0.05157115, 0.109023936, 0.117368124, 0.10906464, 0.048721913, 0.030792087, 0.035513677, 0.035391565, 0.032114945, 0.017685607, 0.015487626, 0.017909477, 0.019985346, 0.023994626, 0.031992838, 0.036083523, 0.035880007, 0.030812439 ],
  "lightfield_0.8_0.0_0.0_y" : [ 0.0, 0.002523608, 0.02161348, 0.028675513, 0.032359168, 0.029591339, 0.025297135, 0.02161348, 0.018601432, 0.014938131, 0.022732824, 0.040845815, 0.06445376, 0.09243732, 0.07918838, 0.16804379, 0.18125203, 0.14176978, 0.014063009, 0.0 ],
  "lightfield_0.0_0.6_0.0_x" : [ 0.0, 0.0, 0.0, 0.0, 0.0, 0.009165891, 0.071685284, 0.021848174, 0.050612785, 0.14827025, 0.18523115, 0.2815829, 0.1762204, 0.055383183, 0.0, 0.0, 0.0, 0.0, 0.0, 0.0 ],
  "lightfield_0.0_0.6_0.0_y" : [ 0.072900504, 0.10856862, 0.10144534, 0.05967525, 0.044394456, 0.09234409, 0.09085738, 0.09729548, 0.09332661, 0.05814976, 0.009799358, 0.0099932775, 0.011363637, 0.012953769, 0.014621471, 0.016599441, 0.019921916, 0.026566863, 0.03105285, 0.028169924 ],
  "lightfield_0.6_0.0_0.0_y" : [ 0.0, 0.0, 0.0, 0.0, 0.0, 0.0021172098, 0.028431104, 0.04178249, 0.06770751, 0.093042016, 0.102130175, 0.2195129, 0.2691017, 0.1694056, 0.0067693107, 0.0, 0.0, 0.0, 0.0, 0.0 ],
  "lightfield_0.6_0.0_0.0_x" : [ 0.09773732, 0.067174606, 0.049343955, 0.11041178, 0.12178998, 0.11543835, 0.051158704, 0.034523483, 0.041134365, 0.041336004, 0.040529445, 0.020754417, 0.015843067, 0.017787443, 0.019803833, 0.024355115, 0.03183016, 0.03471072, 0.03465311, 0.029684147 ],
  "lightfield_0.0_0.4_0.0_x" : [ 0.0, 0.0, 0.0, 0.0, 0.0011762772, 0.119714655, 0.26424497, 0.29347482, 0.15156268, 0.065163225, 0.04538153, 0.027142912, 0.016859973, 0.012913752, 0.0023652024, 0.0, 0.0, 0.0, 0.0, 0.0 ],
  "lightfield_0.0_0.4_0.0_y" : [ 0.06861617, 0.10336061, 0.10423333, 0.057549044, 0.039500147, 0.09030773, 0.09350771, 0.09908554, 0.09425395, 0.058649432, 0.009195198, 0.009511402, 0.010902698, 0.012433123, 0.014418881, 0.01693586, 0.020414101, 0.028711282, 0.03544009, 0.032973703 ],
  "lightfield_0.0_0.2_0.0_y" : [ 0.082934774, 0.11348785, 0.105131306, 0.058443263, 0.03636937, 0.08086754, 0.087699935, 0.09127381, 0.08612323, 0.05399345, 0.009425202, 0.010020847, 0.010704087, 0.0123683885, 0.015083828, 0.018324837, 0.020900125, 0.030605631, 0.039365113, 0.03687742 ],
  "lightfield_0.0_0.2_0.0_x" : [ 0.037297875, 0.18636674, 0.19053626, 0.09032778, 0.10304655, 0.10166255, 0.07265115, 0.03382912, 0.032707907, 0.03062315, 0.029887352, 0.023668122, 0.009687987, 0.00947776, 0.01031867, 0.010756644, 0.010528898, 0.009179938, 0.006324346, 0.0011212137 ],