{
  "eccentricity_minmax" : 0.0030429265,
  "compactness" : 696.93976,
  "eccentricity" : 2.4283268,
  "compactness_standardized" : -0.060441907,
  "convexity_minmax" : 0.015218264,
  "diameter_standardized" : 2.7942214,
  "surface_area_minmax" : 0.06786054,
  "convexity" : 0.03013627,
  "diameter_minmax" : 0.5590777,
  "rectangularity _standardized" : -0.3606337,
  "convexity_standardized" : -1.0893263,
  "diameter" : 1.2965591,
  "surface_area" : 1.4009539,
  "rectangularity " : 0.0021999676,
  "compactness_minmax" : 1.7693038E-4,
  "surface_area_standardized" : -0.11756304,
  "rectangularity _minmax" : 0.0039644316,
  "eccentricity_standardized" : -0.29998976,
  "lightfield_0.0_0.0_0.6_y" : [ 0.066770844, 0.056973483, 0.082024954, 0.018007291, 0.01842895, 0.053724237, 0.054790784, 0.060917232, 0.0686807, 0.07200436, 0.08324032, 0.17873354, 0.1618176, 0.023885706, 0.0, 0.0, 0.0, 0.0, 0.0, 0.0 ],
  "lightfield_0.0_0.0_0.6_x" : [ 0.028672768, 0.02926805, 0.03048342, 0.031252325, 0.03172359, 0.03311258, 0.033162188, 0.088845894, 0.27502045, 0.24905127, 0.112731606, 0.056675844, 0.0, 0.0, 0.0, 0.0, 0.0, 0.0, 0.0, 0.0 ],
  "lightfield_0.0_0.0_0.8_y" : [ 0.096088335, 0.09954048, 0.10850232, 0.09126449, 0.036601815, 0.05413685, 0.06952287, 0.102855444, 0.13664526, 0.13145562, 0.072837844, 5.4868433E-4, 0.0, 0.0, 0.0, 0.0, 0.0, 0.0, 0.0, 0.0 ],
  "lightfield_0.0_0.0_0.8_x" : [ 0.046226654, 0.05646876, 0.062481426, 0.077250175, 0.08227979, 0.08051942, 0.08045083, 0.08625774, 0.021581583, 0.047712673, 0.047918428, 0.06719097, 0.07990215, 0.08275988, 0.06520198, 0.015797535, 0.0, 0.0, 0.0, 0.0 ],
  "lightfield_0.0_0.0_0.2_y" : [ 0.11971548, 0.072315544, 0.05095644, 0.094257355, 0.1143104, 0.10269651, 0.088169105, 0.046415366, 0.031566467, 0.029938916, 0.028994534, 0.028391737, 0.026824465, 0.025699245, 0.025257193, 0.024172159, 0.023026844, 0.021981996, 0.022504421, 0.02280582 ],
  "lightfield_0.0_0.0_0.2_x" : [ 0.04910786, 0.010187269, 0.0, 0.0, 0.0, 0.0012457804, 0.023529176, 0.049770936, 0.07995097, 0.03020013, 0.060319886, 0.08557708, 0.08557708, 0.09996383, 0.108382896, 0.11214033, 0.10920672, 0.08228179, 0.01255827, 0.0 ],
  "lightfield_0.0_0.0_0.4_y" : [ 0.054801553, 0.05018081, 0.041475065, 0.016764142, 0.02198759, 0.08504844, 0.057837404, 0.064913616, 0.06770392, 0.06620831, 0.05953391, 0.064868964, 0.08598598, 0.07292736, 0.06674405, 0.0611188, 0.055002455, 0.0068976292, 0.0, 0.0 ],
  "lightfield_0.0_0.0_0.4_x" : [ 0.023527836, 0.023215322, 0.022947453, 0.023059065, 0.024800215, 0.025335953, 0.026385106, 0.026474396, 0.053596143, 0.15719453, 0.10210277, 0.14197062, 0.19315594, 0.14647976, 0.0097549, 0.0, 0.0, 0.0, 0.0, 0.0 ],
  "lightfield_0.0_0.0_0.0_y" : [ 0.069142, 0.33569118, 0.15310705, 0.035319395, 0.032253392, 0.03126358, 0.029996138, 0.029042538, 0.02782338, 0.026676646, 0.026181739, 0.025300564, 0.024745304, 0.023779634, 0.023345083, 0.023658926, 0.025819613, 0.030478973, 0.02112404, 0.005250833 ],
  "lightfield_0.0_0.0_0.0_x" : [ 0.1134542, 0.17927672, 0.03209647, 0.033846747, 0.03402781, 0.031855054, 0.027533678, 0.034788277, 0.0150886, 0.008497899, 0.010006759, 0.039170004, 0.026833566, 0.031348076, 0.033665683, 0.033979528, 0.03247067, 0.029054608, 0.15216552, 0.10084014 ],
  "d1" : [ 0.0128229, 0.0316074, 0.0788094, 0.1044589, 0.110652, 0.1203694, 0.1244425, 0.1214411, 0.1005798, 0.0521568, 0.041345, 0.0131664, 0.0111385, 0.0110924, 0.0111065, 0.0111412, 0.0090518, 0.011798, 0.0131602, 0.0096598 ],
  "d2" : [ 0.032081135, 0.0803261, 0.100867614, 0.10060497, 0.08360218, 0.062045895, 0.054329142, 0.06452333, 0.071338125, 0.0700226, 0.06453923, 0.053938672, 0.046102695, 0.040624533, 0.025588894, 0.016552506, 0.014610466, 0.010525148, 0.0061645824, 0.001612183 ],
  "d3" : [ 0.012750575, 0.07000309, 0.10954225, 0.121901415, 0.121253826, 0.113545924, 0.10169298, 0.085043885, 0.06435147, 0.04520578, 0.031533223, 0.024953173, 0.022265712, 0.020700064, 0.018499402, 0.014934534, 0.010565812, 0.006742752, 0.0036329883, 8.8113E-4 ],
  "d4" : [ 2.948804E-6, 2.3387065E-5, 1.18663935E-4, 4.3723645E-4, 0.00138909, 0.0036597706, 0.008367078, 0.017843213, 0.03928346, 0.15136343, 0.6944127, 0.04626826, 0.020422805, 0.009601001, 0.0042870524, 0.0017432515, 5.795925E-4, 1.5801522E-4, 3.5385645E-5, 3.660584E-6 ],
  "lightfield_0.0_0.8_0.0_y" : [ 0.06432537, 0.28919262, 0.15123904, 0.02972886, 0.026420066, 0.026812294, 0.027254807, 0.027868291, 0.02847172, 0.029024862, 0.029195832, 0.028733205, 0.028411377, 0.027968863, 0.028863948, 0.030000402, 0.03518988, 0.04477432, 0.038559016, 0.0079652425 ],
  "lightfield_0.0_0.8_0.0_x" : [ 0.20161517, 0.04067101, 0.029638346, 0.030875372, 0.031217314, 0.03626599, 0.052055676, 0.018605681, 0.019289564, 0.039112158, 0.028240405, 0.029447261, 0.030825086, 0.030764744, 0.2864973, 0.06822753, 0.02665138, 0.0, 0.0, 0.0 ],
  "lightfield_0.8_0.0_0.0_x" : [ 0.053745646, 0.062643245, 0.066209204, 0.07069609, 0.07025986, 0.06463049, 0.05418187, 0.040638134, 0.012394319, 0.0080113, 0.008551388, 0.038200814, 0.05310862, 0.06478975, 0.07024602, 0.070606075, 0.066139966, 0.057152353, 0.06665928, 0.001135569 ],
  "lightfield_0.8_0.0_0.0_y" : [ 0.016874278, 0.017552849, 0.12488489, 0.26138166, 0.27261963, 0.24043594, 0.06625076, 0.0, 0.0, 0.0, 0.0, 0.0, 0.0, 0.0, 0.0, 0.0, 0.0, 0.0, 0.0, 0.0 ],
  "lightfield_0.0_0.6_0.0_x" : [ 0.0, 0.0, 0.0, 0.013542571, 0.1655784, 0.14475657, 0.077951156, 0.08107788, 0.060374416, 0.09795431, 0.20048529, 0.06894579, 0.05424919, 0.031395487, 0.003688945, 0.0, 0.0, 0.0, 0.0, 0.0 ],
  "lightfield_0.0_0.6_0.0_y" : [ 0.048064783, 0.2263079, 0.12120256, 0.035804465, 0.03208593, 0.032381836, 0.033338595, 0.034186855, 0.03493648, 0.03573542, 0.03604119, 0.035548016, 0.034058627, 0.03319064, 0.032884873, 0.034729347, 0.04359662, 0.06111418, 0.04593427, 0.008857413 ],
  "lightfield_0.6_0.0_0.0_y" : [ 0.09880274, 0.14308572, 0.16222663, 0.16906813, 0.16466275, 0.14600566, 0.111488365, 0.004660026, 0.0, 0.0, 0.0, 0.0, 0.0, 0.0, 0.0, 0.0, 0.0, 0.0, 0.0, 0.0 ],
  "lightfield_0.6_0.0_0.0_x" : [ 0.035841458, 0.06388649, 0.07123304, 0.07419542, 0.0740681, 0.06969667, 0.05795748, 0.037522122, 0.008963548, 0.005924769, 0.006383132, 0.034080155, 0.05680733, 0.07001074, 0.0757233, 0.07616893, 0.07171687, 0.06131881, 0.042564116, 0.0059375013 ],
  "lightfield_0.0_0.4_0.0_x" : [ 0.0, 0.0, 0.0, 0.0043900628, 0.0610669, 0.17773, 0.109639004, 0.08368135, 0.08058579, 0.050699595, 0.12422752, 0.15946059, 0.06858629, 0.050800905, 0.029132007, 0.0, 0.0, 0.0, 0.0, 0.0 ],
  "lightfield_0.0_0.4_0.0_y" : [ 0.04168308, 0.13044114, 0.13945766, 0.039285433, 0.03594223, 0.03626867, 0.0374281, 0.03810349, 0.039307944, 0.040456116, 0.041255333, 0.040669993, 0.039082814, 0.03756318, 0.03808098, 0.041041456, 0.051161114, 0.07268368, 0.05015928, 0.009928295 ],
  "lightfield_0.0_0.2_0.0_y" : [ 0.046166837, 0.22577958, 0.14712372, 0.036023866, 0.033580996, 0.03353597, 0.033896208, 0.03454914, 0.034785546, 0.034920637, 0.035494767, 0.03427896, 0.033367105, 0.032477766, 0.032691658, 0.0346392, 0.04175391, 0.05610717, 0.03192615, 0.006900822 ],
  "lightfield_0.0_0.2_0.0_x" : [ 7.9927954E-4, 0.115715414, 0.12877406, 0.06907576, 0.028807836, 0.023460543, 0.022548689, 0.04194529, 0.02710796, 0.012720928, 0.040391758, 0.024653833, 0.020601148, 0.02351683, 0.02338174, 0.077046044, 0.18167286, 0.08680626, 0.040774513, 0.010199257 ],
  "a3" : [ 0.18111391, 0.15374546, 0.1169328, 0.098925024, 0.06930157, 0.063683145, 0.044035267, 0.0, 0.0, 0.0, 0.0, 0.0, 0.0, 0.011120329, 0.026170475, 0.030513138, 0.035828795, 0.04375142, 0.055633843, 0.069244824 ],
  "lightfield_0.4_0.0_0.0_y" : [ 0.14669499, 0.16570152, 0.17202681, 0.1713347, 0.1601428, 0.14213063, 0.03979587, 0.0021726752, 0.0, 0.0, 0.0, 0.0, 0.0, 0.0, 0.0, 0.0, 0.0, 0.0, 0.0, 0.0 ],