{
  "eccentricity_minmax" : 0.0015369541,
  "compactness" : 377.60092,
  "eccentricity" : 1.7217952,
  "compactness_standardized" : -0.06257415,
  "convexity_minmax" : 0.010734743,
  "diameter_standardized" : 1.0811803,
  "surface_area_minmax" : 0.025645759,
  "convexity" : 0.021559786,
  "diameter_minmax" : 0.2827512,
  "rectangularity _standardized" : -0.39857498,
  "convexity_standardized" : -1.1200215,
  "diameter" : 1.1499835,
  "surface_area" : 0.539295,
  "rectangularity " : 3.7541505E-4,
  "compactness_minmax" : 9.580729E-5,
  "surface_area_standardized" : -0.6448956,
  "rectangularity _minmax" : 6.7647E-4,
  "eccentricity_standardized" : -0.33193642,
  "lightfield_0.0_0.0_0.6_y" : [ 0.04892128, 0.053250596, 0.053683527, 0.057471678, 0.07110903, 0.08056137, 0.062414315, 0.07991197, 0.09362147, 0.07540227, 0.07204705, 0.08481853, 0.15690166, 0.009885273, 0.0, 0.0, 0.0, 0.0, 0.0, 0.0 ],
  "lightfield_0.0_0.0_0.6_x" : [ 0.002814056, 0.004185006, 0.005772422, 0.007720615, 0.009199798, 0.010498593, 0.012951872, 0.03088246, 0.047730718, 0.046395846, 0.060141426, 0.07908218, 0.097590014, 0.20073599, 0.384299, 0.0, 0.0, 0.0, 0.0, 0.0 ],
  "lightfield_0.0_0.0_0.8_y" : [ 0.02238806, 0.03891025, 0.03845402, 0.03825849, 0.05230398, 0.05442221, 0.064980775, 0.09121423, 0.10288079, 0.16756827, 0.32167763, 0.006941276, 0.0, 0.0, 0.0, 0.0, 0.0, 0.0, 0.0, 0.0 ],
  "lightfield_0.0_0.0_0.8_x" : [ 0.010265267, 0.011568794, 0.014045493, 0.028938279, 0.04021378, 0.03910578, 0.039724957, 0.04920811, 0.04917552, 0.05422668, 0.067196764, 0.077690154, 0.068891354, 0.105846316, 0.1045102, 0.115003586, 0.12438897, 0.0, 0.0, 0.0 ],
  "lightfield_0.0_0.0_0.2_y" : [ 0.32692608, 0.14879629, 0.10183765, 0.084212504, 0.060326207, 0.05343894, 0.04802304, 0.035563346, 0.037660833, 0.035500735, 0.017468616, 0.010894406, 0.009266506, 0.0074820775, 0.0059794006, 0.004194972, 0.002254015, 0.0016905112, 0.0033497168, 0.0051341453 ],
  "lightfield_0.0_0.0_0.2_x" : [ 0.009109977, 0.012584917, 0.015120684, 0.030335285, 0.039006982, 0.036909495, 0.029615251, 0.0401966, 0.04698995, 0.05340763, 0.065585576, 0.08064365, 0.07078233, 0.10997715, 0.11057196, 0.12559873, 0.12356385, 0.0, 0.0, 0.0 ],
  "lightfield_0.0_0.0_0.4_y" : [ 0.078680985, 0.08473926, 0.100805216, 0.077415645, 0.0713957, 0.086618096, 0.072124235, 0.059394173, 0.057093557, 0.056710124, 0.050805215, 0.053029142, 0.051687118, 0.02994632, 0.020360429, 0.012615031, 0.0050996933, 0.008703988, 0.017446319, 0.0053297547 ],
  "lightfield_0.0_0.0_0.4_x" : [ 0.010544479, 0.009010736, 0.006326687, 0.0041411044, 0.0027990798, 0.001993865, 0.0037960124, 0.0061733127, 0.008435583, 0.009815951, 0.014570552, 0.07910276, 0.16564417, 0.26491565, 0.41273007, 0.0, 0.0, 0.0, 0.0, 0.0 ],
  "lightfield_0.0_0.0_0.0_y" : [ 0.09522271, 0.33197287, 0.19073905, 0.09539889, 0.09216901, 0.055847548, 0.020436328, 0.017588161, 0.01526852, 0.012185453, 0.009190475, 0.006812109, 0.004316293, 0.0027013535, 0.004463106, 0.0071644597, 0.008808762, 0.012185453, 0.014270194, 0.0032592418 ],
  "lightfield_0.0_0.0_0.0_x" : [ 0.028951464, 0.050621018, 0.054203246, 0.050151218, 0.04809584, 0.047537953, 0.04912353, 0.059752766, 0.06715213, 0.04985759, 0.0571395, 0.06747512, 0.055700738, 0.04777285, 0.046980064, 0.047626037, 0.05044484, 0.05226532, 0.04234078, 0.026808 ],
  "d1" : [ 0.1604476, 0.1668178, 0.098076, 0.1145306, 0.0958298, 0.0646434, 0.0560618, 0.0329675, 0.0269677, 0.0219838, 0.0224541, 0.0189724, 0.0227648, 0.0167507, 0.0149861, 0.0138182, 0.013043, 0.0119353, 0.0123537, 0.0145957 ],
  "d2" : [ 0.029519083, 0.06341284, 0.07671967, 0.074337855, 0.06600229, 0.061528105, 0.05962267, 0.059422135, 0.0592163, 0.057555407, 0.055653572, 0.053633817, 0.050116602, 0.046958044, 0.04544948, 0.045580603, 0.040553823, 0.028551614, 0.01912766, 0.007038436 ],
  "d3" : [ 0.011478235, 0.054160062, 0.09045473, 0.11217327, 0.119023785, 0.11329548, 0.0988554, 0.08132818, 0.06749212, 0.057532143, 0.049407274, 0.04100801, 0.033464827, 0.026023068, 0.01862065, 0.012817186, 0.0078360895, 0.003780095, 0.001140931, 1.0846843E-4 ],
  "d4" : [ 1.0168289E-5, 5.653569E-5, 2.1505932E-4, 6.3236593E-4, 0.0016143176, 0.0041761165, 0.010709954, 0.027924461, 0.07880465, 0.5059978, 0.27116317, 0.061809573, 0.022695519, 0.008715749, 0.0033936666, 0.0013376385, 5.147188E-4, 1.7184409E-4, 4.982462E-5, 6.9144367E-6 ],
  "lightfield_0.0_0.8_0.0_y" : [ 0.030867731, 0.1540047, 0.15570314, 0.123948015, 0.10497891, 0.06618194, 0.037842788, 0.035762675, 0.03351081, 0.03155474, 0.029808592, 0.027814355, 0.025963245, 0.024360223, 0.02376863, 0.023043454, 0.02233736, 0.021936605, 0.021478597, 0.0051334896 ],
  "lightfield_0.0_0.8_0.0_x" : [ 0.0, 0.027489934, 0.107383445, 0.09782256, 0.06534226, 0.054970324, 0.040943876, 0.033520352, 0.02657392, 0.01979924, 0.027585352, 0.036926776, 0.043787334, 0.049579207, 0.062479723, 0.072794415, 0.12870938, 0.1042919, 0.0, 0.0 ],
  "lightfield_0.8_0.0_0.0_x" : [ 8.147235E-4, 0.030593913, 0.053917985, 0.065240555, 0.071915016, 0.07167478, 0.07044225, 0.060665566, 0.046752594, 0.030092545, 0.034636196, 0.05245566, 0.064091586, 0.07123608, 0.07190457, 0.070713826, 0.061354946, 0.04712862, 0.02436859, 0.0 ],
  "lightfield_0.8_0.0_0.0_y" : [ 0.006632685, 0.0081159, 0.009505108, 0.010894315, 0.020169629, 0.08306002, 0.1689089, 0.23319894, 0.25486222, 0.19149137, 0.013160918, 0.0, 0.0, 0.0, 0.0, 0.0, 0.0, 0.0, 0.0, 0.0 ],
  "lightfield_0.0_0.6_0.0_x" : [ 0.0, 0.0, 0.0, 0.0, 0.0, 0.0, 0.13455477, 0.20773125, 0.0873842, 0.06450049, 0.0693417, 0.09360652, 0.27686724, 0.06601383, 0.0, 0.0, 0.0, 0.0, 0.0, 0.0 ],
  "lightfield_0.0_0.6_0.0_y" : [ 0.024154624, 0.10370768, 0.13175584, 0.1333059, 0.110635236, 0.071310505, 0.042153053, 0.0402724, 0.03886191, 0.037084106, 0.035320997, 0.033535846, 0.03170662, 0.030185934, 0.028907679, 0.02724007, 0.026160164, 0.024720289, 0.023236338, 0.005744804 ],
  "lightfield_0.6_0.0_0.0_y" : [ 4.2230622E-5, 0.0099664265, 0.013485645, 0.016068751, 0.15559168, 0.23609029, 0.24745032, 0.23117746, 0.090127185, 0.0, 0.0, 0.0, 0.0, 0.0, 0.0, 0.0, 0.0, 0.0, 0.0, 0.0 ],
  "lightfield_0.6_0.0_0.0_x" : [ 0.014414718, 0.023536533, 0.049163483, 0.063141815, 0.07144014, 0.07148237, 0.07025064, 0.061931208, 0.048417408, 0.025514334, 0.032447193, 0.054935, 0.0650422, 0.07131344, 0.07157387, 0.07020841, 0.058770947, 0.042702198, 0.019918777, 0.013795337 ],
  "lightfield_0.0_0.4_0.0_x" : [ 0.0, 0.0, 0.0, 0.0, 0.0, 0.0, 0.12838447, 0.21947639, 0.08985886, 0.0660932, 0.06780333, 0.0922002, 0.26847562, 0.06770791, 0.0, 0.0, 0.0, 0.0, 0.0, 0.0 ],
  "lightfield_0.0_0.4_0.0_y" : [ 0.024800546, 0.104119726, 0.1314084, 0.13305981, 0.110409774, 0.07119423, 0.042254142, 0.040521994, 0.038635712, 0.037035678, 0.035193436, 0.03341725, 0.031824555, 0.030356633, 0.028551087, 0.02736941, 0.026217092, 0.02472715, 0.023303265, 0.005600123 ],
  "lightfield_0.0_0.2_0.0_y" : [ 0.032306258, 0.15469892, 0.15485117, 0.12362972, 0.1044458, 0.0659257, 0.037425775, 0.035494063, 0.03382879, 0.03168773, 0.029822625, 0.027795753, 0.02611145, 0.02453182, 0.023751523, 0.022971224, 0.02259059, 0.02154385, 0.021372564, 0.005214677 ],
  "lightfield_0.0_0.2_0.0_x" : [ 0.0, 0.014692448, 0.118643425, 0.103284866, 0.06682019, 0.055867463, 0.042431105, 0.034580544, 0.027243834, 0.019792935, 0.027986068, 0.036835793, 0.04242159, 0.048968483, 0.06133907, 0.07094055, 0.11944275, 0.1049882, 0.0037206912, 0.0 ],
  "a3" : [ 0.15004082, 0.17851801, 0.14350806, 0.09686533, 0.062288754, 0.051415045, 0.029348057, 0.0, 0.0, 0.0, 0.0, 0.0, 0.0, 0.0024869256, 0.011274479, 0.025543109, 0.052485943, 0.06962788, 0.0723085, 0.054289058 ],
  "lightfield_0.4_0.0_0.0_y" : [ 0.0, 0.0, 0.09739762, 0.21061498, 0.2667922, 0.28148884, 0.10667032, 0.014278866, 0.012347624, 0.010067114, 3.4241885E-4, 0.0, 0.0, 0.0, 0.0, 0.0, 0.0, 0.0, 0.0, 0.0 ],