{
  "eccentricity_minmax" : 0.0041310466,
  "compactness" : 57825.08,
  "eccentricity" : 2.9388218,
  "compactness_standardized" : 0.32089272,
  "convexity_minmax" : 1.8927739E-4,
  "diameter_standardized" : 0.8531824,
  "surface_area_minmax" : 0.019729119,
  "convexity" : 0.0013874645,
  "diameter_minmax" : 0.24580139,
  "rectangularity _standardized" : -0.40552723,
  "convexity_standardized" : -1.1918454,
  "diameter" : 1.1303837,
  "surface_area" : 0.41852862,
  "rectangularity " : 1.7494094E-5,
  "compactness_minmax" : 0.014689451,
  "surface_area_standardized" : -0.71837556,
  "rectangularity _minmax" : 3.14733E-5,
  "eccentricity_standardized" : -0.27699232,
  "lightfield_0.0_0.0_0.6_y" : [ 0.14292625, 0.041668586, 0.037153915, 0.039848898, 0.043856822, 0.043257937, 0.043027595, 0.03994103, 0.034320727, 0.030381905, 0.008154051, 0.03588704, 0.03609435, 0.042474777, 0.046966415, 0.05016815, 0.04954623, 0.048463628, 0.07269544, 0.11316626 ],
  "lightfield_0.0_0.0_0.6_x" : [ 0.003109596, 0.006311328, 0.0070944857, 0.009190584, 0.013613121, 0.016953057, 0.019095223, 0.01953287, 0.020984014, 0.021859309, 0.02181324, 0.025360484, 0.026834661, 0.0269959, 0.03655503, 0.05512047, 0.07746349, 0.11397245, 0.21145253, 0.26668817 ],
  "lightfield_0.0_0.0_0.8_y" : [ 0.0, 0.0, 0.018687094, 0.026976021, 0.023793666, 0.022128478, 0.022387508, 0.02793813, 0.029936353, 0.04185169, 0.05213884, 0.06701451, 0.07966992, 0.09221433, 0.05976169, 0.07826377, 0.1232608, 0.2018206, 0.0321566, 0.0 ],
  "lightfield_0.0_0.0_0.8_x" : [ 0.009917111, 0.013950562, 0.016466845, 0.014838662, 0.015948785, 0.016318828, 0.017021906, 0.021129366, 0.022350503, 0.032563645, 0.04577413, 0.060871817, 0.07149201, 0.077745706, 0.08274127, 0.054581113, 0.06294405, 0.08596063, 0.11996744, 0.15741563 ],
  "lightfield_0.0_0.0_0.2_y" : [ 0.2480991, 0.10204664, 0.06285642, 0.10882651, 0.09143328, 0.07891902, 0.061145607, 0.051324293, 0.03203016, 0.029875807, 0.025757192, 0.01923077, 0.013813205, 0.014034976, 0.012134077, 0.0129578, 0.012165759, 0.010233177, 0.008427322, 0.004688886 ],
  "lightfield_0.0_0.0_0.2_x" : [ 0.0, 0.044100873, 0.04001394, 0.035515144, 0.035705235, 0.034786467, 0.040837664, 0.047364086, 0.052528195, 0.05354201, 0.05167279, 0.05357369, 0.012640984, 0.04058421, 0.0518312, 0.07996452, 0.107812695, 0.16502978, 0.052496515, 0.0 ],
  "lightfield_0.0_0.0_0.4_y" : [ 0.103539824, 0.10505162, 0.09520649, 0.08101033, 0.061504424, 0.04266224, 0.047603246, 0.05140118, 0.056637168, 0.05582596, 0.053834807, 0.045280237, 0.038237464, 0.031010324, 0.02581121, 0.021755163, 0.020390855, 0.021644542, 0.023082595, 0.018510325 ],
  "lightfield_0.0_0.0_0.4_x" : [ 0.0, 0.0, 0.0034660767, 0.015781712, 0.017367257, 0.017330384, 0.017330384, 0.016482301, 0.021939527, 0.028724188, 0.033554573, 0.046570797, 0.06677729, 0.08871681, 0.11161505, 0.1343289, 0.10062684, 0.2793879, 0.0, 0.0 ],
  "lightfield_0.0_0.0_0.0_y" : [ 0.0, 0.0, 0.27049083, 0.28143123, 0.10551803, 0.06755545, 0.036796797, 0.032044, 0.02971244, 0.026753154, 0.025766725, 0.025288455, 0.024869971, 0.023046572, 0.020057391, 0.016320918, 0.01034256, 0.0040055, 0.0, 0.0 ],
  "lightfield_0.0_0.0_0.0_x" : [ 0.10503975, 0.093710765, 0.076941475, 0.067465775, 0.055000897, 0.04382137, 0.037065823, 0.01904107, 0.03019071, 0.038919114, 0.045644768, 0.049650267, 0.050666586, 0.048783403, 0.044239853, 0.039487056, 0.041968077, 0.031565733, 0.031446166, 0.04935135 ],
  "d1" : [ 0.0851533, 0.1073762, 0.0842442, 0.0842966, 0.0877433, 0.0776505, 0.0775923, 0.0960698, 0.101415, 0.0586757, 0.0230972, 0.0208785, 0.0202253, 0.0180202, 0.0157684, 0.0129732, 0.0093665, 0.0071981, 0.0060958, 0.0061599 ],
  "d2" : [ 0.037520587, 0.07660485, 0.09126583, 0.094030015, 0.08350556, 0.076966815, 0.0745828, 0.066779725, 0.061758645, 0.056553632, 0.05442796, 0.05024452, 0.045499388, 0.04208669, 0.03838034, 0.02118752, 0.011837979, 0.008514295, 0.005969448, 0.0022834009 ],
  "d3" : [ 0.011994114, 0.050838493, 0.090366386, 0.11589188, 0.12313482, 0.11397024, 0.09940529, 0.082621954, 0.06566496, 0.052040398, 0.041896388, 0.035197303, 0.028948897, 0.023844743, 0.019260392, 0.015605972, 0.011838354, 0.009148377, 0.006071918, 0.0022591217 ],
  "d4" : [ 5.694242E-6, 5.521381E-5, 1.9472274E-4, 5.822362E-4, 0.0014898578, 0.0037541324, 0.008606745, 0.020481782, 0.05624101, 0.5607782, 0.26918086, 0.04776605, 0.01791673, 0.0076014064, 0.0032848658, 0.0013363166, 5.082111E-4, 1.6492965E-4, 4.7384226E-5, 3.660584E-6 ],
  "lightfield_0.0_0.8_0.0_y" : [ 0.023082163, 0.204624, 0.20678085, 0.13377564, 0.111652076, 0.042935345, 0.028039152, 0.026866123, 0.023738049, 0.022514569, 0.024192125, 0.025831841, 0.027257133, 0.026941802, 0.025201181, 0.020874852, 0.014807901, 0.00708862, 0.0037965742, 0.0 ],
  "lightfield_0.0_0.8_0.0_x" : [ 0.08682929, 0.026689539, 0.037625186, 0.035506167, 0.03227719, 0.03492596, 0.02607149, 0.021631643, 0.024658812, 0.0266517, 0.028884236, 0.014656543, 0.030612245, 0.03331147, 0.046315685, 0.07464494, 0.117756866, 0.1538054, 0.114363916, 0.032781716 ],
  "lightfield_0.8_0.0_0.0_x" : [ 0.06633782, 0.075905174, 0.07519694, 0.071556374, 0.06662359, 0.062113266, 0.051415224, 0.011381427, 0.025483958, 0.057118364, 0.063790664, 0.06591536, 0.06652419, 0.06535623, 0.061429884, 0.05075669, 0.019072589, 0.01254939, 0.011393852, 0.020079024 ],
  "lightfield_0.8_0.0_0.0_y" : [ 0.0, 0.0, 0.0, 0.0016773937, 0.0042369724, 0.007442658, 0.009828284, 0.010685619, 0.010536517, 0.010635919, 0.011406277, 0.013319748, 0.023595339, 0.08675232, 0.24611714, 0.3754504, 0.1883154, 0.0, 0.0, 0.0 ],
  "lightfield_0.0_0.6_0.0_x" : [ 0.0, 0.0, 0.0, 0.047171183, 0.15705667, 0.05816135, 0.04556188, 0.046524227, 0.05010675, 0.07370447, 0.17397457, 0.19328621, 0.07962412, 0.06144465, 0.013383904, 0.0, 0.0, 0.0, 0.0, 0.0 ],
  "lightfield_0.0_0.6_0.0_y" : [ 0.098288804, 0.18309666, 0.16118102, 0.11614479, 0.08758976, 0.029978327, 0.026751634, 0.02612085, 0.025813548, 0.025174677, 0.0267112, 0.028174937, 0.029549718, 0.029266676, 0.02811833, 0.025845895, 0.021713464, 0.016594423, 0.008984602, 0.004900692 ],
  "lightfield_0.6_0.0_0.0_y" : [ 0.0, 0.0, 0.0, 0.0, 0.0, 0.0, 0.0025426089, 0.008316603, 0.013196653, 0.08301215, 0.25082433, 0.28123304, 0.25893578, 0.10193883, 0.0, 0.0, 0.0, 0.0, 0.0, 0.0 ],
  "lightfield_0.6_0.0_0.0_x" : [ 0.04918153, 0.06972024, 0.07952431, 0.07710626, 0.07174993, 0.066166446, 0.05338013, 0.009635535, 0.02519161, 0.060700208, 0.0678371, 0.07016721, 0.07101719, 0.06959567, 0.06575611, 0.05253748, 0.011701862, 0.008631681, 0.009261837, 0.011137652 ],
  "lightfield_0.0_0.4_0.0_x" : [ 0.0, 0.0, 0.0, 0.01726482, 0.15518682, 0.1428115, 0.10520238, 0.093023635, 0.05679045, 0.049337417, 0.08429295, 0.140248, 0.103294075, 0.048182607, 0.004365346, 0.0, 0.0, 0.0, 0.0, 0.0 ],
  "lightfield_0.0_0.4_0.0_y" : [ 0.1058494, 0.17790627, 0.15343413, 0.10743829, 0.08320366, 0.030328097, 0.02769087, 0.027748203, 0.027445167, 0.026814526, 0.028378842, 0.02995954, 0.030680273, 0.030164294, 0.028690068, 0.026323117, 0.023088012, 0.018272208, 0.010622615, 0.0059624235 ],
  "lightfield_0.0_0.2_0.0_y" : [ 0.004832164, 0.21101353, 0.20800021, 0.106361896, 0.089300014, 0.046082012, 0.033499382, 0.033051457, 0.03049964, 0.028911542, 0.030336758, 0.030879699, 0.030323185, 0.028572204, 0.02653618, 0.023835056, 0.020224506, 0.012216144, 0.005524412, 0.0 ],
  "lightfield_0.0_0.2_0.0_x" : [ 0.092910565, 0.11236138, 0.09379284, 0.066550836, 0.04716789, 0.027540619, 0.014767962, 0.013614214, 0.020156639, 0.023264969, 0.026658341, 0.036594138, 0.044968985, 0.05633, 0.06644225, 0.09088811, 0.05081916, 0.043774515, 0.047819417, 0.02357716 ],
  "a3" : [ 0.18033853, 0.18158512, 0.12235833, 0.08256913, 0.051666494, 0.039557673, 0.02749846, 0.0, 0.0, 0.0, 0.0, 0.0, 0.0, 0.0036080345, 0.023815362, 0.0491358, 0.057398718, 0.06754887, 0.06225545, 0.05066402 ],