{
  "eccentricity_minmax" : 0.0013782226,
  "compactness" : 3.476858,
  "eccentricity" : 1.6473259,
  "compactness_standardized" : -0.06507219,
  "convexity_minmax" : 0.34622687,
  "diameter_standardized" : -0.2343503,
  "surface_area_minmax" : 0.10166744,
  "convexity" : 0.66331947,
  "diameter_minmax" : 0.070546165,
  "rectangularity _standardized" : 1.367398,
  "convexity_standardized" : 1.1768397,
  "diameter" : 1.0374207,
  "surface_area" : 2.0909972,
  "rectangularity " : 0.08529912,
  "compactness_minmax" : 7.6685336E-7,
  "surface_area_standardized" : 0.30474138,
  "rectangularity _minmax" : 0.15371446,
  "eccentricity_standardized" : -0.33530363,
  "lightfield_0.0_0.0_0.6_y" : [ 0.020513382, 0.036463518, 0.04450142, 0.051152073, 0.05645464, 0.05935155, 0.062560186, 0.063940905, 0.064270586, 0.063288085, 0.06260588, 0.061509136, 0.06618499, 0.063940905, 0.05943152, 0.053474497, 0.042882416, 0.028636152, 0.022122594, 0.016715575 ],
  "lightfield_0.0_0.0_0.6_x" : [ 0.0, 5.663253E-4, 0.012204556, 0.04268004, 0.05639099, 0.06563988, 0.07199513, 0.07702351, 0.08026152, 0.08131257, 0.08147741, 0.079274125, 0.069052525, 0.065998934, 0.06225825, 0.056892034, 0.04985132, 0.038066205, 0.009054678, 0.0 ],
  "lightfield_0.0_0.0_0.8_y" : [ 0.00593983, 0.027615, 0.040031977, 0.04912083, 0.053784117, 0.057600718, 0.061718546, 0.06796611, 0.071525455, 0.072049744, 0.07124702, 0.070178896, 0.068036124, 0.06547816, 0.061607827, 0.05680939, 0.05205818, 0.037760578, 0.009381935, 8.955336E-5 ],
  "lightfield_0.0_0.0_0.8_x" : [ 0.0, 0.007936056, 0.035702482, 0.041516937, 0.052339867, 0.061892767, 0.062036052, 0.061379872, 0.06561981, 0.068060555, 0.07068691, 0.07197811, 0.07196671, 0.0699428, 0.06616853, 0.06097932, 0.053186554, 0.04460734, 0.030101325, 0.0038980134 ],
  "lightfield_0.0_0.0_0.2_y" : [ 0.0, 0.010400027, 0.03552325, 0.050306693, 0.059102833, 0.06521551, 0.06817904, 0.07024537, 0.07093577, 0.07162781, 0.0710465, 0.07735947, 0.07716244, 0.07315679, 0.06765473, 0.058120962, 0.04401978, 0.020827737, 0.009115289, 0.0 ],
  "lightfield_0.0_0.0_0.2_x" : [ 0.015718093, 0.033396676, 0.04315515, 0.04983774, 0.055188373, 0.058840673, 0.061281513, 0.062359456, 0.06353998, 0.06604107, 0.06982038, 0.068389095, 0.06570727, 0.06272908, 0.05974927, 0.055048335, 0.04897636, 0.033753276, 0.016442692, 0.010025515 ],
  "lightfield_0.0_0.0_0.4_y" : [ 0.0078197885, 0.03220066, 0.044115134, 0.052452657, 0.058582474, 0.06262506, 0.06626876, 0.0680727, 0.06964545, 0.069585204, 0.068277836, 0.06572497, 0.061641682, 0.054790616, 0.047918387, 0.042788226, 0.049502533, 0.04579371, 0.030401604, 0.0017925436 ],
  "lightfield_0.0_0.0_0.4_x" : [ 0.0, 0.01311927, 0.035435706, 0.044235613, 0.053204842, 0.063549824, 0.0695152, 0.07187758, 0.07360011, 0.07450371, 0.07423996, 0.07394039, 0.07272257, 0.07015993, 0.067053504, 0.06163517, 0.046542637, 0.02709004, 0.0075739445, 0.0 ],
  "lightfield_0.0_0.0_0.0_y" : [ 0.0, 0.0030444523, 0.02671629, 0.04082985, 0.049421065, 0.05888003, 0.07258658, 0.07718256, 0.07916227, 0.07937554, 0.078690134, 0.0774577, 0.074859336, 0.071337864, 0.066937245, 0.06132862, 0.049787376, 0.029062308, 0.0033407572, 0.0 ],
  "lightfield_0.0_0.0_0.0_x" : [ 0.016523072, 0.035092603, 0.045893084, 0.05242319, 0.057110343, 0.06060088, 0.063596494, 0.064594485, 0.06577808, 0.06703005, 0.06563481, 0.06330344, 0.060503196, 0.05567603, 0.05559463, 0.04977598, 0.04012002, 0.0347442, 0.029610962, 0.016394457 ],
  "d1" : [ 0.0094961, 0.0133819, 0.0218962, 0.0513491, 0.059176, 0.0522007, 0.0512345, 0.0560267, 0.0588811, 0.0652649, 0.0817464, 0.0802568, 0.0878405, 0.0704163, 0.0553389, 0.0530162, 0.0380601, 0.0357845, 0.0377559, 0.0208772 ],
  "d2" : [ 0.0050748913, 0.014932122, 0.026749397, 0.038932137, 0.05090584, 0.06207, 0.073143944, 0.08494802, 0.09596875, 0.10561784, 0.10287096, 0.09312225, 0.076867, 0.05676767, 0.04414575, 0.033632305, 0.020595117, 0.009355543, 0.0035738277, 7.266276E-4 ],
  "d3" : [ 4.531928E-4, 0.0042698127, 0.01279686, 0.024341304, 0.03871438, 0.05466246, 0.0709608, 0.085979246, 0.09867257, 0.108065456, 0.112023346, 0.107580066, 0.094523504, 0.0749531, 0.051854856, 0.032043368, 0.018177921, 0.0078015774, 0.001975474, 1.5072887E-4 ],
  "d4" : [ 7.321168E-6, 8.226146E-5, 3.8436134E-4, 0.0013736342, 0.003994511, 0.010527941, 0.025784139, 0.058861278, 0.12816955, 0.3219254, 0.25511435, 0.10892363, 0.05001202, 0.021512846, 0.008669992, 0.0032239577, 0.0010731613, 2.9630394E-4, 5.806093E-5, 5.2875102E-6 ],
  "lightfield_0.0_0.8_0.0_y" : [ 0.0, 0.0018204235, 0.01642053, 0.026946906, 0.03271158, 0.04785472, 0.07119943, 0.081909396, 0.08618218, 0.087092385, 0.08673294, 0.0847869, 0.08059529, 0.07673027, 0.07223139, 0.06531687, 0.05122695, 0.027089912, 0.0031519223, 0.0 ],
  "lightfield_0.0_0.8_0.0_x" : [ 0.026251202, 0.037834663, 0.044374272, 0.050892625, 0.056038897, 0.05604083, 0.05261449, 0.061075017, 0.07127866, 0.074662484, 0.0757988, 0.07567705, 0.07228936, 0.06743684, 0.062045135, 0.056608986, 0.03753319, 0.021363888, 1.8358836E-4, 0.0 ],
  "lightfield_0.8_0.0_0.0_x" : [ 0.018527914, 0.03902012, 0.05100101, 0.05739565, 0.06228501, 0.06622103, 0.0691684, 0.06958653, 0.070058554, 0.06987086, 0.067114905, 0.06322349, 0.05902172, 0.053006187, 0.04656509, 0.038585264, 0.03241177, 0.029966159, 0.023998944, 0.0129713975 ],
  "lightfield_0.8_0.0_0.0_y" : [ 0.0, 0.0, 6.1140256E-4, 0.026386945, 0.047102157, 0.062424388, 0.070461825, 0.07639373, 0.08152468, 0.08564468, 0.08874815, 0.090745896, 0.09131641, 0.081370436, 0.06468973, 0.057259988, 0.04710587, 0.027987, 2.267207E-4, 0.0 ],
  "lightfield_0.0_0.6_0.0_x" : [ 0.0, 0.0, 0.02181147, 0.040786885, 0.053702317, 0.063401245, 0.06787273, 0.07861666, 0.09342691, 0.08720389, 0.08480509, 0.08521025, 0.078779705, 0.06392251, 0.054863423, 0.04968539, 0.04123897, 0.029225247, 0.0054473095, 0.0 ],
  "lightfield_0.0_0.6_0.0_y" : [ 0.0, 0.0014797907, 0.012364527, 0.019153284, 0.029761331, 0.04979162, 0.06671163, 0.08500273, 0.09184337, 0.09553914, 0.09753772, 0.09594182, 0.090351224, 0.07929356, 0.06650411, 0.057264686, 0.043235086, 0.016586501, 0.0016378985, 0.0 ],
  "lightfield_0.6_0.0_0.0_y" : [ 0.0, 0.0, 0.0, 0.020391831, 0.03825164, 0.049471665, 0.07764043, 0.08583785, 0.09172255, 0.09911289, 0.10407294, 0.108976476, 0.11210759, 0.10568485, 0.08152211, 0.025207197, 0.0, 0.0, 0.0, 0.0 ],
  "lightfield_0.6_0.0_0.0_x" : [ 0.014136377, 0.028917063, 0.038115993, 0.048877094, 0.06024633, 0.06591851, 0.06909033, 0.07014609, 0.069151364, 0.06805265, 0.06526969, 0.059717316, 0.0516058, 0.04521244, 0.043198127, 0.042651027, 0.04444605, 0.046340548, 0.04305118, 0.025856027 ],
  "lightfield_0.0_0.4_0.0_x" : [ 0.0, 0.0, 0.0, 0.018460255, 0.053139936, 0.07327702, 0.08522978, 0.0936569, 0.09951946, 0.10270366, 0.10326766, 0.09721035, 0.08314069, 0.06906599, 0.056030754, 0.043154858, 0.022142695, 0.0, 0.0, 0.0 ],
  "lightfield_0.0_0.4_0.0_y" : [ 0.0, 0.0041806824, 0.034138445, 0.049116064, 0.062437087, 0.07400541, 0.08120843, 0.08456966, 0.0852753, 0.084592424, 0.08108703, 0.07702521, 0.07000177, 0.061556943, 0.053739347, 0.043056224, 0.032858696, 0.019079896, 0.0020713725, 0.0 ],
  "lightfield_0.0_0.2_0.0_y" : [ 0.0, 0.0036549584, 0.031230813, 0.046283137, 0.05714964, 0.06848934, 0.07737318, 0.07935245, 0.079537325, 0.0780516, 0.07602822, 0.074188024, 0.070940115, 0.06618951, 0.06054341, 0.054020453, 0.045981243, 0.02803548, 0.0029511033, 0.0 ],
  "lightfield_0.0_0.2_0.0_x" : [ 0.021683825, 0.03899527, 0.04726175, 0.054171402, 0.0593494, 0.06339105, 0.0655535, 0.068034805, 0.06968505, 0.06973932, 0.06967996, 0.06651685, 0.064798765, 0.062052883, 0.055509575, 0.045816727, 0.036010243, 0.025623718, 0.015567917, 5.57996E-4 ],
  "a3" : [ 0.054695964, 0.11763996, 0.15164521, 0.15957317, 0.14338723, 0.117076784, 0.062136717, 0.0, 0.0, 0.0, 0.0, 0.0, 0.0, 0.0010443358, 0.0058053755, 0.012015143, 0.020530922, 0.032917656, 0.04989971, 0.071631834 ],