{
  "eccentricity_minmax" : 0.002012984,
  "compactness" : 3.3805654,
  "eccentricity" : 1.945126,
  "compactness_standardized" : -0.06508905,
  "convexity_minmax" : 0.3323409,
  "diameter_standardized" : -0.46917063,
  "surface_area_minmax" : 0.100152165,
  "convexity" : 0.6367571,
  "diameter_minmax" : 0.032570194,
  "rectangularity _standardized" : 1.1611812,
  "convexity_standardized" : 1.0828567,
  "diameter" : 1.0172766,
  "surface_area" : 2.0600684,
  "rectangularity " : 0.07535964,
  "compactness_minmax" : 7.4239176E-7,
  "surface_area_standardized" : 0.2860997,
  "rectangularity _minmax" : 0.1358029,
  "eccentricity_standardized" : -0.32191327,
  "lightfield_0.0_0.0_0.6_y" : [ 0.033202536, 0.05683294, 0.066721834, 0.071881086, 0.070519015, 0.0666862, 0.069008455, 0.06798096, 0.054738354, 0.044366397, 0.045039516, 0.046449106, 0.044148624, 0.044752453, 0.046799522, 0.045009818, 0.042913254, 0.037603542, 0.030015126, 0.015331253 ],
  "lightfield_0.0_0.0_0.6_x" : [ 0.0, 0.010209617, 0.03359651, 0.06358392, 0.082676716, 0.09561444, 0.098657325, 0.09767735, 0.094955176, 0.09293384, 0.08711929, 0.06552606, 0.033398535, 0.03295507, 0.0325215, 0.030284373, 0.023830358, 0.016546825, 0.007913097, 0.0 ],
  "lightfield_0.0_0.0_0.8_y" : [ 0.013006951, 0.024128318, 0.03048769, 0.033727653, 0.03490685, 0.036406275, 0.042144027, 0.0555993, 0.06628741, 0.0751766, 0.079701245, 0.08549927, 0.08514514, 0.082903534, 0.07637651, 0.051577598, 0.041298248, 0.03912634, 0.03232053, 0.014180496 ],
  "lightfield_0.0_0.0_0.8_x" : [ 0.019128976, 0.036651157, 0.0442274, 0.05089947, 0.054531243, 0.056669243, 0.057733532, 0.069133684, 0.07710174, 0.07409724, 0.06792812, 0.06112231, 0.051225346, 0.048753932, 0.05314107, 0.05102756, 0.045276623, 0.038127977, 0.028598338, 0.014625049 ],
  "lightfield_0.0_0.0_0.2_y" : [ 0.0011242382, 0.012432401, 0.021695407, 0.029393649, 0.036202867, 0.040285207, 0.040566266, 0.039448008, 0.047499068, 0.061605867, 0.0789578, 0.0895404, 0.09492438, 0.096325696, 0.088055365, 0.079725236, 0.061089594, 0.048043247, 0.030232841, 0.0028524557 ],
  "lightfield_0.0_0.0_0.2_x" : [ 0.022871472, 0.037787564, 0.04526654, 0.04860138, 0.048543572, 0.049221307, 0.056660414, 0.066660956, 0.07422564, 0.081082694, 0.08082356, 0.06655531, 0.050943542, 0.0484459, 0.045585472, 0.044690467, 0.0432453, 0.03862476, 0.03225607, 0.01790808 ],
  "lightfield_0.0_0.0_0.4_y" : [ 0.0354143, 0.053970847, 0.062253438, 0.06754048, 0.07095129, 0.06956205, 0.06032247, 0.065018706, 0.053640526, 0.040958047, 0.043515682, 0.046458382, 0.049589835, 0.051235784, 0.051669918, 0.04869136, 0.045212597, 0.039529167, 0.030338665, 0.014126458 ],
  "lightfield_0.0_0.0_0.4_x" : [ 0.0, 0.009902111, 0.018669803, 0.023747325, 0.026723998, 0.028481312, 0.030451918, 0.049170796, 0.06770281, 0.07644596, 0.082850434, 0.08722767, 0.09023643, 0.09131234, 0.0878147, 0.080153115, 0.06755369, 0.055239286, 0.026316287, 0.0 ],
  "lightfield_0.0_0.0_0.0_y" : [ 0.001827843, 0.011833691, 0.02062162, 0.026857905, 0.032059632, 0.055134464, 0.08047335, 0.09161412, 0.09521383, 0.09559986, 0.09354233, 0.09106982, 0.086533986, 0.07998309, 0.0548488, 0.025448902, 0.022449464, 0.019119972, 0.013416407, 0.002350911 ],
  "lightfield_0.0_0.0_0.0_x" : [ 0.039081484, 0.06890409, 0.08498216, 0.089151256, 0.08514236, 0.07579083, 0.04685995, 0.03626927, 0.04027817, 0.04122587, 0.042285517, 0.043065295, 0.047056824, 0.047591474, 0.047051035, 0.04628477, 0.042636804, 0.037433144, 0.027562406, 0.011347296 ],
  "d1" : [ 0.0137352, 0.0226874, 0.029612, 0.0398459, 0.0425954, 0.0464682, 0.0619268, 0.0687081, 0.0544951, 0.0570116, 0.0509024, 0.0713749, 0.0920033, 0.0943992, 0.0798517, 0.0690847, 0.050223, 0.0368308, 0.0130666, 0.0051777 ],
  "d2" : [ 0.0043667667, 0.013834629, 0.024311168, 0.03656882, 0.051825702, 0.06855914, 0.08269562, 0.09355023, 0.10088731, 0.09259866, 0.079354934, 0.071336724, 0.06282833, 0.054437358, 0.04606079, 0.03781514, 0.031290993, 0.02602117, 0.018324317, 0.003332185 ],
  "d3" : [ 9.554882E-4, 0.007717962, 0.021346046, 0.040494848, 0.06389314, 0.08987294, 0.11388783, 0.12982948, 0.13145097, 0.11806085, 0.097362496, 0.07449769, 0.051204547, 0.02983707, 0.014994303, 0.008285459, 0.0041806633, 0.001646748, 4.4353327E-4, 3.7933765E-5 ],
  "d4" : [ 8.236314E-6, 6.578883E-5, 3.1958934E-4, 0.0010842447, 0.0029342633, 0.0075632753, 0.019464139, 0.04769009, 0.11505867, 0.2951529, 0.3095035, 0.11876318, 0.049562886, 0.020306176, 0.007934825, 0.0030732637, 0.0011083435, 3.244701E-4, 7.687227E-5, 5.2875102E-6 ],
  "lightfield_0.0_0.8_0.0_y" : [ 0.009046701, 0.01904926, 0.02620514, 0.027927076, 0.042049054, 0.06096077, 0.074764125, 0.08280448, 0.08594192, 0.08572602, 0.08375337, 0.08174938, 0.077988625, 0.0743689, 0.064458616, 0.029502762, 0.024486683, 0.022139695, 0.017684247, 0.009393178 ],
  "lightfield_0.0_0.8_0.0_x" : [ 0.011557353, 0.026497642, 0.038610402, 0.043015357, 0.044620644, 0.04592646, 0.04776505, 0.046718657, 0.044401266, 0.04245995, 0.0392459, 0.03635395, 0.04332005, 0.072434545, 0.082158536, 0.0854579, 0.08300122, 0.07540311, 0.06312494, 0.027927076 ],
  "lightfield_0.8_0.0_0.0_x" : [ 0.03818381, 0.0646534, 0.07473298, 0.07722461, 0.07405651, 0.06611544, 0.050316613, 0.0464284, 0.04771389, 0.04688269, 0.04761867, 0.048422102, 0.047479805, 0.04766033, 0.04774563, 0.048818856, 0.04816024, 0.042823873, 0.027570583, 0.0073915664 ],
  "lightfield_0.8_0.0_0.0_y" : [ 0.0, 4.7610734E-5, 0.009879228, 0.018673327, 0.030383583, 0.073112234, 0.08502483, 0.08940701, 0.09181333, 0.09288854, 0.09523734, 0.0984828, 0.09523139, 0.089660935, 0.066341594, 0.031276286, 0.022539716, 0.009994287, 5.951342E-6, 0.0 ],
  "lightfield_0.0_0.6_0.0_x" : [ 0.0, 0.0, 0.0033720355, 0.027958753, 0.044490054, 0.05199179, 0.054383438, 0.05888573, 0.07287343, 0.09182968, 0.100166105, 0.10327171, 0.10194995, 0.09637569, 0.087414816, 0.07402866, 0.03097277, 3.5385558E-5, 0.0, 0.0 ],
  "lightfield_0.0_0.6_0.0_y" : [ 0.014803652, 0.02864773, 0.038845014, 0.043857276, 0.051883552, 0.063550375, 0.06656023, 0.07357906, 0.07381427, 0.072226085, 0.069923945, 0.06759682, 0.06557152, 0.06339635, 0.0558842, 0.043055896, 0.035031702, 0.030852042, 0.025604572, 0.015315701 ],
  "lightfield_0.6_0.0_0.0_y" : [ 0.0, 0.0, 0.0, 0.0, 0.018811204, 0.085856445, 0.09903873, 0.105704434, 0.10900178, 0.11024213, 0.11170025, 0.116839185, 0.11023266, 0.091511406, 0.03412386, 0.0069379187, 0.0, 0.0, 0.0, 0.0 ],
  "lightfield_0.6_0.0_0.0_x" : [ 0.037241306, 0.059065808, 0.06499772, 0.06131927, 0.053434517, 0.048586734, 0.0476399, 0.05228175, 0.054419223, 0.055401564, 0.05492578, 0.05497312, 0.055602767, 0.05454468, 0.053825088, 0.05358601, 0.053467657, 0.047651734, 0.0316905, 0.005344872 ],
  "lightfield_0.0_0.4_0.0_x" : [ 0.0, 0.0, 0.008318971, 0.054963265, 0.07071226, 0.08310102, 0.094131164, 0.09879761, 0.10049486, 0.09806388, 0.0915107, 0.07996856, 0.062207844, 0.050065007, 0.046354026, 0.039716184, 0.021193521, 4.0113286E-4, 0.0, 0.0 ],
  "lightfield_0.0_0.4_0.0_y" : [ 0.014765318, 0.029216178, 0.039990325, 0.04575132, 0.049605418, 0.060976226, 0.06485451, 0.067638256, 0.07032322, 0.07103276, 0.07110735, 0.07056914, 0.07017204, 0.065840214, 0.053699393, 0.043332428, 0.037283182, 0.031598788, 0.026073635, 0.01617029 ],
  "lightfield_0.0_0.2_0.0_y" : [ 0.009406, 0.019270085, 0.028190855, 0.032549445, 0.04123608, 0.059508562, 0.07654761, 0.07877525, 0.08023603, 0.08114711, 0.08184442, 0.08202256, 0.08094182, 0.07635249, 0.055789594, 0.03504346, 0.027880376, 0.022878772, 0.018969785, 0.011409695 ],
  "lightfield_0.0_0.2_0.0_x" : [ 0.02213905, 0.052031603, 0.063855276, 0.07505798, 0.082085334, 0.08437576, 0.082081944, 0.07431996, 0.061468143, 0.041385382, 0.037057333, 0.039714225, 0.04159576, 0.041159734, 0.042444065, 0.042153947, 0.039926298, 0.036332883, 0.030282773, 0.010532549 ],