{
  "eccentricity_minmax" : 0.002918683,
  "compactness" : 1.7057579,
  "eccentricity" : 2.3700376,
  "compactness_standardized" : -0.06510023,
  "convexity_minmax" : 0.44843256,
  "diameter_standardized" : -0.49341118,
  "surface_area_minmax" : 0.08529244,
  "convexity" : 0.85882777,
  "diameter_minmax" : 0.028661374,
  "rectangularity _standardized" : 1.0988649,
  "convexity_standardized" : 1.8778973,
  "diameter" : 1.0152032,
  "surface_area" : 1.756762,
  "rectangularity " : 0.072362885,
  "compactness_minmax" : 3.1693278E-7,
  "surface_area_standardized" : 0.100503385,
  "rectangularity _minmax" : 0.13040254,
  "eccentricity_standardized" : -0.30270475,
  "lightfield_0.0_0.0_0.6_y" : [ 0.025230695, 0.044700265, 0.053584516, 0.058668964, 0.062356338, 0.0651838, 0.07272512, 0.0769455, 0.07563171, 0.0695541, 0.06645596, 0.06285603, 0.05958092, 0.053753164, 0.03985317, 0.032401394, 0.025547171, 0.0225573, 0.022280382, 0.010133503 ],
  "lightfield_0.0_0.0_0.6_x" : [ 0.0, 0.0, 0.0030315144, 0.028697364, 0.04105037, 0.050130337, 0.07214213, 0.09343977, 0.098282695, 0.10222825, 0.09780798, 0.086668834, 0.08114714, 0.07667275, 0.06162136, 0.052730862, 0.040413253, 0.013935389, 0.0, 0.0 ],
  "lightfield_0.0_0.0_0.8_y" : [ 0.0027107394, 0.025125016, 0.03923529, 0.06090231, 0.06504572, 0.06863599, 0.0734631, 0.078982495, 0.08100438, 0.07763915, 0.07187238, 0.066808216, 0.0641387, 0.06242431, 0.055832986, 0.046326503, 0.03848975, 0.015189073, 0.0060003884, 1.7350106E-4 ],
  "lightfield_0.0_0.0_0.8_x" : [ 0.005215339, 0.02282312, 0.04265721, 0.058368508, 0.062252525, 0.06141594, 0.060534693, 0.059558965, 0.06278162, 0.065056026, 0.063068494, 0.061117038, 0.061247595, 0.060271863, 0.057951074, 0.05474216, 0.050277516, 0.042978447, 0.032065056, 0.015616814 ],
  "lightfield_0.0_0.0_0.2_y" : [ 0.0, 0.0131898755, 0.03681663, 0.045943007, 0.052883953, 0.058844384, 0.06264578, 0.06901916, 0.075758345, 0.07634477, 0.07624106, 0.07604496, 0.076629505, 0.07774767, 0.07297518, 0.06485384, 0.04228303, 0.01814527, 0.0036335797, 0.0 ],
  "lightfield_0.0_0.0_0.2_x" : [ 0.020664454, 0.037661385, 0.048673376, 0.05560301, 0.06822532, 0.07539819, 0.07345978, 0.0734711, 0.07406695, 0.07520398, 0.07567727, 0.06838748, 0.05550873, 0.04336914, 0.039209474, 0.038181815, 0.031740554, 0.024859946, 0.015034007, 0.0056040473 ],
  "lightfield_0.0_0.0_0.4_y" : [ 0.020862905, 0.03808356, 0.049139168, 0.056474004, 0.061724965, 0.06372025, 0.06406857, 0.063790716, 0.06284241, 0.05950015, 0.062208183, 0.0663115, 0.067175254, 0.06159208, 0.0539351, 0.05003916, 0.042362045, 0.025586354, 0.021493101, 0.009090525 ],
  "lightfield_0.0_0.0_0.4_x" : [ 0.0, 0.0, 0.0, 0.030646041, 0.05532636, 0.06685512, 0.07971676, 0.083801955, 0.083363034, 0.08265431, 0.082374446, 0.086673066, 0.09271328, 0.09110256, 0.08410195, 0.07013496, 0.01053615, 0.0, 0.0, 0.0 ],
  "lightfield_0.0_0.0_0.0_y" : [ 0.0, 0.0, 0.0022552316, 0.02854105, 0.058368176, 0.07529366, 0.09806067, 0.101730786, 0.10198636, 0.10183506, 0.09136449, 0.07825634, 0.07551039, 0.07188321, 0.06613779, 0.03608984, 0.01188546, 8.014967E-4, 0.0, 0.0 ],
  "lightfield_0.0_0.0_0.0_x" : [ 0.026970772, 0.043693837, 0.052023675, 0.05753397, 0.061416727, 0.06411155, 0.06511956, 0.06393163, 0.066972, 0.06789208, 0.06716828, 0.05986894, 0.05844792, 0.05756259, 0.05470624, 0.042818733, 0.025375957, 0.022366256, 0.021029064, 0.020990217 ],
  "d1" : [ 0.0046843, 0.031739, 0.0426627, 0.0634048, 0.0817854, 0.0731437, 0.0691959, 0.0711972, 0.0844277, 0.0713842, 0.0609654, 0.0576096, 0.0583554, 0.0545113, 0.0594329, 0.0435082, 0.0073122, 0.0081131, 0.0257465, 0.0308205 ],
  "d2" : [ 0.0059659476, 0.016042417, 0.026159093, 0.03684147, 0.04793412, 0.058748316, 0.07033775, 0.08084799, 0.091374144, 0.1019172, 0.1115763, 0.10255621, 0.07214697, 0.05200573, 0.041314956, 0.030706791, 0.020134935, 0.014738188, 0.0113396915, 0.0073117837 ],
  "d3" : [ 4.7683853E-4, 0.00398053, 0.01126492, 0.020904122, 0.0327301, 0.046391387, 0.06044107, 0.07497694, 0.08965218, 0.101903886, 0.111726515, 0.11609343, 0.1108646, 0.08770297, 0.06056473, 0.038881607, 0.020362081, 0.00894281, 0.0020960167, 4.326663E-5 ],
  "d4" : [ 3.4572183E-6, 6.3348445E-5, 5.224467E-4, 0.0023157261, 0.006974633, 0.018104333, 0.038184773, 0.07021529, 0.12186105, 0.23524235, 0.2427316, 0.12405801, 0.07144362, 0.039271154, 0.018680265, 0.0072524305, 0.0024269673, 5.766437E-4, 6.8330904E-5, 3.5589012E-6 ],
  "lightfield_0.0_0.8_0.0_y" : [ 0.0, 0.0, 0.015194775, 0.042315703, 0.06619741, 0.07953448, 0.093686745, 0.0963714, 0.09739628, 0.09472533, 0.079703, 0.07328334, 0.07247794, 0.068541095, 0.06262309, 0.041214406, 0.013527151, 0.0032078729, 0.0, 0.0 ],
  "lightfield_0.0_0.8_0.0_x" : [ 0.012872644, 0.021312661, 0.021886826, 0.024016915, 0.041128185, 0.056093685, 0.058788143, 0.0601775, 0.06162173, 0.07017932, 0.06985403, 0.06816485, 0.06564676, 0.06650311, 0.06489231, 0.061511993, 0.05711268, 0.051535644, 0.042599846, 0.02410118 ],
  "lightfield_0.8_0.0_0.0_x" : [ 0.026976656, 0.044915076, 0.0540328, 0.0592997, 0.06238914, 0.064129435, 0.064786226, 0.063683905, 0.061063003, 0.06104627, 0.059579987, 0.055296186, 0.055605758, 0.054942686, 0.054438587, 0.045496568, 0.029940596, 0.028171018, 0.027652277, 0.026554134 ],
  "lightfield_0.8_0.0_0.0_y" : [ 0.0, 0.0, 0.0, 0.0026209003, 0.04994143, 0.072471134, 0.07691809, 0.07910392, 0.10048109, 0.10388847, 0.104472056, 0.1040328, 0.10269411, 0.09130899, 0.07023092, 0.03609438, 0.005741717, 0.0, 0.0, 0.0 ],
  "lightfield_0.0_0.6_0.0_x" : [ 7.6515117E-4, 0.014437713, 0.03653843, 0.05132588, 0.058190893, 0.064716026, 0.070518695, 0.078229316, 0.07950019, 0.07441177, 0.072063774, 0.07139878, 0.06857134, 0.06489828, 0.06019572, 0.05329951, 0.042789355, 0.02869481, 0.009454378, 0.0 ],
  "lightfield_0.0_0.6_0.0_y" : [ 0.0190122, 0.036022857, 0.047271892, 0.05738141, 0.06324155, 0.067172386, 0.07108517, 0.07172553, 0.07288639, 0.06900481, 0.0645157, 0.062282648, 0.060538888, 0.058428977, 0.054447237, 0.047784183, 0.038847018, 0.022325665, 0.010477317, 0.0055481666 ],
  "lightfield_0.6_0.0_0.0_y" : [ 0.0, 0.0, 0.0, 0.0, 0.03053592, 0.06664977, 0.09172649, 0.11113623, 0.11300848, 0.11370486, 0.11347426, 0.11228926, 0.102154, 0.075821504, 0.049710486, 0.019788755, 0.0, 0.0, 0.0, 0.0 ],
  "lightfield_0.6_0.0_0.0_x" : [ 0.025848448, 0.04453212, 0.055272434, 0.061991982, 0.06466336, 0.06532321, 0.064377956, 0.062227152, 0.06376377, 0.064270645, 0.05901693, 0.050628345, 0.0468222, 0.046797086, 0.046726305, 0.041776262, 0.03869847, 0.03514576, 0.032659322, 0.029458236 ],
  "lightfield_0.0_0.4_0.0_x" : [ 0.0013777629, 0.024543863, 0.040281523, 0.05219589, 0.05968994, 0.06491067, 0.0686782, 0.07089082, 0.07152066, 0.07629198, 0.080722146, 0.07754837, 0.070408605, 0.06602436, 0.05936518, 0.05156934, 0.03838218, 0.021414371, 0.004184135, 0.0 ],
  "lightfield_0.0_0.4_0.0_y" : [ 0.019915234, 0.036991294, 0.04662251, 0.055535328, 0.062368374, 0.06751038, 0.06962951, 0.07088754, 0.07190118, 0.07158463, 0.065740615, 0.062030494, 0.059865437, 0.057460915, 0.054187085, 0.048334874, 0.039313808, 0.024309315, 0.010346344, 0.005465126 ],
  "lightfield_0.0_0.2_0.0_y" : [ 0.0, 0.0, 0.016029157, 0.04316126, 0.06509057, 0.07808881, 0.09331349, 0.09578731, 0.0968567, 0.09653724, 0.08070093, 0.07316066, 0.07198609, 0.068181865, 0.062170684, 0.04249314, 0.013434571, 0.0030075363, 0.0, 0.0 ],
  "lightfield_0.0_0.2_0.0_x" : [ 0.026343213, 0.04414105, 0.052976664, 0.058872916, 0.06240443, 0.06491136, 0.0660684, 0.06602945, 0.06876623, 0.069872625, 0.06774554, 0.060133196, 0.05989945, 0.058015846, 0.054589514, 0.03806949, 0.022988953, 0.021658547, 0.021642964, 0.014870164 ],
  "a3" : [ 0.049945287, 0.117675476, 0.15176043, 0.15859745, 0.14246021, 0.11786273, 0.06433738, 0.0, 0.0, 0.0, 0.0, 0.0, 0.0, 5.430465E-4, 0.0036740412, 0.009555285, 0.019671928, 0.0343852, 0.053563587, 0.07596795 ],