{
  "eccentricity_minmax" : 0.0039813602,
  "compactness" : 2.5079658,
  "eccentricity" : 2.8685958,
  "compactness_standardized" : -0.06509488,
  "convexity_minmax" : 0.3966099,
  "diameter_standardized" : -0.18811396,
  "surface_area_minmax" : 0.07548834,
  "convexity" : 0.75969666,
  "diameter_minmax" : 0.07789096,
  "rectangularity _standardized" : 0.34076834,
  "convexity_standardized" : 1.5229957,
  "diameter" : 1.0413167,
  "surface_area" : 1.5566473,
  "rectangularity " : 0.035906438,
  "compactness_minmax" : 5.207213E-7,
  "surface_area_standardized" : -0.02194891,
  "rectangularity _minmax" : 0.06470567,
  "eccentricity_standardized" : -0.28016695,
  "lightfield_0.0_0.0_0.6_y" : [ 0.02342682, 0.041589983, 0.05028946, 0.054885212, 0.05999602, 0.06322456, 0.06372078, 0.060130022, 0.05544633, 0.055561487, 0.05517624, 0.05362897, 0.048943188, 0.04338641, 0.04264104, 0.044617526, 0.051229548, 0.061813384, 0.052276414, 0.018016603 ],
  "lightfield_0.0_0.0_0.6_x" : [ 0.0, 0.0, 0.00413513, 0.010181841, 0.019157689, 0.054550212, 0.08138982, 0.09101054, 0.095874295, 0.09952368, 0.10192729, 0.103872366, 0.10125519, 0.078506745, 0.06440962, 0.054399464, 0.033369973, 0.0064361463, 0.0, 0.0 ],
  "lightfield_0.0_0.0_0.8_y" : [ 0.0, 0.0070579494, 0.033674072, 0.05295476, 0.060831737, 0.06392211, 0.068977244, 0.07502372, 0.079620115, 0.083343774, 0.087653734, 0.09687338, 0.085691206, 0.07167824, 0.04344421, 0.033931416, 0.027833473, 0.023308689, 0.004180168, 0.0 ],
  "lightfield_0.0_0.0_0.8_x" : [ 0.0074585117, 0.013675056, 0.01918894, 0.027972216, 0.038809773, 0.050023273, 0.0602253, 0.065190926, 0.073114894, 0.07722346, 0.065190926, 0.06412798, 0.06784493, 0.06939795, 0.067113176, 0.062438462, 0.055214915, 0.049839776, 0.041313842, 0.02463569 ],
  "lightfield_0.0_0.0_0.2_y" : [ 0.01075106, 0.034151454, 0.043609824, 0.054436583, 0.061210588, 0.0644132, 0.06564377, 0.070208944, 0.08793781, 0.09091139, 0.08881125, 0.08269136, 0.075451516, 0.053623315, 0.041437875, 0.030007472, 0.019718364, 0.012948244, 0.009343853, 0.0026921323 ],
  "lightfield_0.0_0.0_0.2_x" : [ 0.024514513, 0.04081676, 0.04956668, 0.057188887, 0.06104366, 0.061383333, 0.060568124, 0.061827816, 0.06276531, 0.06134257, 0.059558816, 0.05994507, 0.058662087, 0.0533147, 0.05564387, 0.052903213, 0.04469289, 0.035908036, 0.028062616, 0.010291049 ],
  "lightfield_0.0_0.0_0.4_y" : [ 0.021837078, 0.040976148, 0.051641673, 0.05868958, 0.062297467, 0.064808145, 0.06650383, 0.06718502, 0.067034185, 0.06223908, 0.052254748, 0.049851112, 0.054692443, 0.061292708, 0.05693308, 0.05347603, 0.045467153, 0.031587858, 0.02091017, 0.010322496 ],
  "lightfield_0.0_0.0_0.4_x" : [ 0.0, 0.0, 0.0, 0.022155778, 0.04711661, 0.057405047, 0.07342036, 0.08888343, 0.11513366, 0.1181382, 0.11289546, 0.10597892, 0.09714288, 0.07999144, 0.04076206, 0.024454802, 0.016256167, 2.6517842E-4, 0.0, 0.0 ],
  "lightfield_0.0_0.0_0.0_y" : [ 0.0, 0.0, 0.0, 4.4874138E-5, 0.017204745, 0.068168305, 0.09369496, 0.10314321, 0.1065155, 0.107819095, 0.10830149, 0.10765306, 0.10585136, 0.10149408, 0.057898857, 0.022152118, 5.833638E-5, 0.0, 0.0, 0.0 ],
  "lightfield_0.0_0.0_0.0_x" : [ 0.02245502, 0.04014889, 0.05072573, 0.057230234, 0.06045444, 0.06116345, 0.06214395, 0.06301451, 0.062242676, 0.056559365, 0.053117517, 0.04788968, 0.044120252, 0.04369395, 0.045816496, 0.052491523, 0.053139955, 0.050797526, 0.050855864, 0.021938967 ],
  "d1" : [ 0.0155141, 0.0371787, 0.0752664, 0.0957286, 0.1143796, 0.1066777, 0.0851118, 0.0659228, 0.0475705, 0.0474782, 0.0506833, 0.0523872, 0.0554818, 0.0560227, 0.0492373, 0.020888, 0.009308, 0.0068954, 0.004578, 0.0036899 ],
  "d2" : [ 0.0071388534, 0.019959005, 0.03315592, 0.046796117, 0.060895693, 0.07562998, 0.09271118, 0.10460047, 0.11280121, 0.1161798, 0.092542954, 0.06588827, 0.051109973, 0.03963556, 0.029050602, 0.02153428, 0.015640847, 0.009462262, 0.004447381, 8.196439E-4 ],
  "d3" : [ 7.0061756E-4, 0.0053321593, 0.01399102, 0.02564715, 0.039719068, 0.055416003, 0.071708605, 0.08751894, 0.10188466, 0.11268009, 0.115871154, 0.10840545, 0.09202621, 0.071634345, 0.049225654, 0.029014401, 0.014041933, 0.004340448, 7.650144E-4, 7.7074976E-5 ],
  "d4" : [ 4.677413E-6, 3.0809915E-5, 1.9299414E-4, 9.4056677E-4, 0.0035353107, 0.011608729, 0.032980237, 0.07962411, 0.17271754, 0.3598765, 0.19250564, 0.08912465, 0.037743468, 0.013456409, 0.004225331, 0.0011365097, 2.454625E-4, 4.1689986E-5, 7.1178024E-6, 2.2370236E-6 ],
  "lightfield_0.0_0.8_0.0_y" : [ 0.0, 0.0, 9.943304E-4, 0.022839533, 0.059747875, 0.07949274, 0.09021347, 0.09249635, 0.093812816, 0.09471265, 0.09503694, 0.09485439, 0.09345417, 0.09120565, 0.060166653, 0.026284253, 0.004688171, 0.0, 0.0, 0.0 ],
  "lightfield_0.0_0.8_0.0_x" : [ 0.007082725, 0.016164849, 0.039665837, 0.05999055, 0.052950777, 0.047358476, 0.047687054, 0.049862556, 0.05932265, 0.060778715, 0.061453056, 0.06708616, 0.06991453, 0.06759943, 0.06447685, 0.06112877, 0.056567304, 0.049488876, 0.03918263, 0.02223821 ],
  "lightfield_0.8_0.0_0.0_x" : [ 0.02209242, 0.040842716, 0.05105045, 0.057266004, 0.06099204, 0.06354751, 0.06381365, 0.06298459, 0.06479109, 0.06497951, 0.060711764, 0.05246361, 0.04731735, 0.04655424, 0.048935417, 0.053445756, 0.05039804, 0.040760282, 0.033666212, 0.013387348 ],
  "lightfield_0.8_0.0_0.0_y" : [ 0.0, 0.0, 0.0, 0.0, 0.016402092, 0.052268125, 0.097277306, 0.10964954, 0.11110274, 0.11199303, 0.111724526, 0.10946582, 0.10373781, 0.091707096, 0.06311178, 0.02156013, 0.0, 0.0, 0.0, 0.0 ],
  "lightfield_0.0_0.6_0.0_x" : [ 0.029220857, 0.060920913, 0.065139696, 0.06023011, 0.058722768, 0.061806977, 0.06478764, 0.06612191, 0.06779345, 0.06534235, 0.06284244, 0.05980261, 0.05631457, 0.05363419, 0.049356237, 0.042600557, 0.034154113, 0.02430683, 0.0109005, 0.006001266 ],
  "lightfield_0.0_0.6_0.0_y" : [ 0.0073947078, 0.03282132, 0.052755523, 0.05664148, 0.058821876, 0.06424032, 0.072346546, 0.07080518, 0.06632457, 0.06304066, 0.06174485, 0.060805533, 0.059258252, 0.05784114, 0.055394482, 0.05210466, 0.04785037, 0.03554016, 0.019144291, 0.0051240786 ],
  "lightfield_0.6_0.0_0.0_y" : [ 0.0, 0.0, 0.0, 0.0, 0.008948511, 0.044302125, 0.06275357, 0.078691974, 0.105731815, 0.12395268, 0.12724036, 0.11807941, 0.11377097, 0.108130865, 0.08742545, 0.020972263, 0.0, 0.0, 0.0, 0.0 ],
  "lightfield_0.6_0.0_0.0_x" : [ 0.025171898, 0.04306633, 0.052862022, 0.05829227, 0.060170576, 0.063310586, 0.06790402, 0.06668118, 0.0677952, 0.0678237, 0.064725146, 0.06551274, 0.06225096, 0.049369667, 0.046799626, 0.045421336, 0.037856296, 0.026495779, 0.017373687, 0.011116983 ],
  "lightfield_0.0_0.4_0.0_x" : [ 0.031742197, 0.050033823, 0.058391623, 0.060875796, 0.060216498, 0.059467096, 0.06224302, 0.06435535, 0.066492, 0.06359022, 0.060681295, 0.059212532, 0.057833865, 0.054909207, 0.049121387, 0.044157334, 0.03719965, 0.026660869, 0.02058559, 0.012230649 ],
  "lightfield_0.0_0.4_0.0_y" : [ 0.0039429255, 0.026557898, 0.05416124, 0.05864619, 0.05957579, 0.06543369, 0.069817096, 0.070875406, 0.07131875, 0.07065517, 0.06775196, 0.06416085, 0.060882945, 0.05682847, 0.052063208, 0.047227867, 0.04365106, 0.03755862, 0.017024513, 0.0018663467 ],
  "lightfield_0.0_0.2_0.0_y" : [ 0.0, 0.0, 1.1878141E-4, 0.016553981, 0.07076356, 0.087807745, 0.09048316, 0.09262688, 0.0935941, 0.0939561, 0.093011506, 0.0913184, 0.08838469, 0.084594995, 0.06002044, 0.032840233, 0.003925443, 0.0, 0.0, 0.0 ],
  "lightfield_0.0_0.2_0.0_x" : [ 0.020006184, 0.039009325, 0.04987877, 0.055593472, 0.057109352, 0.056242056, 0.05715083, 0.059518915, 0.058913697, 0.056379694, 0.052316613, 0.048155494, 0.04515391, 0.047682256, 0.052122418, 0.05017855, 0.05026528, 0.053172596, 0.05216578, 0.038984817 ],
  "a3" : [ 0.056784533, 0.12443101, 0.15418708, 0.15259507, 0.13470985, 0.1115774, 0.0612738, 0.0, 0.0, 0.0, 0.0, 0.0, 0.0, 9.530733E-4, 0.005184952, 0.011978216, 0.022338763, 0.036628723, 0.053834956, 0.07352258 ],