{
  "eccentricity_minmax" : 0.03194105,
  "compactness" : 3.63693,
  "eccentricity" : 15.9859705,
  "compactness_standardized" : -0.06508734,
  "convexity_minmax" : 0.39433676,
  "diameter_standardized" : -0.5062471,
  "surface_area_minmax" : 0.036145937,
  "convexity" : 0.7553484,
  "diameter_minmax" : 0.026591564,
  "rectangularity _standardized" : -0.34545645,
  "convexity_standardized" : 1.5074283,
  "diameter" : 1.0141053,
  "surface_area" : 0.7536174,
  "rectangularity " : 0.002906265,
  "compactness_minmax" : 8.075172E-7,
  "surface_area_standardized" : -0.5133313,
  "rectangularity _minmax" : 0.005237225,
  "eccentricity_standardized" : 0.31281596,
  "lightfield_0.0_0.0_0.6_y" : [ 0.022610657, 0.06065042, 0.06690367, 0.065868266, 0.065858066, 0.06413918, 0.061206378, 0.056768917, 0.05653939, 0.056503687, 0.056483287, 0.05654449, 0.056294564, 0.04395638, 0.035713922, 0.03762662, 0.037682727, 0.037662324, 0.03716757, 0.023819482 ],
  "lightfield_0.0_0.0_0.6_x" : [ 0.0, 0.0, 0.0, 0.0, 0.0, 0.028486468, 0.086142875, 0.13710739, 0.15482153, 0.16467576, 0.16425242, 0.12141305, 0.08288363, 0.048924297, 0.011292577, 0.0, 0.0, 0.0, 0.0, 0.0 ],
  "lightfield_0.0_0.0_0.8_y" : [ 0.0, 0.0017713534, 0.012892445, 0.033852067, 0.055747498, 0.077045515, 0.0907568, 0.08988783, 0.08958285, 0.089252815, 0.08282331, 0.0714056, 0.06752867, 0.06861488, 0.058350217, 0.052906647, 0.040005848, 0.017575668, 0.0, 0.0 ],
  "lightfield_0.0_0.0_0.8_x" : [ 0.01991937, 0.035594177, 0.040055983, 0.040135358, 0.03942097, 0.045963276, 0.047546633, 0.055116665, 0.06010486, 0.060188416, 0.060146637, 0.062147766, 0.06513066, 0.06506381, 0.06726547, 0.07026508, 0.07167297, 0.052417856, 0.030443048, 0.011400999 ],
  "lightfield_0.0_0.0_0.2_y" : [ 0.0, 0.0017578517, 0.012861615, 0.033775866, 0.055836905, 0.077052504, 0.09091023, 0.09001456, 0.08974252, 0.089357466, 0.08298316, 0.07143993, 0.06750151, 0.06852692, 0.058444384, 0.052856926, 0.039769303, 0.017168352, 0.0, 0.0 ],
  "lightfield_0.0_0.0_0.2_x" : [ 0.011459519, 0.030519655, 0.052568138, 0.071778946, 0.07026803, 0.06722946, 0.06514934, 0.065212116, 0.06207728, 0.060185496, 0.060193866, 0.060223162, 0.055037502, 0.04761267, 0.045846447, 0.039317284, 0.04004135, 0.040016238, 0.03552953, 0.019733978 ],
  "lightfield_0.0_0.0_0.4_y" : [ 0.022767477, 0.060772747, 0.066875, 0.0658962, 0.065875806, 0.064096615, 0.061231565, 0.056633208, 0.056536347, 0.056470074, 0.056459878, 0.056536347, 0.05630694, 0.043959685, 0.035751972, 0.037699394, 0.03761273, 0.037699394, 0.03713862, 0.02368001 ],
  "lightfield_0.0_0.0_0.4_x" : [ 0.0, 0.0, 0.0, 0.0, 0.0, 0.010879041, 0.048180792, 0.08215868, 0.12037806, 0.16337933, 0.16504127, 0.15474339, 0.13757348, 0.08778682, 0.029858736, 2.039183E-5, 0.0, 0.0, 0.0, 0.0 ],
  "lightfield_0.0_0.0_0.0_y" : [ 0.0, 0.0, 0.0, 0.0, 0.0, 0.0, 1.0157337E-5, 0.048719667, 0.19982529, 0.2532224, 0.25328335, 0.19836263, 0.04657647, 0.0, 0.0, 0.0, 0.0, 0.0, 0.0, 0.0 ],
  "lightfield_0.0_0.0_0.0_x" : [ 0.06813034, 0.06251333, 0.062503174, 0.062625065, 0.06255904, 0.060944024, 0.053579953, 0.053579953, 0.053579953, 0.053579953, 0.053579953, 0.053579953, 0.053579953, 0.038735006, 0.03433688, 0.035804614, 0.035804614, 0.035804614, 0.035804614, 0.029375019 ],
  "d1" : [ 0.1336896, 0.0642721, 0.0675672, 0.0554031, 0.056565, 0.0511757, 0.054228, 0.0786388, 0.0456168, 0.0382664, 0.0457335, 0.0659874, 0.1300181, 0.013871, 0.0145098, 0.014643, 0.0165353, 0.0154096, 0.0153858, 0.0224838 ],
  "d2" : [ 0.013866135, 0.039602555, 0.0700451, 0.09726308, 0.12666444, 0.10116606, 0.08196339, 0.069657035, 0.062136512, 0.05677697, 0.05214856, 0.045119822, 0.040016126, 0.03907346, 0.025654905, 0.021792727, 0.018824605, 0.016264156, 0.0129661765, 0.00899818 ],
  "d3" : [ 7.121889E-4, 0.0068308953, 0.019469783, 0.036485642, 0.056974605, 0.07821681, 0.098344244, 0.11229421, 0.118009634, 0.11630825, 0.104810596, 0.0893308, 0.06779961, 0.043634195, 0.02587073, 0.014469166, 0.006989976, 0.0027221753, 6.420567E-4, 8.442024E-5 ],
  "d4" : [ 4.0673157E-7, 9.049778E-6, 6.761913E-5, 4.3988018E-4, 0.0020661964, 0.0072328057, 0.02019219, 0.04779757, 0.10200746, 0.21663602, 0.33511153, 0.14771982, 0.07106068, 0.031815663, 0.012437547, 0.0041379854, 0.0010548583, 1.8913018E-4, 2.176014E-5, 1.830292E-6 ],
  "lightfield_0.0_0.8_0.0_y" : [ 0.0, 0.0, 0.0, 0.0, 0.0, 0.0, 0.03443818, 0.16086957, 0.21894346, 0.22301395, 0.21295848, 0.13200483, 0.017771516, 0.0, 0.0, 0.0, 0.0, 0.0, 0.0, 0.0 ],
  "lightfield_0.0_0.8_0.0_x" : [ 0.024391662, 0.034630526, 0.034657363, 0.03457685, 0.034706566, 0.041608516, 0.05177581, 0.051887635, 0.051905528, 0.05200841, 0.051914476, 0.051927894, 0.055819467, 0.06058329, 0.060610127, 0.060632493, 0.06153605, 0.07181965, 0.06996332, 0.043044373 ],
  "lightfield_0.8_0.0_0.0_x" : [ 0.06801894, 0.062493354, 0.062473092, 0.062483225, 0.06254906, 0.060872648, 0.05366558, 0.053685836, 0.053685836, 0.053685836, 0.053685836, 0.053685836, 0.053685836, 0.03859809, 0.034414645, 0.035802376, 0.035680823, 0.035716277, 0.035696015, 0.02942085 ],
  "lightfield_0.8_0.0_0.0_y" : [ 0.0, 0.0, 0.0, 0.0, 0.0, 0.0, 2.0258807E-5, 0.04934539, 0.19824255, 0.25258678, 0.25258678, 0.19901745, 0.048200764, 0.0, 0.0, 0.0, 0.0, 0.0, 0.0, 0.0 ],
  "lightfield_0.0_0.6_0.0_x" : [ 0.017894791, 0.02942217, 0.032813407, 0.035784867, 0.044079013, 0.04840414, 0.04941585, 0.04944179, 0.05004316, 0.05452393, 0.057181735, 0.061275747, 0.06664324, 0.069383584, 0.06999439, 0.068400174, 0.064572655, 0.05775716, 0.046937276, 0.026030932 ],
  "lightfield_0.0_0.6_0.0_y" : [ 0.0, 0.0, 0.02360188, 0.054358847, 0.086955294, 0.10433597, 0.1140734, 0.117330216, 0.117184, 0.11392011, 0.10391148, 0.08681379, 0.053962655, 0.023552356, 0.0, 0.0, 0.0, 0.0, 0.0, 0.0 ],
  "lightfield_0.6_0.0_0.0_y" : [ 0.0, 0.0, 0.0, 0.0, 0.0, 0.0, 1.0170043E-5, 0.046512693, 0.19840229, 0.25354934, 0.2536409, 0.20006001, 0.04782463, 0.0, 0.0, 0.0, 0.0, 0.0, 0.0, 0.0 ],
  "lightfield_0.6_0.0_0.0_x" : [ 0.06811895, 0.06254577, 0.06254577, 0.06254577, 0.06254577, 0.06089822, 0.053392727, 0.053392727, 0.053626638, 0.053646978, 0.053646978, 0.053646978, 0.053646978, 0.038574975, 0.034379832, 0.035849404, 0.035849404, 0.035849404, 0.035849404, 0.02944736 ],
  "lightfield_0.0_0.4_0.0_x" : [ 0.026737528, 0.04709467, 0.057895318, 0.06450341, 0.06842366, 0.07001054, 0.069409594, 0.06660438, 0.061310865, 0.057148825, 0.054437514, 0.05005716, 0.0494656, 0.049395178, 0.048315346, 0.044014808, 0.035794016, 0.03261321, 0.02920001, 0.017568363 ],
  "lightfield_0.0_0.4_0.0_y" : [ 0.0, 0.0, 0.024275046, 0.054768506, 0.08669391, 0.10379279, 0.11356055, 0.11680708, 0.11678596, 0.11357464, 0.10359795, 0.08677607, 0.054749727, 0.024617776, 0.0, 0.0, 0.0, 0.0, 0.0, 0.0 ],
  "lightfield_0.0_0.2_0.0_y" : [ 0.0, 0.0, 0.0, 0.0, 0.0, 0.0, 0.03537897, 0.16189331, 0.21868199, 0.22275747, 0.2122068, 0.13153273, 0.017548721, 0.0, 0.0, 0.0, 0.0, 0.0, 0.0, 0.0 ],
  "lightfield_0.0_0.2_0.0_x" : [ 0.04311882, 0.06985526, 0.0718215, 0.061637256, 0.06077479, 0.06066754, 0.06073904, 0.055859182, 0.051895414, 0.052002665, 0.051913287, 0.051993728, 0.05193563, 0.051792633, 0.041474324, 0.034632694, 0.034632694, 0.034632694, 0.034632694, 0.023988167 ],
  "a3" : [ 0.14396347, 0.19922905, 0.12488309, 0.08452227, 0.068010114, 0.0645998, 0.042254694, 0.0, 0.0, 0.0, 0.0, 0.0, 0.0, 0.0042558266, 0.0230264, 0.04029834, 0.04947519, 0.050868075, 0.0503526, 0.054261085 ],
  "lightfield_0.4_0.0_0.0_y" : [ 0.0, 0.0, 0.0, 0.0, 0.0, 0.0, 0.0, 0.049214136, 0.19815364, 0.25261196, 0.25273356, 0.19921768, 0.04806903, 0.0, 0.0, 0.0, 0.0, 0.0, 0.0, 0.0 ],
  "lightfield_0.4_0.0_0.0_x" : [ 0.067941144, 0.06257537, 0.06257537, 0.06250443, 0.062433496, 0.060857713, 0.053708415, 0.053652678, 0.05368308, 0.053708415, 0.053708415, 0.053678013, 0.05363748, 0.03861432, 0.034393653, 0.0358225, 0.035751563, 0.035700895, 0.03572116, 0.029331887 ],