{
  "eccentricity_minmax" : 0.011189303,
  "compactness" : 2.5277324,
  "eccentricity" : 6.2502246,
  "compactness_standardized" : -0.06509475,
  "convexity_minmax" : 0.4282922,
  "diameter_standardized" : 0.022208527,
  "surface_area_minmax" : 0.06319093,
  "convexity" : 0.8203015,
  "diameter_minmax" : 0.111805744,
  "rectangularity _standardized" : -0.07057139,
  "convexity_standardized" : 1.7399684,
  "diameter" : 1.0593066,
  "surface_area" : 1.3056412,
  "rectangularity " : 0.016125336,
  "compactness_minmax" : 5.2574273E-7,
  "surface_area_standardized" : -0.17554218,
  "rectangularity _minmax" : 0.029058844,
  "eccentricity_standardized" : -0.12729734,
  "lightfield_0.0_0.0_0.6_y" : [ 0.015272715, 0.04038548, 0.06257885, 0.06060152, 0.06037183, 0.060278624, 0.060215376, 0.06005892, 0.056826618, 0.055311996, 0.05171352, 0.05174015, 0.051620312, 0.051710192, 0.05134402, 0.05151379, 0.051606998, 0.051067725, 0.04143739, 0.014343969 ],
  "lightfield_0.0_0.0_0.6_x" : [ 0.0, 0.0, 0.0, 0.0, 0.014733443, 0.043920707, 0.072861634, 0.11352008, 0.14348629, 0.16186814, 0.13835987, 0.11005143, 0.08277492, 0.065198645, 0.039053943, 0.012666234, 0.0015046354, 0.0, 0.0, 0.0 ],
  "lightfield_0.0_0.0_0.8_y" : [ 0.0, 0.0042602075, 0.014267021, 0.030125966, 0.046265308, 0.061735317, 0.07713598, 0.08735083, 0.08751364, 0.08626241, 0.08633477, 0.08598805, 0.08185749, 0.07784451, 0.06619753, 0.05025115, 0.03472084, 0.018593559, 0.0032954046, 0.0 ],
  "lightfield_0.0_0.0_0.8_x" : [ 0.009892244, 0.026643632, 0.042403083, 0.05573545, 0.057447977, 0.05754144, 0.057604756, 0.057457022, 0.059657976, 0.06234435, 0.062467966, 0.06289911, 0.063942306, 0.06709299, 0.06823266, 0.06792513, 0.053202845, 0.037223298, 0.021295007, 0.008990756 ],
  "lightfield_0.0_0.0_0.2_y" : [ 0.0, 0.003442304, 0.012903305, 0.028486667, 0.044612747, 0.06035161, 0.07599595, 0.08603321, 0.0880059, 0.08628628, 0.08624054, 0.08619785, 0.08319156, 0.078743085, 0.06802896, 0.052110203, 0.035938386, 0.020007439, 0.0034240102, 0.0 ],
  "lightfield_0.0_0.0_0.2_x" : [ 0.008793273, 0.021693528, 0.037694603, 0.05389386, 0.06876071, 0.06896194, 0.06765088, 0.06552573, 0.06281824, 0.06279384, 0.06280604, 0.05899176, 0.058403306, 0.05800084, 0.05794901, 0.05788498, 0.05425669, 0.040536255, 0.02439188, 0.008192623 ],
  "lightfield_0.0_0.0_0.4_y" : [ 0.015568961, 0.04061152, 0.062371705, 0.060044624, 0.06001818, 0.05989918, 0.05995868, 0.059710767, 0.05568796, 0.055820182, 0.052560944, 0.05126188, 0.05107677, 0.051255267, 0.051341213, 0.051397406, 0.051205687, 0.05104041, 0.043755062, 0.015413602 ],
  "lightfield_0.0_0.0_0.4_x" : [ 0.0, 0.0, 0.0, 0.0, 0.0066473847, 0.028876953, 0.05671928, 0.07646971, 0.09989588, 0.12832327, 0.1548401, 0.15524668, 0.12381787, 0.08736799, 0.053909596, 0.025825964, 0.002059334, 0.0, 0.0, 0.0 ],
  "lightfield_0.0_0.0_0.0_y" : [ 0.0, 0.0, 0.0, 0.0, 0.0, 9.6140394E-4, 0.05191879, 0.14882414, 0.14882414, 0.14870806, 0.14867532, 0.14867532, 0.14824969, 0.05432379, 8.3936815E-4, 0.0, 0.0, 0.0, 0.0, 0.0 ],
  "lightfield_0.0_0.0_0.0_x" : [ 0.060208295, 0.054121386, 0.054121386, 0.05428807, 0.054413084, 0.054234494, 0.053972565, 0.053877316, 0.05244265, 0.046829004, 0.046403367, 0.046403367, 0.046334907, 0.04610572, 0.04637658, 0.04644206, 0.04629919, 0.04629919, 0.046379555, 0.044447817 ],
  "d1" : [ 0.0574955, 0.1337081, 0.0712912, 0.0692695, 0.0626498, 0.0711282, 0.0465368, 0.0514999, 0.0533963, 0.0357711, 0.0439799, 0.0531011, 0.0759251, 0.0836228, 0.0199276, 0.0128493, 0.0223061, 0.0217201, 0.0059596, 0.007862 ],
  "d2" : [ 0.00791819, 0.024049923, 0.040177654, 0.058045592, 0.07876863, 0.1133179, 0.1332427, 0.10296608, 0.08042342, 0.06679993, 0.057200443, 0.05051477, 0.045686822, 0.039093766, 0.03229507, 0.02550448, 0.019902695, 0.014814101, 0.007722956, 0.0015548731 ],
  "d3" : [ 5.915454E-4, 0.0050506243, 0.01493373, 0.027111374, 0.041865095, 0.058090683, 0.07584781, 0.09388808, 0.108057804, 0.11236948, 0.10736413, 0.09976078, 0.08645357, 0.07028312, 0.050994754, 0.030378608, 0.012872628, 0.0034317481, 5.994944E-4, 5.493856E-5 ],
  "d4" : [ 1.6269263E-6, 2.2471919E-5, 2.0407757E-4, 0.0011278667, 0.0047083246, 0.014819061, 0.035805393, 0.07269239, 0.13731827, 0.29305792, 0.2245802, 0.113776855, 0.059437208, 0.028005095, 0.01058224, 0.003064519, 6.751744E-4, 1.05546846E-4, 1.474402E-5, 1.016829E-6 ],
  "lightfield_0.0_0.8_0.0_y" : [ 0.0, 0.0, 0.0, 0.0, 0.0, 0.0016271687, 0.046383556, 0.14159758, 0.15045457, 0.15381676, 0.15358563, 0.14849147, 0.14021388, 0.060784616, 0.003044778, 0.0, 0.0, 0.0, 0.0, 0.0 ],
  "lightfield_0.0_0.8_0.0_x" : [ 0.023196401, 0.04262689, 0.047271103, 0.047449846, 0.04744676, 0.04763167, 0.04744368, 0.047499154, 0.047483742, 0.04794909, 0.05401091, 0.055280596, 0.055388454, 0.05565965, 0.05583223, 0.055610344, 0.06171531, 0.06497273, 0.058125056, 0.037406392 ],
  "lightfield_0.8_0.0_0.0_x" : [ 0.060756024, 0.05479961, 0.0538574, 0.053928737, 0.054243796, 0.05412788, 0.053875238, 0.053738512, 0.05230588, 0.046723973, 0.046242464, 0.046423774, 0.04664075, 0.046245437, 0.046426747, 0.046316773, 0.04599874, 0.04609088, 0.046153296, 0.04510409 ],
  "lightfield_0.8_0.0_0.0_y" : [ 0.0, 0.0, 0.0, 0.0, 0.0, 9.1545697E-4, 0.056357075, 0.14846453, 0.14846453, 0.14846453, 0.1485953, 0.14861314, 0.14834267, 0.05062358, 0.0011591825, 0.0, 0.0, 0.0, 0.0, 0.0 ],
  "lightfield_0.0_0.6_0.0_x" : [ 0.018369116, 0.03166924, 0.04039651, 0.04590187, 0.047611456, 0.048013948, 0.047998007, 0.04970959, 0.053670734, 0.055599503, 0.05683487, 0.06138979, 0.06446028, 0.06581918, 0.065428644, 0.06343811, 0.05945106, 0.0532802, 0.04375193, 0.027205978 ],
  "lightfield_0.0_0.6_0.0_y" : [ 0.0, 0.0, 0.016207224, 0.04421619, 0.07671631, 0.088015944, 0.094844334, 0.09863811, 0.09955666, 0.09939128, 0.096703365, 0.09178779, 0.08457484, 0.06750486, 0.035180073, 0.0066630137, 0.0, 0.0, 0.0, 0.0 ],
  "lightfield_0.6_0.0_0.0_y" : [ 0.0, 0.0, 0.0, 0.0, 0.0, 0.0011063921, 0.056015562, 0.14855991, 0.14862236, 0.14870861, 0.14870861, 0.14870861, 0.148664, 0.049918506, 9.874252E-4, 0.0, 0.0, 0.0, 0.0, 0.0 ],
  "lightfield_0.6_0.0_0.0_x" : [ 0.061366096, 0.05428162, 0.053981226, 0.053966355, 0.053972304, 0.054272696, 0.05401097, 0.053981226, 0.05152456, 0.045873635, 0.046108592, 0.04627812, 0.0463495, 0.04602234, 0.046417907, 0.04650713, 0.046322733, 0.04637627, 0.04639114, 0.045995574 ],
  "lightfield_0.0_0.4_0.0_x" : [ 0.020611808, 0.041215505, 0.053206798, 0.059705123, 0.06381573, 0.06596021, 0.06643857, 0.065062284, 0.06203406, 0.057424832, 0.05605463, 0.054212153, 0.05019884, 0.04846379, 0.048528656, 0.047800988, 0.045376785, 0.041324962, 0.03357197, 0.018992294 ],
  "lightfield_0.0_0.4_0.0_y" : [ 0.0, 0.0, 0.014918173, 0.04357282, 0.075275965, 0.088001005, 0.09536685, 0.09973083, 0.10101995, 0.10011189, 0.0973046, 0.09219471, 0.08584841, 0.06692706, 0.034297608, 0.005430134, 0.0, 0.0, 0.0, 0.0 ],
  "lightfield_0.0_0.2_0.0_y" : [ 0.0, 0.0, 0.0, 0.0, 0.0, 0.0010501101, 0.042793542, 0.1361384, 0.14921196, 0.15482911, 0.15433823, 0.15090206, 0.14462626, 0.06287301, 0.0032373217, 0.0, 0.0, 0.0, 0.0, 0.0 ],
  "lightfield_0.0_0.2_0.0_x" : [ 0.032149527, 0.05752926, 0.06505091, 0.062487766, 0.05581739, 0.055923026, 0.05585778, 0.055491176, 0.055543993, 0.05427951, 0.048255358, 0.047798652, 0.047745835, 0.047559425, 0.047848362, 0.04767438, 0.047689915, 0.047422726, 0.041451387, 0.02642363 ],
  "a3" : [ 0.08277269, 0.16668962, 0.16194649, 0.12462963, 0.10178515, 0.089214586, 0.053465784, 0.0, 0.0, 0.0, 0.0, 0.0, 0.0, 0.0019989184, 0.008635617, 0.01759171, 0.02835866, 0.04050491, 0.053266052, 0.06914017 ],
  "lightfield_0.4_0.0_0.0_y" : [ 0.0, 0.0, 0.0, 0.0, 0.0, 9.017589E-4, 0.0484807, 0.14871283, 0.1488051, 0.1488051, 0.1488051, 0.14875747, 0.1486563, 0.05733758, 7.3807326E-4, 0.0, 0.0, 0.0, 0.0, 0.0 ],