{
  "eccentricity_minmax" : 0.011433888,
  "compactness" : 2.5664825,
  "eccentricity" : 6.3649726,
  "compactness_standardized" : -0.06507826,
  "convexity_minmax" : 0.42153826,
  "diameter_standardized" : -0.010570277,
  "surface_area_minmax" : 0.063138634,
  "convexity" : 0.80738187,
  "diameter_minmax" : 0.10664357,
  "rectangularity _standardized" : -0.062977664,
  "convexity_standardized" : 1.6924397,
  "diameter" : 1.0565684,
  "surface_area" : 1.3045737,
  "rectangularity " : 0.016513921,
  "compactness_minmax" : 5.355866E-7,
  "surface_area_standardized" : -0.17654745,
  "rectangularity _minmax" : 0.0297591,
  "eccentricity_standardized" : -0.12198969,
  "lightfield_0.0_0.0_0.6_y" : [ 0.0, 0.0059775114, 0.027745778, 0.053615876, 0.06537943, 0.062062923, 0.062014244, 0.06198504, 0.061988287, 0.060995277, 0.057467833, 0.05696484, 0.05289546, 0.05280135, 0.05315507, 0.053262156, 0.05287599, 0.052963607, 0.053044733, 0.052804597 ],
  "lightfield_0.0_0.0_0.6_x" : [ 0.0, 0.006964028, 0.031120703, 0.05491068, 0.08792653, 0.11722997, 0.14445977, 0.14767568, 0.12766303, 0.10051759, 0.0774383, 0.059960086, 0.03316837, 0.009933312, 0.0010319483, 0.0, 0.0, 0.0, 0.0, 0.0 ],
  "lightfield_0.0_0.0_0.8_y" : [ 0.0, 0.0, 0.0052739466, 0.016758526, 0.034660757, 0.05270892, 0.070543274, 0.08702012, 0.09826713, 0.09969591, 0.098358765, 0.09820604, 0.09008471, 0.072796755, 0.05857678, 0.046718884, 0.03490511, 0.02315921, 0.0111214435, 0.0011437066 ],
  "lightfield_0.0_0.0_0.8_x" : [ 0.064933345, 0.06470596, 0.064431064, 0.064373374, 0.064451426, 0.06906359, 0.07002403, 0.069949366, 0.07025141, 0.07488733, 0.07548802, 0.078959875, 0.06788933, 0.049980316, 0.032027178, 0.015326346, 0.0032580364, 0.0, 0.0, 0.0 ],
  "lightfield_0.0_0.0_0.2_y" : [ 0.0, 0.0, 0.005343179, 0.015648529, 0.03146942, 0.04723588, 0.06312934, 0.07728106, 0.08240651, 0.085248955, 0.08536084, 0.08543643, 0.085608795, 0.080583125, 0.07824567, 0.06771353, 0.052146647, 0.03588427, 0.019564442, 0.0016933675 ],
  "lightfield_0.0_0.0_0.2_x" : [ 0.017574735, 0.033323053, 0.049119752, 0.06489528, 0.071067005, 0.068088494, 0.06577523, 0.06316865, 0.06293279, 0.0630356, 0.060927965, 0.05850887, 0.058139957, 0.058279056, 0.058028072, 0.055221923, 0.04527641, 0.03034454, 0.014823013, 0.0014696011 ],
  "lightfield_0.0_0.0_0.4_y" : [ 0.0, 0.005661858, 0.028833475, 0.055508345, 0.064598575, 0.061870202, 0.061785553, 0.061831135, 0.06189625, 0.06113439, 0.05748788, 0.056804158, 0.052786488, 0.05274416, 0.05251951, 0.05277021, 0.05311858, 0.053115323, 0.052734394, 0.05279951 ],
  "lightfield_0.0_0.0_0.4_x" : [ 0.0, 0.0025720918, 0.014618598, 0.04220835, 0.068476245, 0.08462508, 0.11321111, 0.14013994, 0.14918132, 0.13921529, 0.10969809, 0.07362694, 0.043771144, 0.018063247, 5.925579E-4, 0.0, 0.0, 0.0, 0.0, 0.0 ],
  "lightfield_0.0_0.0_0.0_y" : [ 0.0, 0.0, 0.0, 0.0, 0.0, 0.001217862, 0.040598407, 0.14756578, 0.14992632, 0.15005262, 0.14992031, 0.1499173, 0.14796872, 0.061780185, 0.0010524733, 0.0, 0.0, 0.0, 0.0, 0.0 ],
  "lightfield_0.0_0.0_0.0_x" : [ 0.059861675, 0.054466996, 0.054436926, 0.054497067, 0.05452413, 0.05428056, 0.054376785, 0.05439182, 0.051935047, 0.04665163, 0.04633288, 0.046384003, 0.04659149, 0.046624567, 0.046820026, 0.04665163, 0.04650128, 0.046468202, 0.04657345, 0.04162983 ],
  "d1" : [ 0.0979303, 0.1383033, 0.0585089, 0.0772238, 0.0495056, 0.0564605, 0.0513811, 0.0404928, 0.0477088, 0.0381954, 0.1126633, 0.1079065, 0.0114385, 0.0197893, 0.0233756, 0.0108597, 0.0160958, 0.0257022, 0.0036137, 0.0128449 ],
  "d2" : [ 0.00791509, 0.02414914, 0.04025947, 0.057385676, 0.078027904, 0.110791154, 0.13049752, 0.10369061, 0.08240057, 0.06765818, 0.056190766, 0.048712153, 0.043586355, 0.03832093, 0.03234828, 0.026410738, 0.022593867, 0.016748542, 0.009381347, 0.0029317148 ],
  "d3" : [ 5.828921E-4, 0.005030299, 0.014792962, 0.027256971, 0.042584326, 0.05952965, 0.077883154, 0.09607366, 0.11057361, 0.115096785, 0.11048265, 0.100959264, 0.08393998, 0.065606296, 0.046147887, 0.027673539, 0.011843687, 0.0033315306, 5.661891E-4, 4.467531E-5 ],
  "d4" : [ 5.0841445E-6, 5.1553227E-5, 3.5761873E-4, 0.0018162598, 0.0062410925, 0.016440192, 0.035608944, 0.068666354, 0.12583573, 0.25936946, 0.24183404, 0.12083405, 0.06553656, 0.033822272, 0.015663233, 0.005855511, 0.0016927151, 3.2619873E-4, 3.9656326E-5, 3.4572183E-6 ],
  "lightfield_0.0_0.8_0.0_y" : [ 0.0, 0.0, 0.0, 0.0, 0.0, 0.0049470793, 0.0561321, 0.14004752, 0.14423706, 0.14577702, 0.14578769, 0.14393476, 0.14142032, 0.0731428, 0.004573648, 0.0, 0.0, 0.0, 0.0, 0.0 ],
  "lightfield_0.0_0.8_0.0_x" : [ 0.055068713, 0.055168293, 0.055356786, 0.05529277, 0.05493001, 0.0548162, 0.06073776, 0.06436538, 0.064372495, 0.06422312, 0.06445785, 0.0644614, 0.070308276, 0.07700871, 0.07293653, 0.055534612, 0.010961106, 0.0, 0.0, 0.0 ],
  "lightfield_0.8_0.0_0.0_x" : [ 0.06113512, 0.054684266, 0.054714467, 0.054563466, 0.05481111, 0.05482319, 0.054663125, 0.054693326, 0.052253116, 0.046723384, 0.0466509, 0.046871368, 0.046756603, 0.046777744, 0.04703445, 0.04704351, 0.04698009, 0.046762645, 0.04655124, 0.03550687 ],
  "lightfield_0.8_0.0_0.0_y" : [ 0.0, 0.0, 0.0, 0.0, 0.0, 8.0333656E-4, 0.047931407, 0.14465192, 0.14791359, 0.1505803, 0.15085512, 0.15088533, 0.15071017, 0.054034956, 0.0016338537, 0.0, 0.0, 0.0, 0.0, 0.0 ],
  "lightfield_0.0_0.6_0.0_x" : [ 0.0, 0.023278415, 0.057092685, 0.06991037, 0.07272275, 0.07335659, 0.08061055, 0.08558738, 0.09467714, 0.101128235, 0.10131135, 0.09566781, 0.08278439, 0.05670299, 0.0051693297, 0.0, 0.0, 0.0, 0.0, 0.0 ],
  "lightfield_0.0_0.6_0.0_y" : [ 0.0, 0.0, 0.0, 0.0, 0.0, 0.009540488, 0.06397574, 0.12421885, 0.14205092, 0.149103, 0.15214074, 0.14691037, 0.12916751, 0.07380732, 0.009085062, 0.0, 0.0, 0.0, 0.0, 0.0 ],
  "lightfield_0.6_0.0_0.0_y" : [ 0.0, 0.0, 0.0, 0.0, 0.0, 0.0013642401, 0.04672973, 0.14590758, 0.1500664, 0.15021065, 0.15015355, 0.15009646, 0.14948946, 0.054665763, 0.0013161611, 0.0, 0.0, 0.0, 0.0, 0.0 ],
  "lightfield_0.6_0.0_0.0_x" : [ 0.06182652, 0.05555522, 0.054461427, 0.054563593, 0.05468379, 0.054326203, 0.054296155, 0.054437388, 0.052129596, 0.04650436, 0.046330076, 0.046459287, 0.046348102, 0.046426233, 0.046245936, 0.046300024, 0.046342093, 0.046561453, 0.046513375, 0.03968917 ],
  "lightfield_0.0_0.4_0.0_x" : [ 0.0, 0.016864097, 0.06653748, 0.08794374, 0.09911347, 0.10322236, 0.10119887, 0.09251924, 0.08554411, 0.07886893, 0.07399349, 0.07335549, 0.06768969, 0.04937343, 0.0037756152, 0.0, 0.0, 0.0, 0.0, 0.0 ],
  "lightfield_0.0_0.4_0.0_y" : [ 0.0, 0.0, 0.0, 0.0, 0.0, 0.009198599, 0.063775994, 0.12579988, 0.1451636, 0.15011998, 0.15003905, 0.14381617, 0.1289613, 0.074022055, 0.009103375, 0.0, 0.0, 0.0, 0.0, 0.0 ],
  "lightfield_0.0_0.2_0.0_y" : [ 0.0, 0.0, 0.0, 0.0, 0.0, 0.0041265865, 0.049345914, 0.14333513, 0.14994837, 0.14908592, 0.14705567, 0.14489637, 0.14037319, 0.06782899, 0.0040038275, 0.0, 0.0, 0.0, 0.0, 0.0 ],
  "lightfield_0.0_0.2_0.0_x" : [ 0.055156503, 0.06648179, 0.06740406, 0.05940585, 0.057051394, 0.056982145, 0.056875125, 0.05695067, 0.056831058, 0.051269136, 0.048483457, 0.048782483, 0.04887062, 0.04897449, 0.0487636, 0.048697498, 0.048725825, 0.0456002, 0.028162142, 5.319551E-4 ],
  "a3" : [ 0.07808027, 0.15775546, 0.1544004, 0.12349373, 0.1032531, 0.092065856, 0.055904914, 0.0, 0.0, 0.0, 0.0, 0.0, 0.0, 0.0021542758, 0.009737306, 0.020302815, 0.031914875, 0.04408447, 0.056042865, 0.07080966 ],
  "lightfield_0.4_0.0_0.0_y" : [ 0.0, 0.0, 0.0, 0.0, 0.0, 0.0010917389, 0.044519022, 0.14831199, 0.14940672, 0.14940374, 0.14940374, 0.1492841, 0.14921829, 0.058280915, 0.0010797747, 0.0, 0.0, 0.0, 0.0, 0.0 ],
  "lightfield_0.4_0.0_0.0_x" : [ 0.060581043, 0.054491233, 0.054045565, 0.054359626, 0.05464677, 0.05435664, 0.054150254, 0.05422503, 0.052657712, 0.046388436, 0.04625384, 0.046244867, 0.046205983, 0.046241876, 0.046125226, 0.046077367, 0.046122234, 0.046098303, 0.046134196, 0.0445938 ],