{
  "eccentricity_minmax" : 0.01675524,
  "compactness" : 43.273296,
  "eccentricity" : 8.861501,
  "compactness_standardized" : -0.06480646,
  "convexity_minmax" : 0.14509,
  "diameter_standardized" : -0.66988,
  "surface_area_minmax" : 0.025459718,
  "convexity" : 0.2785667,
  "diameter_minmax" : 2.9193098E-4,
  "rectangularity _standardized" : -0.39889285,
  "convexity_standardized" : -0.20019248,
  "diameter" : 1.0001549,
  "surface_area" : 0.53549767,
  "rectangularity " : 3.6012713E-4,
  "compactness_minmax" : 1.0876523E-5,
  "surface_area_standardized" : -0.6472196,
  "rectangularity _minmax" : 6.489202E-4,
  "eccentricity_standardized" : -0.009106227,
  "lightfield_0.0_0.0_0.6_y" : [ 0.0053728726, 0.019060146, 0.037339073, 0.053330146, 0.062067043, 0.06622025, 0.06305552, 0.067264535, 0.09395353, 0.07034159, 0.08461078, 0.07093149, 0.06658695, 0.06535135, 0.058001515, 0.04563753, 0.03413448, 0.022440113, 0.012595161, 0.0017059268 ],
  "lightfield_0.0_0.0_0.6_x" : [ 0.0, 0.0, 0.0, 0.0, 0.0, 0.0, 0.023954721, 0.1708159, 0.16718084, 0.16787437, 0.16837658, 0.15530312, 0.100442424, 0.045980312, 7.174459E-5, 0.0, 0.0, 0.0, 0.0, 0.0 ],
  "lightfield_0.0_0.0_0.8_y" : [ 0.0, 0.0, 0.0, 0.0, 0.014152522, 0.087138414, 0.12370707, 0.12926926, 0.092405766, 0.10682126, 0.123396285, 0.11853534, 0.081759505, 0.06485776, 0.039437406, 0.018144872, 3.7453184E-4, 0.0, 0.0, 0.0 ],
  "lightfield_0.0_0.0_0.8_x" : [ 0.0, 0.0, 0.010733923, 0.034098335, 0.05879353, 0.07205355, 0.08008606, 0.09005498, 0.1026775, 0.07195792, 0.071694955, 0.09939437, 0.07243605, 0.066435575, 0.061128378, 0.050330702, 0.034178022, 0.020902064, 0.0030440672, 0.0 ],
  "lightfield_0.0_0.0_0.2_y" : [ 0.0, 0.0, 4.2256666E-4, 0.021367522, 0.044289768, 0.06560148, 0.07791173, 0.11626164, 0.11302462, 0.08684941, 0.09648871, 0.13086809, 0.11858177, 0.09198399, 0.036245055, 1.03648425E-4, 0.0, 0.0, 0.0, 0.0 ],
  "lightfield_0.0_0.0_0.2_x" : [ 0.0, 0.0, 0.0070879576, 0.03382925, 0.06179838, 0.073550515, 0.079291046, 0.09595452, 0.08952035, 0.06733161, 0.09570736, 0.09928722, 0.07460295, 0.070720114, 0.059318792, 0.04343666, 0.029085342, 0.016432261, 0.003045669, 0.0 ],
  "lightfield_0.0_0.0_0.4_y" : [ 0.013121056, 0.023067536, 0.03673896, 0.04928572, 0.058179323, 0.060436625, 0.06218344, 0.064799674, 0.07551188, 0.08967783, 0.08231568, 0.06532611, 0.07094145, 0.06919463, 0.060667936, 0.051343612, 0.036770865, 0.021607868, 0.008829793, 0.0 ],
  "lightfield_0.0_0.0_0.4_x" : [ 0.0, 0.0, 0.0, 0.0, 0.0, 0.0, 0.024503274, 0.13610005, 0.1804883, 0.20232749, 0.17635657, 0.15800305, 0.09797321, 0.024248032, 0.0, 0.0, 0.0, 0.0, 0.0, 0.0 ],
  "lightfield_0.0_0.0_0.0_y" : [ 0.0, 0.0, 0.0, 0.0, 0.0, 0.0, 0.0043347995, 0.024972908, 0.3065038, 0.33410627, 0.23351341, 0.0591732, 0.028526805, 0.008868809, 0.0, 0.0, 0.0, 0.0, 0.0, 0.0 ],
  "lightfield_0.0_0.0_0.0_x" : [ 0.010876841, 0.02161025, 0.035809908, 0.0484876, 0.057340473, 0.060105503, 0.06027284, 0.058232933, 0.05734844, 0.118473895, 0.0670858, 0.06283069, 0.065269016, 0.06651208, 0.060934212, 0.052583348, 0.041244343, 0.02929177, 0.017522471, 0.008167591 ],
  "d1" : [ 0.0230142, 0.0861029, 0.1099375, 0.1723098, 0.1221982, 0.0912992, 0.0573256, 0.042233, 0.0400634, 0.0377616, 0.033214, 0.0352401, 0.0318875, 0.0286085, 0.0242639, 0.020792, 0.014734, 0.011982, 0.0113641, 0.0056685 ],
  "d2" : [ 0.052696355, 0.103635296, 0.13500331, 0.15031539, 0.13224693, 0.10446154, 0.089370795, 0.0717518, 0.052773967, 0.03696289, 0.02317467, 0.014798499, 0.01127568, 0.008207642, 0.005762512, 0.0038058683, 0.0022088878, 0.0010493842, 4.1427274E-4, 8.431481E-5 ],
  "d3" : [ 0.005998063, 0.03818079, 0.080803655, 0.109330244, 0.12381018, 0.12864387, 0.12390828, 0.11189636, 0.09282604, 0.070975184, 0.050331064, 0.032860603, 0.018370409, 0.008156464, 0.0027481355, 7.8383036E-4, 2.6453016E-4, 8.552706E-5, 2.3545097E-5, 3.2198423E-6 ],
  "d4" : [ 4.0673157E-7, 1.2201947E-6, 9.049778E-6, 5.379025E-5, 3.44705E-4, 0.001763283, 0.0063503, 0.018091217, 0.052277006, 0.21384472, 0.56922376, 0.09368289, 0.029629886, 0.010408058, 0.0033952934, 7.780775E-4, 1.2344304E-4, 1.8811335E-5, 3.5589012E-6, 5.084145E-7 ],
  "lightfield_0.0_0.8_0.0_y" : [ 0.0, 0.0, 0.0, 0.0, 0.0, 0.0, 0.0062885825, 0.02931787, 0.30565012, 0.32371777, 0.23379296, 0.06521279, 0.027212061, 0.008807861, 0.0, 0.0, 0.0, 0.0, 0.0, 0.0 ],
  "lightfield_0.0_0.8_0.0_x" : [ 0.0, 0.0, 0.00683667, 0.029106328, 0.057520337, 0.07242447, 0.08229966, 0.07667455, 0.073645644, 0.08686706, 0.12847362, 0.078568816, 0.07131868, 0.06947249, 0.061655033, 0.04796246, 0.033260256, 0.01940422, 0.0045097023, 0.0 ],
  "lightfield_0.8_0.0_0.0_x" : [ 0.010974483, 0.02148097, 0.035965417, 0.0465772, 0.057317685, 0.060921248, 0.05896737, 0.058183476, 0.05784418, 0.12253279, 0.07113524, 0.06251243, 0.0653555, 0.06692328, 0.061143547, 0.05044986, 0.038925484, 0.027951, 0.015607633, 0.009231201 ],
  "lightfield_0.8_0.0_0.0_y" : [ 0.0, 0.0, 0.0, 0.0, 0.0, 0.0, 0.0035684619, 0.042540744, 0.060347956, 0.46888417, 0.39675444, 0.027904201, 0.0, 0.0, 0.0, 0.0, 0.0, 0.0, 0.0, 0.0 ],
  "lightfield_0.0_0.6_0.0_x" : [ 0.0, 0.0, 0.0, 0.0, 0.0, 0.0, 3.2322013E-4, 0.124224275, 0.17018618, 0.19931908, 0.22569385, 0.16212723, 0.08024479, 0.037515085, 3.6631615E-4, 0.0, 0.0, 0.0, 0.0, 0.0 ],
  "lightfield_0.0_0.6_0.0_y" : [ 0.0, 0.0, 0.0, 0.0, 0.0, 0.0, 0.017152214, 0.062359937, 0.30020687, 0.2891312, 0.21769953, 0.08235649, 0.022625409, 0.008468367, 0.0, 0.0, 0.0, 0.0, 0.0, 0.0 ],
  "lightfield_0.6_0.0_0.0_y" : [ 0.0, 0.0, 0.0, 0.0, 0.0, 0.0, 0.0, 0.02173971, 0.09447183, 0.4561343, 0.42176634, 0.005887838, 0.0, 0.0, 0.0, 0.0, 0.0, 0.0, 0.0, 0.0 ],
  "lightfield_0.6_0.0_0.0_x" : [ 0.009857466, 0.01582523, 0.02749434, 0.038843747, 0.047742106, 0.0659651, 0.067830026, 0.049793527, 0.053896364, 0.14333288, 0.080005325, 0.046090316, 0.062901296, 0.06641801, 0.060103904, 0.057732783, 0.0443586, 0.03119755, 0.017956574, 0.012654856 ],
  "lightfield_0.0_0.4_0.0_x" : [ 0.0, 0.0, 0.0, 0.0, 0.0, 0.0, 0.028138386, 0.13290712, 0.15623981, 0.19638158, 0.24108988, 0.13475548, 0.07115054, 0.036619045, 0.0027181595, 0.0, 0.0, 0.0, 0.0, 0.0 ],
  "lightfield_0.0_0.4_0.0_y" : [ 0.0, 0.0, 0.0, 0.0, 0.0, 0.0, 0.017896362, 0.060952008, 0.26483572, 0.34161827, 0.22445473, 0.054754604, 0.02596386, 0.009524431, 0.0, 0.0, 0.0, 0.0, 0.0, 0.0 ],
  "lightfield_0.0_0.2_0.0_y" : [ 0.0, 0.0, 0.0, 0.0, 0.0, 0.0, 0.006364313, 0.029040849, 0.29935768, 0.33451807, 0.23536208, 0.057357147, 0.028747112, 0.009252732, 0.0, 0.0, 0.0, 0.0, 0.0, 0.0 ],
  "lightfield_0.0_0.2_0.0_x" : [ 0.0, 0.0, 0.007147613, 0.031518035, 0.061929658, 0.07388478, 0.07554929, 0.07006619, 0.06674696, 0.119815536, 0.11095445, 0.080807194, 0.07889789, 0.06877375, 0.056015745, 0.04314025, 0.030000392, 0.017271766, 0.0074805156, 0.0 ],
  "a3" : [ 0.15252563, 0.17125878, 0.11888402, 0.08863843, 0.07674947, 0.072323896, 0.040556226, 0.0, 0.0, 0.0, 0.0, 0.0, 0.0, 0.005718641, 0.026419913, 0.041059427, 0.049896687, 0.05195407, 0.050838392, 0.0531764 ],
  "lightfield_0.4_0.0_0.0_y" : [ 0.0, 0.0, 0.0, 0.0, 0.0, 0.0, 0.0, 0.013153247, 0.121042475, 0.384814, 0.38891757, 0.092072725, 0.0, 0.0, 0.0, 0.0, 0.0, 0.0, 0.0, 0.0 ],
  "lightfield_0.4_0.0_0.0_x" : [ 0.010870451, 0.0201511, 0.033263583, 0.046321712, 0.05075142, 0.069652416, 0.062450744, 0.057368807, 0.058143325, 0.1138408, 0.0692176, 0.06177134, 0.062015925, 0.06268174, 0.057097048, 0.058591735, 0.04549284, 0.031402018, 0.018860234, 0.010055168 ],
  "lightfield_0.2_0.0_0.0_x" : [ 0.010706407, 0.021263538, 0.035245724, 0.04885472, 0.055812642, 0.060912907, 0.06090461, 0.058590833, 0.057147834, 0.11417956, 0.066817604, 0.06324327, 0.06481896, 0.06601317, 0.060382146, 0.05442769, 0.042974904, 0.030734273, 0.018501932, 0.008467267 ],
  "lightfield_0.2_0.0_0.0_y" : [ 0.0, 0.0, 0.0, 0.0, 0.0, 0.0, 0.0059793335, 0.024788111, 0.2228525, 0.3314674, 0.26105887, 0.124322034, 0.029092235, 4.3953492E-4, 0.0, 0.0, 0.0, 0.0, 0.0, 0.0 ]
}