{
  "eccentricity_minmax" : 0.008402881,
  "compactness" : 194.42924,
  "eccentricity" : 4.942966,
  "compactness_standardized" : -0.06381372,
  "convexity_minmax" : 0.02925375,
  "diameter_standardized" : -0.67115325,
  "surface_area_minmax" : 0.016046898,
  "convexity" : 0.056984615,
  "diameter_minmax" : 2.2473516E-7,
  "rectangularity _standardized" : -0.40376058,
  "convexity_standardized" : -0.9928008,
  "diameter" : 1.0000001,
  "surface_area" : 0.34336966,
  "rectangularity " : 1.024503E-4,
  "compactness_minmax" : 4.9275357E-5,
  "surface_area_standardized" : -0.7643662,
  "rectangularity _minmax" : 1.8456987E-4,
  "eccentricity_standardized" : -0.18639316,
  "lightfield_0.0_0.0_0.6_y" : [ 0.011619397, 0.024562143, 0.04078318, 0.055430237, 0.06362096, 0.06660852, 0.06730027, 0.08939617, 0.09887014, 0.08550633, 0.052302323, 0.047911216, 0.047259565, 0.05216197, 0.05679369, 0.052603085, 0.037915926, 0.026065947, 0.01624109, 0.007047831 ],
  "lightfield_0.0_0.0_0.6_x" : [ 0.0, 0.0, 0.0, 0.0, 0.0, 0.037745494, 0.08239847, 0.2597672, 0.25338104, 0.09559185, 0.08280951, 0.08946635, 0.07075902, 0.025263919, 0.0028171274, 0.0, 0.0, 0.0, 0.0, 0.0 ],
  "lightfield_0.0_0.0_0.8_y" : [ 0.0, 0.0, 0.022074677, 0.08862695, 0.15523891, 0.18290873, 0.104502216, 0.07053602, 0.059405424, 0.04618598, 0.05073669, 0.058159575, 0.062307432, 0.045574248, 0.031220859, 0.01647208, 0.006050207, 0.0, 0.0, 0.0 ],
  "lightfield_0.0_0.0_0.8_x" : [ 0.011831848, 0.031071655, 0.051624455, 0.06256854, 0.07398262, 0.11086576, 0.11091051, 0.09105897, 0.05878623, 0.052639037, 0.04194114, 0.040493865, 0.044320937, 0.050117496, 0.052877765, 0.044097133, 0.031593867, 0.021104854, 0.012921034, 0.0051922863 ],
  "lightfield_0.0_0.0_0.2_y" : [ 0.0, 0.0, 0.0051850528, 0.016128791, 0.029761905, 0.044549733, 0.062086537, 0.057959355, 0.051336493, 0.046084393, 0.05739317, 0.07025895, 0.09887359, 0.17944305, 0.16068448, 0.0934278, 0.026826689, 0.0, 0.0, 0.0 ],
  "lightfield_0.0_0.0_0.2_x" : [ 0.011934561, 0.031155014, 0.051880326, 0.062228084, 0.074035995, 0.1109795, 0.1109199, 0.090917215, 0.05877883, 0.052580606, 0.04197211, 0.040660944, 0.044207044, 0.050181776, 0.0528637, 0.0440804, 0.031594552, 0.020717861, 0.013253174, 0.0050584064 ],
  "lightfield_0.0_0.0_0.4_y" : [ 0.0070173326, 0.016300261, 0.026144577, 0.038244464, 0.052760318, 0.05678025, 0.05227913, 0.046905857, 0.04781811, 0.05210871, 0.08649364, 0.09853338, 0.08943089, 0.06714585, 0.066444114, 0.06343669, 0.05539683, 0.04049001, 0.024640864, 0.011628723 ],
  "lightfield_0.0_0.0_0.4_x" : [ 0.0, 0.0, 0.0, 0.0, 0.0, 0.03771315, 0.08102012, 0.2593606, 0.25421792, 0.096147485, 0.0828747, 0.08940082, 0.07104548, 0.02541277, 0.0028069331, 0.0, 0.0, 0.0, 0.0, 0.0 ],
  "lightfield_0.0_0.0_0.0_y" : [ 0.0, 0.0, 0.0, 0.0, 0.0, 0.0, 0.0, 0.149129, 0.28779492, 0.30601984, 0.14510474, 0.053902976, 0.058048513, 0.0, 0.0, 0.0, 0.0, 0.0, 0.0, 0.0 ],
  "lightfield_0.0_0.0_0.0_x" : [ 0.008941566, 0.020022051, 0.031764057, 0.0477398, 0.058224916, 0.06042999, 0.055490628, 0.05510474, 0.06467475, 0.0977398, 0.09732084, 0.06467475, 0.05496141, 0.055689085, 0.06045204, 0.058346197, 0.047629546, 0.03170893, 0.019988975, 0.00909592 ],
  "d1" : [ 0.0121754, 0.0630545, 0.0859003, 0.0841355, 0.2901908, 0.0878099, 0.0542247, 0.0347293, 0.0340434, 0.0361014, 0.0305801, 0.0307508, 0.0360912, 0.0287959, 0.0269653, 0.0246743, 0.013988, 0.009576, 0.0073567, 0.0088565 ],
  "d2" : [ 0.06346895, 0.09094227, 0.117169574, 0.13481197, 0.14270236, 0.09730559, 0.08893402, 0.082662016, 0.06669431, 0.043876305, 0.027782978, 0.015623744, 0.009805022, 0.0073315874, 0.0050252825, 0.0031463525, 0.0016880964, 7.2342705E-4, 2.4904372E-4, 5.7110028E-5 ],
  "d3" : [ 0.017834002, 0.061213627, 0.096623845, 0.11709168, 0.11164984, 0.10703038, 0.101292014, 0.08942568, 0.079596214, 0.06781401, 0.052840732, 0.038400643, 0.025192147, 0.015700052, 0.009865899, 0.0052820505, 0.0022738124, 7.063529E-4, 1.5274127E-4, 1.428805E-5 ],
  "d4" : [ 1.830292E-6, 1.8709652E-5, 1.4103416E-4, 6.420258E-4, 0.0016301802, 0.0036810224, 0.008172864, 0.018666945, 0.04893408, 0.3887019, 0.44670382, 0.04943375, 0.018888107, 0.008199403, 0.0037214921, 0.0016080133, 6.5799E-4, 1.735727E-4, 2.1963504E-5, 1.3218776E-6 ],
  "lightfield_0.0_0.8_0.0_y" : [ 0.0, 0.0, 0.0, 0.0, 0.0, 0.06159246, 0.21542217, 0.25477043, 0.21452242, 0.112824485, 0.059000123, 0.06608228, 0.015785629, 0.0, 0.0, 0.0, 0.0, 0.0, 0.0, 0.0 ],
  "lightfield_0.0_0.8_0.0_x" : [ 0.010529691, 0.025575927, 0.03790511, 0.05057281, 0.05612272, 0.06276836, 0.07338714, 0.07532026, 0.090295225, 0.09047339, 0.09607676, 0.08417518, 0.048728775, 0.032827336, 0.040880505, 0.045218877, 0.037602223, 0.024106044, 0.012186648, 0.005247029 ],
  "lightfield_0.8_0.0_0.0_x" : [ 0.013423362, 0.019973315, 0.020620223, 0.02611895, 0.041402176, 0.055472445, 0.054623377, 0.04916508, 0.060324263, 0.16124207, 0.16172725, 0.059717786, 0.04795213, 0.054542515, 0.054987263, 0.039784905, 0.025714632, 0.021509724, 0.019002952, 0.012695589 ],
  "lightfield_0.8_0.0_0.0_y" : [ 0.0, 0.0, 0.0, 0.0, 0.0, 0.0, 0.0, 0.034771357, 0.09408483, 0.23531315, 0.21724012, 0.30077225, 0.117818296, 0.0, 0.0, 0.0, 0.0, 0.0, 0.0, 0.0 ],
  "lightfield_0.0_0.6_0.0_x" : [ 0.008119998, 0.018048303, 0.028164973, 0.035033066, 0.03965816, 0.045714833, 0.060236353, 0.07744136, 0.08757252, 0.08792317, 0.079991534, 0.06717689, 0.060679737, 0.07272353, 0.075948924, 0.056222722, 0.045714833, 0.032207586, 0.016225506, 0.005195987 ],
  "lightfield_0.0_0.6_0.0_y" : [ 0.001025867, 0.027014496, 0.06646111, 0.08223743, 0.10539479, 0.11791384, 0.11076175, 0.098688975, 0.08501075, 0.073126346, 0.06099851, 0.047421712, 0.033381246, 0.029935608, 0.026921762, 0.029448755, 0.004257058, 0.0, 0.0, 0.0 ],
  "lightfield_0.6_0.0_0.0_y" : [ 0.0, 0.0, 0.0, 0.0, 0.0, 0.0, 0.0, 0.0020543085, 0.038857557, 0.17754205, 0.38388178, 0.33929706, 0.05836726, 0.0, 0.0, 0.0, 0.0, 0.0, 0.0, 0.0 ],
  "lightfield_0.6_0.0_0.0_x" : [ 0.012923468, 0.032931186, 0.045095183, 0.0544703, 0.05972435, 0.056275602, 0.049676914, 0.05066049, 0.05405944, 0.08407724, 0.08361658, 0.053860232, 0.05051109, 0.04962711, 0.05649971, 0.059550043, 0.054569904, 0.045207236, 0.033640858, 0.01302307 ],
  "lightfield_0.0_0.4_0.0_x" : [ 0.0081561105, 0.018247668, 0.02831025, 0.035226285, 0.039465144, 0.045610476, 0.06012053, 0.077301964, 0.087468855, 0.08809469, 0.07992988, 0.06727415, 0.06058411, 0.07245465, 0.075786635, 0.056359738, 0.04552935, 0.03248247, 0.016387552, 0.0052094804 ],
  "lightfield_0.0_0.4_0.0_y" : [ 0.0010749261, 0.027075969, 0.066697575, 0.08203338, 0.10561222, 0.117546506, 0.11077244, 0.098890305, 0.08496262, 0.07303993, 0.060778234, 0.047386568, 0.03352263, 0.030158777, 0.026893435, 0.029541636, 0.0040128645, 0.0, 0.0, 0.0 ],
  "lightfield_0.0_0.2_0.0_y" : [ 0.0, 0.0, 0.0, 0.0, 0.0, 0.061026044, 0.21528013, 0.2549065, 0.21512862, 0.11302341, 0.05894936, 0.06581222, 0.015873723, 0.0, 0.0, 0.0, 0.0, 0.0, 0.0, 0.0 ],
  "lightfield_0.0_0.2_0.0_x" : [ 0.010534947, 0.025561953, 0.03792403, 0.050606962, 0.056409206, 0.06269274, 0.073423766, 0.07523307, 0.09001943, 0.09023334, 0.09593754, 0.08437762, 0.048681796, 0.03279916, 0.040918734, 0.045187972, 0.037442736, 0.024091339, 0.012415551, 0.0055081197 ],
  "a3" : [ 0.13333417, 0.14762011, 0.12723932, 0.09849337, 0.09790665, 0.09155471, 0.049310576, 0.0, 0.0, 0.0, 0.0, 0.0, 0.0, 0.0028431208, 0.01566413, 0.032768637, 0.042011697, 0.04424325, 0.054692443, 0.062317833 ],
  "lightfield_0.4_0.0_0.0_y" : [ 0.0, 0.0, 0.0, 0.0, 0.0, 0.0, 2.70636E-4, 0.0077657495, 0.06720042, 0.30074424, 0.33347616, 0.23992632, 0.049090363, 0.0015260864, 0.0, 0.0, 0.0, 0.0, 0.0, 0.0 ],
  "lightfield_0.4_0.0_0.0_x" : [ 0.011381747, 0.02851451, 0.040851, 0.052653737, 0.060073674, 0.05844234, 0.0518719, 0.051796723, 0.058013834, 0.087009475, 0.08639302, 0.05789355, 0.051789206, 0.05196211, 0.058517516, 0.059938356, 0.052631184, 0.040648025, 0.028138626, 0.0114794765 ],