{
  "eccentricity_minmax" : 0.008548647,
  "compactness" : 59.54723,
  "eccentricity" : 5.0113525,
  "compactness_standardized" : -0.06471412,
  "convexity_minmax" : 0.068049535,
  "diameter_standardized" : -0.6431316,
  "surface_area_minmax" : 0.02457461,
  "convexity" : 0.1311967,
  "diameter_minmax" : 0.0045187497,
  "rectangularity _standardized" : -0.3943637,
  "convexity_standardized" : -0.7271123,
  "diameter" : 1.002397,
  "surface_area" : 0.51743144,
  "rectangularity " : 5.5434136E-4,
  "compactness_minmax" : 1.5010665E-5,
  "surface_area_standardized" : -0.657856,
  "rectangularity _minmax" : 9.989067E-4,
  "eccentricity_standardized" : -0.18330169,
  "lightfield_0.0_0.0_0.6_y" : [ 0.008757129, 0.0256513, 0.046514865, 0.052319206, 0.056318127, 0.06742905, 0.079063036, 0.07734198, 0.08162775, 0.08566041, 0.08675294, 0.05135744, 0.046611886, 0.041841023, 0.041495122, 0.0430601, 0.043929067, 0.03543347, 0.023951339, 0.0048847566 ],
  "lightfield_0.0_0.0_0.6_x" : [ 0.0, 0.0, 0.0, 5.0619245E-4, 0.02804306, 0.056145176, 0.107692435, 0.13473155, 0.14739057, 0.15176071, 0.118423715, 0.09301708, 0.06974488, 0.055930045, 0.027941821, 0.008672764, 0.0, 0.0, 0.0, 0.0 ],
  "lightfield_0.0_0.0_0.8_y" : [ 0.0, 0.0, 0.019894775, 0.08788343, 0.11890996, 0.12751551, 0.11999507, 0.08398115, 0.07061071, 0.06748889, 0.07157601, 0.056610424, 0.04603662, 0.03938221, 0.040498123, 0.03494593, 0.013278017, 0.001393182, 0.0, 0.0 ],
  "lightfield_0.0_0.0_0.8_x" : [ 0.004306199, 0.0238484, 0.043171525, 0.067365654, 0.0969819, 0.09575302, 0.0888145, 0.08079086, 0.070521705, 0.06063936, 0.06652358, 0.058137108, 0.039053597, 0.036999762, 0.035938617, 0.03981351, 0.03602077, 0.033973787, 0.017953904, 0.003392244 ],
  "lightfield_0.0_0.0_0.2_y" : [ 0.0, 0.0023275362, 0.011246044, 0.032665107, 0.04021766, 0.038412306, 0.040660243, 0.05007228, 0.06597339, 0.062133435, 0.0661517, 0.06633319, 0.10727363, 0.12009259, 0.122432865, 0.10976674, 0.05850681, 0.0057344637, 0.0, 0.0 ],
  "lightfield_0.0_0.0_0.2_x" : [ 0.010863959, 0.029767629, 0.046506148, 0.08183312, 0.09370642, 0.09361408, 0.08134277, 0.07436653, 0.06762591, 0.057666223, 0.06677259, 0.052492153, 0.03950125, 0.037001777, 0.035419308, 0.04158043, 0.032646004, 0.032821126, 0.020670814, 0.0038017486 ],
  "lightfield_0.0_0.0_0.4_y" : [ 0.004382656, 0.02098878, 0.037647232, 0.041899063, 0.04330326, 0.04049923, 0.03992796, 0.04740246, 0.0538696, 0.09008212, 0.08859506, 0.08055365, 0.080300726, 0.078011274, 0.063655354, 0.057776924, 0.05519094, 0.046150893, 0.022881389, 0.006881424 ],
  "lightfield_0.0_0.0_0.4_x" : [ 0.0, 0.0, 0.0, 4.3608516E-6, 0.015424333, 0.05144933, 0.072773896, 0.13250884, 0.14791574, 0.15502828, 0.14573966, 0.10241024, 0.070881285, 0.06119583, 0.035715375, 0.008952829, 0.0, 0.0, 0.0, 0.0 ],
  "lightfield_0.0_0.0_0.0_y" : [ 0.0, 0.0, 0.0, 0.0, 0.0, 0.0075357184, 0.07544942, 0.1603577, 0.2128218, 0.18053442, 0.13824861, 0.087061994, 0.0625271, 0.05469622, 0.020767039, 0.0, 0.0, 0.0, 0.0, 0.0 ],
  "lightfield_0.0_0.0_0.0_x" : [ 0.0074065877, 0.02558178, 0.042064436, 0.046371877, 0.04822122, 0.044891484, 0.050310377, 0.062001348, 0.08217807, 0.09325567, 0.092766814, 0.07794442, 0.059520185, 0.049203537, 0.04753406, 0.049498696, 0.047178946, 0.043581728, 0.023792394, 0.0066963667 ],
  "d1" : [ 0.0099334, 0.0501449, 0.0807549, 0.0944184, 0.079646, 0.0960616, 0.0954093, 0.0795348, 0.0637392, 0.0453028, 0.0365094, 0.0353949, 0.0350336, 0.0413805, 0.0413509, 0.0332282, 0.0315295, 0.0276081, 0.0183994, 0.0046202 ],
  "d2" : [ 0.022119584, 0.0632094, 0.0962019, 0.114840865, 0.11929985, 0.11147417, 0.09996796, 0.086651914, 0.07551706, 0.061598018, 0.04584955, 0.032211557, 0.022180194, 0.016303163, 0.012444286, 0.009440757, 0.006200589, 0.003143552, 0.0011920093, 1.5362697E-4 ],
  "d3" : [ 0.003614575, 0.02925126, 0.06999384, 0.10550085, 0.12545481, 0.131082, 0.12606609, 0.11220708, 0.09188997, 0.07020916, 0.051209882, 0.035603307, 0.022432338, 0.012659313, 0.006548254, 0.0035498762, 0.00182233, 7.232571E-4, 1.6934358E-4, 1.24768885E-5 ],
  "d4" : [ 1.931975E-6, 1.088007E-5, 5.551886E-5, 2.1729634E-4, 6.2189257E-4, 0.0015056186, 0.0040202364, 0.011826229, 0.046499282, 0.7444163, 0.15677255, 0.022985112, 0.0070155095, 0.002508822, 9.563276E-4, 4.1374768E-4, 1.3717022E-4, 2.9996454E-5, 4.677413E-6, 9.15146E-7 ],
  "lightfield_0.0_0.8_0.0_y" : [ 0.0, 0.0, 0.0, 0.0046141995, 0.04418899, 0.087293796, 0.1616576, 0.16741806, 0.14331397, 0.124090575, 0.08718063, 0.056304917, 0.051497243, 0.04401377, 0.027298247, 0.0011279966, 0.0, 0.0, 0.0, 0.0 ],
  "lightfield_0.0_0.8_0.0_x" : [ 0.0063810293, 0.022684047, 0.040458206, 0.045828056, 0.04754743, 0.047751855, 0.04870828, 0.048730183, 0.06853036, 0.08132162, 0.09859201, 0.09288267, 0.07226114, 0.05685249, 0.045437455, 0.048434492, 0.046755277, 0.04368888, 0.028378788, 0.008775741 ],
  "lightfield_0.8_0.0_0.0_x" : [ 0.007837557, 0.02721123, 0.04476668, 0.04884921, 0.04973009, 0.04537652, 0.050848126, 0.062214844, 0.07887812, 0.08586303, 0.0862583, 0.07516827, 0.05985454, 0.049481638, 0.04760695, 0.051237747, 0.049684916, 0.04628563, 0.025720512, 0.0071260785 ],
  "lightfield_0.8_0.0_0.0_y" : [ 0.0, 0.0, 0.0, 0.0, 0.0, 0.0, 0.02889958, 0.076930024, 0.08185956, 0.15838867, 0.2230598, 0.25959367, 0.13541807, 0.03585061, 0.0, 0.0, 0.0, 0.0, 0.0, 0.0 ],
  "lightfield_0.0_0.6_0.0_x" : [ 3.5940517E-5, 0.014184524, 0.042951915, 0.059742127, 0.062144153, 0.06755919, 0.06575617, 0.1018704, 0.13332735, 0.13630742, 0.09255582, 0.070443414, 0.061652966, 0.04125073, 0.022825224, 0.02044716, 0.0057714484, 0.0011740569, 0.0, 0.0 ],
  "lightfield_0.0_0.6_0.0_y" : [ 0.006792758, 0.017610854, 0.038270663, 0.05361427, 0.0654986, 0.09077077, 0.102810845, 0.10351768, 0.100375876, 0.08670351, 0.07965317, 0.052805606, 0.04125672, 0.03375114, 0.025415936, 0.02808452, 0.027386675, 0.02111805, 0.019653473, 0.004908876 ],
  "lightfield_0.6_0.0_0.0_y" : [ 0.0, 0.0, 0.0, 0.0, 0.0, 0.0, 0.0, 0.015991198, 0.040907145, 0.08896632, 0.21484198, 0.5029892, 0.13630417, 0.0, 0.0, 0.0, 0.0, 0.0, 0.0, 0.0 ],
  "lightfield_0.6_0.0_0.0_x" : [ 0.008032275, 0.027116572, 0.045809645, 0.049232837, 0.047313407, 0.040344764, 0.045137234, 0.056323737, 0.09260957, 0.09084907, 0.09862461, 0.08046947, 0.053524055, 0.043523442, 0.042264197, 0.048572652, 0.049721867, 0.04670212, 0.026872057, 0.0069564153 ],
  "lightfield_0.0_0.4_0.0_x" : [ 2.7145786E-4, 0.011872552, 0.04096329, 0.05665713, 0.059708793, 0.065045476, 0.064565204, 0.09891208, 0.13015062, 0.13556187, 0.10121202, 0.0720646, 0.064478695, 0.04521414, 0.02333046, 0.021495882, 0.0070668533, 0.0014288825, 0.0, 0.0 ],
  "lightfield_0.0_0.4_0.0_y" : [ 0.006723802, 0.018599337, 0.038075693, 0.05500452, 0.06637294, 0.091743805, 0.10212781, 0.10389676, 0.1021129, 0.084829085, 0.07530718, 0.053560723, 0.041840304, 0.03173372, 0.024908494, 0.02810931, 0.027074192, 0.02296951, 0.019470388, 0.00553953 ],
  "lightfield_0.0_0.2_0.0_y" : [ 0.0, 0.0, 0.0, 0.0032707565, 0.03862268, 0.08531348, 0.15834287, 0.17086701, 0.14687647, 0.12684308, 0.0890606, 0.056934416, 0.052182067, 0.04480411, 0.026136044, 7.464226E-4, 0.0, 0.0, 0.0, 0.0 ],
  "lightfield_0.0_0.2_0.0_x" : [ 0.00570882, 0.021304926, 0.03917031, 0.045235462, 0.046893343, 0.04532173, 0.04912511, 0.05024662, 0.07407213, 0.082444064, 0.10344142, 0.087849066, 0.07211042, 0.0533936, 0.047283433, 0.05046792, 0.048449956, 0.045606796, 0.02482699, 0.00704788 ],
  "a3" : [ 0.15950283, 0.16694188, 0.13334364, 0.09826596, 0.07748943, 0.06437058, 0.038374584, 0.0, 0.0, 0.0, 0.0, 0.0, 0.0, 0.009144251, 0.028840026, 0.035511136, 0.04080476, 0.045257904, 0.04887952, 0.0532735 ],
  "lightfield_0.4_0.0_0.0_y" : [ 0.0, 0.0, 0.0, 0.0, 0.0, 0.0, 8.8089095E-5, 0.039224815, 0.02258856, 0.0646574, 0.319927, 0.42295352, 0.12911345, 0.001447178, 0.0, 0.0, 0.0, 0.0, 0.0, 0.0 ],