{
  "eccentricity_minmax" : 0.0011629572,
  "compactness" : 47.92908,
  "eccentricity" : 1.5463334,
  "compactness_standardized" : -0.06479168,
  "convexity_minmax" : 0.065414354,
  "diameter_standardized" : -0.6700341,
  "surface_area_minmax" : 0.038458206,
  "convexity" : 0.12615588,
  "diameter_minmax" : 1.8068707E-4,
  "rectangularity _standardized" : -0.3470371,
  "convexity_standardized" : -0.74515903,
  "diameter" : 1.0000958,
  "surface_area" : 0.80081385,
  "rectangularity " : 0.0028302514,
  "compactness_minmax" : 1.2059254E-5,
  "surface_area_standardized" : -0.4844513,
  "rectangularity _minmax" : 0.0051002437,
  "eccentricity_standardized" : -0.33994105,
  "lightfield_0.0_0.0_0.6_y" : [ 0.017674956, 0.030106282, 0.035077557, 0.038840454, 0.06382519, 0.08603628, 0.09784463, 0.103385665, 0.097910374, 0.07492291, 0.0683895, 0.051447086, 0.041166436, 0.0390095, 0.037494324, 0.033928655, 0.029642964, 0.024846995, 0.018708032, 0.009742201 ],
  "lightfield_0.0_0.0_0.6_x" : [ 0.0, 3.1305274E-6, 0.022483448, 0.04121965, 0.045383256, 0.04374912, 0.035722446, 0.026393477, 0.06361858, 0.10151987, 0.11559785, 0.116029866, 0.10417769, 0.08993066, 0.080545336, 0.06770078, 0.037190665, 0.008734171, 0.0, 0.0 ],
  "lightfield_0.0_0.0_0.8_y" : [ 0.012345288, 0.031138806, 0.03656761, 0.03881376, 0.05556355, 0.091831185, 0.0990013, 0.0796371, 0.07350592, 0.070632994, 0.0646335, 0.05642933, 0.05759508, 0.063258015, 0.055251382, 0.040633116, 0.031594865, 0.023244357, 0.014557294, 0.0037655323 ],
  "lightfield_0.0_0.0_0.8_x" : [ 0.029078005, 0.06283122, 0.072276756, 0.08361481, 0.09383589, 0.095169924, 0.08588535, 0.053717367, 0.05177363, 0.050856635, 0.05474167, 0.055197727, 0.04002829, 0.03748948, 0.035018962, 0.030329118, 0.02564903, 0.020678723, 0.014867024, 0.0069603813 ],
  "lightfield_0.0_0.0_0.2_y" : [ 0.006039299, 0.016150568, 0.023669507, 0.03160038, 0.039282672, 0.053340435, 0.061685607, 0.05619555, 0.0537571, 0.06155303, 0.067776985, 0.07006629, 0.07509233, 0.09487452, 0.098378316, 0.06979167, 0.03845407, 0.036032196, 0.031245265, 0.015014204 ],
  "lightfield_0.0_0.0_0.2_x" : [ 0.037791193, 0.065935135, 0.074386835, 0.08613636, 0.093626894, 0.09372159, 0.07538826, 0.053158145, 0.051844224, 0.050262783, 0.05362926, 0.054895833, 0.040362217, 0.03730824, 0.034720644, 0.02977983, 0.025291193, 0.020310132, 0.014592803, 0.006858428 ],
  "lightfield_0.0_0.0_0.4_y" : [ 0.010155411, 0.019275593, 0.025277384, 0.030091519, 0.034276895, 0.037862092, 0.03918312, 0.041777547, 0.052784007, 0.069042824, 0.08607013, 0.1000108, 0.10294501, 0.096216016, 0.08121471, 0.055651527, 0.03706503, 0.03448648, 0.02948499, 0.01712892 ],
  "lightfield_0.0_0.0_0.4_x" : [ 0.0, 0.0, 0.017605254, 0.04022788, 0.045861304, 0.04448629, 0.03673477, 0.02591567, 0.048138175, 0.09594927, 0.11421186, 0.12241113, 0.11294164, 0.097568795, 0.0824373, 0.0703321, 0.03841146, 0.006767099, 0.0, 0.0 ],
  "lightfield_0.0_0.0_0.0_y" : [ 0.0, 0.0, 0.0012993967, 0.012189091, 0.028307067, 0.16641144, 0.16360462, 0.14949884, 0.12661444, 0.08112533, 0.048845038, 0.0188566, 0.02854239, 0.038807966, 0.04845624, 0.047719575, 0.035278108, 0.0044438685, 0.0, 0.0 ],
  "lightfield_0.0_0.0_0.0_x" : [ 0.014296774, 0.024419108, 0.03007029, 0.034214035, 0.03694584, 0.039762903, 0.046096183, 0.071995445, 0.092656195, 0.11894084, 0.11818371, 0.087267615, 0.06360223, 0.04426475, 0.039282024, 0.036850344, 0.033777494, 0.029623516, 0.023846146, 0.013904568 ],
  "d1" : [ 0.0043599, 0.0110951, 0.0402255, 0.0547674, 0.0712188, 0.1030771, 0.1086424, 0.088789, 0.0762498, 0.0739502, 0.0619558, 0.0572975, 0.0554458, 0.0529508, 0.0417307, 0.0326012, 0.0210461, 0.0159244, 0.0174853, 0.0111872 ],
  "d2" : [ 0.015981507, 0.04566992, 0.07257304, 0.09173851, 0.09782628, 0.098940775, 0.09805922, 0.09506349, 0.08949312, 0.081130646, 0.069778055, 0.0552241, 0.03844795, 0.022438841, 0.013204219, 0.007342189, 0.0039199884, 0.001998851, 9.132604E-4, 2.5604496E-4 ],
  "d3" : [ 0.0038960092, 0.03444245, 0.079777226, 0.11837096, 0.13891949, 0.13922155, 0.12422212, 0.10119894, 0.07946169, 0.06022836, 0.04391231, 0.030958682, 0.020644723, 0.012530821, 0.0069378545, 0.0032957098, 0.0013444854, 4.918309E-4, 1.3070548E-4, 1.408681E-5 ],
  "d4" : [ 1.5252434E-6, 7.6262168E-6, 3.4165452E-5, 1.1907067E-4, 3.4572184E-4, 9.617168E-4, 0.0026686676, 0.007785859, 0.029299518, 0.30374804, 0.60455054, 0.036613468, 0.009100009, 0.0030902447, 0.0010961415, 3.921909E-4, 1.2690025E-4, 4.4435423E-5, 1.2201947E-5, 1.931975E-6 ],
  "lightfield_0.0_0.8_0.0_y" : [ 8.434387E-4, 0.012852917, 0.015870253, 0.06450402, 0.13449855, 0.13097516, 0.122396566, 0.10995992, 0.09125463, 0.05641789, 0.037709873, 0.015826719, 0.019902432, 0.026410514, 0.033100888, 0.039056655, 0.038719278, 0.0329322, 0.016768105, 0.0 ],
  "lightfield_0.0_0.8_0.0_x" : [ 0.012643418, 0.021766162, 0.02696011, 0.03091339, 0.033791963, 0.035530537, 0.036735836, 0.038632214, 0.042550124, 0.051849715, 0.07628767, 0.08810398, 0.100845344, 0.11246031, 0.1060148, 0.06657452, 0.04161418, 0.034257215, 0.026859442, 0.015609058 ],
  "lightfield_0.8_0.0_0.0_x" : [ 0.014409893, 0.024378093, 0.02984873, 0.034169372, 0.038336366, 0.043076035, 0.04969667, 0.07229157, 0.09260509, 0.111638255, 0.1116336, 0.086869076, 0.06404138, 0.047415297, 0.042130895, 0.037665922, 0.033275444, 0.02910845, 0.02360522, 0.01380463 ],
  "lightfield_0.8_0.0_0.0_y" : [ 0.0, 0.0, 0.0, 0.0, 0.03705135, 0.065838546, 0.05933896, 0.039062683, 0.033619978, 0.07169562, 0.100915805, 0.13971311, 0.17143814, 0.16075295, 0.09452331, 0.026049547, 0.0, 0.0, 0.0, 0.0 ],
  "lightfield_0.0_0.6_0.0_x" : [ 0.0, 0.0, 0.017826794, 0.03483628, 0.042383518, 0.047205266, 0.0498692, 0.051271267, 0.057177056, 0.08340258, 0.12745832, 0.13288194, 0.0926494, 0.093018726, 0.08862101, 0.07240831, 0.008990339, 0.0, 0.0, 0.0 ],
  "lightfield_0.0_0.6_0.0_y" : [ 0.013784731, 0.01979653, 0.026352055, 0.10407113, 0.120516375, 0.117038555, 0.11187484, 0.10516201, 0.09621955, 0.07020946, 0.047950756, 0.027757544, 0.016243482, 0.014913226, 0.016879542, 0.019909378, 0.02225186, 0.020730102, 0.01784731, 0.010491579 ],
  "lightfield_0.6_0.0_0.0_y" : [ 0.0, 0.0, 0.0, 0.0, 0.0, 0.010156348, 0.09518592, 0.14498433, 0.111396745, 0.18118477, 0.16105469, 0.14457695, 0.09269951, 0.055810753, 0.0029499768, 0.0, 0.0, 0.0, 0.0, 0.0 ],
  "lightfield_0.6_0.0_0.0_x" : [ 0.013780606, 0.021225786, 0.025454085, 0.030834282, 0.039613973, 0.050894123, 0.054785285, 0.06027786, 0.094090216, 0.124924496, 0.12641352, 0.080000564, 0.054967903, 0.051245313, 0.048000336, 0.03709947, 0.028235493, 0.023698147, 0.020439126, 0.014019414 ],
  "lightfield_0.0_0.4_0.0_x" : [ 0.0, 0.0, 0.018704534, 0.0348623, 0.042370528, 0.04711524, 0.04971281, 0.050976034, 0.056777388, 0.085381135, 0.12603801, 0.13124332, 0.091060564, 0.0913078, 0.088093854, 0.073710695, 0.012645796, 0.0, 0.0, 0.0 ],
  "lightfield_0.0_0.4_0.0_y" : [ 0.013763394, 0.019351387, 0.027475988, 0.116033815, 0.11978962, 0.115739174, 0.10957545, 0.10260908, 0.091653235, 0.06666983, 0.047413267, 0.026852842, 0.01625259, 0.015118059, 0.01733971, 0.02066541, 0.022927701, 0.02168141, 0.018294748, 0.010793292 ],
  "lightfield_0.0_0.2_0.0_y" : [ 5.720464E-4, 0.012004763, 0.015508205, 0.0696008, 0.13559689, 0.13122854, 0.12253835, 0.1094634, 0.08915712, 0.05473854, 0.036901098, 0.015836652, 0.020213217, 0.027001135, 0.03373705, 0.039629947, 0.038970318, 0.032494422, 0.014807516, 0.0 ],
  "lightfield_0.0_0.2_0.0_x" : [ 0.012872412, 0.022077158, 0.027280316, 0.031347595, 0.03403539, 0.035822693, 0.03702974, 0.03882799, 0.04352479, 0.058764763, 0.081687674, 0.09075009, 0.10221839, 0.111869276, 0.097932145, 0.05909321, 0.03996387, 0.03366041, 0.026256654, 0.014985425 ],
  "a3" : [ 0.112280525, 0.14942876, 0.13988876, 0.120514266, 0.10124492, 0.0846415, 0.047707397, 0.0, 0.0, 0.0, 0.0, 0.0, 0.0, 0.0038344297, 0.017894777, 0.030256456, 0.039822005, 0.04372445, 0.048015997, 0.060745746 ],