{
  "eccentricity_minmax" : 0.019820563,
  "compactness" : 37.51886,
  "eccentricity" : 10.299607,
  "compactness_standardized" : -0.06486117,
  "convexity_minmax" : 0.08710108,
  "diameter_standardized" : -0.6711547,
  "surface_area_minmax" : 0.011932391,
  "convexity" : 0.16764021,
  "diameter_minmax" : 0.0,
  "rectangularity _standardized" : -0.40392143,
  "convexity_standardized" : -0.59664,
  "diameter" : 1.0,
  "surface_area" : 0.25938717,
  "rectangularity " : 9.471474E-5,
  "compactness_minmax" : 9.414698E-6,
  "surface_area_standardized" : -0.81575596,
  "rectangularity _minmax" : 1.706299E-4,
  "eccentricity_standardized" : 0.05575872,
  "lightfield_0.0_0.0_0.6_y" : [ 0.012198689, 0.030599955, 0.040880233, 0.04551711, 0.046824727, 0.046884947, 0.04269541, 0.04629996, 0.09962836, 0.11784897, 0.10951291, 0.05907503, 0.0414136, 0.045491304, 0.045611743, 0.046669878, 0.044218097, 0.035666972, 0.024750091, 0.018212005 ],
  "lightfield_0.0_0.0_0.6_x" : [ 0.0, 0.0, 0.0, 0.0, 0.0, 0.0046970975, 0.107388034, 0.19021524, 0.16802877, 0.13484798, 0.1725108, 0.13341993, 0.07364808, 0.01524406, 0.0, 0.0, 0.0, 0.0, 0.0, 0.0 ],
  "lightfield_0.0_0.0_0.8_y" : [ 0.0, 0.0, 0.016146483, 0.06440981, 0.06501994, 0.0886201, 0.10698067, 0.10962876, 0.07737354, 0.07356179, 0.091387704, 0.08904152, 0.06708307, 0.056540992, 0.044319484, 0.029959366, 0.019926785, 0.0, 0.0, 0.0 ],
  "lightfield_0.0_0.0_0.8_x" : [ 0.010177253, 0.0340353, 0.04625681, 0.04635745, 0.047300953, 0.045734737, 0.053465173, 0.088569775, 0.10049565, 0.07711565, 0.07114642, 0.078078024, 0.04969116, 0.04706193, 0.044527054, 0.04634487, 0.04014291, 0.0314501, 0.023908367, 0.018140418 ],
  "lightfield_0.0_0.0_0.2_y" : [ 0.0, 0.0, 0.01807172, 0.029597085, 0.04346403, 0.055505548, 0.065350264, 0.08854576, 0.09350589, 0.073665395, 0.076944865, 0.10786381, 0.10790787, 0.08985504, 0.06491593, 0.06596713, 0.01883966, 0.0, 0.0, 0.0 ],
  "lightfield_0.0_0.0_0.2_x" : [ 0.008686512, 0.034362078, 0.046239935, 0.045081735, 0.04832344, 0.045736372, 0.053957082, 0.08836322, 0.100411035, 0.07712741, 0.07151894, 0.07766874, 0.049771193, 0.04615811, 0.04544682, 0.04632806, 0.040606294, 0.032347813, 0.022521984, 0.019343223 ],
  "lightfield_0.0_0.0_0.4_y" : [ 0.016976278, 0.027120745, 0.033797678, 0.044217482, 0.04531023, 0.04663529, 0.0456544, 0.041808277, 0.059739634, 0.10979083, 0.11779282, 0.09925056, 0.04569742, 0.04243639, 0.046566457, 0.046729937, 0.046248097, 0.04156736, 0.029271819, 0.013388286 ],
  "lightfield_0.0_0.0_0.4_x" : [ 0.0, 0.0, 0.0, 0.0, 0.0, 0.0047667804, 0.10678793, 0.19054216, 0.16788705, 0.13369356, 0.17348844, 0.13390008, 0.07377324, 0.015160771, 0.0, 0.0, 0.0, 0.0, 0.0, 0.0 ],
  "lightfield_0.0_0.0_0.0_y" : [ 0.0, 0.0, 0.0, 0.0, 0.0, 0.0, 0.003965386, 0.016517688, 0.05521111, 0.44365728, 0.34565425, 0.055933814, 0.056228604, 0.022831876, 0.0, 0.0, 0.0, 0.0, 0.0, 0.0 ],
  "lightfield_0.0_0.0_0.0_x" : [ 0.014625333, 0.028546976, 0.036953215, 0.045882463, 0.045330923, 0.047270827, 0.044227842, 0.040310003, 0.060992774, 0.13588817, 0.13518448, 0.060850132, 0.039634842, 0.044113733, 0.04651008, 0.046605173, 0.045882463, 0.03838912, 0.02682579, 0.015975656 ],
  "d1" : [ 0.0223035, 0.1201271, 0.1565351, 0.1090613, 0.0865176, 0.0776634, 0.0450664, 0.035653, 0.0366858, 0.0359896, 0.0347189, 0.0350631, 0.0367389, 0.0323804, 0.0287695, 0.0272361, 0.0272265, 0.0223421, 0.0179094, 0.0120123 ],
  "d2" : [ 0.043992925, 0.10256021, 0.12557395, 0.1264749, 0.1173221, 0.10261722, 0.08822879, 0.076945715, 0.06555201, 0.049574304, 0.029346954, 0.018206397, 0.015240276, 0.012742437, 0.009910041, 0.0071261516, 0.004698725, 0.002642064, 0.001053285, 1.9153363E-4 ],
  "d3" : [ 0.0039221705, 0.031872112, 0.07546153, 0.11110559, 0.12833798, 0.128196, 0.11579408, 0.09968763, 0.08456201, 0.06832686, 0.052336928, 0.038265713, 0.02703309, 0.01758688, 0.010018741, 0.004784384, 0.001865798, 6.1831035E-4, 1.9329115E-4, 3.089036E-5 ],
  "d4" : [ 1.1185118E-6, 5.0841445E-6, 2.5929137E-5, 1.1510503E-4, 4.0012217E-4, 0.001202807, 0.003531752, 0.010216487, 0.032120813, 0.19919354, 0.66894644, 0.059525777, 0.016119992, 0.0056813285, 0.0019929847, 6.7029364E-4, 1.9116384E-4, 4.5452252E-5, 1.2100264E-5, 1.7286092E-6 ],
  "lightfield_0.0_0.8_0.0_y" : [ 0.0, 0.0, 0.0, 0.0, 0.002781735, 0.016922846, 0.026085326, 0.14266327, 0.35480243, 0.28492916, 0.071440354, 0.047289494, 0.047004573, 0.0060808277, 0.0, 0.0, 0.0, 0.0, 0.0, 0.0 ],
  "lightfield_0.0_0.8_0.0_x" : [ 0.015910625, 0.027180025, 0.038629375, 0.045250054, 0.045152582, 0.045152582, 0.042318363, 0.038569394, 0.07141786, 0.1385769, 0.13652995, 0.062232886, 0.039611608, 0.04360051, 0.04607483, 0.044065382, 0.043982904, 0.03464797, 0.027172528, 0.013923671 ],
  "lightfield_0.8_0.0_0.0_x" : [ 0.01371622, 0.029031694, 0.03723808, 0.04553785, 0.046798576, 0.04947178, 0.046518415, 0.041580576, 0.06142532, 0.12860562, 0.12818538, 0.061273567, 0.04056499, 0.047032043, 0.049296677, 0.047825832, 0.04549116, 0.038638882, 0.026883792, 0.014883558 ],
  "lightfield_0.8_0.0_0.0_y" : [ 0.0, 0.0, 0.0, 0.0, 0.0, 0.0, 0.0, 0.03940933, 0.06413354, 0.33385864, 0.5072083, 0.045993112, 0.00939707, 0.0, 0.0, 0.0, 0.0, 0.0, 0.0, 0.0 ],
  "lightfield_0.0_0.6_0.0_x" : [ 0.009615033, 0.025912423, 0.039456997, 0.04240187, 0.042118356, 0.04072823, 0.03988684, 0.09272075, 0.13746083, 0.14284146, 0.09209885, 0.07030802, 0.062497713, 0.04647774, 0.0419263, 0.033021573, 0.026192887, 0.014294512, 3.9630762E-5, 0.0 ],
  "lightfield_0.0_0.6_0.0_y" : [ 0.0062555633, 0.016644921, 0.016611386, 0.017166218, 0.02255905, 0.02890607, 0.038280267, 0.11247211, 0.13260148, 0.124519855, 0.11513042, 0.10259185, 0.077298276, 0.041423295, 0.036387138, 0.030247418, 0.019333715, 0.021373175, 0.023293743, 0.016904045 ],
  "lightfield_0.6_0.0_0.0_y" : [ 0.0, 0.0, 0.0, 0.0, 0.0, 0.0, 0.0, 0.0, 0.01917821, 0.11592625, 0.6404781, 0.22441748, 0.0, 0.0, 0.0, 0.0, 0.0, 0.0, 0.0, 0.0 ],
  "lightfield_0.6_0.0_0.0_x" : [ 0.00998286, 0.02649743, 0.03383981, 0.037082504, 0.04139065, 0.047296986, 0.04759809, 0.04183073, 0.06371891, 0.1505999, 0.15034512, 0.063811556, 0.041460138, 0.04822347, 0.047991846, 0.042571917, 0.036966693, 0.03383981, 0.024250707, 0.010700885 ],
  "lightfield_0.0_0.4_0.0_x" : [ 0.008592698, 0.02640252, 0.03893671, 0.04146487, 0.042905618, 0.04058763, 0.04052671, 0.09266468, 0.1374253, 0.1428715, 0.09197934, 0.07033159, 0.062165324, 0.047526363, 0.041940045, 0.034535274, 0.023627635, 0.015446144, 7.0057446E-5, 0.0 ],
  "lightfield_0.0_0.4_0.0_y" : [ 0.006250343, 0.016627982, 0.016588384, 0.017221948, 0.022561545, 0.028964186, 0.03823918, 0.112387374, 0.13257305, 0.12420271, 0.11372456, 0.10360583, 0.07808055, 0.041446596, 0.03635677, 0.030356197, 0.019402867, 0.021334015, 0.023259072, 0.016816834 ],
  "lightfield_0.0_0.2_0.0_y" : [ 0.0, 0.0, 0.0, 0.0, 0.0027818184, 0.016930852, 0.026086109, 0.14251009, 0.3546481, 0.2849527, 0.07162995, 0.047245923, 0.047110956, 0.0061035044, 0.0, 0.0, 0.0, 0.0, 0.0, 0.0 ],
  "lightfield_0.0_0.2_0.0_x" : [ 0.014486451, 0.028463027, 0.037535805, 0.044913996, 0.04473404, 0.04552135, 0.042439602, 0.03909542, 0.07119506, 0.13868602, 0.13648906, 0.06256467, 0.039162904, 0.043496843, 0.0452964, 0.04535639, 0.044051707, 0.036351092, 0.024886403, 0.015273758 ],
  "a3" : [ 0.21058422, 0.17481057, 0.105107024, 0.07452617, 0.066691786, 0.058720566, 0.032141875, 0.0, 0.0, 0.0, 0.0, 0.0, 0.0, 0.017753908, 0.047536645, 0.04789103, 0.044122104, 0.040599395, 0.03833655, 0.04117816 ],
  "lightfield_0.4_0.0_0.0_y" : [ 0.0, 0.0, 0.0, 0.0, 0.0, 0.0, 0.0, 0.0, 0.041498616, 0.3868554, 0.4928595, 0.07878649, 0.0, 0.0, 0.0, 0.0, 0.0, 0.0, 0.0, 0.0 ],
  "lightfield_0.4_0.0_0.0_x" : [ 0.015904421, 0.025594195, 0.031250793, 0.042437155, 0.040813737, 0.03596885, 0.03188494, 0.030134693, 0.061588414, 0.18506964, 0.18392816, 0.060751338, 0.030413717, 0.03170738, 0.03490348, 0.04129569, 0.041600082, 0.03256982, 0.024630291, 0.017553205 ],