{
  "eccentricity_minmax" : 0.0039008055,
  "compactness" : 2.0296957,
  "eccentricity" : 2.8308034,
  "compactness_standardized" : -0.06508185,
  "convexity_minmax" : 0.4451624,
  "diameter_standardized" : -0.63449943,
  "surface_area_minmax" : 0.057337224,
  "convexity" : 0.85257226,
  "diameter_minmax" : 0.0059990804,
  "rectangularity _standardized" : 0.031409893,
  "convexity_standardized" : 1.8541764,
  "diameter" : 1.0031822,
  "surface_area" : 1.1861594,
  "rectangularity " : 0.021052916,
  "compactness_minmax" : 3.992242E-7,
  "surface_area_standardized" : -0.24901663,
  "rectangularity _minmax" : 0.037938662,
  "eccentricity_standardized" : -0.2817913,
  "lightfield_0.0_0.0_0.6_y" : [ 0.0, 0.01206363, 0.04134162, 0.058004424, 0.0661251, 0.07330671, 0.078861915, 0.079800986, 0.07993958, 0.0797925, 0.078137815, 0.07199993, 0.06489752, 0.056109317, 0.047459707, 0.037630606, 0.033416115, 0.024463855, 0.010301463, 0.006347195 ],
  "lightfield_0.0_0.0_0.6_x" : [ 0.0, 0.0, 0.0, 0.0073428336, 0.05751509, 0.10292695, 0.11467096, 0.11290879, 0.11336418, 0.10394805, 0.096042335, 0.09145731, 0.08210057, 0.067561984, 0.04738334, 0.0027776049, 0.0, 0.0, 0.0, 0.0 ],
  "lightfield_0.0_0.0_0.8_y" : [ 0.0, 0.0, 0.0026968487, 0.03776153, 0.06325593, 0.07407439, 0.08162839, 0.08885199, 0.09114219, 0.09117043, 0.08936877, 0.09115349, 0.09098688, 0.08684982, 0.07149897, 0.03566618, 0.003894193, 0.0, 0.0, 0.0 ],
  "lightfield_0.0_0.0_0.8_x" : [ 0.0060064895, 0.01524355, 0.029055368, 0.040562864, 0.06105327, 0.068200625, 0.07209481, 0.07847124, 0.08119068, 0.08392424, 0.084799655, 0.08270148, 0.07997357, 0.076031365, 0.06444763, 0.05044378, 0.025700545, 9.883739E-5, 0.0, 0.0 ],
  "lightfield_0.0_0.0_0.2_y" : [ 0.0, 0.0, 0.0029921695, 0.03828001, 0.06342835, 0.074016675, 0.081793495, 0.08898317, 0.091091804, 0.09119625, 0.08925698, 0.09123859, 0.090851866, 0.08672493, 0.07101886, 0.035299134, 0.0038277188, 0.0, 0.0, 0.0 ],
  "lightfield_0.0_0.0_0.2_x" : [ 0.0013210711, 0.032225102, 0.052885186, 0.06682136, 0.07707095, 0.08046113, 0.08313997, 0.08466711, 0.083425075, 0.08074623, 0.07769479, 0.071126126, 0.06724195, 0.05875379, 0.037509385, 0.027844114, 0.0120985275, 0.0049681305, 0.0, 0.0 ],
  "lightfield_0.0_0.0_0.4_y" : [ 0.0, 0.012237218, 0.04132643, 0.058059588, 0.066196986, 0.073474236, 0.07883032, 0.07975554, 0.07980364, 0.07992813, 0.0781937, 0.07206236, 0.06483603, 0.05588377, 0.047384206, 0.037670825, 0.033273917, 0.024185836, 0.010545229, 0.006352036 ],
  "lightfield_0.0_0.0_0.4_x" : [ 0.0, 0.0, 0.008723085, 0.05195371, 0.07013553, 0.0839742, 0.0924398, 0.096386835, 0.106388815, 0.113717005, 0.11273803, 0.11520244, 0.09695555, 0.049707156, 0.0016778428, 0.0, 0.0, 0.0, 0.0, 0.0 ],
  "lightfield_0.0_0.0_0.0_y" : [ 0.0, 0.0, 0.0, 0.0, 0.018785743, 0.05975306, 0.07938282, 0.09806695, 0.115771554, 0.12953836, 0.1292956, 0.11563324, 0.09753061, 0.07910054, 0.059061475, 0.018080043, 0.0, 0.0, 0.0, 0.0 ],
  "lightfield_0.0_0.0_0.0_x" : [ 0.020352399, 0.04807231, 0.05876226, 0.06754964, 0.071829006, 0.07584585, 0.079826005, 0.08115272, 0.07769479, 0.07370335, 0.06965545, 0.06359489, 0.05317029, 0.03974222, 0.035832644, 0.034280103, 0.025839925, 0.011875526, 0.0069186864, 0.0043019494 ],
  "d1" : [ 0.0198939, 0.0299055, 0.0389628, 0.0518297, 0.0917805, 0.1194707, 0.1665353, 0.0911678, 0.0680901, 0.0603167, 0.0547994, 0.0566879, 0.0514563, 0.0676273, 0.0167339, 0.004627, 0.0035095, 0.0023353, 0.0019472, 0.0023232 ],
  "d2" : [ 0.007927392, 0.023509229, 0.04065104, 0.059426036, 0.080513835, 0.08848994, 0.10331214, 0.11293903, 0.109780274, 0.10034162, 0.08672273, 0.06530297, 0.04710207, 0.031055953, 0.019262683, 0.013133606, 0.0073960987, 0.00210737, 8.404476E-4, 1.8553258E-4 ],
  "d3" : [ 3.2349353E-4, 0.0037288792, 0.01310838, 0.026385099, 0.042442854, 0.060398, 0.07713988, 0.09241813, 0.10578631, 0.11497544, 0.117982365, 0.110180184, 0.089548744, 0.06267171, 0.04177393, 0.024588125, 0.011704328, 0.0040447256, 6.8622886E-4, 1.1319758E-4 ],
  "d4" : [ 1.3422142E-5, 2.1231388E-4, 9.717834E-4, 0.0027396423, 0.005999494, 0.014563227, 0.03165897, 0.0600045, 0.108168736, 0.21143422, 0.28176463, 0.13463852, 0.07393221, 0.040250868, 0.019761257, 0.008180795, 0.0037359311, 0.0015223962, 4.0052892E-4, 4.6570764E-5 ],
  "lightfield_0.0_0.8_0.0_y" : [ 0.0, 0.0, 0.0, 0.0, 0.018875249, 0.05809464, 0.071101315, 0.09438674, 0.12615326, 0.13268632, 0.13277026, 0.12618123, 0.09338999, 0.07087399, 0.05726926, 0.018217746, 0.0, 0.0, 0.0, 0.0 ],
  "lightfield_0.0_0.8_0.0_x" : [ 0.010488581, 0.030598398, 0.04196132, 0.04448991, 0.0401322, 0.03904452, 0.06342811, 0.083705805, 0.09047669, 0.09653062, 0.10076243, 0.09633477, 0.09015144, 0.082915395, 0.061980207, 0.026999615, 0.0, 0.0, 0.0, 0.0 ],
  "lightfield_0.8_0.0_0.0_x" : [ 0.019995254, 0.04506234, 0.056514278, 0.0666975, 0.0716598, 0.07459276, 0.07734622, 0.077796504, 0.07596797, 0.073214516, 0.0697978, 0.062005974, 0.051816672, 0.049248807, 0.039719727, 0.03699061, 0.027987879, 0.012087818, 0.0073962966, 0.0041012783 ],
  "lightfield_0.8_0.0_0.0_y" : [ 0.0, 0.0, 0.0, 0.0, 0.011518872, 0.05771302, 0.08194038, 0.09371482, 0.1117933, 0.124787785, 0.14653856, 0.13133523, 0.11915005, 0.08030352, 0.04120446, 0.0, 0.0, 0.0, 0.0, 0.0 ],
  "lightfield_0.0_0.6_0.0_x" : [ 0.0, 0.0, 0.0, 0.025535569, 0.05672559, 0.06549957, 0.07173343, 0.11436169, 0.1370364, 0.14776589, 0.14296505, 0.13040936, 0.092613, 0.015354451, 0.0, 0.0, 0.0, 0.0, 0.0, 0.0 ],
  "lightfield_0.0_0.6_0.0_y" : [ 0.0, 0.0, 0.0, 0.0, 0.02199701, 0.05806031, 0.07227663, 0.09599119, 0.12228206, 0.13085428, 0.13070424, 0.12196131, 0.09514793, 0.07212143, 0.057786126, 0.02081749, 0.0, 0.0, 0.0, 0.0 ],
  "lightfield_0.6_0.0_0.0_y" : [ 0.0, 0.0, 0.0, 0.0, 0.0, 0.022935443, 0.07875175, 0.103861384, 0.11904762, 0.14482567, 0.16997568, 0.1626525, 0.13174015, 0.06620979, 0.0, 0.0, 0.0, 0.0, 0.0, 0.0 ],
  "lightfield_0.6_0.0_0.0_x" : [ 0.01820145, 0.042047698, 0.0533777, 0.06100938, 0.06709489, 0.07056551, 0.07194641, 0.07182154, 0.07154242, 0.06882102, 0.06436615, 0.057006236, 0.060443796, 0.06298157, 0.050715055, 0.044758085, 0.033497866, 0.014701454, 0.009464313, 0.005637455 ],
  "lightfield_0.0_0.4_0.0_x" : [ 0.0, 0.0, 0.0, 0.011332084, 0.06592005, 0.09829111, 0.111948065, 0.12007847, 0.12714165, 0.12384698, 0.11543758, 0.106975056, 0.08150776, 0.037521202, 0.0, 0.0, 0.0, 0.0, 0.0, 0.0 ],
  "lightfield_0.0_0.4_0.0_y" : [ 0.0, 0.0, 0.0, 0.0, 0.023151284, 0.069927685, 0.086246066, 0.100633696, 0.110008456, 0.11051772, 0.110513285, 0.11000403, 0.10038128, 0.08604679, 0.07027752, 0.02229219, 0.0, 0.0, 0.0, 0.0 ],
  "lightfield_0.0_0.2_0.0_y" : [ 0.0, 0.0, 0.0, 0.0, 0.021091275, 0.06574943, 0.08687208, 0.098380975, 0.10744564, 0.12167802, 0.12121678, 0.107332684, 0.09822095, 0.0865238, 0.06542311, 0.020065263, 0.0, 0.0, 0.0, 0.0 ],
  "lightfield_0.0_0.2_0.0_x" : [ 0.0027391673, 0.037306644, 0.05819397, 0.070393145, 0.07731794, 0.08191773, 0.086476736, 0.09025133, 0.088757806, 0.08439334, 0.07969, 0.075005494, 0.06482696, 0.051830817, 0.02986414, 0.011273571, 0.00675222, 0.003009005, 0.0, 0.0 ],
  "a3" : [ 0.06096339, 0.12947036, 0.15397386, 0.15117502, 0.13059016, 0.108152285, 0.060967714, 0.0, 0.0, 0.0, 0.0, 0.0, 0.0, 6.617782E-4, 0.0042081326, 0.010751657, 0.021206485, 0.036920723, 0.055709913, 0.07524852 ],
  "lightfield_0.4_0.0_0.0_y" : [ 0.0, 0.0, 0.0, 0.0, 0.0, 0.023601796, 0.07913004, 0.10402328, 0.11888584, 0.14465961, 0.17011417, 0.16189592, 0.13175254, 0.065936804, 0.0, 0.0, 0.0, 0.0, 0.0, 0.0 ],
  "lightfield_0.4_0.0_0.0_x" : [ 0.018054476, 0.04197546, 0.053418647, 0.06109024, 0.067176886, 0.07067331, 0.0719354, 0.071891375, 0.071674906, 0.06885722, 0.06444725, 0.057065498, 0.06046653, 0.062851295, 0.050626643, 0.044653732, 0.03351873, 0.014646102, 0.009219853, 0.005756446 ],