{
  "eccentricity_minmax" : 0.0016278889,
  "compactness" : 13.867824,
  "eccentricity" : 1.7644576,
  "compactness_standardized" : -0.0650028,
  "convexity_minmax" : 0.23058349,
  "diameter_standardized" : -0.49649373,
  "surface_area_minmax" : 0.09474606,
  "convexity" : 0.44210637,
  "diameter_minmax" : 0.028260447,
  "rectangularity _standardized" : 0.42367253,
  "convexity_standardized" : 0.38511685,
  "diameter" : 1.0149906,
  "surface_area" : 1.9497226,
  "rectangularity " : 0.039916396,
  "compactness_minmax" : 3.4065176E-6,
  "surface_area_standardized" : 0.21828178,
  "rectangularity _minmax" : 0.07193187,
  "eccentricity_standardized" : -0.33000737,
  "lightfield_0.0_0.0_0.6_y" : [ 0.0013562896, 0.02332873, 0.03664453, 0.04560867, 0.058894265, 0.09027562, 0.10140873, 0.110598005, 0.10940095, 0.08963317, 0.087963894, 0.05126994, 0.044051956, 0.034785807, 0.029657166, 0.027581548, 0.023430314, 0.017365448, 0.013005554, 0.0037394057 ],
  "lightfield_0.0_0.0_0.6_x" : [ 0.016816344, 0.020827556, 0.023770759, 0.026606888, 0.02821302, 0.039277487, 0.084378235, 0.10365731, 0.102655195, 0.10267442, 0.097507335, 0.08335415, 0.07707788, 0.06454181, 0.049875215, 0.026431173, 0.023153016, 0.019086894, 0.009941548, 1.5374942E-4 ],
  "lightfield_0.0_0.0_0.8_y" : [ 0.0, 0.014468175, 0.035097204, 0.058651004, 0.08941704, 0.084018104, 0.07615318, 0.076606505, 0.07671028, 0.076729394, 0.07549777, 0.07858912, 0.08650319, 0.074670315, 0.059748814, 0.035157286, 0.0019826153, 0.0, 0.0, 0.0 ],
  "lightfield_0.0_0.0_0.8_x" : [ 0.0, 0.0068544964, 0.021126049, 0.040370524, 0.060262218, 0.07683863, 0.08569759, 0.08248335, 0.074148715, 0.06824457, 0.06345188, 0.061846126, 0.06657054, 0.07382374, 0.08096225, 0.076852284, 0.050234444, 0.010232588, 0.0, 0.0 ],
  "lightfield_0.0_0.0_0.2_y" : [ 0.003883389, 0.017983206, 0.03158599, 0.066812314, 0.07202567, 0.07003482, 0.06936028, 0.070763975, 0.07084591, 0.073344715, 0.07985253, 0.08682188, 0.09190961, 0.08119615, 0.047283404, 0.027306616, 0.02062675, 0.015126647, 0.0032361576, 0.0 ],
  "lightfield_0.0_0.0_0.2_x" : [ 0.0, 1.583942E-4, 0.024848774, 0.069087185, 0.1077818, 0.10312556, 0.08947088, 0.071454905, 0.06632621, 0.07367242, 0.08199358, 0.08921144, 0.07638971, 0.045112308, 0.032265995, 0.028745819, 0.023912065, 0.01437564, 0.0020673175, 0.0 ],
  "lightfield_0.0_0.0_0.4_y" : [ 0.006128309, 0.027783854, 0.038443446, 0.048337344, 0.08485014, 0.0850443, 0.079348065, 0.073591664, 0.072965436, 0.07979381, 0.084078975, 0.084226646, 0.0734604, 0.05605994, 0.034872018, 0.025303544, 0.019404944, 0.014548239, 0.010804528, 9.5438637E-4 ],
  "lightfield_0.0_0.0_0.4_x" : [ 0.01769033, 0.026621636, 0.03182017, 0.034109056, 0.038511813, 0.06320827, 0.074226096, 0.087095276, 0.09336305, 0.09383888, 0.09578046, 0.09652428, 0.10151225, 0.07507931, 0.025582476, 0.02222435, 0.017411398, 0.005400897, 0.0, 0.0 ],
  "lightfield_0.0_0.0_0.0_y" : [ 0.0067781797, 0.017475251, 0.021219362, 0.024136001, 0.027036253, 0.03965317, 0.080887556, 0.11223049, 0.13105482, 0.12804261, 0.10101181, 0.08367038, 0.057802964, 0.031665187, 0.03032703, 0.028986141, 0.026847819, 0.023466922, 0.018865297, 0.008842766 ],
  "lightfield_0.0_0.0_0.0_x" : [ 0.008353929, 0.029750802, 0.038052842, 0.043700416, 0.049255136, 0.064002186, 0.09949068, 0.11585444, 0.11801188, 0.1013286, 0.08661979, 0.04876357, 0.041332696, 0.038325936, 0.030993378, 0.026831433, 0.022300813, 0.016470267, 0.013165836, 0.007395371 ],
  "d1" : [ 0.0143812, 0.0211051, 0.0247974, 0.0405003, 0.063681, 0.0834508, 0.0920484, 0.0953466, 0.111893, 0.0887596, 0.0723526, 0.0592796, 0.0455616, 0.0465596, 0.0414371, 0.0398574, 0.0287725, 0.0161307, 0.0094024, 0.0046831 ],
  "d2" : [ 0.007213067, 0.025104508, 0.04550039, 0.06894971, 0.094098225, 0.10944012, 0.12076361, 0.124394245, 0.109781176, 0.091663994, 0.07275828, 0.053624615, 0.03513797, 0.020202247, 0.010814499, 0.005700901, 0.0030343328, 0.0013340343, 4.3837697E-4, 4.5708028E-5 ],
  "d3" : [ 9.794357E-4, 0.009851107, 0.029172173, 0.055064034, 0.085497476, 0.11380402, 0.131505, 0.13577421, 0.12586434, 0.10697664, 0.08196089, 0.05550374, 0.033543512, 0.018887192, 0.009547839, 0.0039614122, 0.0014637202, 5.116531E-4, 1.1983851E-4, 1.17725485E-5 ],
  "d4" : [ 3.2538526E-6, 1.90147E-5, 9.446341E-5, 3.2528356E-4, 9.6720766E-4, 0.0027526575, 0.008427681, 0.028227985, 0.10815185, 0.5418692, 0.23415282, 0.053060066, 0.014896544, 0.004725204, 0.001572831, 5.3353014E-4, 1.6320104E-4, 4.667245E-5, 9.456509E-6, 1.016829E-6 ],
  "lightfield_0.0_0.8_0.0_y" : [ 0.0060724337, 0.013710716, 0.01631919, 0.018434992, 0.020554615, 0.038252514, 0.08192057, 0.13328801, 0.14579952, 0.14578043, 0.10998744, 0.082294844, 0.057573546, 0.02462964, 0.022857558, 0.021898953, 0.02035602, 0.017984334, 0.014631128, 0.007653558 ],
  "lightfield_0.0_0.8_0.0_x" : [ 0.0014321778, 0.020886881, 0.034513574, 0.038798653, 0.037794217, 0.02965181, 0.03665611, 0.052910376, 0.08156921, 0.12641738, 0.11977971, 0.12692532, 0.11552137, 0.06986354, 0.05823044, 0.042293165, 0.00675606, 0.0, 0.0, 0.0 ],
  "lightfield_0.8_0.0_0.0_x" : [ 0.011420764, 0.030146778, 0.04243441, 0.04887279, 0.05349889, 0.058310144, 0.073927775, 0.08553089, 0.08731793, 0.0814799, 0.082773186, 0.06747817, 0.06700967, 0.06330094, 0.053007945, 0.032385483, 0.025054986, 0.017502861, 0.011763022, 0.006783446 ],
  "lightfield_0.8_0.0_0.0_y" : [ 6.620733E-4, 0.011906098, 0.01951433, 0.023040712, 0.03178513, 0.055030636, 0.07618893, 0.08955944, 0.094362274, 0.10887178, 0.1349816, 0.12568451, 0.1126759, 0.079847164, 0.025313081, 0.010567924, 8.416186E-6, 0.0, 0.0, 0.0 ],
  "lightfield_0.0_0.6_0.0_x" : [ 0.0, 0.0, 0.0015627145, 0.036971923, 0.05208168, 0.05289472, 0.048217133, 0.074851915, 0.093641445, 0.16593811, 0.12177558, 0.14820446, 0.09435944, 0.07606618, 0.0334347, 0.0, 0.0, 0.0, 0.0, 0.0 ],
  "lightfield_0.0_0.6_0.0_y" : [ 0.004756776, 0.00849462, 0.009883113, 0.011034031, 0.0119684925, 0.039791144, 0.094153546, 0.1456281, 0.15519445, 0.15368453, 0.12525474, 0.09301319, 0.06541755, 0.019196047, 0.0130560575, 0.012454201, 0.011831227, 0.010675029, 0.009033123, 0.0054800594 ],
  "lightfield_0.6_0.0_0.0_y" : [ 0.0, 0.0, 0.0, 0.003430677, 0.046926867, 0.070672534, 0.08380445, 0.090917334, 0.0946902, 0.097018264, 0.12846175, 0.13152976, 0.121457085, 0.09093196, 0.03606452, 0.004094585, 0.0, 0.0, 0.0, 0.0 ],
  "lightfield_0.6_0.0_0.0_x" : [ 0.016182385, 0.036272172, 0.04635655, 0.05345188, 0.05862276, 0.062009566, 0.06398081, 0.06542269, 0.06491087, 0.06309755, 0.06980682, 0.082903646, 0.08345641, 0.07648392, 0.062998116, 0.036936082, 0.027305031, 0.018955003, 0.006992966, 0.0038547593 ],
  "lightfield_0.0_0.4_0.0_x" : [ 0.0, 0.0, 0.0, 0.020320643, 0.04462349, 0.0544294, 0.063465945, 0.09141261, 0.12999156, 0.16422854, 0.16186701, 0.08930397, 0.063042074, 0.05422281, 0.044092767, 0.018999178, 0.0, 0.0, 0.0, 0.0 ],
  "lightfield_0.0_0.4_0.0_y" : [ 0.007864676, 0.018867387, 0.022632316, 0.025816655, 0.028854955, 0.045909334, 0.081385866, 0.10104043, 0.110094786, 0.1112987, 0.1068392, 0.0925453, 0.065542534, 0.03544091, 0.032060668, 0.030753449, 0.02835985, 0.024919055, 0.020167481, 0.009606445 ],
  "lightfield_0.0_0.2_0.0_y" : [ 0.0071642664, 0.01918674, 0.023370275, 0.026682815, 0.030017475, 0.043027077, 0.07865209, 0.09870706, 0.117202535, 0.114545316, 0.10259473, 0.0903234, 0.062382486, 0.03527385, 0.033451676, 0.031980667, 0.029591655, 0.025831176, 0.020646691, 0.009368018 ],
  "lightfield_0.0_0.2_0.0_x" : [ 0.0061633154, 0.026671754, 0.03714303, 0.042371757, 0.047329508, 0.05417579, 0.08078671, 0.11115812, 0.12780653, 0.13013195, 0.10937466, 0.057408147, 0.046594, 0.04160307, 0.03638264, 0.025256045, 0.01417369, 0.005469286, 0.0, 0.0 ],
  "a3" : [ 0.06754807, 0.13213167, 0.15675642, 0.15705454, 0.134558, 0.10447392, 0.0546206, 0.0, 0.0, 0.0, 0.0, 0.0, 0.0, 0.0019246608, 0.008388092, 0.01532172, 0.023638874, 0.033767994, 0.04642479, 0.06339064 ],