{
  "eccentricity_minmax" : 0.005985778,
  "compactness" : 12.110495,
  "eccentricity" : 3.8089747,
  "compactness_standardized" : -0.06501453,
  "convexity_minmax" : 0.48711336,
  "diameter_standardized" : 0.32759917,
  "surface_area_minmax" : 0.08303335,
  "convexity" : 0.93281984,
  "diameter_minmax" : 0.16119286,
  "rectangularity _standardized" : -0.30743045,
  "convexity_standardized" : 2.141383,
  "diameter" : 1.0855037,
  "surface_area" : 1.710651,
  "rectangularity " : 0.0047584553,
  "compactness_minmax" : 2.9600953E-6,
  "surface_area_standardized" : 0.07197067,
  "rectangularity _minmax" : 0.0085749915,
  "eccentricity_standardized" : -0.23756213,
  "lightfield_0.0_0.0_0.6_y" : [ 0.0, 0.009005609, 0.030057466, 0.049808566, 0.05695561, 0.056998335, 0.05696985, 0.056976974, 0.056988843, 0.056962732, 0.056957982, 0.0569295, 0.056972224, 0.056938995, 0.05694374, 0.05693662, 0.056972224, 0.05691051, 0.056938995, 0.056775212 ],
  "lightfield_0.0_0.0_0.6_x" : [ 0.011559651, 0.030309072, 0.04903001, 0.06775807, 0.086483754, 0.104979195, 0.111153044, 0.109344326, 0.1075546, 0.10310639, 0.0847059, 0.0641074, 0.04344957, 0.022829717, 0.003629303, 0.0, 0.0, 0.0, 0.0, 0.0 ],
  "lightfield_0.0_0.0_0.8_y" : [ 0.0, 0.0010064583, 0.012132443, 0.025223894, 0.038355302, 0.051489208, 0.064488254, 0.0774873, 0.090291545, 0.096272856, 0.0924643, 0.08403552, 0.07557178, 0.06704311, 0.058619328, 0.05017557, 0.041699342, 0.03319564, 0.024696939, 0.015751198 ],
  "lightfield_0.0_0.0_0.8_x" : [ 0.0638639, 0.06900358, 0.07093658, 0.070951566, 0.07093158, 0.070951566, 0.071001515, 0.070969045, 0.07095406, 0.07099152, 0.07093408, 0.06917091, 0.05798748, 0.045048375, 0.032011867, 0.018785557, 0.0055068005, 0.0, 0.0, 0.0 ],
  "lightfield_0.0_0.0_0.2_y" : [ 0.0, 4.282703E-4, 0.009448574, 0.021324754, 0.033112172, 0.044797514, 0.05649839, 0.067549095, 0.07577499, 0.08350605, 0.087234, 0.08721624, 0.08717408, 0.08338622, 0.07297237, 0.06139576, 0.049648285, 0.037918564, 0.026250971, 0.014363697 ],
  "lightfield_0.0_0.0_0.2_x" : [ 0.019875735, 0.031692002, 0.04336403, 0.054787528, 0.062221237, 0.062452015, 0.06245645, 0.062429823, 0.062398758, 0.062361035, 0.062407635, 0.062440917, 0.062398758, 0.062447574, 0.06045046, 0.055588596, 0.045225784, 0.033482745, 0.021821814, 0.009697104 ],
  "lightfield_0.0_0.0_0.4_y" : [ 0.0, 0.008684022, 0.028869275, 0.04813206, 0.05713622, 0.057162303, 0.057169415, 0.05714096, 0.05715993, 0.057188388, 0.05715519, 0.057150446, 0.057133846, 0.057178903, 0.05717416, 0.057162303, 0.05715519, 0.057183646, 0.057152815, 0.056910936 ],
  "lightfield_0.0_0.0_0.4_x" : [ 0.0, 0.00895436, 0.028885875, 0.048741505, 0.06857816, 0.088367395, 0.104810596, 0.108000115, 0.10989485, 0.11086949, 0.09836991, 0.08057976, 0.062770635, 0.044942543, 0.027157133, 0.009077673, 0.0, 0.0, 0.0, 0.0 ],
  "lightfield_0.0_0.0_0.0_y" : [ 0.0, 0.0, 0.0, 0.0, 0.0, 0.06376752, 0.10930226, 0.109596655, 0.10962961, 0.10964279, 0.10964938, 0.10962961, 0.10962521, 0.1092034, 0.059953555, 0.0, 0.0, 0.0, 0.0, 0.0 ],
  "lightfield_0.0_0.0_0.0_x" : [ 0.04895764, 0.05020333, 0.050201133, 0.050201133, 0.05020992, 0.050201133, 0.050201133, 0.05020992, 0.050201133, 0.050201133, 0.050214317, 0.050201133, 0.050201133, 0.050225303, 0.050201133, 0.05020333, 0.050201133, 0.050201133, 0.050214317, 0.047349446 ],
  "d1" : [ 0.0116908, 0.0314787, 0.0365604, 0.0450929, 0.0554519, 0.075674, 0.1085509, 0.0749099, 0.072259, 0.0742654, 0.0892584, 0.086958, 0.087461, 0.0327827, 0.0184662, 0.0174565, 0.0187897, 0.0173982, 0.0267291, 0.0187663 ],
  "d2" : [ 0.010151283, 0.034543265, 0.061823655, 0.08292776, 0.09358834, 0.09898488, 0.09836777, 0.09494157, 0.08170345, 0.063709885, 0.055717584, 0.049292956, 0.041883353, 0.036354084, 0.03086332, 0.024245558, 0.01919727, 0.014243501, 0.006680073, 7.80437E-4 ],
  "d3" : [ 0.001372659, 0.009435044, 0.025816696, 0.047082044, 0.06931173, 0.09046882, 0.107041344, 0.11456672, 0.11214288, 0.10120668, 0.08371188, 0.066506445, 0.05294447, 0.04160962, 0.031198058, 0.022128668, 0.013831738, 0.0070708743, 0.00229615, 2.5748677E-4 ],
  "d4" : [ 3.0504867E-7, 2.5420723E-6, 1.8404604E-5, 1.4276279E-4, 9.861207E-4, 0.0051664063, 0.017761052, 0.045209944, 0.09988056, 0.23498286, 0.36635157, 0.13187376, 0.06106373, 0.025736244, 0.008534551, 0.0019305514, 3.1287826E-4, 4.0368108E-5, 4.57573E-6, 8.1346315E-7 ],
  "lightfield_0.0_0.8_0.0_y" : [ 0.0, 0.0, 0.0, 0.0, 0.0, 0.06250163, 0.10854982, 0.108813286, 0.11074149, 0.11070096, 0.11059673, 0.11059673, 0.108772755, 0.108257405, 0.060469195, 0.0, 0.0, 0.0, 0.0, 0.0 ],
  "lightfield_0.0_0.8_0.0_x" : [ 0.066155374, 0.06611773, 0.066155374, 0.066111945, 0.066155374, 0.0661409, 0.06613511, 0.066155374, 0.066143796, 0.066155374, 0.06612353, 0.066155374, 0.066155374, 0.06616116, 0.06496255, 0.00901566, 0.0, 0.0, 0.0, 0.0 ],
  "lightfield_0.8_0.0_0.0_x" : [ 0.04630567, 0.049199205, 0.050959494, 0.05168459, 0.05168231, 0.051661786, 0.051725633, 0.051727913, 0.0515227, 0.04996534, 0.050056547, 0.049990423, 0.050045148, 0.050024625, 0.050026905, 0.049981304, 0.0499585, 0.04980801, 0.04925621, 0.04441769 ],
  "lightfield_0.8_0.0_0.0_y" : [ 0.0, 0.0, 0.0, 0.0, 0.0, 0.063126475, 0.11300061, 0.113743946, 0.11377359, 0.113764465, 0.11378043, 0.11378043, 0.11352049, 0.11134293, 0.030166635, 0.0, 0.0, 0.0, 0.0, 0.0 ],
  "lightfield_0.0_0.6_0.0_x" : [ 0.0, 0.0, 0.0, 0.09596597, 0.115596175, 0.11564664, 0.1156971, 0.115717284, 0.115717284, 0.115732424, 0.11561636, 0.09294322, 0.0013675542, 0.0, 0.0, 0.0, 0.0, 0.0, 0.0, 0.0 ],
  "lightfield_0.0_0.6_0.0_y" : [ 0.0, 0.0, 0.0, 0.0, 0.0, 0.062377628, 0.106421955, 0.10884419, 0.112280734, 0.112038516, 0.11185685, 0.11210412, 0.109081365, 0.10658344, 0.058411215, 0.0, 0.0, 0.0, 0.0, 0.0 ],
  "lightfield_0.6_0.0_0.0_y" : [ 0.0, 0.0, 0.0, 0.0, 0.0, 0.0, 0.0011136292, 0.14611207, 0.19427946, 0.19489293, 0.19488122, 0.1917318, 0.076988906, 0.0, 0.0, 0.0, 0.0, 0.0, 0.0, 0.0 ],
  "lightfield_0.6_0.0_0.0_x" : [ 0.042325728, 0.049120817, 0.05299703, 0.05398953, 0.054114565, 0.05420053, 0.054317754, 0.05432166, 0.053766802, 0.049425602, 0.049441233, 0.049441233, 0.04939825, 0.04935136, 0.049390435, 0.049386527, 0.049347453, 0.048741795, 0.047268678, 0.039653018 ],
  "lightfield_0.0_0.4_0.0_x" : [ 0.0, 0.0, 0.0, 0.0, 0.023735357, 0.13472539, 0.13585058, 0.13612299, 0.1361822, 0.13618813, 0.13612299, 0.13577358, 0.025298765, 0.0, 0.0, 0.0, 0.0, 0.0, 0.0, 0.0 ],
  "lightfield_0.0_0.4_0.0_y" : [ 0.0, 0.0, 0.0, 0.0, 0.0, 0.063365355, 0.10826592, 0.10949177, 0.11045114, 0.1102261, 0.110149115, 0.10994777, 0.109462164, 0.108206704, 0.060433965, 0.0, 0.0, 0.0, 0.0, 0.0 ],
  "lightfield_0.0_0.2_0.0_y" : [ 0.0, 0.0, 0.0, 0.0, 0.0, 0.06370727, 0.10843411, 0.109342195, 0.11039987, 0.110321134, 0.110121675, 0.11007968, 0.10938943, 0.10832651, 0.05987812, 0.0, 0.0, 0.0, 0.0, 0.0 ],
  "lightfield_0.0_0.2_0.0_x" : [ 0.0, 0.040603742, 0.060051337, 0.06007758, 0.059990972, 0.0601012, 0.06000672, 0.060090702, 0.060032964, 0.060069706, 0.060061835, 0.060032964, 0.0601012, 0.06001459, 0.0601012, 0.059983097, 0.06009595, 0.058350656, 2.3358109E-4, 0.0 ],
  "a3" : [ 0.11411725, 0.16886403, 0.13934833, 0.1081062, 0.089099675, 0.07668155, 0.04618089, 0.0, 0.0, 0.0, 0.0, 0.0, 0.0, 0.0039759013, 0.018463984, 0.032084018, 0.04140053, 0.047261145, 0.05293813, 0.06147836 ],
  "lightfield_0.4_0.0_0.0_y" : [ 0.0, 0.0, 0.0, 0.0, 0.0, 0.0, 5.959568E-4, 0.14653958, 0.19250178, 0.19315965, 0.19324093, 0.19044688, 0.08351522, 0.0, 0.0, 0.0, 0.0, 0.0, 0.0, 0.0 ],
  "lightfield_0.4_0.0_0.0_x" : [ 0.0425993, 0.0490813, 0.053001456, 0.054011486, 0.053999875, 0.054096624, 0.054220457, 0.054228198, 0.053945698, 0.049325097, 0.04931349, 0.04947989, 0.049352188, 0.04929414, 0.04931349, 0.049325097, 0.04931736, 0.048609175, 0.047111545, 0.040374137 ],