{
  "eccentricity_minmax" : 0.0064903703,
  "compactness" : 5.6191907,
  "eccentricity" : 4.045706,
  "compactness_standardized" : -0.06505788,
  "convexity_minmax" : 0.43809226,
  "diameter_standardized" : -0.41010362,
  "surface_area_minmax" : 0.039874796,
  "convexity" : 0.83904785,
  "diameter_minmax" : 0.042195823,
  "rectangularity _standardized" : -0.3684518,
  "convexity_standardized" : 1.8057724,
  "diameter" : 1.0223825,
  "surface_area" : 0.8297283,
  "rectangularity " : 0.0018240054,
  "compactness_minmax" : 1.3110798E-6,
  "surface_area_standardized" : -0.46715134,
  "rectangularity _minmax" : 0.0032869233,
  "eccentricity_standardized" : -0.22685806,
  "lightfield_0.0_0.0_0.6_y" : [ 0.0, 0.0, 0.0047239736, 0.03738835, 0.06937251, 0.07884861, 0.07916291, 0.07912538, 0.079167604, 0.07920513, 0.07908317, 0.07911131, 0.07909724, 0.079148844, 0.076488964, 0.052399985, 0.020218795, 0.010362718, 0.008767732, 0.008326766 ],
  "lightfield_0.0_0.0_0.6_x" : [ 0.0, 0.0029835622, 0.03427813, 0.0687955, 0.10323782, 0.145641, 0.18375647, 0.16078867, 0.12699842, 0.0924529, 0.05813255, 0.022934962, 0.0, 0.0, 0.0, 0.0, 0.0, 0.0, 0.0, 0.0 ],
  "lightfield_0.0_0.0_0.8_y" : [ 0.0, 0.0, 0.0, 0.0016564993, 0.025326138, 0.05122947, 0.07709526, 0.103022054, 0.12724543, 0.13690755, 0.13392773, 0.11456593, 0.08875176, 0.06287189, 0.03711403, 0.020591272, 0.015466917, 0.004228062, 0.0, 0.0 ],
  "lightfield_0.0_0.0_0.8_x" : [ 0.02984045, 0.05677147, 0.082679495, 0.08724073, 0.08745659, 0.0873909, 0.08744252, 0.0874519, 0.08742374, 0.08740967, 0.08597841, 0.07031441, 0.044570625, 0.018029094, 0.0, 0.0, 0.0, 0.0, 0.0, 0.0 ],
  "lightfield_0.0_0.0_0.2_y" : [ 0.0, 0.0, 0.0, 0.005255812, 0.029227106, 0.05271934, 0.07613327, 0.09897141, 0.11239883, 0.11387746, 0.1138268, 0.11345368, 0.10753456, 0.08288153, 0.058500275, 0.032847673, 0.0023722553, 0.0, 0.0, 0.0 ],
  "lightfield_0.0_0.0_0.2_x" : [ 0.020972578, 0.04453391, 0.067998506, 0.08834002, 0.09370178, 0.09365111, 0.09366032, 0.09363268, 0.09369717, 0.092117205, 0.07742765, 0.05408281, 0.030742586, 0.014781684, 0.010972256, 0.009926621, 0.009083665, 0.008342047, 0.0023354047, 0.0 ],
  "lightfield_0.0_0.0_0.4_y" : [ 0.0, 0.0, 0.00293866, 0.043559127, 0.0734293, 0.07541941, 0.07552636, 0.07545661, 0.07545661, 0.07546126, 0.07539616, 0.07548451, 0.07542406, 0.075400814, 0.07538686, 0.072304055, 0.030116616, 0.008109214, 0.007895324, 0.007235056 ],
  "lightfield_0.0_0.0_0.4_x" : [ 0.0, 0.0, 0.020305583, 0.069453746, 0.11736041, 0.15434475, 0.15882714, 0.15832031, 0.13980025, 0.09338616, 0.0504408, 0.033297066, 0.0044637877, 0.0, 0.0, 0.0, 0.0, 0.0, 0.0, 0.0 ],
  "lightfield_0.0_0.0_0.0_y" : [ 0.0, 0.0, 0.0, 0.0, 0.0, 0.0, 0.026728684, 0.17320223, 0.17321606, 0.15255705, 0.15252021, 0.152511, 0.14415252, 0.025112253, 0.0, 0.0, 0.0, 0.0, 0.0, 0.0 ],
  "lightfield_0.0_0.0_0.0_x" : [ 0.06030993, 0.0724631, 0.07245389, 0.07244468, 0.072430864, 0.07242626, 0.07244007, 0.07245389, 0.07243547, 0.07240784, 0.07244468, 0.07241705, 0.07181837, 0.029192476, 0.008662415, 0.007833475, 0.0076676877, 0.006953879, 0.0066545396, 0.0040894332 ],
  "d1" : [ 0.005209, 0.0249895, 0.085985, 0.1134676, 0.1629791, 0.1215002, 0.105249, 0.0887381, 0.0760106, 0.1145238, 0.071132, 0.004979, 0.0039954, 0.0038187, 0.0035814, 0.0034146, 0.0034143, 0.0031752, 0.0026171, 0.0012204 ],
  "d2" : [ 0.013639695, 0.044312783, 0.0865663, 0.13632093, 0.1412051, 0.13887298, 0.119776934, 0.0871015, 0.067896225, 0.052591335, 0.040105242, 0.028384384, 0.021247031, 0.010161185, 0.00427105, 0.0031004443, 0.0021387755, 0.0014370524, 7.4233033E-4, 1.287226E-4 ],
  "d3" : [ 0.0011377111, 0.009105211, 0.02606583, 0.048029985, 0.07373469, 0.10000609, 0.123400256, 0.135367, 0.1297358, 0.11265785, 0.088351466, 0.06194403, 0.04083786, 0.024913428, 0.013772674, 0.0067233327, 0.0026241716, 0.001128756, 3.990592E-4, 6.479933E-5 ],
  "d4" : [ 2.745438E-6, 1.7387774E-5, 1.0991921E-4, 4.9956806E-4, 0.0019969502, 0.007525754, 0.022847129, 0.05761922, 0.13297957, 0.36795032, 0.24289094, 0.100434534, 0.04248891, 0.01604485, 0.0049535837, 0.001255377, 3.072857E-4, 6.53821E-5, 9.456509E-6, 1.1185118E-6 ],
  "lightfield_0.0_0.8_0.0_y" : [ 0.0, 0.0, 0.0, 0.0, 0.0, 0.0, 0.03045237, 0.15972292, 0.16096555, 0.15716892, 0.15715306, 0.1570896, 0.14860271, 0.028844884, 0.0, 0.0, 0.0, 0.0, 0.0, 0.0 ],
  "lightfield_0.0_0.8_0.0_x" : [ 0.010718346, 0.06405626, 0.08303942, 0.08385903, 0.084012374, 0.08390133, 0.08403353, 0.08407582, 0.08390133, 0.08398065, 0.08397007, 0.083536476, 0.08033207, 0.0065832958, 0.0, 0.0, 0.0, 0.0, 0.0, 0.0 ],
  "lightfield_0.8_0.0_0.0_x" : [ 0.060800083, 0.0724064, 0.07244344, 0.07259159, 0.07249899, 0.07258233, 0.0725314, 0.07262862, 0.07267029, 0.072698064, 0.072665654, 0.072517514, 0.07182771, 0.03003199, 0.008560066, 0.007476748, 0.0072452696, 0.006749906, 0.0057360316, 0.0033379167 ],
  "lightfield_0.8_0.0_0.0_y" : [ 0.0, 0.0, 0.0, 0.0, 0.0, 0.0, 0.067253694, 0.15238677, 0.15378954, 0.1539238, 0.15384972, 0.18784924, 0.12991023, 0.0010370227, 0.0, 0.0, 0.0, 0.0, 0.0, 0.0 ],
  "lightfield_0.0_0.6_0.0_x" : [ 0.0, 0.0, 0.007820686, 0.022061765, 0.14641163, 0.15310827, 0.1569567, 0.15710911, 0.15493722, 0.14942178, 0.052172836, 0.0, 0.0, 0.0, 0.0, 0.0, 0.0, 0.0, 0.0, 0.0 ],
  "lightfield_0.0_0.6_0.0_y" : [ 0.0, 0.0, 0.0, 0.0, 0.0, 0.0, 0.037531674, 0.15954772, 0.16410105, 0.15279391, 0.15275581, 0.15281297, 0.1445541, 0.03590276, 0.0, 0.0, 0.0, 0.0, 0.0, 0.0 ],
  "lightfield_0.6_0.0_0.0_y" : [ 0.0, 0.0, 0.0, 0.0, 0.0, 0.0, 0.0, 0.103307106, 0.22089973, 0.22374885, 0.24504401, 0.20536274, 0.0016375764, 0.0, 0.0, 0.0, 0.0, 0.0, 0.0, 0.0 ],
  "lightfield_0.6_0.0_0.0_x" : [ 0.0605637, 0.07054892, 0.07138768, 0.07246608, 0.073111795, 0.073358096, 0.0733115, 0.070682056, 0.07173383, 0.070555575, 0.07042244, 0.0706288, 0.06971682, 0.03383659, 0.011423094, 0.009745576, 0.008673829, 0.00796155, 0.0068099215, 0.0030621346 ],
  "lightfield_0.0_0.4_0.0_x" : [ 0.0, 0.0, 0.0, 0.022763073, 0.15035686, 0.15623967, 0.15899146, 0.15909842, 0.15668696, 0.15192236, 0.043941192, 0.0, 0.0, 0.0, 0.0, 0.0, 0.0, 0.0, 0.0, 0.0 ],
  "lightfield_0.0_0.4_0.0_y" : [ 0.0, 0.0, 0.0, 0.0, 0.0, 0.0, 0.036502596, 0.1479065, 0.15829135, 0.15842749, 0.15849556, 0.15833998, 0.14722584, 0.03481068, 0.0, 0.0, 0.0, 0.0, 0.0, 0.0 ],
  "lightfield_0.0_0.2_0.0_y" : [ 0.0, 0.0, 0.0, 0.0, 0.0, 0.0, 0.0273145, 0.16246149, 0.17141664, 0.1559292, 0.15584043, 0.15590309, 0.14523001, 0.025904652, 0.0, 0.0, 0.0, 0.0, 0.0, 0.0 ],
  "lightfield_0.0_0.2_0.0_x" : [ 0.0047099367, 0.07669573, 0.08193828, 0.082053155, 0.08215759, 0.082084484, 0.08210015, 0.08204272, 0.082021825, 0.08202705, 0.08208971, 0.08171375, 0.06657616, 0.008939481, 0.008605295, 0.0077646077, 0.006208553, 2.7152628E-4, 0.0, 0.0 ],
  "a3" : [ 0.08924487, 0.1664766, 0.1558626, 0.12247415, 0.09879161, 0.0833431, 0.048791375, 0.0, 0.0, 0.0, 0.0, 0.0, 0.0, 0.0030563346, 0.012918812, 0.0236756, 0.03421988, 0.043679878, 0.0529985, 0.06446668 ],
  "lightfield_0.4_0.0_0.0_y" : [ 0.0, 0.0, 0.0, 0.0, 0.0, 0.0, 0.0, 0.111882694, 0.21049891, 0.25540814, 0.22443189, 0.19500445, 0.0027738987, 0.0, 0.0, 0.0, 0.0, 0.0, 0.0, 0.0 ],
  "lightfield_0.4_0.0_0.0_x" : [ 0.061152723, 0.0711121, 0.072381616, 0.07197537, 0.072254665, 0.072698995, 0.072603785, 0.07167704, 0.071753204, 0.07115653, 0.071143836, 0.07118827, 0.070128225, 0.032334644, 0.010981338, 0.009242097, 0.008683509, 0.0077377176, 0.0066141933, 0.0031801448 ],
  "lightfield_0.2_0.0_0.0_x" : [ 0.061074812, 0.07254263, 0.07251519, 0.072716385, 0.07273924, 0.07260207, 0.072698094, 0.072698094, 0.072638646, 0.07265694, 0.07263408, 0.07262493, 0.0717653, 0.029021623, 0.008568855, 0.0076040584, 0.007096512, 0.0067535746, 0.0056058783, 0.0034430884 ],
  "lightfield_0.2_0.0_0.0_y" : [ 0.0, 0.0, 0.0, 0.0, 0.0, 0.0, 0.0496893, 0.15004641, 0.19665842, 0.1524607, 0.15197143, 0.15153247, 0.1372663, 0.01037499, 0.0, 0.0, 0.0, 0.0, 0.0, 0.0 ]
}