{
  "eccentricity_minmax" : 0.03062231,
  "compactness" : 15.809991,
  "eccentricity" : 15.367279,
  "compactness_standardized" : -0.065006085,
  "convexity_minmax" : 0.20488854,
  "diameter_standardized" : -0.6201733,
  "surface_area_minmax" : 0.01898392,
  "convexity" : 0.39295474,
  "diameter_minmax" : 0.008220812,
  "rectangularity _standardized" : -0.40017816,
  "convexity_standardized" : 0.21001405,
  "diameter" : 1.0043607,
  "surface_area" : 0.4033181,
  "rectangularity " : 2.7472698E-4,
  "compactness_minmax" : 3.899895E-6,
  "surface_area_standardized" : -0.7276831,
  "rectangularity _minmax" : 4.9502356E-4,
  "eccentricity_standardized" : 0.28484747,
  "lightfield_0.0_0.0_0.6_y" : [ 0.0062791896, 0.005626448, 0.009910638, 0.015169345, 0.031570625, 0.07105689, 0.068390764, 0.073649466, 0.0901151, 0.07435737, 0.09277204, 0.06566028, 0.06994447, 0.08846027, 0.06271835, 0.06846431, 0.048606258, 0.032067075, 0.019379988, 0.0058011254 ],
  "lightfield_0.0_0.0_0.6_x" : [ 0.0, 0.0, 0.0, 0.0, 0.0, 0.005828706, 0.026486596, 0.074044794, 0.2028831, 0.21506454, 0.21663663, 0.14324458, 0.08032398, 0.03184643, 0.0036406429, 0.0, 0.0, 0.0, 0.0, 0.0 ],
  "lightfield_0.0_0.0_0.8_y" : [ 0.0, 0.0036386114, 0.007965436, 0.023966406, 0.06622145, 0.10497808, 0.10262668, 0.11323664, 0.09245004, 0.10927304, 0.08015141, 0.11279058, 0.07418051, 0.04405205, 0.02883488, 0.021634126, 0.011304547, 0.0026955036, 0.0, 0.0 ],
  "lightfield_0.0_0.0_0.8_x" : [ 0.011731495, 0.044816732, 0.07760884, 0.06382545, 0.055452183, 0.056439895, 0.103933014, 0.080227874, 0.08271309, 0.07667848, 0.06869392, 0.071708046, 0.06860471, 0.05235522, 0.03057453, 0.020244952, 0.014503467, 0.008672767, 0.0054865927, 0.0057287416 ],
  "lightfield_0.0_0.0_0.2_y" : [ 0.0, 0.0, 0.007133922, 0.009921727, 0.021887844, 0.034440115, 0.051946104, 0.08757282, 0.10579363, 0.09558597, 0.13604489, 0.11484327, 0.08597877, 0.11599414, 0.09482826, 0.021494692, 0.015290039, 0.00124379, 0.0, 0.0 ],
  "lightfield_0.0_0.0_0.2_x" : [ 0.0062403944, 0.006118875, 0.010786662, 0.018463848, 0.062203795, 0.067579255, 0.08393438, 0.08402016, 0.08267629, 0.09070374, 0.068201154, 0.08138961, 0.06642125, 0.079059295, 0.08872369, 0.03258158, 0.02980807, 0.023925086, 0.012981164, 0.0041817077 ],
  "lightfield_0.0_0.0_0.4_y" : [ 0.0058943774, 0.00527046, 0.008381837, 0.013627669, 0.01860259, 0.030933168, 0.062826835, 0.06776071, 0.06524862, 0.071980365, 0.08564908, 0.070100404, 0.07433647, 0.085427426, 0.080485344, 0.059452757, 0.04188456, 0.06814656, 0.065790445, 0.018200327 ],
  "lightfield_0.0_0.0_0.4_x" : [ 0.0, 0.0, 0.0, 0.0, 0.0, 0.04859988, 0.16754645, 0.19851245, 0.20823243, 0.17839932, 0.09773337, 0.06211262, 0.029496515, 0.009334132, 3.2837757E-5, 0.0, 0.0, 0.0, 0.0, 0.0 ],
  "lightfield_0.0_0.0_0.0_y" : [ 0.0, 0.0, 0.0, 0.0, 0.0, 0.0, 0.0, 0.015689094, 0.15404446, 0.3555396, 0.28099483, 0.16755798, 0.026174046, 0.0, 0.0, 0.0, 0.0, 0.0, 0.0, 0.0 ],
  "lightfield_0.0_0.0_0.0_x" : [ 0.0061337934, 0.0055875024, 0.009124017, 0.014337742, 0.020586545, 0.053680275, 0.07188039, 0.06372436, 0.07478436, 0.08918919, 0.07123826, 0.08618938, 0.063264325, 0.08110025, 0.08670692, 0.038968757, 0.06610121, 0.06059038, 0.028656315, 0.008156029 ],
  "d1" : [ 0.0838013, 0.1132649, 0.1053856, 0.1209622, 0.1044621, 0.0636112, 0.068851, 0.075538, 0.0520564, 0.0274166, 0.0250437, 0.0267413, 0.024939, 0.0242488, 0.0200592, 0.0154461, 0.0158694, 0.0147869, 0.0115662, 0.0059501 ],
  "d2" : [ 0.029753925, 0.10010728, 0.16883515, 0.14305893, 0.11479796, 0.09581912, 0.07994284, 0.06768749, 0.05443456, 0.043927915, 0.033792034, 0.025265936, 0.016926173, 0.010914217, 0.006417627, 0.0035733276, 0.0024124237, 0.0014732587, 6.7581865E-4, 1.8403231E-4 ],
  "d3" : [ 0.0020094835, 0.020338435, 0.055679325, 0.09596005, 0.13048078, 0.14839338, 0.14968091, 0.13329594, 0.10524044, 0.07176264, 0.042320803, 0.022764586, 0.011733608, 0.0057375575, 0.0027681587, 0.0011908385, 4.6496536E-4, 1.4549663E-4, 2.9783541E-5, 2.817362E-6 ],
  "d4" : [ 6.1009735E-7, 1.931975E-6, 8.134632E-6, 4.1791667E-5, 2.0865329E-4, 0.0011262398, 0.0064678453, 0.041031487, 0.24987443, 0.57825005, 0.103333406, 0.01633068, 0.0027327277, 4.6804635E-4, 9.781894E-5, 2.1251724E-5, 3.2538526E-6, 8.1346315E-7, 6.1009735E-7, 2.0336579E-7 ],
  "lightfield_0.0_0.8_0.0_y" : [ 0.0, 0.0, 0.0, 0.0, 0.0, 0.0063091023, 0.050246973, 0.24828431, 0.25823608, 0.22047617, 0.15866008, 0.057787295, 0.0, 0.0, 0.0, 0.0, 0.0, 0.0, 0.0, 0.0 ],
  "lightfield_0.0_0.8_0.0_x" : [ 0.008800688, 0.02676633, 0.05589311, 0.061998222, 0.036317408, 0.08289257, 0.07509726, 0.07397532, 0.08080168, 0.084590055, 0.07475485, 0.08275415, 0.063775845, 0.067979485, 0.05708062, 0.033191998, 0.01414084, 0.008261573, 0.0050851656, 0.0058428408 ],
  "lightfield_0.8_0.0_0.0_x" : [ 0.007782646, 0.006782306, 0.011623953, 0.023638036, 0.037962906, 0.061040755, 0.0711742, 0.0703039, 0.07682612, 0.0991037, 0.0685333, 0.088790186, 0.059080087, 0.06997379, 0.07429526, 0.033161275, 0.0564692, 0.051717583, 0.024378289, 0.007362503 ],
  "lightfield_0.8_0.0_0.0_y" : [ 0.0, 0.0, 0.0, 0.0, 0.0, 0.0, 0.0, 0.011673969, 0.07591581, 0.2644299, 0.3684953, 0.26334953, 0.016135486, 0.0, 0.0, 0.0, 0.0, 0.0, 0.0, 0.0 ],
  "lightfield_0.0_0.6_0.0_x" : [ 0.009291376, 0.022112643, 0.045180634, 0.06446153, 0.038654868, 0.081493676, 0.08311042, 0.06506168, 0.05966029, 0.059697032, 0.07082317, 0.06426556, 0.058048442, 0.06230342, 0.06599988, 0.051983204, 0.042280294, 0.032834593, 0.017536769, 0.0052005253 ],
  "lightfield_0.0_0.6_0.0_y" : [ 7.2018575E-4, 0.009190942, 0.016471189, 0.021142596, 0.051654957, 0.08366158, 0.10368471, 0.102004275, 0.10074762, 0.09722263, 0.09199271, 0.08705429, 0.07886769, 0.06447622, 0.044220388, 0.031367276, 0.0152904745, 2.3026348E-4, 0.0, 0.0 ],
  "lightfield_0.6_0.0_0.0_y" : [ 0.0, 0.0, 0.0, 0.0, 0.0, 0.0, 0.0, 0.0, 0.038561173, 0.27444673, 0.471227, 0.21576513, 0.0, 0.0, 0.0, 0.0, 0.0, 0.0, 0.0, 0.0 ],
  "lightfield_0.6_0.0_0.0_x" : [ 0.01032635, 0.009380064, 0.015921269, 0.03798157, 0.06376787, 0.08135697, 0.08860789, 0.0901811, 0.08728309, 0.10146556, 0.071219884, 0.07967731, 0.059048273, 0.048059523, 0.041944146, 0.026779905, 0.032422137, 0.03057688, 0.015034125, 0.008966064 ],
  "lightfield_0.0_0.4_0.0_x" : [ 0.005232181, 0.012768487, 0.0307667, 0.04075697, 0.049509205, 0.06609989, 0.06388911, 0.058905024, 0.060452573, 0.07374673, 0.061631653, 0.05818775, 0.06424283, 0.08274461, 0.08396054, 0.03638945, 0.059944093, 0.056900583, 0.02407049, 0.009801128 ],
  "lightfield_0.0_0.4_0.0_y" : [ 7.000806E-4, 0.009115786, 0.016055182, 0.021373337, 0.05073005, 0.08295095, 0.1049998, 0.10196858, 0.10076493, 0.09680026, 0.09175231, 0.08689351, 0.080155544, 0.064591646, 0.04466023, 0.03136115, 0.01501857, 1.0808261E-4, 0.0, 0.0 ],
  "lightfield_0.0_0.2_0.0_y" : [ 0.0, 0.0, 0.0, 0.0, 0.0, 0.0061764857, 0.049331672, 0.24755529, 0.25896028, 0.22082941, 0.15887496, 0.058271896, 0.0, 0.0, 0.0, 0.0, 0.0, 0.0, 0.0, 0.0 ],
  "lightfield_0.0_0.2_0.0_x" : [ 0.0058191684, 0.0051045334, 0.008145377, 0.013862454, 0.032143977, 0.05765206, 0.06736526, 0.06240657, 0.08396958, 0.07444598, 0.08332057, 0.08177463, 0.07483246, 0.07486163, 0.083481, 0.035855703, 0.060955424, 0.058607336, 0.027199872, 0.008196423 ],
  "a3" : [ 0.18451568, 0.19832307, 0.11642195, 0.077698916, 0.06011214, 0.051278505, 0.031966392, 0.0, 0.0, 0.0, 0.0, 0.0, 0.0, 0.0056761797, 0.03327375, 0.04879852, 0.05131553, 0.048623443, 0.045900762, 0.046095163 ],
  "lightfield_0.4_0.0_0.0_y" : [ 0.0, 0.0, 0.0, 0.0, 0.0, 0.0, 0.0, 5.949194E-5, 0.21171992, 0.47398418, 0.27689928, 0.03733714, 0.0, 0.0, 0.0, 0.0, 0.0, 0.0, 0.0, 0.0 ],
  "lightfield_0.4_0.0_0.0_x" : [ 0.010434886, 0.00907847, 0.01580106, 0.037694093, 0.064810514, 0.08218216, 0.089487776, 0.09043965, 0.08820275, 0.1040633, 0.07123565, 0.0782557, 0.059872687, 0.047950502, 0.040276043, 0.026378727, 0.030721636, 0.029305728, 0.014420846, 0.009387828 ],