{
  "eccentricity_minmax" : 0.024814397,
  "compactness" : 11.785966,
  "eccentricity" : 12.642479,
  "compactness_standardized" : -0.065032944,
  "convexity_minmax" : 0.11778341,
  "diameter_standardized" : -0.49525782,
  "surface_area_minmax" : 0.027343126,
  "convexity" : 0.22633216,
  "diameter_minmax" : 0.0283636,
  "rectangularity _standardized" : -0.35675216,
  "convexity_standardized" : -0.3865155,
  "diameter" : 1.0150453,
  "surface_area" : 0.5739405,
  "rectangularity " : 0.0023630604,
  "compactness_minmax" : 2.877654E-6,
  "surface_area_standardized" : -0.6232774,
  "rectangularity _minmax" : 0.0042583356,
  "eccentricity_standardized" : 0.16167037,
  "lightfield_0.0_0.0_0.6_y" : [ 0.027286641, 0.04732224, 0.056332372, 0.060757793, 0.09141717, 0.081659086, 0.06915848, 0.07945676, 0.07565463, 0.06832048, 0.0563947, 0.049115956, 0.04606179, 0.043083806, 0.03930246, 0.03546571, 0.03084637, 0.025001211, 0.013352448, 0.00400989 ],
  "lightfield_0.0_0.0_0.6_x" : [ 0.0, 0.0, 0.0, 0.0, 6.6485215E-4, 0.007915896, 0.100912094, 0.21715733, 0.1749877, 0.1090219, 0.09375801, 0.10508127, 0.097103044, 0.06906845, 0.024329435, 0.0, 0.0, 0.0, 0.0, 0.0 ],
  "lightfield_0.0_0.0_0.8_y" : [ 0.0, 0.0035640786, 0.010408554, 0.036827095, 0.10018104, 0.12460349, 0.12578464, 0.11055349, 0.096611805, 0.08607946, 0.070765786, 0.061997432, 0.05192414, 0.040024962, 0.03260281, 0.025531389, 0.016247246, 0.006199743, 9.284141E-5, 0.0 ],
  "lightfield_0.0_0.0_0.8_x" : [ 0.010723183, 0.040571697, 0.051588878, 0.054317385, 0.055214852, 0.05550885, 0.055637795, 0.055808004, 0.06455573, 0.070028216, 0.06998179, 0.07033768, 0.07539238, 0.04773596, 0.046157654, 0.04439367, 0.04251105, 0.039586548, 0.031932287, 0.018016392 ],
  "lightfield_0.0_0.0_0.2_y" : [ 0.0, 0.0, 0.022032157, 0.038931537, 0.045912918, 0.050466433, 0.05577551, 0.085464016, 0.06894746, 0.05947272, 0.06987427, 0.083731264, 0.087030545, 0.08875826, 0.08750403, 0.08999738, 0.06610151, 0.0, 0.0, 0.0 ],
  "lightfield_0.0_0.0_0.2_x" : [ 0.031995486, 0.059654053, 0.081827246, 0.08897989, 0.0802305, 0.07718307, 0.07171784, 0.07737447, 0.06867545, 0.061996292, 0.055830915, 0.046930406, 0.04057866, 0.03689656, 0.033033125, 0.029386284, 0.024631286, 0.019276878, 0.0102857025, 0.0035158768 ],
  "lightfield_0.0_0.0_0.4_y" : [ 0.020317692, 0.03705239, 0.04553917, 0.048096444, 0.050070606, 0.05229066, 0.05425779, 0.08456572, 0.11608203, 0.05858549, 0.056737788, 0.055416998, 0.053660627, 0.052199326, 0.050688848, 0.048286133, 0.044878777, 0.03963074, 0.025713261, 0.0059295064 ],
  "lightfield_0.0_0.0_0.4_x" : [ 0.0, 0.0, 0.0, 0.0, 0.0061402707, 0.011767682, 0.01195737, 0.02610669, 0.18118013, 0.24034172, 0.23240995, 0.117824346, 0.0784114, 0.05741926, 0.03201512, 0.0044260533, 0.0, 0.0, 0.0, 0.0 ],
  "lightfield_0.0_0.0_0.0_y" : [ 0.0, 0.0, 0.0, 0.0, 0.0, 0.0080546085, 0.019656623, 0.116465494, 0.24378052, 0.29068768, 0.20527351, 0.08682699, 0.012008969, 0.011494517, 0.005751098, 0.0, 0.0, 0.0, 0.0, 0.0 ],
  "lightfield_0.0_0.0_0.0_x" : [ 0.023733838, 0.042438343, 0.050661877, 0.05354126, 0.056021377, 0.05860131, 0.103158884, 0.0772751, 0.082719065, 0.06768482, 0.055314966, 0.052773427, 0.05012439, 0.048035875, 0.04499524, 0.041708898, 0.03717098, 0.031243281, 0.018151663, 0.004645413 ],
  "d1" : [ 0.0239286, 0.0685588, 0.0878233, 0.1261886, 0.0992639, 0.1005075, 0.0730565, 0.0624835, 0.0635506, 0.0578429, 0.04764, 0.0324976, 0.0311203, 0.0220118, 0.0150108, 0.0205363, 0.0366246, 0.0154947, 0.0112149, 0.0046448 ],
  "d2" : [ 0.024535008, 0.07431475, 0.13813336, 0.13123325, 0.109644756, 0.09786038, 0.0786138, 0.06401584, 0.051175885, 0.04585295, 0.04579284, 0.036524314, 0.031732474, 0.0256311, 0.018143786, 0.013754015, 0.007726357, 0.00381517, 0.0013367347, 1.6322866E-4 ],
  "d3" : [ 0.004653075, 0.035369966, 0.08491368, 0.13463488, 0.15881117, 0.15677342, 0.13283026, 0.10212716, 0.07443098, 0.05139301, 0.031802382, 0.01762914, 0.008241589, 0.0035974693, 0.0016403084, 7.263763E-4, 2.948168E-4, 1.0786472E-4, 2.0224634E-5, 2.2136417E-6 ],
  "d4" : [ 1.0168289E-7, 1.4235605E-6, 3.5589012E-6, 1.616758E-5, 4.6469082E-5, 1.3472984E-4, 4.839089E-4, 0.0021956386, 0.013593071, 0.17127934, 0.7571111, 0.047828276, 0.005753421, 0.0011416955, 2.823734E-4, 8.409175E-5, 3.0301502E-5, 8.846411E-6, 4.3723644E-6, 1.1185118E-6 ],
  "lightfield_0.0_0.8_0.0_y" : [ 0.0, 0.0, 0.0, 0.0, 0.007833141, 0.014623767, 0.086692944, 0.18525341, 0.26542708, 0.22179142, 0.1502792, 0.04373563, 0.010396584, 0.008882795, 0.00502692, 5.712409E-5, 0.0, 0.0, 0.0, 0.0 ],
  "lightfield_0.0_0.8_0.0_x" : [ 0.002891907, 0.00559102, 0.016366052, 0.035959613, 0.042100452, 0.04500664, 0.048548333, 0.05127601, 0.053860873, 0.06163689, 0.07287606, 0.08207303, 0.10285192, 0.07936678, 0.062450908, 0.059637547, 0.056545705, 0.05281122, 0.042950172, 0.025198864 ],
  "lightfield_0.8_0.0_0.0_x" : [ 0.019990249, 0.036224708, 0.04705022, 0.052085873, 0.056245428, 0.057571, 0.07357691, 0.07513865, 0.09012372, 0.087647796, 0.05588737, 0.053678084, 0.049876586, 0.046029378, 0.041984092, 0.037458863, 0.03388591, 0.02671715, 0.041405108, 0.017422903 ],
  "lightfield_0.8_0.0_0.0_y" : [ 0.0, 0.0, 0.0, 0.0, 0.0, 5.866041E-4, 0.022930887, 0.09500701, 0.22802901, 0.32978576, 0.24459106, 0.051217396, 0.018123781, 0.008997136, 7.3135056E-4, 0.0, 0.0, 0.0, 0.0, 0.0 ],
  "lightfield_0.0_0.6_0.0_x" : [ 0.0026503224, 0.00536571, 0.006745092, 0.007152834, 0.011416773, 0.028112503, 0.05092002, 0.06555101, 0.07397045, 0.08192142, 0.09466118, 0.09894681, 0.08167851, 0.08009959, 0.081734896, 0.0773148, 0.07341089, 0.0564896, 0.018933972, 0.0029235962 ],
  "lightfield_0.0_0.6_0.0_y" : [ 0.0018348385, 0.005404749, 0.008003019, 0.013628989, 0.056359474, 0.117676914, 0.13749577, 0.12925418, 0.1291414, 0.11733424, 0.12852111, 0.08304488, 0.0440101, 0.007708057, 0.0066973777, 0.0053960737, 0.004021029, 0.0031231295, 0.0013446807, 0.0 ],
  "lightfield_0.6_0.0_0.0_y" : [ 0.0, 0.0, 0.0, 0.0, 0.0, 4.6923023E-4, 0.013912676, 0.02904535, 0.06821825, 0.24119216, 0.3494827, 0.25225034, 0.029287787, 0.015226521, 9.1499893E-4, 0.0, 0.0, 0.0, 0.0, 0.0 ],
  "lightfield_0.6_0.0_0.0_x" : [ 0.01490588, 0.028935865, 0.043106616, 0.054422885, 0.060014546, 0.05929506, 0.060131855, 0.064487875, 0.094276175, 0.108916156, 0.05762929, 0.055048525, 0.05134161, 0.045093026, 0.03824226, 0.031907655, 0.027825352, 0.019042926, 0.05974865, 0.02562779 ],
  "lightfield_0.0_0.4_0.0_x" : [ 0.032803345, 0.07950278, 0.108684584, 0.11853558, 0.09424597, 0.08727413, 0.08024518, 0.07447259, 0.07482475, 0.06924252, 0.059957836, 0.029500645, 0.02402311, 0.018588405, 0.012530278, 0.009969971, 0.009137157, 0.0074715298, 0.005534643, 0.0034549877 ],
  "lightfield_0.0_0.4_0.0_y" : [ 0.001113591, 0.00290771, 0.003954676, 0.0082995845, 0.035863344, 0.1134578, 0.15452266, 0.12746811, 0.12454136, 0.11132579, 0.13158458, 0.080459334, 0.05882521, 0.011350063, 0.008970595, 0.008071155, 0.0066672694, 0.0057059643, 0.0044162925, 4.949294E-4 ],
  "lightfield_0.0_0.2_0.0_y" : [ 0.0, 0.0, 0.0, 0.0, 0.00489834, 0.011320608, 0.063157484, 0.18885823, 0.26447147, 0.22895463, 0.15616374, 0.05149477, 0.01307779, 0.011219531, 0.006352292, 3.110057E-5, 0.0, 0.0, 0.0, 0.0 ],
  "lightfield_0.0_0.2_0.0_x" : [ 0.03190141, 0.054457102, 0.06044396, 0.0665008, 0.10470785, 0.08387046, 0.10657388, 0.06635307, 0.06227112, 0.05899001, 0.055973254, 0.05319753, 0.049356606, 0.04458267, 0.042281225, 0.026979746, 0.012238075, 0.008630409, 0.007083155, 0.0036076664 ],
  "a3" : [ 0.15920188, 0.18492943, 0.12426961, 0.08715429, 0.068125926, 0.058091387, 0.034764837, 0.0, 0.0, 0.0, 0.0, 0.0, 0.0, 0.0054237237, 0.025612436, 0.042788584, 0.055575583, 0.05430254, 0.05041277, 0.049347002 ],
  "lightfield_0.4_0.0_0.0_y" : [ 0.0, 0.0, 0.0, 0.0, 0.0, 5.258518E-4, 0.014654253, 0.032958534, 0.12937501, 0.28549114, 0.32168984, 0.18711044, 0.018946132, 0.00861469, 6.341154E-4, 0.0, 0.0, 0.0, 0.0, 0.0 ],