{
  "eccentricity_minmax" : 0.012691843,
  "compactness" : 4.7871575,
  "eccentricity" : 6.955146,
  "compactness_standardized" : -0.06507966,
  "convexity_minmax" : 0.2713392,
  "diameter_standardized" : 0.040995535,
  "surface_area_minmax" : 0.06408487,
  "convexity" : 0.5200676,
  "diameter_minmax" : 0.11483517,
  "rectangularity _standardized" : -0.04357361,
  "convexity_standardized" : 0.6650938,
  "diameter" : 1.0609136,
  "surface_area" : 1.3238877,
  "rectangularity " : 0.017423645,
  "compactness_minmax" : 1.0997147E-6,
  "surface_area_standardized" : -0.16437693,
  "rectangularity _minmax" : 0.03139848,
  "eccentricity_standardized" : -0.095430724,
  "lightfield_0.0_0.0_0.6_y" : [ 0.01934525, 0.045279354, 0.057914816, 0.06633716, 0.056315392, 0.04360581, 0.054189324, 0.061480366, 0.06682479, 0.07066341, 0.0736165, 0.0736165, 0.059143644, 0.04966802, 0.037992213, 0.029476246, 0.031247318, 0.039650153, 0.04785794, 0.0157758 ],
  "lightfield_0.0_0.0_0.6_x" : [ 0.0, 0.0, 0.0, 0.0010610825, 0.017187975, 0.053631477, 0.108366944, 0.14039448, 0.12968223, 0.14555165, 0.14239961, 0.11868519, 0.07216141, 0.02486522, 0.021681972, 0.017936975, 0.006393802, 0.0, 0.0, 0.0 ],
  "lightfield_0.0_0.0_0.8_y" : [ 0.0, 0.0027435925, 0.015294451, 0.02072777, 0.024792884, 0.030524263, 0.055119637, 0.08948278, 0.1094241, 0.11416434, 0.09625198, 0.07830371, 0.07325464, 0.07220604, 0.07916199, 0.06049191, 0.040985107, 0.03322476, 0.0038460572, 0.0 ],
  "lightfield_0.0_0.0_0.8_x" : [ 0.010417751, 0.02573375, 0.03322476, 0.034294907, 0.033856794, 0.05612155, 0.06478685, 0.07050746, 0.07460848, 0.073990814, 0.071383685, 0.067972146, 0.06261424, 0.060017884, 0.08255197, 0.054516334, 0.0426406, 0.037024137, 0.02998919, 0.013746692 ],
  "lightfield_0.0_0.0_0.2_y" : [ 0.0, 0.009148439, 0.020471046, 0.025045266, 0.02861005, 0.03518902, 0.07485697, 0.0968104, 0.102955244, 0.09471035, 0.088812575, 0.08716077, 0.080514744, 0.07768409, 0.075824045, 0.0497517, 0.029121827, 0.0173898, 0.0059436625, 0.0 ],
  "lightfield_0.0_0.0_0.2_x" : [ 0.011107307, 0.023644058, 0.030657155, 0.03708436, 0.043557443, 0.072001606, 0.07866529, 0.066220306, 0.070243925, 0.07726761, 0.08024297, 0.07051569, 0.05967663, 0.05434004, 0.051018786, 0.03756437, 0.041284453, 0.046017498, 0.038238503, 0.010652003 ],
  "lightfield_0.0_0.0_0.4_y" : [ 0.029267557, 0.062400997, 0.07261824, 0.05760353, 0.036128085, 0.047880366, 0.05589877, 0.06042845, 0.06378894, 0.0665158, 0.06853738, 0.07000075, 0.0698612, 0.057686504, 0.031628575, 0.02884891, 0.030693218, 0.03401222, 0.033785924, 0.022414573 ],
  "lightfield_0.0_0.0_0.4_x" : [ 0.0, 0.0, 0.0, 7.467753E-4, 0.013438184, 0.018412914, 0.02193558, 0.053066306, 0.11924266, 0.12371577, 0.12365165, 0.12837368, 0.1558271, 0.12694426, 0.067594476, 0.04187222, 0.005178396, 0.0, 0.0, 0.0 ],
  "lightfield_0.0_0.0_0.0_y" : [ 0.0, 0.0, 0.0, 0.0, 0.0014948057, 0.014958786, 0.030285908, 0.12681174, 0.12385073, 0.1717632, 0.17784612, 0.15838861, 0.1080766, 0.06478445, 0.020401595, 0.0013374578, 0.0, 0.0, 0.0, 0.0 ],
  "lightfield_0.0_0.0_0.0_x" : [ 0.07880988, 0.08703131, 0.052114364, 0.024839522, 0.040506374, 0.049203426, 0.05467842, 0.05878735, 0.06191285, 0.06426592, 0.06612548, 0.06757738, 0.06482737, 0.04243031, 0.029019972, 0.026777765, 0.027718276, 0.0324709, 0.03789583, 0.033007313 ],
  "d1" : [ 0.1021523, 0.076978, 0.0633927, 0.0407507, 0.0416613, 0.0417712, 0.1072821, 0.0596917, 0.03665, 0.0368258, 0.0916377, 0.0967889, 0.0641924, 0.0280696, 0.0131726, 0.0137546, 0.0152987, 0.0149059, 0.0115177, 0.0435061 ],
  "d2" : [ 0.00882615, 0.026165595, 0.04771878, 0.066696614, 0.08282264, 0.09818684, 0.10672104, 0.09070142, 0.075530365, 0.064665355, 0.05826753, 0.053776745, 0.055220198, 0.04146628, 0.02681721, 0.023802679, 0.02419975, 0.022500651, 0.020992687, 0.0049214642 ],
  "d3" : [ 8.657351E-4, 0.008359213, 0.024049003, 0.04596305, 0.07112068, 0.09348007, 0.11134899, 0.12264057, 0.12324671, 0.116670884, 0.10269989, 0.076113954, 0.046855345, 0.028646434, 0.015075503, 0.0071388935, 0.0038057528, 0.0014855547, 3.789352E-4, 5.483794E-5 ],
  "d4" : [ 4.779096E-6, 2.7251015E-5, 1.03411505E-4, 3.3362157E-4, 0.0010923793, 0.0034667766, 0.011162342, 0.03577123, 0.11042122, 0.35951623, 0.32665232, 0.10292648, 0.033313654, 0.010462763, 0.0032776464, 0.0010136768, 3.1958934E-4, 1.0168289E-4, 2.8064478E-5, 4.8807788E-6 ],
  "lightfield_0.0_0.8_0.0_y" : [ 0.0, 0.0, 0.0, 0.0, 9.843347E-4, 0.020867273, 0.048864745, 0.12348417, 0.123107255, 0.14649144, 0.15191151, 0.14603665, 0.12558055, 0.083811745, 0.027642362, 0.0012179585, 0.0, 0.0, 0.0, 0.0 ],
  "lightfield_0.0_0.8_0.0_x" : [ 0.02404767, 0.035520155, 0.038460698, 0.025664348, 0.024122432, 0.044908714, 0.05556196, 0.05883269, 0.058184773, 0.0561943, 0.053608865, 0.05023222, 0.04568746, 0.04910771, 0.068196334, 0.07267879, 0.073068164, 0.072887495, 0.067342825, 0.025692383 ],
  "lightfield_0.8_0.0_0.0_x" : [ 0.084842436, 0.094161235, 0.052836657, 0.02457438, 0.039670072, 0.047351737, 0.051689617, 0.055026453, 0.05805741, 0.0606226, 0.06282977, 0.06456771, 0.06365355, 0.042885248, 0.03225257, 0.02990636, 0.030782279, 0.03516187, 0.03651051, 0.032617535 ],
  "lightfield_0.8_0.0_0.0_y" : [ 0.0, 0.0, 0.0, 0.0, 0.0072089485, 0.018144026, 0.05585023, 0.09974348, 0.14803718, 0.17296262, 0.17078672, 0.14063358, 0.12915279, 0.032979026, 0.016440852, 0.008060535, 0.0, 0.0, 0.0, 0.0 ],
  "lightfield_0.0_0.6_0.0_x" : [ 0.014901184, 0.025176382, 0.036222577, 0.04307927, 0.04840291, 0.05304678, 0.055175524, 0.061198607, 0.062422186, 0.06261538, 0.06250626, 0.062456172, 0.062533095, 0.062584974, 0.062610015, 0.06254561, 0.06219321, 0.054338336, 0.034301344, 0.0116901845 ],
  "lightfield_0.0_0.6_0.0_y" : [ 0.0, 0.006618773, 0.027077937, 0.047120295, 0.05999113, 0.06966527, 0.07228773, 0.0759209, 0.08168103, 0.08460759, 0.08560399, 0.08577214, 0.08423015, 0.07986891, 0.07178865, 0.0474888, 0.019060276, 0.0012164231, 0.0, 0.0 ],
  "lightfield_0.6_0.0_0.0_y" : [ 0.0, 0.0, 0.0, 0.0, 0.0104025025, 0.01716574, 0.048280206, 0.09333266, 0.13970557, 0.17848504, 0.17879277, 0.1676889, 0.09792737, 0.03932339, 0.017534317, 0.011361522, 0.0, 0.0, 0.0, 0.0 ],
  "lightfield_0.6_0.0_0.0_x" : [ 0.09088502, 0.10056826, 0.05612771, 0.024995347, 0.04002476, 0.04741065, 0.051772755, 0.05527962, 0.058264032, 0.061108883, 0.063399084, 0.06524197, 0.06588609, 0.038307115, 0.028931623, 0.027893879, 0.02797976, 0.028792065, 0.031980447, 0.035150938 ],
  "lightfield_0.0_0.4_0.0_x" : [ 0.016042845, 0.03939865, 0.05912412, 0.060882643, 0.061037757, 0.061158013, 0.06111793, 0.061128385, 0.061170213, 0.0611737, 0.061295696, 0.06285554, 0.06408947, 0.056292, 0.049986407, 0.047251888, 0.042438164, 0.03417536, 0.025109101, 0.01427212 ],
  "lightfield_0.0_0.4_0.0_y" : [ 0.0, 0.008147779, 0.028380413, 0.04767017, 0.06390821, 0.07270956, 0.07617781, 0.078640446, 0.08173922, 0.08280235, 0.08228124, 0.08060114, 0.07753897, 0.072338335, 0.066524215, 0.056506373, 0.021787249, 0.0022465212, 0.0, 0.0 ],
  "lightfield_0.0_0.2_0.0_y" : [ 0.0, 0.0, 0.0, 0.0, 0.0018573876, 0.023796838, 0.054093026, 0.12551966, 0.12669972, 0.14581245, 0.14781433, 0.13971348, 0.12045625, 0.085009344, 0.028008321, 0.0012191928, 0.0, 0.0, 0.0, 0.0 ],
  "lightfield_0.0_0.2_0.0_x" : [ 0.041416433, 0.06808514, 0.06920198, 0.06906652, 0.06901234, 0.06760048, 0.051025476, 0.045489438, 0.049740057, 0.052816637, 0.055101495, 0.056727085, 0.05736829, 0.0548998, 0.04601324, 0.024991948, 0.02843579, 0.03706346, 0.03242451, 0.023519885 ],
  "a3" : [ 0.09629703, 0.17068101, 0.15098022, 0.11107631, 0.09458448, 0.090074584, 0.05352334, 0.0, 0.0, 0.0, 0.0, 0.0, 0.0, 0.0020389652, 0.011068912, 0.02255761, 0.035225075, 0.046321154, 0.052946985, 0.06262432 ],
  "lightfield_0.4_0.0_0.0_y" : [ 0.0, 0.0, 0.0, 0.0, 0.0, 0.011731342, 0.043080203, 0.09640038, 0.15201786, 0.18761863, 0.18817225, 0.14909916, 0.106192194, 0.054736223, 0.010951764, 0.0, 0.0, 0.0, 0.0, 0.0 ],