{
  "eccentricity_minmax" : 0.0037527704,
  "compactness" : 5.828794,
  "eccentricity" : 2.7613523,
  "compactness_standardized" : -0.06507271,
  "convexity_minmax" : 0.36081606,
  "diameter_standardized" : -0.5008368,
  "surface_area_minmax" : 0.09387514,
  "convexity" : 0.69122696,
  "diameter_minmax" : 0.027463986,
  "rectangularity _standardized" : 0.42585713,
  "convexity_standardized" : 1.2778656,
  "diameter" : 1.0145681,
  "surface_area" : 1.931946,
  "rectangularity " : 0.03999831,
  "compactness_minmax" : 1.3643263E-6,
  "surface_area_standardized" : 0.20770031,
  "rectangularity _minmax" : 0.07207949,
  "eccentricity_standardized" : -0.285015,
  "lightfield_0.0_0.0_0.6_y" : [ 0.01213852, 0.032821853, 0.050379895, 0.054572973, 0.06012345, 0.06594339, 0.07051674, 0.0735136, 0.06739649, 0.06385315, 0.060899105, 0.057987876, 0.05500613, 0.052016832, 0.049118195, 0.04591735, 0.042086918, 0.037503496, 0.030356374, 0.017847653 ],
  "lightfield_0.0_0.0_0.6_x" : [ 0.0, 0.0, 0.0, 0.05277486, 0.09940239, 0.10501583, 0.10830481, 0.10927186, 0.11474931, 0.1040941, 0.09122022, 0.07830353, 0.065321356, 0.045045998, 0.0144806, 0.004150266, 0.007864854, 0.0, 0.0, 0.0 ],
  "lightfield_0.0_0.0_0.8_y" : [ 2.3987718E-4, 0.0059140627, 0.0067601753, 0.016477382, 0.04397167, 0.05339012, 0.06233972, 0.07117592, 0.075600564, 0.071568444, 0.07638562, 0.08030434, 0.08526762, 0.094500706, 0.07588406, 0.06545594, 0.054026883, 0.040412765, 0.020324139, 0.0 ],
  "lightfield_0.0_0.0_0.8_x" : [ 0.016913522, 0.031177491, 0.03899967, 0.045214668, 0.050119065, 0.054624397, 0.058595452, 0.06225467, 0.06576778, 0.07515134, 0.072900854, 0.06784599, 0.06318365, 0.059073027, 0.057912894, 0.062991746, 0.055470508, 0.035165995, 0.016928786, 0.009708484 ],
  "lightfield_0.0_0.0_0.2_y" : [ 1.2921623E-4, 0.00601622, 0.0066907723, 0.016090706, 0.04379554, 0.05333564, 0.062330402, 0.07121785, 0.07588059, 0.071649306, 0.0765201, 0.08037687, 0.08519948, 0.09471549, 0.0760777, 0.0656287, 0.05410218, 0.040308893, 0.019934341, 0.0 ],
  "lightfield_0.0_0.0_0.2_x" : [ 0.009424024, 0.016914185, 0.0348402, 0.055492893, 0.06309694, 0.058033418, 0.059213884, 0.06341889, 0.06823493, 0.0731101, 0.07526079, 0.06584553, 0.062220898, 0.05868388, 0.054721978, 0.050107423, 0.045177497, 0.038889702, 0.03092648, 0.01638637 ],
  "lightfield_0.0_0.0_0.4_y" : [ 0.011745775, 0.032432664, 0.050314892, 0.05455467, 0.06011607, 0.065738, 0.07052761, 0.07357188, 0.06752622, 0.06395735, 0.061001353, 0.058057975, 0.055104505, 0.052103117, 0.049192525, 0.046024673, 0.042132955, 0.03761069, 0.030354392, 0.017932674 ],
  "lightfield_0.0_0.0_0.4_x" : [ 0.0, 0.0, 0.0, 0.007647238, 0.0042750887, 0.013919891, 0.044544153, 0.0650898, 0.07804874, 0.09111866, 0.10386322, 0.11463543, 0.10950785, 0.10834765, 0.10517727, 0.099686496, 0.05413851, 0.0, 0.0, 0.0 ],
  "lightfield_0.0_0.0_0.0_y" : [ 0.0, 0.0, 5.120366E-4, 0.010233239, 0.009176695, 0.04268387, 0.08090179, 0.111996144, 0.12097302, 0.124170125, 0.1240852, 0.120923065, 0.11177884, 0.08056959, 0.042394135, 0.008949401, 0.010215755, 4.3710443E-4, 0.0, 0.0 ],
  "lightfield_0.0_0.0_0.0_x" : [ 0.043618027, 0.0360249, 0.04479696, 0.06293304, 0.07150778, 0.07351597, 0.06675459, 0.064091995, 0.06144939, 0.058879215, 0.056166667, 0.05353655, 0.050866466, 0.04825133, 0.045588743, 0.042978603, 0.039681587, 0.035073258, 0.02848672, 0.015798202 ],
  "d1" : [ 0.0065082, 0.0101019, 0.0124705, 0.0147793, 0.0169958, 0.045878, 0.2009894, 0.1987078, 0.1427879, 0.0598678, 0.0613473, 0.0775389, 0.0427608, 0.0182202, 0.0180053, 0.0178923, 0.0143014, 0.0157031, 0.0131744, 0.0119697 ],
  "d2" : [ 0.0051336014, 0.019406607, 0.035381813, 0.053163137, 0.07204625, 0.08991289, 0.10048395, 0.1053366, 0.10758639, 0.101679556, 0.08188288, 0.058909643, 0.04856993, 0.03890683, 0.02932375, 0.021999463, 0.014854709, 0.008871258, 0.004778139, 0.0017726113 ],
  "d3" : [ 5.7444E-4, 0.0062434752, 0.019744575, 0.0388643, 0.06159961, 0.08490684, 0.10522485, 0.1194809, 0.12637952, 0.12470218, 0.11245078, 0.088026464, 0.058832455, 0.03202626, 0.014262895, 0.0048308703, 0.0014013357, 3.493529E-4, 8.351466E-5, 1.5394871E-5 ],
  "d4" : [ 9.15146E-7, 2.074331E-5, 1.2435818E-4, 5.817278E-4, 0.0023091168, 0.007926182, 0.022651797, 0.051995344, 0.10678178, 0.23082748, 0.32082447, 0.13938884, 0.06824681, 0.03138839, 0.011986278, 0.0036948512, 9.6436054E-4, 2.3661609E-4, 4.6265715E-5, 3.660584E-6 ],
  "lightfield_0.0_0.8_0.0_y" : [ 0.0, 0.0, 0.011346075, 0.008790486, 0.023331627, 0.053697497, 0.08967037, 0.10530742, 0.112218864, 0.11540235, 0.11471422, 0.11034446, 0.101391785, 0.07861855, 0.044001084, 0.014666256, 0.011125965, 0.005372993, 0.0, 0.0 ],
  "lightfield_0.0_0.8_0.0_x" : [ 0.015734367, 0.029054478, 0.03542839, 0.040328726, 0.043472823, 0.04652192, 0.049626626, 0.05264792, 0.05569007, 0.0587438, 0.061748877, 0.064723834, 0.07158199, 0.08252028, 0.07243925, 0.0626548, 0.046243887, 0.044932496, 0.04118368, 0.024721794 ],
  "lightfield_0.8_0.0_0.0_x" : [ 0.043219548, 0.035756808, 0.05112535, 0.0701968, 0.07339724, 0.06664241, 0.06574391, 0.06328851, 0.06068459, 0.058132656, 0.055501513, 0.052937202, 0.050353087, 0.047702145, 0.045078427, 0.04244976, 0.039266646, 0.034633063, 0.028266838, 0.015623491 ],
  "lightfield_0.8_0.0_0.0_y" : [ 0.0, 0.0, 0.0, 0.0020469942, 0.020690236, 0.0429745, 0.07923873, 0.11058472, 0.119653866, 0.12294094, 0.123057276, 0.1200301, 0.11137183, 0.080506034, 0.043699738, 0.0211729, 0.002032143, 0.0, 0.0, 0.0 ],
  "lightfield_0.0_0.6_0.0_x" : [ 0.0, 0.011579221, 0.03114288, 0.040820383, 0.04958975, 0.0579597, 0.065296315, 0.06999795, 0.07442536, 0.09251653, 0.09858136, 0.09876021, 0.08034712, 0.0671106, 0.06014757, 0.05156102, 0.03842386, 0.011740182, 0.0, 0.0 ],
  "lightfield_0.0_0.6_0.0_y" : [ 0.015519774, 0.015414453, 0.018303795, 0.036861945, 0.05011635, 0.060346283, 0.069034174, 0.07524606, 0.07896604, 0.0806909, 0.08063923, 0.07884482, 0.075104974, 0.06899841, 0.060274746, 0.04999513, 0.03684406, 0.018452832, 0.015340928, 0.015005097 ],
  "lightfield_0.6_0.0_0.0_y" : [ 0.0, 0.0, 0.0, 0.0, 0.005339351, 0.04349191, 0.08307001, 0.11528882, 0.12446735, 0.1277919, 0.12795916, 0.12467578, 0.115561575, 0.08360009, 0.043615423, 0.005138643, 0.0, 0.0, 0.0, 0.0 ],
  "lightfield_0.6_0.0_0.0_x" : [ 0.04491488, 0.037221067, 0.04211011, 0.056033596, 0.06447106, 0.068063214, 0.06852382, 0.06599438, 0.06323335, 0.06050321, 0.05784254, 0.05508924, 0.052387398, 0.049773045, 0.046968278, 0.044312757, 0.040867265, 0.036101732, 0.029370291, 0.016218761 ],
  "lightfield_0.0_0.4_0.0_x" : [ 0.0, 0.013387419, 0.039457656, 0.052228052, 0.060685255, 0.067687474, 0.08120228, 0.09918354, 0.09878944, 0.09253362, 0.074422985, 0.06990677, 0.06503228, 0.05761407, 0.049049385, 0.040078662, 0.029842041, 0.008899071, 0.0, 0.0 ],
  "lightfield_0.0_0.4_0.0_y" : [ 0.015479328, 0.015535058, 0.018699791, 0.036955725, 0.050187893, 0.06031106, 0.06895337, 0.07504996, 0.07879589, 0.080533504, 0.08043001, 0.07870831, 0.07504399, 0.068841904, 0.06024936, 0.05006648, 0.0369199, 0.0184908, 0.015345971, 0.015401702 ],
  "lightfield_0.0_0.2_0.0_y" : [ 0.0, 0.0, 0.010931844, 0.009067463, 0.023568463, 0.054080937, 0.0897193, 0.1050831, 0.112029426, 0.1151614, 0.114453584, 0.11018586, 0.10116697, 0.078489065, 0.044104416, 0.014991384, 0.011348207, 0.005618588, 0.0, 0.0 ],
  "lightfield_0.0_0.2_0.0_x" : [ 0.025055803, 0.04108347, 0.044897817, 0.046151534, 0.06264182, 0.072613716, 0.08301354, 0.07180181, 0.0646982, 0.061698068, 0.058716446, 0.05567237, 0.05264217, 0.049531013, 0.046537824, 0.043484498, 0.04029238, 0.03532378, 0.028798446, 0.015345292 ],
  "a3" : [ 0.05651125, 0.13475795, 0.16223386, 0.15389337, 0.13427658, 0.111287005, 0.06063426, 0.0, 0.0, 0.0, 0.0, 0.0, 0.0, 5.8581005E-4, 0.0035314627, 0.009334323, 0.018728012, 0.03262425, 0.05033348, 0.071268395 ],