{
  "eccentricity_minmax" : 0.030641539,
  "compactness" : 429.0179,
  "eccentricity" : 15.376301,
  "compactness_standardized" : -0.062230833,
  "convexity_minmax" : 0.39347073,
  "diameter_standardized" : -0.25013813,
  "surface_area_minmax" : 0.055014115,
  "convexity" : 0.7536918,
  "diameter_minmax" : 0.06799947,
  "rectangularity _standardized" : -0.40503818,
  "convexity_standardized" : 1.5002826,
  "diameter" : 1.0360699,
  "surface_area" : 1.1387416,
  "rectangularity " : 6.460631E-5,
  "compactness_minmax" : 1.0886898E-4,
  "surface_area_standardized" : -0.27803615,
  "rectangularity _minmax" : 1.1637256E-4,
  "eccentricity_standardized" : 0.28546813,
  "lightfield_0.0_0.0_0.6_y" : [ 0.045290668, 0.053329863, 0.053333286, 0.053329863, 0.05333671, 0.05333671, 0.053333286, 0.053340137, 0.053340137, 0.05333671, 0.05334356, 0.053340137, 0.05334356, 0.053346984, 0.053340137, 0.053346984, 0.053350408, 0.053346984, 0.039196216, 0.008737661 ],
  "lightfield_0.0_0.0_0.6_x" : [ 0.0, 0.0, 0.0, 0.0022118061, 0.027609915, 0.05931475, 0.091016166, 0.12272442, 0.15434366, 0.16295807, 0.13587885, 0.10669054, 0.07718724, 0.045841906, 0.014222667, 0.0, 0.0, 0.0, 0.0, 0.0 ],
  "lightfield_0.0_0.0_0.8_y" : [ 0.0012227986, 0.015269824, 0.032661863, 0.050037056, 0.06742909, 0.081398636, 0.08258101, 0.0825608, 0.08253723, 0.082503535, 0.082476586, 0.08245975, 0.081385165, 0.06951088, 0.052085157, 0.034639224, 0.017189922, 0.002051472, 0.0, 0.0 ],
  "lightfield_0.0_0.0_0.8_x" : [ 0.013140875, 0.030522805, 0.04788789, 0.062187564, 0.06363269, 0.06364616, 0.063663006, 0.06367311, 0.063689955, 0.0637068, 0.06372701, 0.06373375, 0.063753955, 0.06377417, 0.06378428, 0.06113993, 0.04549619, 0.028077208, 0.010654855, 1.0779492E-4 ],
  "lightfield_0.0_0.0_0.2_y" : [ 0.0, 8.770835E-5, 0.010804994, 0.028963996, 0.04711625, 0.06526176, 0.08263139, 0.08939168, 0.08940854, 0.089418665, 0.08942541, 0.08945239, 0.08946252, 0.08188249, 0.06384156, 0.04572641, 0.027611263, 0.009506236, 6.7467963E-6, 0.0 ],
  "lightfield_0.0_0.0_0.2_x" : [ 0.013321549, 0.03136248, 0.049393293, 0.060845982, 0.06104164, 0.06104501, 0.061058506, 0.061065253, 0.061065253, 0.061078746, 0.061078746, 0.061088864, 0.061095614, 0.06110236, 0.061109107, 0.06111248, 0.054503992, 0.03661486, 0.018526701, 0.0024895677 ],
  "lightfield_0.0_0.0_0.4_y" : [ 0.029475145, 0.05166692, 0.053838737, 0.053838737, 0.053835355, 0.053825207, 0.053825207, 0.053831972, 0.053831972, 0.053825207, 0.053821824, 0.053821824, 0.053811673, 0.053818442, 0.053821824, 0.05380829, 0.053815056, 0.053811673, 0.04214746, 0.0155274775 ],
  "lightfield_0.0_0.0_0.4_x" : [ 0.0, 0.0, 0.0, 0.008453849, 0.034488592, 0.061145786, 0.08779621, 0.113418244, 0.13710864, 0.15025456, 0.13408771, 0.10742038, 0.08074288, 0.05404171, 0.027364219, 0.0036772045, 0.0, 0.0, 0.0, 0.0 ],
  "lightfield_0.0_0.0_0.0_y" : [ 0.0, 0.0, 0.0, 0.0, 0.0, 0.0, 0.011377577, 0.15501948, 0.16716544, 0.16720252, 0.16720925, 0.16727667, 0.15425783, 0.0104912305, 0.0, 0.0, 0.0, 0.0, 0.0, 0.0 ],
  "lightfield_0.0_0.0_0.0_x" : [ 0.046315767, 0.050417222, 0.050430704, 0.050413854, 0.050437443, 0.050410483, 0.050427333, 0.050423965, 0.050413854, 0.050437443, 0.050413854, 0.050440814, 0.050423965, 0.050423965, 0.050444182, 0.050420593, 0.050461035, 0.050423965, 0.050450925, 0.045968644 ],
  "d1" : [ 0.007715, 0.0192081, 0.0457061, 0.121238, 0.0492331, 0.0458439, 0.0606851, 0.0643683, 0.0461087, 0.1454192, 0.0506792, 0.028965, 0.0464499, 0.0358595, 0.0519538, 0.0180328, 0.0487935, 0.0883215, 0.0072986, 0.0181207 ],
  "d2" : [ 0.053894263, 0.09254455, 0.093900986, 0.10965746, 0.092871405, 0.08008476, 0.070478775, 0.06360617, 0.054764215, 0.04761276, 0.056065343, 0.037164625, 0.038759105, 0.04651417, 0.024960384, 0.015557932, 0.011987105, 0.0065732542, 0.0027385808, 2.641464E-4 ],
  "d3" : [ 0.040919065, 0.06552097, 0.08307354, 0.09824523, 0.10448086, 0.10831086, 0.105745256, 0.09185979, 0.08021392, 0.07127513, 0.05351901, 0.039358042, 0.025699977, 0.015461481, 0.008943011, 0.0043471893, 0.0018968895, 8.839473E-4, 2.1170462E-4, 3.4110206E-5 ],
  "d4" : [ 1.0168289E-7, 1.0168289E-7, 1.0168289E-7, 1.4235605E-6, 3.3555355E-6, 9.964923E-6, 3.1013282E-5, 2.6224018E-4, 0.0032082987, 0.08917213, 0.9021772, 0.004758963, 3.1592874E-4, 3.996138E-5, 1.2201947E-5, 4.3723644E-6, 1.6269263E-6, 6.1009735E-7, 3.0504867E-7, 1.0168289E-7 ],
  "lightfield_0.0_0.8_0.0_y" : [ 0.0, 0.0, 0.0, 0.0, 0.0, 0.0, 0.011399036, 0.15491167, 0.16806789, 0.1676934, 0.16731481, 0.16692798, 0.15329029, 0.010394934, 0.0, 0.0, 0.0, 0.0, 0.0, 0.0 ],
  "lightfield_0.0_0.8_0.0_x" : [ 0.0, 0.0153372595, 0.061571255, 0.0615836, 0.06157537, 0.061563026, 0.061554797, 0.061567143, 0.061567143, 0.06155068, 0.061546564, 0.061554797, 0.061554797, 0.061546564, 0.061546564, 0.06155891, 0.061563026, 0.058809973, 0.0024485295, 0.0 ],
  "lightfield_0.8_0.0_0.0_x" : [ 0.046238743, 0.050430905, 0.050438967, 0.050422844, 0.050422844, 0.050418813, 0.050418813, 0.050422844, 0.050447028, 0.050418813, 0.050422844, 0.050422844, 0.050422844, 0.050422844, 0.05045106, 0.050426874, 0.050422844, 0.050422844, 0.050422844, 0.04608154 ],
  "lightfield_0.8_0.0_0.0_y" : [ 0.0, 0.0, 0.0, 0.0, 0.0, 0.0, 0.12499093, 0.20007497, 0.20002258, 0.1999984, 0.19994195, 0.07497118, 0.0, 0.0, 0.0, 0.0, 0.0, 0.0, 0.0, 0.0 ],
  "lightfield_0.0_0.6_0.0_x" : [ 0.0, 0.0, 0.0, 0.0, 0.0, 0.0, 0.03280197, 0.15285432, 0.1528441, 0.15283388, 0.1528032, 0.15279298, 0.15282364, 0.05024591, 0.0, 0.0, 0.0, 0.0, 0.0, 0.0 ],
  "lightfield_0.0_0.6_0.0_y" : [ 0.0, 0.0, 0.0, 0.0, 0.0, 0.0, 0.0112475585, 0.15387683, 0.17086065, 0.16937801, 0.16772155, 0.16607532, 0.15043099, 0.010409105, 0.0, 0.0, 0.0, 0.0, 0.0, 0.0 ],
  "lightfield_0.6_0.0_0.0_y" : [ 0.0, 0.0, 0.0, 0.0, 0.0, 0.0, 0.0, 0.0039728237, 0.45555043, 0.47622064, 0.0642561, 0.0, 0.0, 0.0, 0.0, 0.0, 0.0, 0.0, 0.0, 0.0 ],
  "lightfield_0.6_0.0_0.0_x" : [ 0.046052128, 0.05038001, 0.050456777, 0.05038001, 0.050399203, 0.050437585, 0.05038001, 0.050456777, 0.05038001, 0.050466374, 0.05038001, 0.050466374, 0.05038001, 0.050466374, 0.05038001, 0.050389607, 0.05044718, 0.05038001, 0.050466374, 0.046455167 ],
  "lightfield_0.0_0.4_0.0_x" : [ 0.0, 0.0, 0.0, 0.0, 0.0, 0.0, 0.019960264, 0.15301849, 0.15304907, 0.15307963, 0.15302868, 0.15301849, 0.15302868, 0.0618167, 0.0, 0.0, 0.0, 0.0, 0.0, 0.0 ],
  "lightfield_0.0_0.4_0.0_y" : [ 0.0, 0.0, 0.0, 0.0, 0.0, 0.0, 0.012104539, 0.15914209, 0.16888277, 0.16750726, 0.16596872, 0.16419584, 0.15099087, 0.0112079065, 0.0, 0.0, 0.0, 0.0, 0.0, 0.0 ],
  "lightfield_0.0_0.2_0.0_y" : [ 0.0, 0.0, 0.0, 0.0, 0.0, 0.0, 0.01143682, 0.15606056, 0.16767423, 0.16725886, 0.16685173, 0.1664446, 0.15356018, 0.010713022, 0.0, 0.0, 0.0, 0.0, 0.0, 0.0 ],
  "lightfield_0.0_0.2_0.0_x" : [ 0.0, 0.002138492, 0.061210223, 0.061584458, 0.06160502, 0.06158857, 0.061576232, 0.06158857, 0.06160502, 0.06158857, 0.061576232, 0.06158857, 0.06160502, 0.061584458, 0.061576232, 0.061592683, 0.061609134, 0.06157212, 0.0128103895, 0.0 ],
  "a3" : [ 0.29843873, 0.15612875, 0.08473518, 0.056187153, 0.039872013, 0.0375498, 0.02620036, 0.0, 0.0, 0.0, 0.0, 0.0, 0.0, 0.033465933, 0.049456377, 0.04927858, 0.048731107, 0.044196058, 0.037770763, 0.03798921 ],
  "lightfield_0.4_0.0_0.0_y" : [ 0.0, 0.0, 0.0, 0.0, 0.0, 0.0, 0.0, 0.0, 0.3728078, 0.44318143, 0.18401079, 0.0, 0.0, 0.0, 0.0, 0.0, 0.0, 0.0, 0.0, 0.0 ],
  "lightfield_0.4_0.0_0.0_x" : [ 0.046665713, 0.05049648, 0.050451834, 0.05049648, 0.050460763, 0.050451834, 0.05050541, 0.050451834, 0.05051434, 0.050451834, 0.05052327, 0.050451834, 0.0505322, 0.050451834, 0.05052327, 0.050460763, 0.050451834, 0.05055006, 0.050451834, 0.04465657 ],
  "lightfield_0.2_0.0_0.0_x" : [ 0.04641818, 0.050407078, 0.050407078, 0.050407078, 0.050411277, 0.05043647, 0.050415475, 0.050415475, 0.050415475, 0.050415475, 0.05042807, 0.050453264, 0.05042807, 0.05042807, 0.05042807, 0.05042807, 0.05043647, 0.05046166, 0.05044067, 0.045918517 ],