{
  "eccentricity_minmax" : 0.004671826,
  "compactness" : 13.069408,
  "eccentricity" : 3.1925302,
  "compactness_standardized" : -0.065024376,
  "convexity_minmax" : 0.13765492,
  "diameter_standardized" : 1.263776,
  "surface_area_minmax" : 0.025728999,
  "convexity" : 0.2643442,
  "diameter_minmax" : 0.31201017,
  "rectangularity _standardized" : -0.38930967,
  "convexity_standardized" : -0.25042772,
  "diameter" : 1.1655037,
  "surface_area" : 0.54099405,
  "rectangularity " : 7.973868E-4,
  "compactness_minmax" : 3.2036926E-6,
  "surface_area_standardized" : -0.64343774,
  "rectangularity _minmax" : 0.0014368903,
  "eccentricity_standardized" : -0.26552323,
  "lightfield_0.0_0.0_0.6_y" : [ 0.03788255, 0.04067632, 0.036016, 0.031549603, 0.033149507, 0.047306225, 0.05778438, 0.06449306, 0.054505788, 0.052911945, 0.06942003, 0.06439003, 0.06968062, 0.0726562, 0.061505362, 0.043633718, 0.033058602, 0.039452154, 0.046300225, 0.04362766 ],
  "lightfield_0.0_0.0_0.6_x" : [ 0.0012968911, 0.016283862, 0.030616326, 0.054705776, 0.0686928, 0.07878917, 0.08947337, 0.11524756, 0.12478638, 0.121162355, 0.09988485, 0.05043937, 0.046518393, 0.027961941, 0.022016848, 0.019107932, 0.015150597, 0.01168414, 0.00533907, 8.423732E-4 ],
  "lightfield_0.0_0.0_0.8_y" : [ 0.0, 0.0, 0.0, 0.00949367, 0.029219126, 0.02918519, 0.030305088, 0.02872705, 0.02791258, 0.02595276, 0.025053449, 0.026385449, 0.03050022, 0.2504242, 0.2020226, 0.085188515, 0.15930532, 0.04032477, 0.0, 0.0 ],
  "lightfield_0.0_0.0_0.8_x" : [ 0.019810297, 0.02932942, 0.035454914, 0.041529506, 0.04650117, 0.05142193, 0.053356297, 0.057717107, 0.073387176, 0.06587878, 0.057920724, 0.1258272, 0.20355822, 0.043472357, 0.02496861, 0.022058574, 0.018554654, 0.014677436, 0.01068144, 0.0038941868 ],
  "lightfield_0.0_0.0_0.2_y" : [ 0.0032684496, 0.009536011, 0.013394092, 0.016618865, 0.0203168, 0.022879148, 0.029598031, 0.04373462, 0.09763856, 0.14250149, 0.11558228, 0.112961695, 0.091676734, 0.056546364, 0.051698282, 0.045292415, 0.04244617, 0.03617133, 0.029656267, 0.01848239 ],
  "lightfield_0.0_0.0_0.2_x" : [ 0.0, 0.011668875, 0.033798244, 0.03202935, 0.031104866, 0.029175827, 0.026038406, 0.02404385, 0.023650764, 0.038551692, 0.104350165, 0.087534755, 0.10696347, 0.121915355, 0.101926126, 0.0417983, 0.050016742, 0.09078865, 0.044644546, 0.0 ],
  "lightfield_0.0_0.0_0.4_y" : [ 0.004647202, 0.0121654505, 0.016431468, 0.020681266, 0.08604217, 0.14914031, 0.09018654, 0.06657746, 0.043357663, 0.053982157, 0.0681914, 0.06300081, 0.054785077, 0.051403083, 0.049172748, 0.0464558, 0.038183294, 0.03266829, 0.029870234, 0.023057584 ],
  "lightfield_0.0_0.0_0.4_x" : [ 0.0, 0.0, 0.0, 0.00378751, 0.022895377, 0.026285483, 0.028296838, 0.028459042, 0.027899433, 0.028321167, 0.043081913, 0.06338199, 0.13043796, 0.17274128, 0.25907543, 0.1400081, 0.024420114, 9.083536E-4, 0.0, 0.0 ],
  "lightfield_0.0_0.0_0.0_y" : [ 0.0, 7.417558E-4, 0.0084107565, 0.017588414, 0.024044205, 0.030355414, 0.06003193, 0.09455501, 0.14395092, 0.14548472, 0.12790887, 0.0948756, 0.07816724, 0.0635647, 0.03835758, 0.02935593, 0.022925284, 0.017487837, 0.0021938372, 0.0 ],
  "lightfield_0.0_0.0_0.0_x" : [ 0.023987629, 0.085019045, 0.07156058, 0.06006965, 0.059918784, 0.0607234, 0.05527338, 0.046347167, 0.047076352, 0.058649, 0.060522247, 0.05700205, 0.054305326, 0.0495342, 0.045580268, 0.039702795, 0.033203002, 0.03029884, 0.03416477, 0.027061515 ],
  "d1" : [ 0.0089408, 0.0244587, 0.0357025, 0.0515626, 0.0798724, 0.0942869, 0.0847158, 0.0734902, 0.0613755, 0.0613265, 0.0559136, 0.0577973, 0.0540831, 0.05003, 0.0495501, 0.0500802, 0.0484883, 0.0468689, 0.0096606, 0.001796 ],
  "d2" : [ 0.029757425, 0.08137659, 0.08864797, 0.09474344, 0.089159556, 0.08343915, 0.08003776, 0.07661835, 0.07324606, 0.070026994, 0.063475445, 0.052005533, 0.039325107, 0.029932557, 0.023262085, 0.01605632, 0.0066823736, 0.0015248677, 5.848027E-4, 9.761714E-5 ],
  "d3" : [ 0.0066405223, 0.05199301, 0.119760625, 0.16263162, 0.16337852, 0.13408077, 0.09956718, 0.07404047, 0.056228608, 0.042347766, 0.03130844, 0.022028249, 0.0148676215, 0.009451444, 0.005629089, 0.0031640988, 0.0017129561, 8.1824244E-4, 3.0689122E-4, 4.387035E-5 ],
  "d4" : [ 3.3555355E-6, 2.847121E-5, 1.14698305E-4, 4.089686E-4, 0.0012081962, 0.00344644, 0.009682042, 0.026636444, 0.08044896, 0.42177808, 0.34600493, 0.072416626, 0.024274655, 0.008828007, 0.0031113948, 0.0010970568, 3.666685E-4, 1.13579794E-4, 2.6945967E-5, 4.4740473E-6 ],
  "lightfield_0.0_0.8_0.0_y" : [ 0.003179281, 0.010564858, 0.014704175, 0.019508818, 0.023505246, 0.043933913, 0.05791918, 0.08176379, 0.11496763, 0.11260549, 0.10370172, 0.08906006, 0.076785, 0.06745702, 0.05469078, 0.034373745, 0.029528912, 0.024541192, 0.02237553, 0.014833668 ],
  "lightfield_0.0_0.8_0.0_x" : [ 0.022353204, 0.03851306, 0.03481134, 0.034177274, 0.039285555, 0.043835677, 0.04844385, 0.052953783, 0.053547665, 0.051984817, 0.048899308, 0.040835008, 0.04091538, 0.0504309, 0.060968965, 0.06592543, 0.06767136, 0.08416165, 0.08463943, 0.03564635 ],
  "lightfield_0.8_0.0_0.0_x" : [ 0.02339546, 0.07862134, 0.068476245, 0.061449245, 0.06355156, 0.06473451, 0.055598773, 0.043434933, 0.040381115, 0.049870454, 0.051837757, 0.055508766, 0.059244066, 0.054075077, 0.048970383, 0.043017045, 0.03675511, 0.033945598, 0.03675511, 0.030377451 ],
  "lightfield_0.8_0.0_0.0_y" : [ 0.0, 0.0, 0.0, 0.010755868, 0.022308944, 0.029143067, 0.04579441, 0.0786342, 0.10632429, 0.14264223, 0.17804722, 0.16079798, 0.107037924, 0.061970003, 0.030094571, 0.020193772, 0.006255505, 0.0, 0.0, 0.0 ],
  "lightfield_0.0_0.6_0.0_x" : [ 0.0, 0.0, 0.0, 0.0, 0.01718817, 0.069610916, 0.10681472, 0.10908375, 0.08816873, 0.0721621, 0.116872504, 0.2194666, 0.16219425, 0.038438253, 0.0, 0.0, 0.0, 0.0, 0.0, 0.0 ],
  "lightfield_0.0_0.6_0.0_y" : [ 0.0035916457, 0.012109313, 0.015095493, 0.021091366, 0.024248017, 0.039414052, 0.04534526, 0.057983622, 0.07822263, 0.08979702, 0.09178389, 0.09289489, 0.09116079, 0.085517615, 0.07537753, 0.043599404, 0.039190676, 0.03340642, 0.03261285, 0.027557505 ],
  "lightfield_0.6_0.0_0.0_y" : [ 0.0, 0.0, 0.0, 0.0, 0.0, 0.0, 0.0, 0.02159129, 0.07494462, 0.25477722, 0.34307313, 0.23934872, 0.06626501, 0.0, 0.0, 0.0, 0.0, 0.0, 0.0, 0.0 ],
  "lightfield_0.6_0.0_0.0_x" : [ 0.024866616, 0.07006611, 0.067488946, 0.070135064, 0.06724761, 0.059628163, 0.052568976, 0.046018325, 0.03927805, 0.039209094, 0.039915875, 0.046147615, 0.05050035, 0.05146571, 0.0544135, 0.052344874, 0.04620795, 0.041975882, 0.042820573, 0.03770072 ],
  "lightfield_0.0_0.4_0.0_x" : [ 0.0, 0.0, 0.0, 0.0, 0.025991872, 0.14868872, 0.22583984, 0.12749758, 0.0772096, 0.099704705, 0.11693126, 0.09017923, 0.07147326, 0.016483935, 0.0, 0.0, 0.0, 0.0, 0.0, 0.0 ],
  "lightfield_0.0_0.4_0.0_y" : [ 0.0037306668, 0.011975558, 0.014957752, 0.020840278, 0.023898488, 0.028634915, 0.040756658, 0.060801685, 0.077174515, 0.09051838, 0.10054673, 0.10069292, 0.090682104, 0.084764495, 0.0746952, 0.043528344, 0.039119374, 0.033231, 0.032155074, 0.027295852 ],
  "lightfield_0.0_0.2_0.0_y" : [ 0.00368013, 0.01058201, 0.014698692, 0.019286849, 0.022844745, 0.03871776, 0.05485271, 0.08380481, 0.114446364, 0.11402291, 0.106880926, 0.09018719, 0.07578972, 0.06698011, 0.05529799, 0.03460981, 0.029480329, 0.024394503, 0.022578448, 0.016863989 ],
  "lightfield_0.0_0.2_0.0_x" : [ 0.041476768, 0.08591772, 0.081892714, 0.06666579, 0.06535178, 0.063055515, 0.050805874, 0.040154014, 0.045414463, 0.052770358, 0.051443238, 0.05214609, 0.051569838, 0.046261374, 0.041524787, 0.03656556, 0.032007962, 0.034587983, 0.038359787, 0.022028394 ],
  "a3" : [ 0.18011284, 0.16930453, 0.11613397, 0.08626863, 0.0652493, 0.051912714, 0.03203894, 0.0, 0.0, 0.0, 0.0, 0.0, 0.0, 0.0070142252, 0.03229381, 0.045492247, 0.05227293, 0.057440378, 0.055531614, 0.048933856 ],