{
  "eccentricity_minmax" : 0.068102434,
  "compactness" : 1335.3896,
  "eccentricity" : 32.951195,
  "compactness_standardized" : -0.056178953,
  "convexity_minmax" : 0.076426044,
  "diameter_standardized" : -0.6659595,
  "surface_area_minmax" : 0.032135613,
  "convexity" : 0.14722005,
  "diameter_minmax" : 9.2433573E-4,
  "rectangularity _standardized" : -0.40575057,
  "convexity_standardized" : -0.6702828,
  "diameter" : 1.0004903,
  "surface_area" : 0.67176145,
  "rectangularity " : 3.0347366E-5,
  "compactness_minmax" : 3.3911873E-4,
  "surface_area_standardized" : -0.56382656,
  "rectangularity _minmax" : 5.4635726E-5,
  "eccentricity_standardized" : 1.0801377,
  "lightfield_0.0_0.0_0.6_y" : [ 0.0, 0.009643087, 0.06330264, 0.08383397, 0.08192535, 0.07908059, 0.074009106, 0.04635226, 0.0449526, 0.045207087, 0.046261374, 0.047342926, 0.04860625, 0.04964236, 0.05082389, 0.051932707, 0.05307788, 0.054268498, 0.05225081, 0.017486617 ],
  "lightfield_0.0_0.0_0.6_x" : [ 0.0, 0.0, 0.0, 0.0019722432, 0.029001972, 0.08470648, 0.13924764, 0.16736801, 0.22575368, 0.18190989, 0.12862298, 0.03828151, 0.003135594, 0.0, 0.0, 0.0, 0.0, 0.0, 0.0, 0.0 ],
  "lightfield_0.0_0.0_0.8_y" : [ 0.0, 0.0, 0.0, 0.00848147, 0.08591144, 0.09912717, 0.09079194, 0.06357446, 0.079934195, 0.09544395, 0.07971485, 0.08258466, 0.08618563, 0.089603804, 0.085417904, 0.04072568, 0.012502857, 0.0, 0.0, 0.0 ],
  "lightfield_0.0_0.0_0.8_x" : [ 0.03784673, 0.061865374, 0.060384773, 0.058840197, 0.057487547, 0.056162316, 0.05475483, 0.05324681, 0.051702235, 0.05048668, 0.08862587, 0.112507425, 0.11684869, 0.09272952, 0.04424439, 0.0022665996, 0.0, 0.0, 0.0, 0.0 ],
  "lightfield_0.0_0.0_0.2_y" : [ 0.0, 0.0, 0.0, 0.0, 0.0011738351, 0.06932796, 0.11829749, 0.12499104, 0.14887097, 0.07926523, 0.06985663, 0.0724552, 0.07476702, 0.077419356, 0.08016129, 0.056048386, 0.02047491, 0.006890681, 0.0, 0.0 ],
  "lightfield_0.0_0.0_0.2_x" : [ 0.0, 0.058324374, 0.08826165, 0.08594086, 0.07064516, 0.06327957, 0.06653226, 0.055277776, 0.053978495, 0.05533154, 0.056971326, 0.05861111, 0.06031362, 0.06169355, 0.06341398, 0.06221326, 0.02453405, 0.014677419, 0.0, 0.0 ],
  "lightfield_0.0_0.0_0.4_y" : [ 0.0, 5.276997E-4, 0.037430283, 0.06563492, 0.09920754, 0.111344635, 0.080983706, 0.053143, 0.0431258, 0.044217594, 0.045154717, 0.046219215, 0.04729281, 0.04844829, 0.04949459, 0.050531793, 0.051805552, 0.052742675, 0.05329767, 0.019397512 ],
  "lightfield_0.0_0.0_0.4_x" : [ 0.0, 0.0, 0.0, 0.005822893, 0.07561573, 0.10704115, 0.1099526, 0.0973242, 0.17862634, 0.18556832, 0.15719081, 0.06925604, 0.013601914, 0.0, 0.0, 0.0, 0.0, 0.0, 0.0, 0.0 ],
  "lightfield_0.0_0.0_0.0_y" : [ 0.0, 0.0, 0.0, 0.0, 0.0, 0.0, 0.0, 0.011779871, 0.114254, 0.38175374, 0.3405242, 0.11154176, 0.040146444, 0.0, 0.0, 0.0, 0.0, 0.0, 0.0, 0.0 ],
  "lightfield_0.0_0.0_0.0_x" : [ 0.038463604, 0.067376204, 0.08262022, 0.09762254, 0.08702424, 0.044792153, 0.041623402, 0.041220594, 0.04236636, 0.04322568, 0.044165563, 0.04527552, 0.04626016, 0.047217946, 0.048229437, 0.04921408, 0.050243475, 0.050619427, 0.017437072, 0.015002327 ],
  "d1" : [ 0.0157643, 0.0342776, 0.0344075, 0.0242841, 0.0284138, 0.0878874, 0.1360808, 0.0992779, 0.0731502, 0.0589571, 0.0721479, 0.0976029, 0.0745255, 0.0637008, 0.0389556, 0.0124838, 0.0193938, 0.0055043, 0.0091686, 0.0140161 ],
  "d2" : [ 0.079993345, 0.1395216, 0.10545032, 0.08857715, 0.068315394, 0.046221618, 0.03958765, 0.038904533, 0.038138498, 0.042741306, 0.063576065, 0.07302402, 0.060728263, 0.04595627, 0.03309061, 0.020525504, 0.009126303, 0.004368167, 0.0016218848, 5.3149334E-4 ],
  "d3" : [ 0.01279686, 0.06442532, 0.11153041, 0.12465619, 0.13501956, 0.13626705, 0.122218676, 0.095070675, 0.06585614, 0.0454036, 0.032046486, 0.022779679, 0.015299684, 0.009179871, 0.0046082987, 0.0019382444, 6.7999045E-4, 1.8644899E-4, 3.3808345E-5, 3.0186022E-6 ],
  "d4" : [ 6.1009735E-7, 3.1521697E-6, 1.3422142E-5, 6.0603004E-5, 2.5949473E-4, 9.5958146E-4, 0.0034488803, 0.011893848, 0.042427592, 0.1885633, 0.59366214, 0.11776343, 0.029232103, 0.008397787, 0.0024329666, 6.6714146E-4, 1.6208254E-4, 4.2401767E-5, 8.134632E-6, 1.3218776E-6 ],
  "lightfield_0.0_0.8_0.0_y" : [ 0.0, 0.0, 0.0, 0.0, 0.0, 0.0, 0.0, 0.021897286, 0.12086604, 0.36729774, 0.32974193, 0.114073165, 0.04612385, 0.0, 0.0, 0.0, 0.0, 0.0, 0.0, 0.0 ],
  "lightfield_0.0_0.8_0.0_x" : [ 0.0382946, 0.058303833, 0.056898054, 0.055553846, 0.054004412, 0.052526806, 0.05156226, 0.049961522, 0.048607048, 0.047324408, 0.06441948, 0.115171105, 0.12466267, 0.09354061, 0.07181776, 0.017351598, 0.0, 0.0, 0.0, 0.0 ],
  "lightfield_0.8_0.0_0.0_x" : [ 0.043103296, 0.06588196, 0.07556662, 0.0901944, 0.08609266, 0.05441813, 0.041341655, 0.04055286, 0.04128907, 0.042244386, 0.04289295, 0.04378692, 0.04432155, 0.045303162, 0.04614454, 0.04674052, 0.04771337, 0.048344407, 0.029185437, 0.02488212 ],
  "lightfield_0.8_0.0_0.0_y" : [ 0.0, 0.0, 0.0, 0.0, 0.0, 0.0, 0.0, 0.036915634, 0.15440236, 0.39339864, 0.36918265, 0.04338376, 0.0027169627, 0.0, 0.0, 0.0, 0.0, 0.0, 0.0, 0.0 ],
  "lightfield_0.0_0.6_0.0_x" : [ 0.0, 0.0, 0.0, 0.0, 0.028159628, 0.122365244, 0.116908275, 0.1094518, 0.10691077, 0.24975006, 0.22213197, 0.044322252, 0.0, 0.0, 0.0, 0.0, 0.0, 0.0, 0.0, 0.0 ],
  "lightfield_0.0_0.6_0.0_y" : [ 0.0, 0.0, 0.0, 0.0, 0.0, 0.0, 0.0, 0.03824044, 0.12361493, 0.33158377, 0.31839958, 0.12696826, 0.061193034, 0.0, 0.0, 0.0, 0.0, 0.0, 0.0, 0.0 ],
  "lightfield_0.6_0.0_0.0_y" : [ 0.0, 0.0, 0.0, 0.0, 0.0, 0.0, 0.0, 0.0, 0.046315286, 0.588346, 0.36303487, 0.0023038238, 0.0, 0.0, 0.0, 0.0, 0.0, 0.0, 0.0, 0.0 ],
  "lightfield_0.6_0.0_0.0_x" : [ 0.049138874, 0.06376254, 0.06945186, 0.07859691, 0.07608238, 0.05590987, 0.042536452, 0.041173827, 0.041623354, 0.041988593, 0.04262074, 0.043238837, 0.04353384, 0.044109795, 0.044489086, 0.04506504, 0.04573933, 0.045936, 0.04628719, 0.038715478 ],
  "lightfield_0.0_0.4_0.0_x" : [ 0.0, 0.0, 0.0, 0.0, 0.0, 0.07411626, 0.23180065, 0.22027057, 0.09959435, 0.10542933, 0.11224347, 0.117738746, 0.038806625, 0.0, 0.0, 0.0, 0.0, 0.0, 0.0, 0.0 ],
  "lightfield_0.0_0.4_0.0_y" : [ 0.0, 0.0, 0.0, 0.0, 0.0, 0.0, 0.0, 0.037208002, 0.124213174, 0.33331335, 0.31980497, 0.12571189, 0.059748616, 0.0, 0.0, 0.0, 0.0, 0.0, 0.0, 0.0 ],
  "lightfield_0.0_0.2_0.0_y" : [ 0.0, 0.0, 0.0, 0.0, 0.0, 0.0, 0.0, 0.020994984, 0.11935692, 0.36888668, 0.33356845, 0.11308684, 0.044106122, 0.0, 0.0, 0.0, 0.0, 0.0, 0.0, 0.0 ],
  "lightfield_0.0_0.2_0.0_x" : [ 0.0, 0.02641273, 0.073173836, 0.0906321, 0.1256172, 0.10238851, 0.057704367, 0.04537973, 0.046741515, 0.047956344, 0.049318127, 0.050768085, 0.05192413, 0.053462263, 0.05468689, 0.055999685, 0.036268517, 0.031134885, 4.3106827E-4, 0.0 ],
  "a3" : [ 0.32867143, 0.12837079, 0.07332245, 0.05422949, 0.043526333, 0.03823814, 0.024081703, 0.0, 0.0, 0.0, 0.0, 0.0, 0.0, 0.025018275, 0.06511125, 0.05428916, 0.045294326, 0.042667337, 0.04007305, 0.037106268 ],
  "lightfield_0.4_0.0_0.0_y" : [ 0.0, 0.0, 0.0, 0.0, 0.0, 0.0, 0.0, 0.0, 0.012728327, 0.59056246, 0.3848072, 0.011902001, 0.0, 0.0, 0.0, 0.0, 0.0, 0.0, 0.0, 0.0 ],
  "lightfield_0.4_0.0_0.0_x" : [ 0.0495216, 0.063192226, 0.06928095, 0.078298055, 0.07636996, 0.05575529, 0.042418092, 0.04122934, 0.041316323, 0.04195419, 0.042447086, 0.043490868, 0.043737315, 0.044215716, 0.044766597, 0.045071036, 0.04566541, 0.04581038, 0.046390258, 0.039069295 ],
  "lightfield_0.2_0.0_0.0_x" : [ 0.0433233, 0.065666966, 0.07505676, 0.089568265, 0.08508017, 0.055397153, 0.041000053, 0.040665645, 0.04135206, 0.04225848, 0.043094497, 0.043666508, 0.044520125, 0.04516254, 0.045989756, 0.046940178, 0.04759139, 0.048418608, 0.02985022, 0.025397329 ],
  "lightfield_0.2_0.0_0.0_y" : [ 0.0, 0.0, 0.0, 0.0, 0.0, 0.0, 0.0, 0.006160128, 0.119075276, 0.40580285, 0.35458577, 0.095033176, 0.019342802, 0.0, 0.0, 0.0, 0.0, 0.0, 0.0, 0.0 ]
}