{
  "eccentricity_minmax" : 0.007792388,
  "compactness" : 175.76872,
  "eccentricity" : 4.6565514,
  "compactness_standardized" : -0.0639383,
  "convexity_minmax" : 0.12933816,
  "diameter_standardized" : -0.20756854,
  "surface_area_minmax" : 0.13525598,
  "convexity" : 0.24843512,
  "diameter_minmax" : 0.07475388,
  "rectangularity _standardized" : -0.19559938,
  "convexity_standardized" : -0.30738413,
  "diameter" : 1.0396527,
  "surface_area" : 2.7765832,
  "rectangularity " : 0.010112809,
  "compactness_minmax" : 4.453494E-5,
  "surface_area_standardized" : 0.7245426,
  "rectangularity _minmax" : 0.018223884,
  "eccentricity_standardized" : -0.19934079,
  "lightfield_0.0_0.0_0.6_y" : [ 0.07583009, 0.10494853, 0.104791045, 0.06297747, 0.04537785, 0.04638703, 0.0667603, 0.07045635, 0.07750134, 0.039081708, 0.0241111, 0.021459587, 0.04454865, 0.061312646, 0.04046371, 0.030195119, 0.033164814, 0.025624873, 0.016098708, 0.008909087 ],
  "lightfield_0.0_0.0_0.6_x" : [ 0.0, 0.0, 0.0, 0.025624873, 0.045162514, 0.06408629, 0.092304826, 0.09873916, 0.09106745, 0.072310805, 0.08204909, 0.07784202, 0.07724744, 0.10642695, 0.10848067, 0.055591803, 0.0030661144, 0.0, 0.0, 0.0 ],
  "lightfield_0.0_0.0_0.8_y" : [ 0.0, 8.401713E-4, 0.019823601, 0.035942305, 0.041201703, 0.046005856, 0.05717606, 0.050269634, 0.08682264, 0.101016715, 0.08863622, 0.07261745, 0.057331514, 0.053985633, 0.05716496, 0.09746727, 0.106157675, 0.027436959, 1.03633465E-4, 0.0 ],
  "lightfield_0.0_0.0_0.8_x" : [ 0.011022159, 0.0112775415, 0.012613673, 0.020689681, 0.036897212, 0.04288945, 0.0405688, 0.038418405, 0.03329595, 0.06774297, 0.090138905, 0.08955041, 0.099155016, 0.099551044, 0.09491715, 0.076696165, 0.056928083, 0.037426487, 0.029095095, 0.011125793 ],
  "lightfield_0.0_0.0_0.2_y" : [ 0.0059054, 0.022656294, 0.035580035, 0.05950542, 0.08461473, 0.10254387, 0.09090909, 0.06428936, 0.06422974, 0.07041906, 0.06928624, 0.06855942, 0.07377207, 0.06995628, 0.045852024, 0.033064563, 0.01400829, 0.010905116, 0.010712055, 0.0032309352 ],
  "lightfield_0.0_0.0_0.2_x" : [ 0.018178979, 0.040804043, 0.064661294, 0.07464085, 0.07483107, 0.04842996, 0.047322694, 0.061719947, 0.080730796, 0.076494806, 0.054477315, 0.029203339, 0.025702685, 0.03708194, 0.038561128, 0.073175855, 0.067068875, 0.03477656, 0.041513827, 0.010624042 ],
  "lightfield_0.0_0.0_0.4_y" : [ 0.014387846, 0.034770273, 0.048012033, 0.06927213, 0.09061318, 0.09963274, 0.1194613, 0.092496336, 0.06975357, 0.0712831, 0.052839223, 0.03153652, 0.028639354, 0.03570333, 0.04120369, 0.039047856, 0.02333498, 0.014545485, 0.0122703565, 0.011196701 ],
  "lightfield_0.0_0.0_0.4_x" : [ 0.0, 0.0, 0.003710931, 0.027024608, 0.031945534, 0.03224803, 0.04171495, 0.0597413, 0.064402334, 0.07597822, 0.109057054, 0.13274993, 0.1388425, 0.1005658, 0.08406473, 0.06020996, 0.031804934, 0.0059391935, 0.0, 0.0 ],
  "lightfield_0.0_0.0_0.0_y" : [ 0.0, 0.0, 0.0, 0.018748835, 0.054865055, 0.09211966, 0.09477723, 0.110702395, 0.13770346, 0.13526466, 0.10576401, 0.077049285, 0.058361217, 0.04264266, 0.026587857, 0.028589139, 0.016824527, 0.0, 0.0, 0.0 ],
  "lightfield_0.0_0.0_0.0_x" : [ 0.021633271, 0.05204544, 0.08112477, 0.10953566, 0.10003565, 0.08522051, 0.05505951, 0.06993947, 0.064652696, 0.0750399, 0.036788713, 0.028269095, 0.037096605, 0.0412288, 0.035066966, 0.037368033, 0.029050972, 0.017083803, 0.013526872, 0.010233266 ],
  "d1" : [ 0.0066114, 0.0142785, 0.0510314, 0.0759774, 0.0936132, 0.0698501, 0.0866574, 0.0858777, 0.084331, 0.064572, 0.0440185, 0.0384463, 0.0340212, 0.03153, 0.035728, 0.0509625, 0.032222, 0.0280903, 0.0277299, 0.0444512 ],
  "d2" : [ 0.014846007, 0.039000247, 0.07153406, 0.09489236, 0.11231712, 0.12170087, 0.10740836, 0.08926248, 0.07665416, 0.067237206, 0.056693155, 0.04321259, 0.02721848, 0.027146367, 0.016775146, 0.011709756, 0.010701379, 0.005683398, 0.004294854, 0.0017120006 ],
  "d3" : [ 0.00322437, 0.022246696, 0.055368308, 0.0957886, 0.13018566, 0.14638409, 0.14473563, 0.12654373, 0.09731561, 0.06908181, 0.044752587, 0.027589923, 0.01683082, 0.0100001255, 0.0050958027, 0.0026944042, 0.0013942923, 6.32699E-4, 1.2647943E-4, 8.351466E-6 ],
  "d4" : [ 1.3218776E-6, 7.2194853E-6, 2.5013991E-5, 7.7279E-5, 2.4220865E-4, 6.725307E-4, 0.0022862381, 0.008960499, 0.04283595, 0.3647476, 0.51464814, 0.051376503, 0.010388636, 0.002600235, 7.5753755E-4, 2.4749615E-4, 8.744729E-5, 2.6945967E-5, 9.253144E-6, 1.931975E-6 ],
  "lightfield_0.0_0.8_0.0_y" : [ 0.0, 0.0, 0.0022452967, 0.02265758, 0.043127157, 0.07210867, 0.0786645, 0.10391386, 0.118422344, 0.118466, 0.114278235, 0.08493387, 0.069557816, 0.06411236, 0.041288357, 0.039525952, 0.026316077, 3.8194595E-4, 0.0, 0.0 ],
  "lightfield_0.0_0.8_0.0_x" : [ 0.00756253, 0.013261709, 0.023789776, 0.026406107, 0.027562857, 0.031987973, 0.037818108, 0.06026289, 0.06765082, 0.062022567, 0.062420882, 0.06720885, 0.073933825, 0.08368982, 0.081763715, 0.0797776, 0.07773146, 0.06339212, 0.038832992, 0.012923415 ],
  "lightfield_0.8_0.0_0.0_x" : [ 0.038795833, 0.061453927, 0.072746344, 0.091278434, 0.09301675, 0.08473808, 0.04600553, 0.06066469, 0.05746112, 0.0726198, 0.047347564, 0.028172767, 0.03532585, 0.039824836, 0.033620834, 0.038312964, 0.0370342, 0.025402112, 0.019980686, 0.016197676 ],
  "lightfield_0.8_0.0_0.0_y" : [ 0.0, 0.0, 0.0, 0.009201106, 0.020223783, 0.027170401, 0.035528988, 0.042505577, 0.058250356, 0.105947584, 0.13080023, 0.1358953, 0.12742682, 0.1276566, 0.10345333, 0.0638616, 0.012078324, 0.0, 0.0, 0.0 ],
  "lightfield_0.0_0.6_0.0_x" : [ 4.248767E-4, 0.010519947, 0.023947751, 0.028575508, 0.042678013, 0.06519988, 0.07877724, 0.08065689, 0.08342879, 0.082517855, 0.07858859, 0.07449448, 0.07131471, 0.06764037, 0.066549286, 0.063321926, 0.052023605, 0.026580287, 0.0027599991, 0.0 ],
  "lightfield_0.0_0.6_0.0_y" : [ 0.013791498, 0.019760165, 0.0251578, 0.036162104, 0.046422027, 0.059810743, 0.0678783, 0.06845103, 0.0689133, 0.06801596, 0.06847483, 0.067558795, 0.059251606, 0.056454215, 0.05637604, 0.052190155, 0.04900698, 0.048957694, 0.045179687, 0.022187062 ],
  "lightfield_0.6_0.0_0.0_y" : [ 0.0, 0.0, 0.0, 0.0, 5.366522E-4, 0.020918017, 0.03556748, 0.060752075, 0.07963766, 0.15516481, 0.16411662, 0.18262921, 0.16826901, 0.094663925, 0.037295423, 4.491132E-4, 0.0, 0.0, 0.0, 0.0 ],
  "lightfield_0.6_0.0_0.0_x" : [ 0.062578976, 0.080847986, 0.08135419, 0.081205755, 0.075291164, 0.06702443, 0.046144478, 0.043415543, 0.057863288, 0.0687638, 0.05022075, 0.026166553, 0.029428333, 0.037584685, 0.035476137, 0.040180407, 0.04242978, 0.03341326, 0.02134049, 0.019270001 ],
  "lightfield_0.0_0.4_0.0_x" : [ 0.0, 0.0013055908, 0.05338049, 0.06697075, 0.06721314, 0.070971996, 0.07735672, 0.07722635, 0.081346944, 0.08717161, 0.09046405, 0.08823848, 0.088370696, 0.075241335, 0.03147741, 0.030190183, 0.013074271, 0.0, 0.0, 0.0 ],
  "lightfield_0.0_0.4_0.0_y" : [ 0.0148058785, 0.019789526, 0.024668507, 0.03597812, 0.0494123, 0.0564691, 0.06544114, 0.066614516, 0.06661636, 0.06627848, 0.06528322, 0.064642355, 0.05813093, 0.05568685, 0.055137802, 0.054166414, 0.053077504, 0.05307383, 0.050519574, 0.024207601 ],
  "lightfield_0.0_0.2_0.0_y" : [ 0.0, 0.0, 0.01013537, 0.02950232, 0.050299443, 0.07487561, 0.08107799, 0.09485584, 0.10577582, 0.11002165, 0.108348146, 0.07973969, 0.068040065, 0.0668706, 0.04353839, 0.040385056, 0.032072164, 0.0044618472, 0.0, 0.0 ],
  "lightfield_0.0_0.2_0.0_x" : [ 0.015329685, 0.04382393, 0.06843982, 0.07300098, 0.07650938, 0.07832938, 0.08042498, 0.08083218, 0.0745702, 0.06498356, 0.059548404, 0.060243625, 0.053894743, 0.039168414, 0.032774836, 0.027195666, 0.02472514, 0.025631413, 0.013482376, 0.007091283 ],
  "a3" : [ 0.11560079, 0.17806, 0.14806697, 0.11341885, 0.09152653, 0.076369524, 0.043669816, 0.0, 0.0, 0.0, 0.0, 0.0, 0.0, 0.0029834858, 0.015436326, 0.027068812, 0.036692318, 0.043017495, 0.050357226, 0.057731874 ],