{
  "eccentricity_minmax" : 0.006436276,
  "compactness" : 74.91673,
  "eccentricity" : 4.020327,
  "compactness_standardized" : -0.06459517,
  "convexity_minmax" : 0.14126506,
  "diameter_standardized" : 0.25612617,
  "surface_area_minmax" : 0.11710819,
  "convexity" : 0.27125,
  "diameter_minmax" : 0.14966373,
  "rectangularity _standardized" : -0.04857133,
  "convexity_standardized" : -0.22637892,
  "diameter" : 1.0793881,
  "surface_area" : 2.406163,
  "rectangularity " : 0.017206706,
  "compactness_minmax" : 1.8915049E-5,
  "surface_area_standardized" : 0.49762186,
  "rectangularity _minmax" : 0.031007541,
  "eccentricity_standardized" : -0.22800559,
  "lightfield_0.0_0.0_0.6_y" : [ 0.0, 0.0, 0.017403448, 0.048081435, 0.06364569, 0.07136024, 0.069926515, 0.06079679, 0.056736782, 0.057046846, 0.0571131, 0.057057448, 0.057089247, 0.05707865, 0.05707865, 0.057065398, 0.0570972, 0.05627566, 0.04997628, 0.04917064 ],
  "lightfield_0.0_0.0_0.6_x" : [ 0.0054698824, 0.056821585, 0.10971302, 0.11320325, 0.11557777, 0.11664843, 0.11644702, 0.11505304, 0.11245061, 0.10288096, 0.02845717, 0.0055652875, 0.0017119885, 0.0, 0.0, 0.0, 0.0, 0.0, 0.0, 0.0 ],
  "lightfield_0.0_0.0_0.8_y" : [ 0.0, 0.013945685, 0.043535322, 0.055583972, 0.059810646, 0.071008705, 0.078173004, 0.08322104, 0.09050226, 0.081440926, 0.07090347, 0.06529714, 0.059620652, 0.053914934, 0.048179988, 0.042515192, 0.0367744, 0.030317469, 0.015079813, 1.7538064E-4 ],
  "lightfield_0.0_0.0_0.8_x" : [ 0.07278589, 0.08586637, 0.096219674, 0.10747326, 0.11327836, 0.10521085, 0.097152114, 0.08514731, 0.073993094, 0.061175693, 0.047174472, 0.036996547, 0.011314975, 0.004577435, 0.0016339631, 0.0, 0.0, 0.0, 0.0, 0.0 ],
  "lightfield_0.0_0.0_0.2_y" : [ 0.0, 0.0, 7.530237E-4, 0.004727747, 0.012472765, 0.028001614, 0.04688155, 0.06951108, 0.08985825, 0.10604179, 0.11645732, 0.11708872, 0.11479342, 0.11151997, 0.08646835, 0.058029406, 0.033676464, 0.0037185398, 0.0, 0.0 ],
  "lightfield_0.0_0.0_0.2_x" : [ 0.012283862, 0.044684585, 0.05882901, 0.06303921, 0.0621154, 0.06716143, 0.0651482, 0.059320673, 0.05917835, 0.05927927, 0.059253395, 0.05925857, 0.05928186, 0.059175763, 0.05505354, 0.053767446, 0.04976167, 0.036714435, 0.01669332, 0.0 ],
  "lightfield_0.0_0.0_0.4_y" : [ 0.0, 0.0021199742, 0.0027714658, 0.016373977, 0.042480923, 0.052810214, 0.05528483, 0.06467104, 0.06938647, 0.07388386, 0.07665533, 0.069880344, 0.068170175, 0.06822534, 0.06799679, 0.06582954, 0.06494687, 0.057811987, 0.04711229, 0.03358859 ],
  "lightfield_0.0_0.0_0.4_x" : [ 0.026824111, 0.038553584, 0.049032614, 0.06239344, 0.07434884, 0.086380415, 0.09663089, 0.102951415, 0.103828825, 0.08995048, 0.076292805, 0.066465266, 0.05661671, 0.041556224, 0.024170859, 0.00400352, 0.0, 0.0, 0.0, 0.0 ],
  "lightfield_0.0_0.0_0.0_y" : [ 0.0, 0.0, 0.0, 0.0058674696, 0.03687865, 0.06646436, 0.10129664, 0.11477785, 0.115471184, 0.11575059, 0.11505984, 0.10493923, 0.09049563, 0.0649354, 0.037939347, 0.024890179, 0.005233638, 0.0, 0.0, 0.0 ],
  "lightfield_0.0_0.0_0.0_x" : [ 0.003171745, 0.013232851, 0.045229707, 0.058659174, 0.06410495, 0.064449035, 0.0650751, 0.063525446, 0.057908926, 0.05791927, 0.0579943, 0.057934795, 0.05797619, 0.05789599, 0.057927035, 0.05700345, 0.05552365, 0.05220444, 0.03723308, 0.015030864 ],
  "d1" : [ 0.0334362, 0.0387485, 0.0622608, 0.0732744, 0.0502282, 0.0737077, 0.1006719, 0.0799702, 0.0991763, 0.1198098, 0.1205904, 0.0272338, 0.0236304, 0.024, 0.0272175, 0.0211466, 0.0158385, 0.0056489, 0.0018168, 0.0015931 ],
  "d2" : [ 0.022627873, 0.044325583, 0.06371879, 0.08251449, 0.0899865, 0.09463892, 0.10532779, 0.105511725, 0.09947637, 0.07270337, 0.05454068, 0.04117303, 0.033408966, 0.02932965, 0.024559513, 0.019453216, 0.011726659, 0.0036643434, 0.0010629867, 2.495438E-4 ],
  "d3" : [ 0.0072482675, 0.030428013, 0.05661479, 0.08451704, 0.10819646, 0.120524935, 0.123924285, 0.11616074, 0.09834163, 0.0786051, 0.059727874, 0.04403044, 0.030170526, 0.01979901, 0.012158829, 0.006209768, 0.0023666846, 7.5273874E-4, 1.96511E-4, 2.6362459E-5 ],
  "d4" : [ 3.0504867E-7, 4.779096E-6, 3.203011E-5, 1.2944233E-4, 3.6555E-4, 0.0010746865, 0.0028029906, 0.008886475, 0.037342634, 0.3876105, 0.5084307, 0.039439134, 0.009293816, 0.0029070121, 0.0011106823, 4.0144406E-4, 1.3045916E-4, 3.1521697E-5, 5.592559E-6, 2.0336579E-7 ],
  "lightfield_0.0_0.8_0.0_y" : [ 0.0, 0.0, 0.0, 0.002062466, 0.024144689, 0.05294199, 0.090114646, 0.10149199, 0.11039824, 0.11375417, 0.11740933, 0.12095832, 0.10614461, 0.07640455, 0.046432834, 0.0322755, 0.005466661, 0.0, 0.0, 0.0 ],
  "lightfield_0.0_0.8_0.0_x" : [ 0.07256277, 0.07283626, 0.0729167, 0.072862, 0.07298749, 0.07285557, 0.08020773, 0.08219297, 0.08196452, 0.07960926, 0.075986266, 0.06760448, 0.045731403, 0.031117175, 0.016892273, 0.0016731394, 0.0, 0.0, 0.0, 0.0 ],
  "lightfield_0.8_0.0_0.0_x" : [ 0.0036379215, 0.010395528, 0.035519764, 0.04886565, 0.06453847, 0.059658837, 0.060492635, 0.06054651, 0.060538813, 0.060461845, 0.06040284, 0.060508028, 0.060479805, 0.060456716, 0.06047211, 0.05943307, 0.057162575, 0.05672387, 0.044121984, 0.01558303 ],
  "lightfield_0.8_0.0_0.0_y" : [ 0.0018292229, 0.019174771, 0.039824724, 0.06195755, 0.087038174, 0.10848344, 0.11717802, 0.11521282, 0.1127063, 0.107980594, 0.097315684, 0.06758119, 0.045540724, 0.018176781, 0.0, 0.0, 0.0, 0.0, 0.0, 0.0 ],
  "lightfield_0.0_0.6_0.0_x" : [ 0.010155549, 0.0531479, 0.08313814, 0.09048682, 0.09899477, 0.114680685, 0.11291001, 0.10915031, 0.10252023, 0.08701297, 0.059801813, 0.022578033, 0.014431361, 0.012601139, 0.011021034, 0.009254334, 0.0075868857, 5.2802503E-4, 0.0, 0.0 ],
  "lightfield_0.0_0.6_0.0_y" : [ 0.0, 0.0, 0.0, 0.0038986509, 0.036568712, 0.064188786, 0.082367934, 0.097879164, 0.11534766, 0.12831008, 0.121612504, 0.110885255, 0.085873544, 0.060984906, 0.046597216, 0.03796619, 0.007519394, 0.0, 0.0, 0.0 ],
  "lightfield_0.6_0.0_0.0_y" : [ 0.037561532, 0.062980056, 0.0882501, 0.10616135, 0.10691887, 0.10692139, 0.10842133, 0.10848425, 0.099512264, 0.08677281, 0.0532128, 0.03224126, 0.002561986, 0.0, 0.0, 0.0, 0.0, 0.0, 0.0, 0.0 ],
  "lightfield_0.6_0.0_0.0_x" : [ 0.0055744587, 0.0069460524, 0.025043538, 0.048249897, 0.061623566, 0.061910465, 0.06144488, 0.060201637, 0.061039694, 0.060810674, 0.060516223, 0.060765374, 0.06065716, 0.06065716, 0.06070749, 0.06057914, 0.060795575, 0.060642056, 0.045831364, 0.016003603 ],
  "lightfield_0.0_0.4_0.0_x" : [ 0.0, 0.0, 9.697689E-4, 0.0065409923, 0.028677452, 0.08662115, 0.11770323, 0.105294146, 0.093503535, 0.07356885, 0.079224184, 0.079204395, 0.0786255, 0.07794271, 0.07729949, 0.06378704, 0.029147495, 0.0018900599, 0.0, 0.0 ],
  "lightfield_0.0_0.4_0.0_y" : [ 0.0, 0.0, 0.0, 0.007129781, 0.04402553, 0.08237099, 0.11609519, 0.13935976, 0.13929543, 0.13067636, 0.10432438, 0.07346, 0.045851268, 0.039117314, 0.03635149, 0.032952353, 0.008990154, 0.0, 0.0, 0.0 ],
  "lightfield_0.0_0.2_0.0_y" : [ 0.0, 0.0, 0.0, 0.0069692153, 0.04310295, 0.07870575, 0.11688692, 0.1264528, 0.1260653, 0.11116875, 0.09735237, 0.08820451, 0.07700617, 0.057013918, 0.0359415, 0.027519856, 0.0076099923, 0.0, 0.0, 0.0 ],
  "lightfield_0.0_0.2_0.0_x" : [ 0.0029475752, 0.0032466047, 0.0034998641, 0.04634345, 0.0777812, 0.08007885, 0.075407274, 0.07074181, 0.06727551, 0.06732738, 0.06723279, 0.06724805, 0.06726941, 0.06542641, 0.05960754, 0.05438368, 0.043859676, 0.035303775, 0.026784489, 0.018234689 ],
  "a3" : [ 0.112474225, 0.14798677, 0.13373746, 0.11389176, 0.09563465, 0.08312123, 0.049689613, 0.0, 0.0, 0.0, 0.0, 0.0, 0.0, 0.0042876224, 0.018464688, 0.029305395, 0.03837106, 0.04829019, 0.057806734, 0.06693861 ],
  "lightfield_0.4_0.0_0.0_y" : [ 0.0, 0.030579647, 0.08339984, 0.09131889, 0.091409534, 0.09158418, 0.090270974, 0.09067113, 0.09470803, 0.09744499, 0.09569847, 0.08672708, 0.049917426, 0.0062698005, 0.0, 0.0, 0.0, 0.0, 0.0, 0.0 ],