{
  "eccentricity_minmax" : 0.0011550399,
  "compactness" : 26.161003,
  "eccentricity" : 1.542619,
  "compactness_standardized" : -0.064920716,
  "convexity_minmax" : 0.22185442,
  "diameter_standardized" : 1.5921705,
  "surface_area_minmax" : 0.13133398,
  "convexity" : 0.4254086,
  "diameter_minmax" : 0.36517778,
  "rectangularity _standardized" : 0.3234934,
  "convexity_standardized" : 0.32535547,
  "diameter" : 1.1937062,
  "surface_area" : 2.6965299,
  "rectangularity " : 0.03509889,
  "compactness_minmax" : 6.52941E-6,
  "surface_area_standardized" : 0.6753255,
  "rectangularity _minmax" : 0.063250415,
  "eccentricity_standardized" : -0.3400381,
  "lightfield_0.0_0.0_0.6_y" : [ 0.02524373, 0.03586218, 0.046423078, 0.05645416, 0.059600588, 0.059625674, 0.059602063, 0.059584353, 0.059600588, 0.05962863, 0.059625674, 0.05905011, 0.057530027, 0.05600699, 0.05450019, 0.052960917, 0.049916323, 0.040155314, 0.029616555, 0.019012861 ],
  "lightfield_0.0_0.0_0.6_x" : [ 0.024668165, 0.035031304, 0.045459375, 0.05582694, 0.0655909, 0.068904094, 0.070397615, 0.07186899, 0.07335809, 0.0737905, 0.07309835, 0.071590066, 0.06892033, 0.059569594, 0.04922712, 0.038729683, 0.028366543, 0.017979793, 0.0075443406, 7.821793E-5 ],
  "lightfield_0.0_0.0_0.8_y" : [ 0.022296423, 0.030735357, 0.03926037, 0.047794446, 0.056218278, 0.06452129, 0.06849913, 0.07082482, 0.07318827, 0.07523306, 0.07550792, 0.072289705, 0.06612965, 0.059373062, 0.05095829, 0.042431764, 0.03397018, 0.025446676, 0.016888438, 0.008432892 ],
  "lightfield_0.0_0.0_0.8_x" : [ 0.032719743, 0.0411768, 0.04958402, 0.057977647, 0.06422982, 0.06598618, 0.06607528, 0.0660783, 0.066085845, 0.06559655, 0.063394696, 0.061096184, 0.058770496, 0.056450844, 0.051775303, 0.043393757, 0.03500164, 0.0266065, 0.01818418, 0.009816226 ],
  "lightfield_0.0_0.0_0.2_y" : [ 0.01638636, 0.023915026, 0.031415287, 0.038951427, 0.046468135, 0.05402072, 0.061489586, 0.06673394, 0.071105234, 0.07449732, 0.07474847, 0.0747096, 0.0716494, 0.0645782, 0.057059992, 0.049516376, 0.0419907, 0.034462035, 0.026887026, 0.019415168 ],
  "lightfield_0.0_0.0_0.2_x" : [ 0.022955256, 0.030619964, 0.038212914, 0.045822307, 0.053466085, 0.060881134, 0.065152265, 0.06835299, 0.07155671, 0.07300384, 0.07018284, 0.06701499, 0.06379184, 0.06039527, 0.053742655, 0.04617811, 0.03860011, 0.030995201, 0.023354413, 0.015721098 ],
  "lightfield_0.0_0.0_0.4_y" : [ 0.022207703, 0.0376217, 0.051435996, 0.054282144, 0.05498722, 0.055056147, 0.055079125, 0.055064764, 0.055064764, 0.055077687, 0.0551021, 0.055074815, 0.05506189, 0.055079125, 0.05507051, 0.055056147, 0.055074815, 0.053374596, 0.04028404, 0.024944713 ],
  "lightfield_0.0_0.0_0.4_x" : [ 0.014888423, 0.030794969, 0.046654124, 0.061884318, 0.066707835, 0.067580916, 0.068497084, 0.06938309, 0.07014848, 0.07026911, 0.07001781, 0.06916626, 0.068277374, 0.06735116, 0.06260519, 0.04726299, 0.031362187, 0.015477182, 0.0016715012, 0.0 ],
  "lightfield_0.0_0.0_0.0_y" : [ 0.0, 7.0975424E-4, 0.031236243, 0.06503776, 0.067224875, 0.06720512, 0.06722205, 0.06723334, 0.06723899, 0.067240395, 0.067224875, 0.06721782, 0.06722628, 0.06719101, 0.06718819, 0.06720512, 0.06491076, 0.030865138, 6.2226964E-4, 0.0 ],
  "lightfield_0.0_0.0_0.0_x" : [ 0.025204036, 0.05251617, 0.052792735, 0.052846354, 0.052788503, 0.05284071, 0.0528139, 0.052809667, 0.052792735, 0.052816723, 0.05284494, 0.052836478, 0.05281249, 0.0528012, 0.052843533, 0.052818134, 0.052832246, 0.052778624, 0.052495006, 0.024715817 ],
  "d1" : [ 0.0156202, 0.0258039, 0.025846, 0.0280951, 0.0420334, 0.070045, 0.0729963, 0.0820694, 0.085325, 0.0920551, 0.0913455, 0.0894813, 0.0839662, 0.060765, 0.0463788, 0.0337785, 0.0248209, 0.0171599, 0.009564, 0.0028505 ],
  "d2" : [ 0.0061541805, 0.025320247, 0.051444933, 0.07255234, 0.09072923, 0.103279635, 0.107869044, 0.104917824, 0.09977332, 0.0910951, 0.07506428, 0.060096953, 0.04480837, 0.03035493, 0.018727388, 0.010446934, 0.004750734, 0.0018495248, 6.3061074E-4, 1.3442361E-4 ],
  "d3" : [ 9.7621593E-4, 0.008670633, 0.026433596, 0.051070523, 0.079632334, 0.1079598, 0.12445123, 0.12595339, 0.1174842, 0.102447435, 0.08344, 0.063026905, 0.04485834, 0.029578276, 0.017828971, 0.00953677, 0.004405147, 0.001693637, 4.797565E-4, 7.284893E-5 ],
  "d4" : [ 9.15146E-7, 8.134632E-6, 4.9621252E-5, 2.5990148E-4, 0.0010282174, 0.0034544729, 0.010442833, 0.031162044, 0.109862775, 0.47482544, 0.27069786, 0.06759299, 0.020551842, 0.007005748, 0.0022614275, 6.22401E-4, 1.4622E-4, 2.3590432E-5, 3.1521697E-6, 4.0673157E-7 ],
  "lightfield_0.0_0.8_0.0_y" : [ 0.0, 6.9196615E-4, 0.03023027, 0.06452905, 0.06743947, 0.06750034, 0.06748432, 0.067506745, 0.067481115, 0.06746029, 0.067437865, 0.067437865, 0.06742825, 0.067498736, 0.06750034, 0.067473106, 0.06446017, 0.029829828, 6.102757E-4, 0.0 ],
  "lightfield_0.0_0.8_0.0_x" : [ 0.021649571, 0.055475824, 0.059914336, 0.059972, 0.059954382, 0.059978407, 0.059928752, 0.059978407, 0.05998161, 0.059954382, 0.05993676, 0.059930354, 0.059978407, 0.059930354, 0.059978407, 0.059922345, 0.057167295, 0.025942324, 4.2607175E-4, 0.0 ],
  "lightfield_0.8_0.0_0.0_x" : [ 0.026231728, 0.052396514, 0.052616477, 0.052635606, 0.052920923, 0.052976713, 0.05304047, 0.05274081, 0.052634012, 0.05260532, 0.05260054, 0.052634012, 0.052635606, 0.052635606, 0.05261807, 0.052653138, 0.05262923, 0.052651547, 0.052401293, 0.025742386 ],
  "lightfield_0.8_0.0_0.0_y" : [ 0.0, 0.0, 0.05906562, 0.07577984, 0.07579738, 0.07578303, 0.07581969, 0.07581013, 0.07582288, 0.07584201, 0.07583085, 0.0758181, 0.07580375, 0.07581491, 0.07569058, 0.03132123, 0.0, 0.0, 0.0, 0.0 ],
  "lightfield_0.0_0.6_0.0_x" : [ 0.0, 0.0, 0.0, 0.0, 0.013933176, 0.08519785, 0.11212565, 0.11266746, 0.11265858, 0.11264378, 0.11266746, 0.11259937, 0.11119895, 0.07759175, 0.020058919, 0.011179701, 0.005477343, 0.0, 0.0, 0.0 ],
  "lightfield_0.0_0.6_0.0_y" : [ 0.0, 0.0012257405, 0.030800432, 0.06069488, 0.06428032, 0.06602715, 0.07803881, 0.08836879, 0.06971917, 0.06413229, 0.06412932, 0.064135246, 0.064138204, 0.064135246, 0.0641234, 0.06414117, 0.06048467, 0.030332638, 0.0010925079, 0.0 ],
  "lightfield_0.6_0.0_0.0_y" : [ 0.0, 0.0, 0.0, 0.0, 0.055472005, 0.1054963, 0.12025116, 0.12112586, 0.121143766, 0.12117957, 0.121164225, 0.12096217, 0.09284381, 0.020361135, 0.0, 0.0, 0.0, 0.0, 0.0, 0.0 ],
  "lightfield_0.6_0.0_0.0_x" : [ 0.023596512, 0.043960202, 0.045668688, 0.053259674, 0.05957697, 0.06167677, 0.06162562, 0.058356993, 0.052965548, 0.052952763, 0.05298601, 0.052970663, 0.052980896, 0.052962992, 0.052924626, 0.052962992, 0.052950203, 0.048584364, 0.043855343, 0.023182178 ],
  "lightfield_0.0_0.4_0.0_x" : [ 0.0, 0.0, 0.0, 0.003104087, 0.04707339, 0.085073024, 0.089881726, 0.13096792, 0.13135374, 0.13134672, 0.13137127, 0.13118888, 0.08954852, 0.0094665885, 0.008358236, 0.006916677, 0.004349229, 0.0, 0.0, 0.0 ],
  "lightfield_0.0_0.4_0.0_y" : [ 0.0, 0.0015958864, 0.028438346, 0.054582823, 0.061510023, 0.06590134, 0.07532234, 0.08643041, 0.07713568, 0.065112166, 0.06582769, 0.06608022, 0.067416556, 0.06816715, 0.06611881, 0.06401434, 0.056981917, 0.02791223, 0.0014520814, 0.0 ],
  "lightfield_0.0_0.2_0.0_y" : [ 0.0, 0.0010160465, 0.032180645, 0.06398991, 0.066022, 0.06602726, 0.0662585, 0.06901058, 0.07320791, 0.06777731, 0.0671782, 0.06666667, 0.06607456, 0.06599047, 0.066006236, 0.06601325, 0.06386904, 0.03179525, 9.161937E-4, 0.0 ],
  "lightfield_0.0_0.2_0.0_x" : [ 0.0, 3.7663794E-4, 0.044975825, 0.06549821, 0.065578796, 0.06556478, 0.06560157, 0.06555602, 0.06557179, 0.065570034, 0.065608576, 0.06560332, 0.06555252, 0.065605074, 0.06560332, 0.065545514, 0.06545617, 0.033161655, 0.0035666737, 3.5036087E-6 ],
  "a3" : [ 0.0808766, 0.14328912, 0.15053648, 0.13782544, 0.1168522, 0.09570558, 0.05280149, 0.0, 0.0, 0.0, 0.0, 0.0, 0.0, 0.0026336298, 0.012215075, 0.020985523, 0.0296308, 0.039820895, 0.051662873, 0.065164275 ],