{
  "eccentricity_minmax" : 0.0010456583,
  "compactness" : 20.011822,
  "eccentricity" : 1.4913023,
  "compactness_standardized" : -0.064961776,
  "convexity_minmax" : 0.2714162,
  "diameter_standardized" : -0.3642531,
  "surface_area_minmax" : 0.07858814,
  "convexity" : 0.5202148,
  "diameter_minmax" : 0.049591858,
  "rectangularity _standardized" : -0.1919279,
  "convexity_standardized" : 0.6646673,
  "diameter" : 1.0263057,
  "surface_area" : 1.6199185,
  "rectangularity " : 0.010312846,
  "compactness_minmax" : 4.9673054E-6,
  "surface_area_standardized" : 0.016442616,
  "rectangularity _minmax" : 0.018584363,
  "eccentricity_standardized" : -0.3423584,
  "lightfield_0.0_0.0_0.6_y" : [ 0.0, 0.043476935, 0.07384981, 0.07398396, 0.074633375, 0.07440776, 0.07371871, 0.073688224, 0.074429095, 0.073737, 0.07362419, 0.07347785, 0.073490046, 0.071871094, 0.066563, 0.0010244214, 0.0012134516, 6.4941007E-4, 0.0016890758, 4.725754E-4 ],
  "lightfield_0.0_0.0_0.6_x" : [ 0.0015061435, 0.0021006737, 0.0016067564, 0.0032805877, 0.001253087, 7.6526724E-4, 0.06415744, 0.10465563, 0.10590567, 0.10427147, 0.10430196, 0.10378975, 0.103509255, 0.10360682, 0.103509255, 0.09132291, 4.57331E-4, 0.0, 0.0, 0.0 ],
  "lightfield_0.0_0.0_0.8_y" : [ 0.0020138775, 0.0048760246, 0.022085523, 0.038205694, 0.05423433, 0.06937502, 0.08444554, 0.09121034, 0.09245528, 0.09205556, 0.09171076, 0.09014848, 0.084354006, 0.06991206, 0.054222126, 0.038034823, 0.019055553, 0.0016049993, 0.0, 0.0 ],
  "lightfield_0.0_0.0_0.8_x" : [ 0.0014829461, 0.0014005603, 0.003917907, 0.0023556263, 0.019748203, 0.035377115, 0.05175665, 0.06640303, 0.08364304, 0.09872881, 0.111852586, 0.114580475, 0.105841465, 0.090368174, 0.07462942, 0.058658756, 0.04271251, 0.02680593, 0.009736792, 0.0 ],
  "lightfield_0.0_0.0_0.2_y" : [ 0.0081949225, 0.034493063, 0.05916929, 0.08336687, 0.10160728, 0.10942416, 0.109579645, 0.10961318, 0.10909185, 0.10014695, 0.079199284, 0.054648057, 0.029581595, 0.0023810396, 0.0019084901, 0.0023566498, 0.0042773345, 9.603424E-4, 0.0, 0.0 ],
  "lightfield_0.0_0.0_0.2_x" : [ 1.2194824E-5, 0.011572888, 0.039407574, 0.062285066, 0.076909706, 0.07872674, 0.07807127, 0.07784871, 0.07791883, 0.077604815, 0.078196265, 0.07747372, 0.07724812, 0.07490671, 0.06385515, 0.03706007, 0.0089784395, 0.0017743469, 1.493866E-4, 0.0 ],
  "lightfield_0.0_0.0_0.4_y" : [ 0.026964687, 0.043575868, 0.060257882, 0.07642253, 0.087241046, 0.09002189, 0.0913923, 0.09149701, 0.09006809, 0.08797707, 0.08087558, 0.065336086, 0.04932542, 0.035070106, 0.017605884, 0.002140299, 8.4996043E-4, 7.2677777E-4, 0.0016629661, 9.885409E-4 ],
  "lightfield_0.0_0.0_0.4_x" : [ 0.002395903, 0.0016598864, 0.0015674995, 0.01755969, 0.03504547, 0.05068043, 0.06753798, 0.08315754, 0.09894648, 0.110156104, 0.11631215, 0.109327696, 0.09459505, 0.07747574, 0.059552662, 0.04288605, 0.026003862, 0.005139797, 0.0, 0.0 ],
  "lightfield_0.0_0.0_0.0_y" : [ 0.0, 0.014289069, 0.04625499, 0.07346704, 0.09864519, 0.10858289, 0.10896101, 0.11048261, 0.11024782, 0.107604064, 0.09299482, 0.0676581, 0.04173896, 0.012307017, 8.0806727E-4, 0.001463669, 0.0010337163, 0.0020796298, 0.0013813376, 0.0 ],
  "lightfield_0.0_0.0_0.0_x" : [ 0.015774082, 0.04475473, 0.06905163, 0.07563204, 0.077644594, 0.07753482, 0.078361176, 0.07748602, 0.076909706, 0.07676334, 0.07704998, 0.07658953, 0.07305233, 0.059321284, 0.03306977, 0.0065255244, 8.690535E-4, 0.0010367655, 8.172152E-4, 0.0017564028 ],
  "d1" : [ 0.006189, 0.0130793, 0.0216323, 0.0396158, 0.0576565, 0.0663451, 0.0591263, 0.0610987, 0.068243, 0.0728964, 0.0827748, 0.0637121, 0.0929164, 0.0696454, 0.0515844, 0.0440675, 0.0470704, 0.0351193, 0.0230299, 0.0241974 ],
  "d2" : [ 0.010388324, 0.029519683, 0.053456087, 0.07464931, 0.0922331, 0.098809354, 0.100610666, 0.09767795, 0.09097967, 0.08292516, 0.07167589, 0.06029429, 0.046162307, 0.03291828, 0.024005415, 0.01674354, 0.009663597, 0.0049582706, 0.0019279385, 4.0117046E-4 ],
  "d3" : [ 0.0019266731, 0.015374948, 0.04239375, 0.07455525, 0.10552923, 0.12849846, 0.13323838, 0.12241941, 0.10418746, 0.083173156, 0.0628316, 0.04554135, 0.031981286, 0.021482084, 0.013451092, 0.007730439, 0.003501679, 0.0014678456, 6.1287684E-4, 1.0303495E-4 ],
  "d4" : [ 2.948804E-6, 1.44389705E-5, 5.1146493E-5, 1.7916526E-4, 5.758302E-4, 0.0018411721, 0.006216892, 0.022115927, 0.08022292, 0.35439366, 0.41232952, 0.08812053, 0.024170533, 0.006840615, 0.002010881, 6.3561974E-4, 2.0062034E-4, 5.8162615E-5, 1.687936E-5, 2.5420723E-6 ],
  "lightfield_0.0_0.8_0.0_y" : [ 0.0, 0.016447445, 0.049191073, 0.07478159, 0.09615352, 0.10445288, 0.10506466, 0.10618065, 0.10604619, 0.10461423, 0.09285933, 0.071692444, 0.049103677, 0.01624576, 8.0001884E-4, 0.0016874346, 8.8741584E-4, 0.0025647662, 0.0012269196, 0.0 ],
  "lightfield_0.0_0.8_0.0_x" : [ 0.0015260864, 0.0011025469, 0.0010185114, 0.007711106, 0.05031379, 0.07878169, 0.08401878, 0.08620707, 0.08613984, 0.086923055, 0.08847603, 0.08720541, 0.08737685, 0.085269235, 0.08121199, 0.06904028, 0.017677726, 0.0, 0.0, 0.0 ],
  "lightfield_0.8_0.0_0.0_x" : [ 0.018718129, 0.048265897, 0.07081259, 0.07642866, 0.078555286, 0.07751891, 0.07762667, 0.07691674, 0.074739404, 0.0740263, 0.07427034, 0.0746158, 0.07109466, 0.05911138, 0.0344444, 0.007723684, 0.0014071874, 9.983424E-4, 0.0010173585, 0.0017082748 ],
  "lightfield_0.8_0.0_0.0_y" : [ 0.0, 7.606419E-4, 0.002991858, 0.0014483889, 0.007844119, 0.03944562, 0.06631529, 0.09691211, 0.11186189, 0.11914187, 0.11599155, 0.11584259, 0.11207424, 0.099108465, 0.07324981, 0.03640622, 6.0534413E-4, 0.0, 0.0, 0.0 ],
  "lightfield_0.0_0.6_0.0_x" : [ 0.0, 0.0, 0.0, 0.0, 0.0, 0.0026004396, 0.08212396, 0.16464376, 0.16757306, 0.17338903, 0.1638277, 0.15030785, 0.09181927, 0.003714914, 0.0, 0.0, 0.0, 0.0, 0.0, 0.0 ],
  "lightfield_0.0_0.6_0.0_y" : [ 0.0, 0.020529466, 0.054134212, 0.0744079, 0.08831142, 0.09255616, 0.092129864, 0.09248309, 0.09429791, 0.10067417, 0.09717849, 0.08568053, 0.06643606, 0.027916664, 0.0019792574, 0.0028440405, 0.0014433354, 0.0049572783, 0.0020401576, 0.0 ],
  "lightfield_0.6_0.0_0.0_y" : [ 0.0, 0.0, 0.0, 0.0, 0.0, 0.018302511, 0.109065466, 0.13868572, 0.15741286, 0.16685009, 0.16123022, 0.14537585, 0.10302962, 4.766279E-5, 0.0, 0.0, 0.0, 0.0, 0.0, 0.0 ],
  "lightfield_0.6_0.0_0.0_x" : [ 0.022427509, 0.046605542, 0.0635345, 0.07071858, 0.07531588, 0.077205054, 0.07817564, 0.07831863, 0.076711096, 0.07518155, 0.07485658, 0.07421963, 0.06999064, 0.059981454, 0.03969444, 0.009471896, 0.0020884967, 0.0010962442, 0.0015555401, 0.0028511013 ],
  "lightfield_0.0_0.4_0.0_x" : [ 0.0, 0.0, 0.0, 0.0, 0.0, 0.055443395, 0.15377876, 0.1866715, 0.19719768, 0.17703412, 0.11409924, 0.07527046, 0.04050485, 0.0, 0.0, 0.0, 0.0, 0.0, 0.0, 0.0 ],
  "lightfield_0.0_0.4_0.0_y" : [ 0.0, 0.015827365, 0.047634467, 0.0710676, 0.08464752, 0.085009396, 0.107096605, 0.11489918, 0.111775614, 0.106537916, 0.090482, 0.070737466, 0.054491088, 0.025337752, 0.002107776, 0.002380771, 0.0017839911, 0.005974148, 0.0022093556, 0.0 ],
  "lightfield_0.0_0.2_0.0_y" : [ 0.0, 0.012519899, 0.042667698, 0.069350526, 0.09322925, 0.106161736, 0.11307707, 0.1157899, 0.11446452, 0.10693213, 0.09250997, 0.067729406, 0.042934235, 0.0141957905, 0.0010953542, 0.0013253787, 0.0012340992, 0.0032057366, 0.0015773101, 0.0 ],
  "lightfield_0.0_0.2_0.0_x" : [ 0.0, 0.01069796, 0.04740328, 0.080325976, 0.09242599, 0.09645324, 0.095748566, 0.096190356, 0.09432095, 0.09426618, 0.09383535, 0.084210835, 0.056348674, 0.039315917, 0.012421317, 0.0015992172, 0.0019022652, 0.0025339194, 0.0, 0.0 ],
  "a3" : [ 0.096599996, 0.15291524, 0.14312641, 0.12284101, 0.1028153, 0.086481944, 0.04962884, 0.0, 0.0, 0.0, 0.0, 0.0, 0.0, 0.0036972845, 0.017141031, 0.02791734, 0.036768183, 0.043923378, 0.05263265, 0.06351139 ],