{
  "eccentricity_minmax" : 0.06041096,
  "compactness" : 18.317911,
  "eccentricity" : 29.342716,
  "compactness_standardized" : -0.064973086,
  "convexity_minmax" : 0.42169288,
  "diameter_standardized" : -0.28649813,
  "surface_area_minmax" : 0.0603662,
  "convexity" : 0.8076776,
  "diameter_minmax" : 0.06213433,
  "rectangularity _standardized" : -0.37123692,
  "convexity_standardized" : 1.6934983,
  "diameter" : 1.0329587,
  "surface_area" : 1.2479846,
  "rectangularity " : 0.0016900711,
  "compactness_minmax" : 4.536994E-6,
  "surface_area_standardized" : -0.21117975,
  "rectangularity _minmax" : 0.003045565,
  "eccentricity_standardized" : 0.9169761,
  "lightfield_0.0_0.0_0.6_y" : [ 0.0019419556, 0.035049777, 0.041361134, 0.040320802, 0.04214296, 0.042174485, 0.049917087, 0.05795603, 0.05795603, 0.057703827, 0.05771013, 0.057716437, 0.057703827, 0.057716437, 0.057716437, 0.057703827, 0.05789298, 0.057867758, 0.057880368, 0.05356771 ],
  "lightfield_0.0_0.0_0.6_x" : [ 0.0, 0.0, 0.0, 0.0, 0.0051070913, 0.050774574, 0.10127804, 0.15057093, 0.1811252, 0.1620335, 0.15424676, 0.13113245, 0.057792097, 0.005939358, 0.0, 0.0, 0.0, 0.0, 0.0, 0.0 ],
  "lightfield_0.0_0.0_0.8_y" : [ 0.0, 0.0, 0.0, 0.0039019957, 0.033493686, 0.06149222, 0.07083336, 0.07687616, 0.07935925, 0.09160044, 0.091768466, 0.091768466, 0.09181203, 0.09214809, 0.09169379, 0.07343469, 0.04086205, 0.008955298, 0.0, 0.0 ],
  "lightfield_0.0_0.0_0.8_x" : [ 0.020387461, 0.052910317, 0.067497686, 0.067360766, 0.067366995, 0.067354545, 0.067360766, 0.067360766, 0.067354545, 0.06779017, 0.06777151, 0.06568048, 0.05616509, 0.052835636, 0.05022808, 0.046985757, 0.038901716, 0.008687697, 0.0, 0.0 ],
  "lightfield_0.0_0.0_0.2_y" : [ 0.0, 0.0, 0.0, 0.00323367, 0.031689964, 0.061663598, 0.07464181, 0.07884558, 0.080767125, 0.093135916, 0.093366005, 0.09309238, 0.093048856, 0.092986666, 0.091767825, 0.06923785, 0.03659644, 0.005926322, 0.0, 0.0 ],
  "lightfield_0.0_0.0_0.2_x" : [ 0.0, 0.014414705, 0.043026466, 0.047466543, 0.04778369, 0.053299587, 0.05647729, 0.0667131, 0.066949405, 0.066924535, 0.06689966, 0.066868566, 0.06684369, 0.06682503, 0.06703024, 0.067011595, 0.06680016, 0.050855678, 0.01781006, 0.0 ],
  "lightfield_0.0_0.0_0.4_y" : [ 0.0016957243, 0.03454253, 0.040810432, 0.040508967, 0.042901825, 0.04354871, 0.04915088, 0.05808798, 0.05795609, 0.05803145, 0.057780232, 0.057880722, 0.05783048, 0.057805356, 0.057887003, 0.057799075, 0.05783676, 0.05803145, 0.05796237, 0.051951967 ],
  "lightfield_0.0_0.0_0.4_x" : [ 0.0, 0.0, 0.0, 0.0, 0.0, 0.013163845, 0.070862435, 0.13376124, 0.14607094, 0.16049089, 0.17512435, 0.14686856, 0.09941968, 0.049477465, 0.004760589, 0.0, 0.0, 0.0, 0.0, 0.0 ],
  "lightfield_0.0_0.0_0.0_y" : [ 0.0, 0.0, 0.0, 0.0, 0.0, 0.0, 0.0, 0.0, 0.19071119, 0.30896482, 0.30897105, 0.19135295, 0.0, 0.0, 0.0, 0.0, 0.0, 0.0, 0.0, 0.0 ],
  "lightfield_0.0_0.0_0.0_x" : [ 0.037845653, 0.03883634, 0.037222575, 0.039876882, 0.041552953, 0.04348449, 0.05475594, 0.054718558, 0.054394558, 0.054519173, 0.054519173, 0.054475557, 0.054207634, 0.054282404, 0.054519173, 0.054350942, 0.054350942, 0.054382097, 0.054631326, 0.053073633 ],
  "d1" : [ 0.0214404, 0.0233698, 0.0768692, 0.0676546, 0.0572921, 0.0850236, 0.0220977, 0.0078723, 0.0146279, 0.0164968, 0.021627, 0.0332567, 0.1442423, 0.1165141, 0.0747037, 0.1015642, 0.0877856, 0.0025287, 0.0244072, 6.261E-4 ],
  "d2" : [ 0.06347185, 0.071433045, 0.12806518, 0.090297155, 0.062483873, 0.06499752, 0.04568202, 0.024967184, 0.030385636, 0.049226344, 0.07332607, 0.05388296, 0.03996622, 0.032139845, 0.04709137, 0.052189764, 0.04093479, 0.022280812, 0.0062282938, 9.5006684E-4 ],
  "d3" : [ 0.0068607796, 0.03236686, 0.06029748, 0.08742123, 0.10035202, 0.095885195, 0.08859034, 0.07979715, 0.07123539, 0.08378211, 0.09331103, 0.085907005, 0.06587375, 0.035695978, 0.01038852, 0.0016786447, 3.358698E-4, 1.5123197E-4, 6.0573282E-5, 8.854567E-6 ],
  "d4" : [ 3.0504867E-7, 6.1009735E-7, 3.86395E-6, 1.5760848E-5, 7.199149E-5, 4.345927E-4, 0.0034177655, 0.01668423, 0.03935128, 0.10851507, 0.64211595, 0.12602018, 0.040508837, 0.018285025, 0.003941839, 5.208198E-4, 8.754897E-5, 1.718441E-5, 4.067316E-6, 3.0504868E-6 ],
  "lightfield_0.0_0.8_0.0_y" : [ 0.0, 0.0, 0.0, 0.0, 0.0, 0.0, 0.0, 0.0, 0.20196989, 0.29938596, 0.30068645, 0.1979577, 0.0, 0.0, 0.0, 0.0, 0.0, 0.0, 0.0, 0.0 ],
  "lightfield_0.0_0.8_0.0_x" : [ 0.0052239965, 0.05247641, 0.06387758, 0.06463125, 0.0645352, 0.06465342, 0.06465342, 0.06475686, 0.064779036, 0.0647347, 0.065303646, 0.065384924, 0.064682975, 0.06401058, 0.061476167, 0.05090995, 0.040979184, 0.012930684, 0.0, 0.0 ],
  "lightfield_0.8_0.0_0.0_x" : [ 0.028903076, 0.032200415, 0.035989225, 0.037611082, 0.037762992, 0.042691126, 0.060683504, 0.05974077, 0.057109155, 0.054084364, 0.054039683, 0.054039683, 0.054012876, 0.053995006, 0.05400394, 0.053932454, 0.05777488, 0.05922249, 0.061313484, 0.05088979 ],
  "lightfield_0.8_0.0_0.0_y" : [ 0.0, 0.0, 0.0, 0.0, 0.0, 0.0, 0.10886572, 0.16461216, 0.19736212, 0.22143984, 0.22167663, 0.0857933, 2.502044E-4, 0.0, 0.0, 0.0, 0.0, 0.0, 0.0, 0.0 ],
  "lightfield_0.0_0.6_0.0_x" : [ 0.0, 0.0, 0.0, 0.0, 0.0, 0.0, 0.08731918, 0.12447503, 0.12618117, 0.12934554, 0.12950595, 0.12848519, 0.12661864, 0.12510207, 0.02296722, 0.0, 0.0, 0.0, 0.0, 0.0 ],
  "lightfield_0.0_0.6_0.0_y" : [ 0.0, 0.0, 0.0, 0.0, 0.0, 0.0, 0.0, 0.0, 0.21934788, 0.28337902, 0.28241658, 0.2148565, 0.0, 0.0, 0.0, 0.0, 0.0, 0.0, 0.0, 0.0 ],
  "lightfield_0.6_0.0_0.0_y" : [ 0.0, 0.0, 0.0, 0.0, 0.0, 0.067002505, 0.1658592, 0.17381929, 0.2038704, 0.22363073, 0.13060534, 0.03521256, 0.0, 0.0, 0.0, 0.0, 0.0, 0.0, 0.0, 0.0 ],
  "lightfield_0.6_0.0_0.0_x" : [ 0.027610317, 0.031881705, 0.03724044, 0.03768088, 0.036547653, 0.04275516, 0.06424514, 0.06261183, 0.05904699, 0.05352768, 0.052197173, 0.052192584, 0.05218341, 0.05220635, 0.052174233, 0.05220635, 0.058927704, 0.061662126, 0.06538755, 0.04771474 ],
  "lightfield_0.0_0.4_0.0_x" : [ 0.0, 0.0, 0.0, 0.0, 0.0, 0.03775724, 0.06643349, 0.08223163, 0.09053181, 0.09105592, 0.091622815, 0.092253886, 0.09217901, 0.09212553, 0.091537245, 0.09115218, 0.08111924, 0.0, 0.0, 0.0 ],
  "lightfield_0.0_0.4_0.0_y" : [ 0.0, 0.0, 0.0, 0.0, 0.0, 0.0, 0.0, 0.0, 0.19065802, 0.30714926, 0.30662516, 0.19556753, 0.0, 0.0, 0.0, 0.0, 0.0, 0.0, 0.0, 0.0 ],
  "lightfield_0.0_0.2_0.0_y" : [ 0.0, 0.0, 0.0, 0.0, 0.0, 0.0, 0.0, 0.0, 0.18843575, 0.30965903, 0.30943528, 0.19246994, 0.0, 0.0, 0.0, 0.0, 0.0, 0.0, 0.0, 0.0 ],
  "lightfield_0.0_0.2_0.0_x" : [ 0.0, 0.032036643, 0.041085612, 0.038578227, 0.043968122, 0.045185618, 0.055846952, 0.056926247, 0.057413246, 0.057255298, 0.057255298, 0.05738692, 0.057255298, 0.057255298, 0.057163164, 0.057446152, 0.05749222, 0.05719607, 0.056860436, 0.05639318 ],
  "a3" : [ 0.26546612, 0.13502942, 0.081576616, 0.06797449, 0.06585171, 0.06196979, 0.040786244, 0.0, 0.0, 0.0, 0.0, 0.0, 0.0, 0.011161483, 0.036488358, 0.045793504, 0.04370493, 0.04160177, 0.047594, 0.055001546 ],
  "lightfield_0.4_0.0_0.0_y" : [ 0.0, 0.0, 0.0, 0.0, 0.0, 0.06345575, 0.16939816, 0.17690353, 0.20850015, 0.22461723, 0.124525346, 0.03259983, 0.0, 0.0, 0.0, 0.0, 0.0, 0.0, 0.0, 0.0 ],
  "lightfield_0.4_0.0_0.0_x" : [ 0.027508743, 0.031774756, 0.037554964, 0.03786437, 0.03589544, 0.04444153, 0.06467461, 0.06272912, 0.059119422, 0.053151693, 0.051787507, 0.051796883, 0.051810946, 0.051834386, 0.051839072, 0.051881265, 0.0590491, 0.062025934, 0.06570127, 0.047558997 ],
  "lightfield_0.2_0.0_0.0_x" : [ 0.028785884, 0.032314986, 0.036239136, 0.037797384, 0.03759547, 0.044407867, 0.061052587, 0.05977965, 0.05700114, 0.05370468, 0.05363884, 0.05363884, 0.05363884, 0.05363884, 0.05363445, 0.05362567, 0.057808798, 0.059604075, 0.06163638, 0.0504565 ],
  "lightfield_0.2_0.0_0.0_y" : [ 0.0, 0.0, 0.0, 0.0, 0.0, 8.1643404E-4, 0.12681942, 0.16332631, 0.19627337, 0.21790887, 0.21473093, 0.079268724, 8.559389E-4, 0.0, 0.0, 0.0, 0.0, 0.0, 0.0, 0.0 ]
}