{
  "eccentricity_minmax" : 3.5265696E-4,
  "compactness" : 51.867943,
  "eccentricity" : 1.1661786,
  "compactness_standardized" : -0.06474907,
  "convexity_minmax" : 0.20958494,
  "diameter_standardized" : 0.52713597,
  "surface_area_minmax" : 0.1838357,
  "convexity" : 0.40193844,
  "diameter_minmax" : 0.19337966,
  "rectangularity _standardized" : 0.6568865,
  "convexity_standardized" : 0.24135563,
  "diameter" : 1.102577,
  "surface_area" : 3.768159,
  "rectangularity " : 0.0511314,
  "compactness_minmax" : 1.3059861E-5,
  "surface_area_standardized" : 1.3311591,
  "rectangularity _minmax" : 0.09214203,
  "eccentricity_standardized" : -0.35705927,
  "lightfield_0.0_0.0_0.6_y" : [ 0.036904655, 0.052379396, 0.055471964, 0.056693133, 0.059512127, 0.061232865, 0.060521178, 0.057170894, 0.06035069, 0.061264582, 0.06048351, 0.05763478, 0.06049937, 0.061569877, 0.060158394, 0.05326157, 0.036355525, 0.02761109, 0.019645743, 0.0012786583 ],
  "lightfield_0.0_0.0_0.6_x" : [ 0.0, 6.3437314E-5, 0.015528264, 0.036401123, 0.05528165, 0.076866195, 0.080934115, 0.08170527, 0.088841975, 0.093348004, 0.09453151, 0.0947238, 0.09168476, 0.0824804, 0.06355229, 0.03660729, 0.0074499194, 0.0, 0.0, 0.0 ],
  "lightfield_0.0_0.0_0.8_y" : [ 0.014424831, 0.034644302, 0.053530317, 0.06097413, 0.065229416, 0.074700855, 0.07672457, 0.08458998, 0.0879746, 0.084682144, 0.0754519, 0.064172454, 0.056199186, 0.047437612, 0.04228617, 0.03619542, 0.026516117, 0.013597305, 6.6868775E-4, 0.0 ],
  "lightfield_0.0_0.0_0.8_x" : [ 0.008459587, 0.016948588, 0.026669072, 0.048257295, 0.060701553, 0.06586868, 0.07089659, 0.07476949, 0.07468713, 0.07472635, 0.07579507, 0.071849614, 0.06527843, 0.056948274, 0.053949963, 0.04874165, 0.043794148, 0.03747397, 0.023906078, 2.784565E-4 ],
  "lightfield_0.0_0.0_0.2_y" : [ 0.0, 0.008168001, 0.03164661, 0.04494549, 0.05554514, 0.063472904, 0.071031526, 0.07784992, 0.0818929, 0.08955504, 0.094959356, 0.0920277, 0.07898664, 0.07099246, 0.050623246, 0.039636873, 0.024410252, 0.017814523, 0.0064414316, 0.0 ],
  "lightfield_0.0_0.0_0.2_x" : [ 0.0029687616, 0.028304799, 0.04702948, 0.049158394, 0.057656474, 0.06131274, 0.063879155, 0.06476978, 0.068594016, 0.067664325, 0.065043226, 0.06878347, 0.0682737, 0.06583815, 0.058029525, 0.047189638, 0.0380021, 0.033205207, 0.027845811, 0.016451236 ],
  "lightfield_0.0_0.0_0.4_y" : [ 0.030891098, 0.03883413, 0.043954723, 0.046893448, 0.059156857, 0.06375514, 0.06405473, 0.06106476, 0.061947756, 0.06396407, 0.064011365, 0.06005365, 0.06273418, 0.063463435, 0.060966212, 0.05702426, 0.055279948, 0.033528265, 0.008421978, 0.0 ],
  "lightfield_0.0_0.0_0.4_x" : [ 0.0, 0.006788039, 0.01689323, 0.03157897, 0.053046834, 0.07254372, 0.08728267, 0.09252547, 0.092048496, 0.08744036, 0.08641939, 0.08332101, 0.07780425, 0.069033414, 0.05827583, 0.044108458, 0.030449599, 0.010440256, 0.0, 0.0 ],
  "lightfield_0.0_0.0_0.0_y" : [ 0.0, 0.0, 0.0, 0.010766366, 0.06884085, 0.08435049, 0.09008723, 0.09343577, 0.09491622, 0.091739096, 0.090001516, 0.086949065, 0.080625996, 0.07678657, 0.07382567, 0.051126115, 0.006549036, 0.0, 0.0, 0.0 ],
  "lightfield_0.0_0.0_0.0_x" : [ 0.01506551, 0.028477203, 0.037825454, 0.051850755, 0.05833356, 0.058415376, 0.055875238, 0.056418717, 0.05881276, 0.058444593, 0.055888873, 0.056128472, 0.058528356, 0.058769904, 0.05615185, 0.056572605, 0.05828681, 0.056631044, 0.045381587, 0.018141337 ],
  "d1" : [ 0.0080315, 0.0036792, 0.0046533, 0.0015659, 0.0294414, 0.0896574, 0.1497451, 0.1502509, 0.1231041, 0.0964759, 0.1038067, 0.1153804, 0.0759133, 0.0284783, 0.0099266, 0.0033987, 6.167E-4, 0.0, 0.0, 0.0058746 ],
  "d2" : [ 0.016474793, 0.04303546, 0.035282496, 0.043317907, 0.043939315, 0.0358702, 0.049044512, 0.0780353, 0.106795855, 0.14420252, 0.1406263, 0.10569186, 0.0723049, 0.040077936, 0.023783477, 0.014457939, 0.004873856, 0.0013617391, 6.974225E-4, 1.2622216E-4 ],
  "d3" : [ 0.0029739267, 0.018194424, 0.040431056, 0.061513577, 0.07422612, 0.07150113, 0.07077022, 0.08028858, 0.08297674, 0.08420612, 0.093426645, 0.10013669, 0.09664035, 0.07253429, 0.035333544, 0.011353265, 0.0026354408, 6.5553974E-4, 1.8554341E-4, 1.6803551E-5 ],
  "d4" : [ 2.033658E-6, 2.6437552E-5, 1.5425295E-4, 7.1991485E-4, 0.003019982, 0.009342828, 0.023033006, 0.044915773, 0.07703567, 0.3970537, 0.29550025, 0.07272035, 0.042887505, 0.021344256, 0.008768218, 0.0026757852, 6.3561974E-4, 1.4022071E-4, 1.9929847E-5, 4.2706815E-6 ],
  "lightfield_0.0_0.8_0.0_y" : [ 0.0, 0.0, 0.0, 0.010688474, 0.079207666, 0.099883415, 0.10392223, 0.09755817, 0.09729602, 0.09059095, 0.08460412, 0.079152256, 0.0719037, 0.06535421, 0.06411806, 0.048872862, 0.00684787, 0.0, 0.0, 0.0 ],
  "lightfield_0.0_0.8_0.0_x" : [ 0.025247391, 0.032016404, 0.04454206, 0.053687472, 0.058806855, 0.06279026, 0.06315684, 0.06303322, 0.064621046, 0.06407117, 0.06261549, 0.06463809, 0.064196914, 0.06251319, 0.0645294, 0.05858094, 0.04300539, 0.03240856, 0.012208092, 0.0033312233 ],
  "lightfield_0.8_0.0_0.0_x" : [ 0.008837859, 0.019601354, 0.024146654, 0.039902754, 0.05299105, 0.056009885, 0.048373543, 0.051556855, 0.06300435, 0.06604324, 0.06027035, 0.059708707, 0.06684559, 0.06743331, 0.058507193, 0.060904205, 0.064627096, 0.06329119, 0.05160901, 0.016335798 ],
  "lightfield_0.8_0.0_0.0_y" : [ 0.0, 0.0, 0.028850416, 0.06981227, 0.071023814, 0.07007303, 0.07444783, 0.0853036, 0.09224792, 0.09302419, 0.08830638, 0.08710286, 0.08049553, 0.06597504, 0.05374927, 0.034053642, 0.0039956914, 0.0015385017, 0.0, 0.0 ],
  "lightfield_0.0_0.6_0.0_x" : [ 0.001412989, 0.0028721972, 0.02504754, 0.046892744, 0.055951722, 0.0717455, 0.0818048, 0.08576645, 0.09374257, 0.09824895, 0.10120698, 0.10332647, 0.09691849, 0.057404324, 0.031703115, 0.021937644, 0.016203154, 0.007814357, 0.0, 0.0 ],
  "lightfield_0.0_0.6_0.0_y" : [ 0.0, 0.0, 0.0, 0.011419459, 0.091108076, 0.11869767, 0.12779957, 0.11368948, 0.10159985, 0.08808401, 0.07497425, 0.065944985, 0.060213797, 0.054122757, 0.046582416, 0.03771492, 0.008048755, 0.0, 0.0, 0.0 ],
  "lightfield_0.6_0.0_0.0_y" : [ 0.0, 0.0, 0.0, 3.1216966E-4, 0.05116981, 0.092082955, 0.09773275, 0.09477423, 0.097134426, 0.107379265, 0.10352917, 0.09502255, 0.0813202, 0.07420178, 0.072858505, 0.02476546, 0.0039068502, 0.0016861891, 0.0012841524, 8.3954714E-4 ],
  "lightfield_0.6_0.0_0.0_x" : [ 0.0036396144, 0.011396557, 0.030805469, 0.04753729, 0.051699553, 0.05068027, 0.05022857, 0.055684444, 0.06304881, 0.062445756, 0.06286435, 0.06634314, 0.06730567, 0.06221163, 0.059636228, 0.07008445, 0.06533805, 0.06041429, 0.046406858, 0.0122290095 ],
  "lightfield_0.0_0.4_0.0_x" : [ 0.0, 0.0, 9.322271E-5, 0.0068599056, 0.031142814, 0.06718785, 0.080849804, 0.09606118, 0.100134045, 0.1006741, 0.09586509, 0.095305756, 0.095180385, 0.09193688, 0.06783399, 0.035202824, 0.019895012, 0.013729455, 0.002047685, 0.0 ],
  "lightfield_0.0_0.4_0.0_y" : [ 0.0, 0.0, 0.0, 0.012077163, 0.095813654, 0.116701975, 0.09708663, 0.09471749, 0.08845228, 0.08149272, 0.07754201, 0.076699786, 0.068705134, 0.06399257, 0.06498587, 0.052204717, 0.009528004, 0.0, 0.0, 0.0 ],
  "lightfield_0.0_0.2_0.0_y" : [ 0.0, 0.0, 0.0, 0.011733904, 0.06874304, 0.08328061, 0.08598172, 0.0902472, 0.09014466, 0.09078175, 0.09082103, 0.08907774, 0.08211114, 0.076783106, 0.07646019, 0.0565335, 0.007300417, 0.0, 0.0, 0.0 ],
  "lightfield_0.0_0.2_0.0_x" : [ 2.2036524E-4, 0.012200816, 0.033327516, 0.04272904, 0.05638732, 0.06610084, 0.06529575, 0.064211376, 0.06332119, 0.06663321, 0.06683176, 0.06275173, 0.06478738, 0.06546593, 0.06354592, 0.06423974, 0.06519102, 0.05414003, 0.018763773, 0.0038553008 ],
  "a3" : [ 0.09364348, 0.09704162, 0.11850036, 0.1678045, 0.16689962, 0.119673386, 0.057468146, 0.0, 0.0, 0.0, 0.0, 0.0, 0.0, 0.0016067013, 0.008210899, 0.013991422, 0.020296276, 0.030137321, 0.042618938, 0.062107336 ],