{
  "eccentricity_minmax" : 0.04863798,
  "compactness" : 17.571028,
  "eccentricity" : 23.819386,
  "compactness_standardized" : -0.06499432,
  "convexity_minmax" : 0.36213034,
  "diameter_standardized" : -0.6620148,
  "surface_area_minmax" : 0.013960597,
  "convexity" : 0.693741,
  "diameter_minmax" : 0.0014738132,
  "rectangularity _standardized" : -0.40518284,
  "convexity_standardized" : 1.2868663,
  "diameter" : 1.0007818,
  "surface_area" : 0.3007855,
  "rectangularity " : 3.4054814E-5,
  "compactness_minmax" : 4.3472596E-6,
  "surface_area_standardized" : -0.7904238,
  "rectangularity _minmax" : 6.131679E-5,
  "eccentricity_standardized" : 0.6669327,
  "lightfield_0.0_0.0_0.6_y" : [ 0.05409855, 0.07622524, 0.07275781, 0.061989658, 0.07451232, 0.079476476, 0.06364438, 0.06056776, 0.07400509, 0.062006287, 0.056335334, 0.050423242, 0.043363657, 0.03904808, 0.0369776, 0.03257887, 0.026409008, 0.020155992, 0.012397931, 0.003026725 ],
  "lightfield_0.0_0.0_0.6_x" : [ 0.0, 0.0, 0.0, 0.0, 0.0, 0.0, 0.06438443, 0.16603749, 0.14075103, 0.16518934, 0.19274583, 0.16227902, 0.09868454, 0.009928323, 0.0, 0.0, 0.0, 0.0, 0.0, 0.0 ],
  "lightfield_0.0_0.0_0.8_y" : [ 0.0, 0.033094622, 0.06554328, 0.06782087, 0.09546376, 0.092590325, 0.07897492, 0.09669443, 0.09127612, 0.09419967, 0.07396868, 0.055425, 0.047261328, 0.038418274, 0.029965028, 0.02148394, 0.013565287, 0.004137524, 1.1694213E-4, 0.0 ],
  "lightfield_0.0_0.0_0.8_x" : [ 0.010502517, 0.02689669, 0.03496013, 0.03788368, 0.03999421, 0.041776184, 0.04707756, 0.04448256, 0.052083798, 0.0526518, 0.04770682, 0.06509222, 0.07692008, 0.06549873, 0.060102686, 0.07973783, 0.076758586, 0.06661803, 0.050674923, 0.022580968 ],
  "lightfield_0.0_0.0_0.2_y" : [ 0.0, 0.0, 0.0011505834, 0.04469074, 0.07613352, 0.09836513, 0.115350865, 0.0978906, 0.095959954, 0.084850654, 0.06550525, 0.0717197, 0.066103294, 0.065758765, 0.061474957, 0.053752396, 0.0012935938, 0.0, 0.0, 0.0 ],
  "lightfield_0.0_0.0_0.2_x" : [ 0.052465305, 0.07061462, 0.065589756, 0.06523873, 0.084473625, 0.07424838, 0.061767478, 0.0717197, 0.0744434, 0.06938603, 0.061325446, 0.048636526, 0.04333864, 0.038950823, 0.03518705, 0.029473137, 0.023479702, 0.017109241, 0.010192739, 0.002359671 ],
  "lightfield_0.0_0.0_0.4_y" : [ 0.029517157, 0.062554635, 0.07820314, 0.07960497, 0.06179072, 0.0654528, 0.078707166, 0.06932752, 0.055301353, 0.05869567, 0.056285784, 0.047418036, 0.04901675, 0.042078488, 0.040141128, 0.03716421, 0.03481733, 0.028028699, 0.01978311, 0.006111343 ],
  "lightfield_0.0_0.0_0.4_x" : [ 0.0, 0.0, 0.0, 0.0, 0.0, 0.045039654, 0.10253038, 0.14994054, 0.19782323, 0.1977681, 0.17190515, 0.076179154, 0.041739844, 0.01622341, 8.5054775E-4, 0.0, 0.0, 0.0, 0.0, 0.0 ],
  "lightfield_0.0_0.0_0.0_y" : [ 0.0, 0.0, 0.0, 0.0, 0.0, 0.0, 0.0, 0.0, 0.17725833, 0.39235732, 0.33938572, 0.09099864, 0.0, 0.0, 0.0, 0.0, 0.0, 0.0, 0.0, 0.0 ],
  "lightfield_0.0_0.0_0.0_x" : [ 0.042579625, 0.07331186, 0.08046467, 0.066522904, 0.06229866, 0.07843242, 0.07389757, 0.058234163, 0.06413567, 0.06431316, 0.05153395, 0.05165819, 0.04478049, 0.041257333, 0.03729045, 0.035781793, 0.030297384, 0.023650417, 0.015548042, 0.004011253 ],
  "d1" : [ 0.0484934, 0.0776382, 0.1349923, 0.1241948, 0.089917, 0.0624432, 0.0640353, 0.066942, 0.0653426, 0.0663013, 0.0592241, 0.054728, 0.0201118, 0.0165034, 0.0135403, 0.0115552, 0.0094419, 0.0079064, 0.0043648, 0.002324 ],
  "d2" : [ 0.040791065, 0.11685842, 0.13169722, 0.11962131, 0.10129759, 0.08966905, 0.07925932, 0.070868246, 0.06231404, 0.049582507, 0.03524409, 0.027181674, 0.02192245, 0.017972156, 0.013882738, 0.010055666, 0.0063996236, 0.0035411217, 0.0015009636, 3.4075984E-4 ],
  "d3" : [ 0.0026242721, 0.019291181, 0.04963065, 0.08512659, 0.114341125, 0.13071755, 0.13342714, 0.12210739, 0.10328932, 0.08098849, 0.059376206, 0.040807374, 0.026141698, 0.015291434, 0.008736941, 0.0047246153, 0.0022153521, 8.6845184E-4, 2.6030414E-4, 3.3908964E-5 ],
  "d4" : [ 1.7286092E-6, 1.8506287E-5, 1.1408821E-4, 5.0282193E-4, 0.0017149837, 0.00523067, 0.014901831, 0.03930918, 0.10016009, 0.3130264, 0.35506943, 0.10515486, 0.041352704, 0.01543831, 0.0054480676, 0.0018909967, 5.2915775E-4, 1.16630275E-4, 1.8099556E-5, 1.4235605E-6 ],
  "lightfield_0.0_0.8_0.0_y" : [ 0.0, 0.0, 0.0, 0.0, 0.0, 0.0, 0.0902077, 0.2615096, 0.31000027, 0.25294414, 0.085338265, 0.0, 0.0, 0.0, 0.0, 0.0, 0.0, 0.0, 0.0, 0.0 ],
  "lightfield_0.0_0.8_0.0_x" : [ 0.004019225, 0.0150650665, 0.02282245, 0.029244779, 0.03441637, 0.03587088, 0.03979876, 0.043817982, 0.050029512, 0.053360127, 0.06620479, 0.06495404, 0.062009893, 0.076709576, 0.07614042, 0.062157452, 0.07402541, 0.078684054, 0.07046994, 0.040199276 ],
  "lightfield_0.8_0.0_0.0_x" : [ 0.04895792, 0.07549647, 0.08142962, 0.069374375, 0.06602989, 0.07959677, 0.07570433, 0.06203352, 0.067371465, 0.06653062, 0.049090188, 0.047021143, 0.04098407, 0.037809648, 0.03403057, 0.03223551, 0.027313266, 0.021361222, 0.014029817, 0.0035995692 ],
  "lightfield_0.8_0.0_0.0_y" : [ 0.0, 0.0, 0.0, 0.0, 0.0, 0.0, 0.0, 0.0, 0.08389547, 0.35744384, 0.40259433, 0.15606636, 0.0, 0.0, 0.0, 0.0, 0.0, 0.0, 0.0, 0.0 ],
  "lightfield_0.0_0.6_0.0_x" : [ 0.0037495412, 0.013980807, 0.021333054, 0.027429335, 0.03210184, 0.033252925, 0.037235826, 0.04289685, 0.052414913, 0.06347475, 0.06556453, 0.06838324, 0.07179978, 0.071705386, 0.0716713, 0.07299806, 0.07307934, 0.07283549, 0.06635377, 0.037739262 ],
  "lightfield_0.0_0.6_0.0_y" : [ 0.0, 0.028722009, 0.06667628, 0.080195606, 0.10967539, 0.12145629, 0.11713514, 0.112079814, 0.10583932, 0.09593844, 0.07948765, 0.058613457, 0.024180608, 0.0, 0.0, 0.0, 0.0, 0.0, 0.0, 0.0 ],
  "lightfield_0.6_0.0_0.0_y" : [ 0.0, 0.0, 0.0, 0.0, 0.0, 0.0, 0.0, 0.0, 0.0, 0.46349442, 0.5365056, 0.0, 0.0, 0.0, 0.0, 0.0, 0.0, 0.0, 0.0, 0.0 ],
  "lightfield_0.6_0.0_0.0_x" : [ 0.060718983, 0.07867669, 0.08275723, 0.07459616, 0.07235356, 0.08169494, 0.078761004, 0.06985802, 0.073314674, 0.07267393, 0.04800526, 0.037500422, 0.033082657, 0.031059252, 0.028125316, 0.025376858, 0.021279465, 0.016490743, 0.010875797, 0.0027990423 ],
  "lightfield_0.0_0.4_0.0_x" : [ 0.03802464, 0.064342424, 0.07080034, 0.07127889, 0.0713217, 0.06979287, 0.069891095, 0.0700397, 0.06822624, 0.06376312, 0.063468434, 0.057723306, 0.045379214, 0.03724637, 0.03481835, 0.032234177, 0.02890699, 0.022930142, 0.015369038, 0.004442967 ],
  "lightfield_0.0_0.4_0.0_y" : [ 0.0, 0.03193949, 0.067261584, 0.08019001, 0.10631385, 0.11787463, 0.11416964, 0.10976697, 0.104230896, 0.09603508, 0.081416614, 0.06177084, 0.029030405, 0.0, 0.0, 0.0, 0.0, 0.0, 0.0, 0.0 ],
  "lightfield_0.0_0.2_0.0_y" : [ 0.0, 0.0, 0.0, 0.0, 0.0, 0.0, 0.09594788, 0.26377478, 0.3076757, 0.25022823, 0.08237343, 0.0, 0.0, 0.0, 0.0, 0.0, 0.0, 0.0, 0.0, 0.0 ],
  "lightfield_0.0_0.2_0.0_x" : [ 0.040786035, 0.070283264, 0.07818543, 0.07370475, 0.061621547, 0.07556531, 0.076736, 0.06261106, 0.06338455, 0.06655517, 0.053754225, 0.04949653, 0.044611685, 0.039789554, 0.03615205, 0.034723528, 0.029587818, 0.023114176, 0.015351381, 0.0039859237 ],
  "a3" : [ 0.28352785, 0.16873977, 0.08603489, 0.056025356, 0.04322598, 0.03691861, 0.022794168, 0.0, 0.0, 0.0, 0.0, 0.0, 0.0, 0.02074816, 0.061546884, 0.06026287, 0.049299408, 0.04086161, 0.036019973, 0.033994492 ],
  "lightfield_0.4_0.0_0.0_y" : [ 0.0, 0.0, 0.0, 0.0, 0.0, 0.0, 0.0, 0.0, 0.0072834715, 0.54510945, 0.44686845, 7.3865394E-4, 0.0, 0.0, 0.0, 0.0, 0.0, 0.0, 0.0, 0.0 ],
  "lightfield_0.4_0.0_0.0_x" : [ 0.062442023, 0.08138936, 0.085872814, 0.077867866, 0.074896075, 0.084721886, 0.08228261, 0.07235373, 0.07615007, 0.075308345, 0.0475487, 0.033273783, 0.027948603, 0.025990311, 0.023276187, 0.022589067, 0.019187825, 0.014532587, 0.009636858, 0.0027313018 ],