{
  "eccentricity_minmax" : 0.057890773,
  "compactness" : 36.33278,
  "eccentricity" : 28.160362,
  "compactness_standardized" : -0.064852804,
  "convexity_minmax" : 0.3274141,
  "diameter_standardized" : -0.6375979,
  "surface_area_minmax" : 0.014573779,
  "convexity" : 0.6273327,
  "diameter_minmax" : 0.0054992693,
  "rectangularity _standardized" : -0.4059224,
  "convexity_standardized" : 1.0480428,
  "diameter" : 1.002917,
  "surface_area" : 0.31330135,
  "rectangularity " : 2.2083046E-5,
  "compactness_minmax" : 9.1133925E-6,
  "surface_area_standardized" : -0.7832031,
  "rectangularity _minmax" : 3.974289E-5,
  "eccentricity_standardized" : 0.86351454,
  "lightfield_0.0_0.0_0.6_y" : [ 0.0051800474, 0.036171783, 0.048664402, 0.054383118, 0.050516527, 0.044923257, 0.044045158, 0.05936393, 0.071428575, 0.06996753, 0.068727866, 0.06725207, 0.06593123, 0.06461777, 0.06243359, 0.053947758, 0.047550175, 0.043410566, 0.02761216, 0.013872491 ],
  "lightfield_0.0_0.0_0.6_x" : [ 0.0, 0.0, 0.0, 0.0, 0.0, 0.0349026, 0.16477273, 0.19273908, 0.15549734, 0.13373671, 0.16316411, 0.112832054, 0.042355374, 0.0, 0.0, 0.0, 0.0, 0.0, 0.0, 0.0 ],
  "lightfield_0.0_0.0_0.8_y" : [ 0.0, 0.0, 5.1567276E-5, 0.01373163, 0.04175476, 0.062197503, 0.06785517, 0.102773584, 0.11811116, 0.11192309, 0.105874985, 0.10110133, 0.08666986, 0.074337915, 0.06444436, 0.04176213, 0.007410954, 0.0, 0.0, 0.0 ],
  "lightfield_0.0_0.0_0.8_x" : [ 0.006453276, 0.03299569, 0.048620574, 0.071634315, 0.07650374, 0.07847803, 0.08037128, 0.08231611, 0.08426093, 0.06851818, 0.052230284, 0.047596596, 0.054226674, 0.06518841, 0.06971159, 0.067523666, 0.013370658, 0.0, 0.0, 0.0 ],
  "lightfield_0.0_0.0_0.2_y" : [ 0.0, 0.0, 0.0, 0.0, 0.051530514, 0.09319411, 0.09159507, 0.07217809, 0.066887245, 0.08028385, 0.10904455, 0.11411434, 0.1100025, 0.102110445, 0.07735104, 0.03170825, 0.0, 0.0, 0.0, 0.0 ],
  "lightfield_0.0_0.0_0.2_x" : [ 0.0016506271, 0.023830928, 0.045687, 0.05689505, 0.05631291, 0.05298218, 0.065177664, 0.08673898, 0.08180184, 0.07969434, 0.07791107, 0.07614254, 0.07349712, 0.06354178, 0.05566445, 0.0505873, 0.035672706, 0.015201981, 0.0010095353, 0.0 ],
  "lightfield_0.0_0.0_0.4_y" : [ 0.0, 0.036667846, 0.058482893, 0.057687208, 0.05432028, 0.045103587, 0.042915452, 0.043777443, 0.05655262, 0.07183273, 0.070366606, 0.06896679, 0.0675375, 0.066226095, 0.064737864, 0.06274865, 0.052611027, 0.04007898, 0.028018449, 0.01136799 ],
  "lightfield_0.0_0.0_0.4_x" : [ 0.0, 0.0, 0.0, 0.0, 0.0033079893, 0.032630477, 0.081322014, 0.17020305, 0.21165974, 0.18449591, 0.1434518, 0.11092447, 0.06170247, 3.0206583E-4, 0.0, 0.0, 0.0, 0.0, 0.0, 0.0 ],
  "lightfield_0.0_0.0_0.0_y" : [ 0.0, 0.0, 0.0, 0.0, 0.0, 0.0, 0.0, 2.946962E-5, 0.23986061, 0.35559517, 0.284124, 0.12015501, 2.3575696E-4, 0.0, 0.0, 0.0, 0.0, 0.0, 0.0, 0.0 ],
  "lightfield_0.0_0.0_0.0_x" : [ 0.0425615, 0.050547767, 0.054297775, 0.050186764, 0.042937238, 0.040366013, 0.044499125, 0.060081188, 0.06766225, 0.0664761, 0.06524574, 0.06403749, 0.06272609, 0.06156204, 0.060147494, 0.05173392, 0.045397952, 0.037441153, 0.022190625, 0.009901793 ],
  "d1" : [ 0.02457, 0.0540652, 0.0810776, 0.0997484, 0.0712958, 0.0621419, 0.0574994, 0.054294, 0.0539863, 0.0554239, 0.0611493, 0.0567499, 0.0555023, 0.054533, 0.0494217, 0.0505892, 0.0350436, 0.0094903, 0.0077541, 0.0056641 ],
  "d2" : [ 0.040690847, 0.10196771, 0.117550045, 0.10378563, 0.09090866, 0.08350176, 0.077500306, 0.06919525, 0.061241552, 0.053733036, 0.046214916, 0.038812917, 0.031967115, 0.02608028, 0.020995786, 0.015765969, 0.010680576, 0.0061965883, 0.0025199426, 6.911214E-4 ],
  "d3" : [ 0.0024318865, 0.019335153, 0.049546227, 0.08073936, 0.10306021, 0.114861235, 0.11670278, 0.11035033, 0.09960079, 0.08444328, 0.06885512, 0.053574555, 0.039024185, 0.02667257, 0.016456211, 0.008864628, 0.0038219527, 0.0013481077, 2.852579E-4, 2.6161219E-5 ],
  "d4" : [ 3.5589012E-6, 3.335199E-5, 2.2431246E-4, 8.6338946E-4, 0.002595354, 0.0063225403, 0.01514038, 0.03779909, 0.10366256, 0.40457183, 0.29075807, 0.08484339, 0.031731468, 0.012964975, 0.005419698, 0.002184657, 7.0069684E-4, 1.604556E-4, 1.8201237E-5, 2.033658E-6 ],
  "lightfield_0.0_0.8_0.0_y" : [ 0.0, 0.0, 0.0, 0.0, 0.0, 0.0, 0.0, 3.7512058E-4, 0.24069344, 0.3512379, 0.2853596, 0.12209281, 2.4114894E-4, 0.0, 0.0, 0.0, 0.0, 0.0, 0.0, 0.0 ],
  "lightfield_0.0_0.8_0.0_x" : [ 0.009806723, 0.030402629, 0.050266158, 0.0595102, 0.07122825, 0.074756175, 0.07660498, 0.078426994, 0.08029366, 0.08208889, 0.06870066, 0.053231396, 0.051543355, 0.06175199, 0.06577114, 0.06161802, 0.023998786, 0.0, 0.0, 0.0 ],
  "lightfield_0.8_0.0_0.0_x" : [ 0.045037974, 0.05275194, 0.05613107, 0.05231675, 0.045549963, 0.043220412, 0.0468214, 0.059348065, 0.06542367, 0.0643485, 0.063179456, 0.062078677, 0.060943767, 0.059834458, 0.05846062, 0.05076372, 0.04481611, 0.036914412, 0.022006998, 0.010052052 ],
  "lightfield_0.8_0.0_0.0_y" : [ 0.0, 0.0, 0.0, 0.0, 0.0, 0.0, 0.0, 0.005358819, 0.20823449, 0.39522997, 0.37409335, 0.01708337, 0.0, 0.0, 0.0, 0.0, 0.0, 0.0, 0.0, 0.0 ],
  "lightfield_0.0_0.6_0.0_x" : [ 0.0, 0.0, 0.0, 0.0, 0.0, 0.010825353, 0.1139137, 0.17367911, 0.18966964, 0.18349296, 0.14458194, 0.16739482, 0.016442483, 0.0, 0.0, 0.0, 0.0, 0.0, 0.0, 0.0 ],
  "lightfield_0.0_0.6_0.0_y" : [ 0.0, 0.0, 0.0, 0.0, 0.0, 0.0, 0.0, 0.0013989024, 0.24235447, 0.3375659, 0.28802323, 0.13042074, 2.3673732E-4, 0.0, 0.0, 0.0, 0.0, 0.0, 0.0, 0.0 ],
  "lightfield_0.6_0.0_0.0_y" : [ 0.0, 0.0, 0.0, 0.0, 0.0, 0.0, 0.0, 0.0, 0.0031703913, 0.702638, 0.29419163, 0.0, 0.0, 0.0, 0.0, 0.0, 0.0, 0.0, 0.0, 0.0 ],
  "lightfield_0.6_0.0_0.0_x" : [ 0.054448023, 0.063838586, 0.06647483, 0.06351121, 0.058221478, 0.056670744, 0.05703258, 0.05327636, 0.05603322, 0.055068318, 0.05427572, 0.053500354, 0.052587144, 0.051897928, 0.050812412, 0.045608837, 0.04092217, 0.033978324, 0.02134845, 0.010493306 ],
  "lightfield_0.0_0.4_0.0_x" : [ 0.0, 0.0, 0.0, 0.0, 0.0, 0.0070088953, 0.16422677, 0.14570786, 0.17880185, 0.18966885, 0.1762512, 0.12125174, 0.017082842, 0.0, 0.0, 0.0, 0.0, 0.0, 0.0, 0.0 ],
  "lightfield_0.0_0.4_0.0_y" : [ 0.0, 0.0, 0.0, 0.0, 0.0, 0.0, 0.0, 0.0014360733, 0.24171042, 0.33827028, 0.28753617, 0.1308327, 2.1433929E-4, 0.0, 0.0, 0.0, 0.0, 0.0, 0.0, 0.0 ],
  "lightfield_0.0_0.2_0.0_y" : [ 0.0, 0.0, 0.0, 0.0, 0.0, 0.0, 0.0, 3.749297E-4, 0.24055311, 0.35157692, 0.285018, 0.122236006, 2.4102624E-4, 0.0, 0.0, 0.0, 0.0, 0.0, 0.0, 0.0 ],
  "lightfield_0.0_0.2_0.0_x" : [ 0.0, 0.019255318, 0.061265297, 0.06546094, 0.062425796, 0.052070595, 0.051999178, 0.06706778, 0.08218102, 0.08037779, 0.07852099, 0.076735616, 0.07482526, 0.072102554, 0.060604706, 0.05107078, 0.032101125, 0.011935262, 0.0, 0.0 ],
  "a3" : [ 0.31687877, 0.15707004, 0.07473174, 0.046306465, 0.034834668, 0.030058939, 0.01970322, 0.0, 0.0, 0.0, 0.0, 0.0, 0.0, 0.031867683, 0.07421877, 0.0642442, 0.049258456, 0.038223654, 0.032538418, 0.030064976 ],
  "lightfield_0.4_0.0_0.0_y" : [ 0.0, 0.0, 0.0, 0.0, 0.0, 0.0, 0.0, 0.0, 0.02302929, 0.74038124, 0.23658943, 0.0, 0.0, 0.0, 0.0, 0.0, 0.0, 0.0, 0.0, 0.0 ],
  "lightfield_0.4_0.0_0.0_x" : [ 0.05520768, 0.06385236, 0.066722326, 0.063921936, 0.058773395, 0.05687748, 0.057468865, 0.053729214, 0.056407847, 0.055277254, 0.054390177, 0.053450916, 0.05254644, 0.051641967, 0.05049398, 0.04414527, 0.040040355, 0.034352604, 0.021255132, 0.009444793 ],
  "lightfield_0.2_0.0_0.0_x" : [ 0.045165867, 0.052670717, 0.05614107, 0.052363, 0.045576155, 0.043174263, 0.04677283, 0.059790924, 0.065945245, 0.06469729, 0.0631929, 0.06203896, 0.060893573, 0.059722543, 0.058397654, 0.050123513, 0.04423417, 0.03713106, 0.022309408, 0.009658863 ],
  "lightfield_0.2_0.0_0.0_y" : [ 0.0, 0.0, 0.0, 0.0, 0.0, 0.0, 0.0, 0.0, 0.21179406, 0.41112563, 0.30916053, 0.06791975, 0.0, 0.0, 0.0, 0.0, 0.0, 0.0, 0.0, 0.0 ]
}