{
  "eccentricity_minmax" : 0.0026500246,
  "compactness" : 113.01497,
  "eccentricity" : 2.2439957,
  "compactness_standardized" : -0.064357206,
  "convexity_minmax" : 0.09075968,
  "diameter_standardized" : -0.6711491,
  "surface_area_minmax" : 0.009827364,
  "convexity" : 0.17463872,
  "diameter_minmax" : 8.9894064E-7,
  "rectangularity _standardized" : -0.40546373,
  "convexity_standardized" : -0.57158446,
  "diameter" : 1.0000005,
  "surface_area" : 0.21642081,
  "rectangularity " : 2.054665E-5,
  "compactness_minmax" : 2.8593318E-5,
  "surface_area_standardized" : -0.8420475,
  "rectangularity _minmax" : 3.69742E-5,
  "eccentricity_standardized" : -0.3084026,
  "lightfield_0.0_0.0_0.6_y" : [ 0.06471359, 0.07478683, 0.07485127, 0.08211087, 0.1528813, 0.10683219, 0.07850254, 0.06198587, 0.05199854, 0.042805903, 0.038338453, 0.03447239, 0.03058485, 0.02669731, 0.02278829, 0.018922228, 0.015013209, 0.011125669, 0.00721665, 0.0033720655 ],
  "lightfield_0.0_0.0_0.6_x" : [ 0.0, 0.0, 0.0, 0.0, 0.0, 2.1478125E-5, 0.025150884, 0.08232565, 0.12251122, 0.16194506, 0.19633153, 0.22431754, 0.1445263, 0.042870335, 0.0, 0.0, 0.0, 0.0, 0.0, 0.0 ],
  "lightfield_0.0_0.0_0.8_y" : [ 0.0, 0.0, 0.043835223, 0.11454132, 0.17444466, 0.10530696, 0.10479483, 0.09629665, 0.08419755, 0.074178986, 0.060559504, 0.04457141, 0.03464887, 0.02711094, 0.01949299, 0.011859036, 0.0041610654, 0.0, 0.0, 0.0 ],
  "lightfield_0.0_0.0_0.8_x" : [ 0.0027527048, 0.006769733, 0.010802765, 0.014787786, 0.018852826, 0.02277383, 0.026774853, 0.03082389, 0.034824915, 0.040522374, 0.049868766, 0.058767043, 0.067025155, 0.07632354, 0.09861725, 0.100809805, 0.13419436, 0.07593944, 0.07585942, 0.052909546 ],
  "lightfield_0.0_0.0_0.2_y" : [ 0.0, 0.0, 0.043562286, 0.11449753, 0.17334622, 0.10413762, 0.103931695, 0.095932074, 0.08406729, 0.07413509, 0.06040109, 0.04509885, 0.03524585, 0.027737295, 0.02018122, 0.012688505, 0.0050373846, 0.0, 0.0, 0.0 ],
  "lightfield_0.0_0.0_0.2_x" : [ 0.053462807, 0.07483209, 0.075465724, 0.13336396, 0.09930617, 0.0983082, 0.07643201, 0.06680079, 0.058817007, 0.05010455, 0.040536687, 0.034976557, 0.031032188, 0.027119502, 0.023175137, 0.019167406, 0.01523888, 0.011262831, 0.0072867824, 0.0033107337 ],
  "lightfield_0.0_0.0_0.4_y" : [ 0.06563029, 0.07534365, 0.07545206, 0.083105676, 0.15439487, 0.10565457, 0.07889944, 0.062009454, 0.05116864, 0.042365897, 0.0378778, 0.03401847, 0.030224187, 0.026321495, 0.022548892, 0.01866788, 0.014851915, 0.010992585, 0.0071766186, 0.0032956074 ],
  "lightfield_0.0_0.0_0.4_x" : [ 0.0, 0.0, 0.0, 0.0, 0.0, 2.1681628E-4, 0.11109666, 0.2238628, 0.2000347, 0.17757252, 0.1359438, 0.099995665, 0.046680544, 0.004596505, 0.0, 0.0, 0.0, 0.0, 0.0, 0.0 ],
  "lightfield_0.0_0.0_0.0_y" : [ 0.0, 0.0, 0.0, 0.0, 0.0, 0.0, 0.003685886, 0.04516407, 0.031186424, 0.42617458, 0.41418347, 0.03125823, 0.045235872, 0.003111462, 0.0, 0.0, 0.0, 0.0, 0.0, 0.0 ],
  "lightfield_0.0_0.0_0.0_x" : [ 0.067399055, 0.07551279, 0.075081974, 0.07541706, 0.16768387, 0.10499988, 0.07915081, 0.06263613, 0.04643259, 0.041597854, 0.03774443, 0.03391494, 0.030085446, 0.026184151, 0.022330724, 0.018501233, 0.014647806, 0.010770446, 0.0068930853, 0.003015725 ],
  "d1" : [ 0.1931204, 0.1501077, 0.1478318, 0.1925667, 0.1237744, 0.0781997, 0.1134159, 0.0, 0.0, 0.0, 0.0, 0.0, 0.0, 0.0, 0.0, 0.0, 0.0, 0.0, 0.0, 9.834E-4 ],
  "d2" : [ 0.11639514, 0.19204682, 0.1304399, 0.107599296, 0.09532314, 0.1299017, 0.12259753, 0.065309666, 0.038747404, 0.0, 0.0, 0.0, 2.7594846E-4, 9.231621E-5, 1.5422708E-4, 1.4442536E-4, 2.2363928E-4, 2.4764347E-4, 2.1433763E-4, 2.8685038E-4 ],
  "d3" : [ 0.022725245, 0.1032866, 0.168925, 0.17371301, 0.1420188, 0.11465647, 0.08114546, 0.04969907, 0.030984541, 0.022211177, 0.020379288, 0.019723244, 0.018287899, 0.014988265, 0.0098098535, 0.005779214, 0.0013746715, 1.549549E-4, 6.419561E-5, 7.305017E-5 ],
  "d4" : [ 9.15146E-7, 4.779096E-6, 3.4877234E-5, 1.9523116E-4, 9.1484096E-4, 0.0028412235, 0.0067829606, 0.013842296, 0.0350324, 0.21312897, 0.638948, 0.05622952, 0.017958011, 0.008441917, 0.0038636448, 0.0013860395, 3.3433334E-4, 4.9519567E-5, 8.744729E-6, 1.7286092E-6 ],
  "lightfield_0.0_0.8_0.0_y" : [ 0.0, 0.0, 0.0, 0.0, 3.3415636E-4, 0.033842612, 0.028421855, 0.029777043, 0.45853677, 0.3603505, 0.029350067, 0.029331502, 0.029925557, 1.299497E-4, 0.0, 0.0, 0.0, 0.0, 0.0, 0.0 ],
  "lightfield_0.0_0.8_0.0_x" : [ 0.0037128483, 0.007462825, 0.0111942375, 0.01492565, 0.018675627, 0.02240704, 0.026157016, 0.029888429, 0.033638407, 0.037388384, 0.041119795, 0.04691184, 0.06263575, 0.08049455, 0.11433716, 0.16533314, 0.07306886, 0.07292034, 0.07297603, 0.06475207 ],
  "lightfield_0.8_0.0_0.0_x" : [ 0.07588157, 0.084880784, 0.08390202, 0.0848264, 0.16122454, 0.10412985, 0.07903537, 0.060520377, 0.04333759, 0.038552515, 0.034936517, 0.031238955, 0.027514206, 0.023898209, 0.020255024, 0.016475897, 0.0128599005, 0.009216716, 0.005491966, 0.0018215927 ],
  "lightfield_0.8_0.0_0.0_y" : [ 0.0, 0.0, 0.0, 0.0, 0.0, 0.0, 0.0, 0.035752155, 0.039966285, 0.42076072, 0.4279927, 0.040238168, 0.035289958, 0.0, 0.0, 0.0, 0.0, 0.0, 0.0, 0.0 ],
  "lightfield_0.0_0.6_0.0_x" : [ 0.0026738502, 0.006245635, 0.00971765, 0.013196315, 0.016661678, 0.020133693, 0.023612358, 0.027084373, 0.030556386, 0.0340284, 0.04038711, 0.05511989, 0.07888523, 0.21544448, 0.1618145, 0.063207954, 0.063207954, 0.06311484, 0.05617746, 0.018730253 ],
  "lightfield_0.0_0.6_0.0_y" : [ 0.0015431175, 0.014347002, 0.018916491, 0.019594932, 0.021357544, 0.02327979, 0.024949282, 0.026572218, 0.10034254, 0.24864146, 0.25008482, 0.100282684, 0.026552264, 0.024909375, 0.023219928, 0.021337591, 0.019428648, 0.018889887, 0.014200672, 0.0015497688 ],
  "lightfield_0.6_0.0_0.0_y" : [ 0.0, 0.0, 0.0, 0.0, 0.0, 0.0, 0.0, 0.0, 4.392634E-4, 0.4890015, 0.5103903, 1.6894746E-4, 0.0, 0.0, 0.0, 0.0, 0.0, 0.0, 0.0, 0.0 ],
  "lightfield_0.6_0.0_0.0_x" : [ 0.09511742, 0.1064369, 0.10596385, 0.106572054, 0.117350906, 0.10221321, 0.07856057, 0.05527961, 0.03652644, 0.03240412, 0.029464437, 0.02655854, 0.023720223, 0.020848116, 0.018009799, 0.014934955, 0.01192769, 0.008954215, 0.0060145296, 0.0031424228 ],
  "lightfield_0.0_0.4_0.0_x" : [ 0.033421412, 0.060266916, 0.063571595, 0.063571595, 0.07264943, 0.20390005, 0.17478009, 0.06941165, 0.051282737, 0.036425058, 0.032899622, 0.029394254, 0.025875505, 0.022363449, 0.01885139, 0.015339332, 0.011827273, 0.008315216, 0.0047964677, 0.0010569622 ],
  "lightfield_0.0_0.4_0.0_y" : [ 0.0015051677, 0.0143158175, 0.018965114, 0.019694284, 0.021487106, 0.02341372, 0.025119577, 0.026584607, 0.10021741, 0.24815199, 0.24961033, 0.10017058, 0.026577918, 0.02508613, 0.023346825, 0.021453658, 0.019680904, 0.018971803, 0.014182025, 0.0014650299 ],
  "lightfield_0.0_0.2_0.0_y" : [ 0.0, 0.0, 0.0, 0.0, 3.3704078E-4, 0.03437816, 0.029378721, 0.030670712, 0.4648354, 0.34992322, 0.030314947, 0.02979066, 0.030314947, 5.6173463E-5, 0.0, 0.0, 0.0, 0.0, 0.0, 0.0 ],
  "lightfield_0.0_0.2_0.0_x" : [ 0.06641576, 0.07444856, 0.07429877, 0.07444856, 0.16852039, 0.11526795, 0.07989739, 0.062464893, 0.04623076, 0.040519793, 0.036737446, 0.0329551, 0.029191477, 0.02540913, 0.021645509, 0.017863162, 0.014080815, 0.010317192, 0.0065348465, 0.0027524997 ],
  "a3" : [ 0.2136155, 0.1592205, 0.11033001, 0.09287202, 0.077464975, 0.06033773, 0.032864932, 0.0, 0.0, 0.0, 0.0, 0.0, 0.0, 0.00957078, 0.032531876, 0.04004256, 0.0451928, 0.044292454, 0.040715408, 0.040948443 ],
  "lightfield_0.4_0.0_0.0_y" : [ 0.0, 0.0, 0.0, 0.0, 0.0, 0.0, 0.0, 0.0, 4.054602E-4, 0.48905256, 0.510373, 1.6894175E-4, 0.0, 0.0, 0.0, 0.0, 0.0, 0.0, 0.0, 0.0 ],
  "lightfield_0.4_0.0_0.0_x" : [ 0.09514799, 0.1064333, 0.105960265, 0.106568456, 0.11734694, 0.10220976, 0.078557916, 0.055311527, 0.036491416, 0.032403026, 0.02946344, 0.026557643, 0.02371942, 0.020847412, 0.01800919, 0.01493445, 0.011927287, 0.008953913, 0.006014326, 0.0031423166 ],