{
  "eccentricity_minmax" : 0.12686314,
  "compactness" : 20.32682,
  "eccentricity" : 60.518963,
  "compactness_standardized" : -0.064959675,
  "convexity_minmax" : 0.30242142,
  "diameter_standardized" : -0.6346165,
  "surface_area_minmax" : 0.014640571,
  "convexity" : 0.5795244,
  "diameter_minmax" : 0.0059802025,
  "rectangularity _standardized" : -0.4054779,
  "convexity_standardized" : 0.8769367,
  "diameter" : 1.0031722,
  "surface_area" : 0.31466466,
  "rectangularity " : 4.345905E-5,
  "compactness_minmax" : 5.047326E-6,
  "surface_area_standardized" : -0.7823687,
  "rectangularity _minmax" : 7.826383E-5,
  "eccentricity_standardized" : 2.3266468,
  "lightfield_0.0_0.0_0.6_y" : [ 0.0, 0.008558444, 0.04158696, 0.046153676, 0.05347369, 0.053219367, 0.047193073, 0.03987306, 0.041056205, 0.040923517, 0.07042471, 0.07192852, 0.07250351, 0.072415054, 0.07119873, 0.06882139, 0.064453706, 0.057918772, 0.047016155, 0.031281445 ],
  "lightfield_0.0_0.0_0.6_x" : [ 0.0, 0.0, 0.0, 0.0, 7.408472E-4, 0.1494521, 0.23150922, 0.17362362, 0.13472362, 0.14538297, 0.12408638, 0.040481217, 0.0, 0.0, 0.0, 0.0, 0.0, 0.0, 0.0, 0.0 ],
  "lightfield_0.0_0.0_0.8_y" : [ 0.0, 0.0, 0.0, 0.0, 0.015756384, 0.064195506, 0.08304631, 0.074594066, 0.07038434, 0.096725166, 0.11349844, 0.112153515, 0.107058115, 0.09668143, 0.08026899, 0.056410257, 0.02766388, 0.0015636105, 0.0, 0.0 ],
  "lightfield_0.0_0.0_0.8_x" : [ 0.050440107, 0.074320704, 0.08237931, 0.085659616, 0.0865781, 0.08599858, 0.084205344, 0.06859111, 0.04425127, 0.047848668, 0.04807829, 0.059428133, 0.060379423, 0.053676672, 0.05151167, 0.016653, 0.0, 0.0, 0.0, 0.0 ],
  "lightfield_0.0_0.0_0.2_y" : [ 0.0, 0.0, 0.0, 0.0, 0.020522062, 0.06922237, 0.07444299, 0.080056794, 0.070412844, 0.064580604, 0.076561816, 0.11394714, 0.11993229, 0.120740496, 0.11598951, 0.07359109, 0.0, 0.0, 0.0, 0.0 ],
  "lightfield_0.0_0.0_0.2_x" : [ 0.0, 0.01341197, 0.04610092, 0.058944955, 0.06181739, 0.055919617, 0.047291394, 0.045052424, 0.07052206, 0.08288554, 0.08380297, 0.08307121, 0.08069026, 0.0764526, 0.06941896, 0.058267802, 0.041841414, 0.022072958, 0.0024355613, 0.0 ],
  "lightfield_0.0_0.0_0.4_y" : [ 0.0, 0.009856424, 0.043214947, 0.04474817, 0.050826296, 0.052885193, 0.048603125, 0.03934904, 0.04007184, 0.036424965, 0.05701394, 0.07081293, 0.07235711, 0.073090866, 0.07288279, 0.07163431, 0.06862262, 0.06319063, 0.05320279, 0.031212011 ],
  "lightfield_0.0_0.0_0.4_x" : [ 0.0, 0.0, 0.0, 0.0, 0.0, 0.025013415, 0.12273439, 0.1674059, 0.20468509, 0.1894624, 0.15285124, 0.100152224, 0.03769535, 0.0, 0.0, 0.0, 0.0, 0.0, 0.0, 0.0 ],
  "lightfield_0.0_0.0_0.0_y" : [ 0.0, 0.0, 0.0, 0.0, 0.0, 0.0, 0.0, 0.0, 0.09559747, 0.51632243, 0.3372615, 0.05081858, 0.0, 0.0, 0.0, 0.0, 0.0, 0.0, 0.0, 0.0 ],
  "lightfield_0.0_0.0_0.0_x" : [ 0.033769835, 0.041415013, 0.04653728, 0.05055646, 0.04885268, 0.042124923, 0.0352115, 0.04042114, 0.03567021, 0.06617446, 0.06781272, 0.06841341, 0.068751976, 0.06820589, 0.06640382, 0.06344404, 0.058321774, 0.049824707, 0.034840163, 0.013247998 ],
  "d1" : [ 0.0322712, 0.07125, 0.084328, 0.0650559, 0.0654877, 0.0685126, 0.0679685, 0.0691926, 0.064445, 0.066469, 0.0704885, 0.0513653, 0.0539421, 0.0537626, 0.0462788, 0.0191079, 0.0178451, 0.0134395, 0.0114156, 0.0073741 ],
  "d2" : [ 0.04454322, 0.12619776, 0.117814586, 0.09743631, 0.08637667, 0.077010825, 0.068702765, 0.061988886, 0.055373523, 0.05147974, 0.047162984, 0.041678417, 0.035291996, 0.028834563, 0.022735292, 0.016484395, 0.01087681, 0.0063102082, 0.00296172, 7.3932984E-4 ],
  "d3" : [ 0.0014312199, 0.012416819, 0.035666797, 0.06551987, 0.0931766, 0.11274288, 0.12111004, 0.119182564, 0.109041065, 0.0944593, 0.07727481, 0.059044864, 0.042242218, 0.027739042, 0.016195504, 0.007946671, 0.0032612977, 0.001174035, 3.1695323E-4, 5.745406E-5 ],
  "d4" : [ 4.779096E-6, 2.989477E-5, 1.3066252E-4, 3.9839357E-4, 0.0011811485, 0.0036568218, 0.010893797, 0.03415213, 0.12798724, 0.5605367, 0.19273047, 0.04668892, 0.014508725, 0.0047818413, 0.0015501557, 5.373941E-4, 1.7458953E-4, 4.5248886E-5, 1.0066607E-5, 1.016829E-6 ],
  "lightfield_0.0_0.8_0.0_y" : [ 0.0, 0.0, 0.0, 0.0, 0.0, 0.0, 0.0, 0.0, 0.09252213, 0.50361913, 0.3552276, 0.048631128, 0.0, 0.0, 0.0, 0.0, 0.0, 0.0, 0.0, 0.0 ],
  "lightfield_0.0_0.8_0.0_x" : [ 0.04417285, 0.062736206, 0.072293326, 0.07745622, 0.08004407, 0.080659, 0.07989033, 0.078314565, 0.05585662, 0.055177625, 0.049553532, 0.05776548, 0.059200328, 0.05713773, 0.0534225, 0.036319613, 0.0, 0.0, 0.0, 0.0 ],
  "lightfield_0.8_0.0_0.0_x" : [ 0.050414626, 0.05646397, 0.06011794, 0.06340651, 0.061975375, 0.056941018, 0.05185591, 0.052515656, 0.03210418, 0.053368248, 0.05445429, 0.055205382, 0.055124186, 0.054697886, 0.053520497, 0.051358566, 0.047826394, 0.04147255, 0.031241436, 0.015935365 ],
  "lightfield_0.8_0.0_0.0_y" : [ 0.0, 0.0, 0.0, 0.0, 0.0, 0.0, 0.0, 0.0, 0.16189113, 0.45907047, 0.3790384, 0.0, 0.0, 0.0, 0.0, 0.0, 0.0, 0.0, 0.0, 0.0 ],
  "lightfield_0.0_0.6_0.0_x" : [ 0.0, 0.0, 0.0, 0.0, 0.006014342, 0.11314481, 0.17302799, 0.18216516, 0.15058987, 0.1337902, 0.1334143, 0.107853346, 0.0, 0.0, 0.0, 0.0, 0.0, 0.0, 0.0, 0.0 ],
  "lightfield_0.0_0.6_0.0_y" : [ 0.0, 0.0, 0.0, 0.0, 0.0, 0.0, 0.0, 0.0, 0.109675, 0.49358085, 0.35351607, 0.043228082, 0.0, 0.0, 0.0, 0.0, 0.0, 0.0, 0.0, 0.0 ],
  "lightfield_0.6_0.0_0.0_y" : [ 0.0, 0.0, 0.0, 0.0, 0.0, 0.0, 0.0, 0.0, 0.0866791, 0.5683381, 0.3449828, 0.0, 0.0, 0.0, 0.0, 0.0, 0.0, 0.0, 0.0, 0.0 ],
  "lightfield_0.6_0.0_0.0_x" : [ 0.0731455, 0.07601538, 0.07793835, 0.07990502, 0.07914749, 0.076277606, 0.07369909, 0.073407724, 0.02738768, 0.035953615, 0.03641979, 0.03641979, 0.03668201, 0.03641979, 0.035822503, 0.034831885, 0.03354991, 0.030723734, 0.026251383, 0.020001749 ],
  "lightfield_0.0_0.4_0.0_x" : [ 0.0, 0.0, 0.0, 0.0, 0.0, 0.103071064, 0.13285805, 0.1341569, 0.15121515, 0.18201235, 0.17306471, 0.11519367, 0.008428101, 0.0, 0.0, 0.0, 0.0, 0.0, 0.0, 0.0 ],
  "lightfield_0.0_0.4_0.0_y" : [ 0.0, 0.0, 0.0, 0.0, 0.0, 0.0, 0.0, 0.0, 0.11155689, 0.49278417, 0.35224846, 0.043410495, 0.0, 0.0, 0.0, 0.0, 0.0, 0.0, 0.0, 0.0 ],
  "lightfield_0.0_0.2_0.0_y" : [ 0.0, 0.0, 0.0, 0.0, 0.0, 0.0, 0.0, 0.0, 0.10051371, 0.5015991, 0.34987786, 0.04800937, 0.0, 0.0, 0.0, 0.0, 0.0, 0.0, 0.0, 0.0 ],
  "lightfield_0.0_0.2_0.0_x" : [ 0.0, 0.034234848, 0.053083528, 0.05608018, 0.05803178, 0.057037093, 0.048714463, 0.053927124, 0.055375084, 0.07701896, 0.07861801, 0.079398654, 0.07875652, 0.07631387, 0.07127748, 0.062123846, 0.044106167, 0.015902394, 0.0, 0.0 ],
  "a3" : [ 0.35370633, 0.14617027, 0.066476464, 0.04093677, 0.0310588, 0.026379162, 0.016575346, 0.0, 0.0, 0.0, 0.0, 0.0, 0.0, 0.02927853, 0.08318674, 0.06952032, 0.047768977, 0.034747127, 0.028596325, 0.025598854 ],
  "lightfield_0.4_0.0_0.0_y" : [ 0.0, 0.0, 0.0, 0.0, 0.0, 0.0, 0.0, 0.0, 0.09608216, 0.6098867, 0.2940311, 0.0, 0.0, 0.0, 0.0, 0.0, 0.0, 0.0, 0.0, 0.0 ],
  "lightfield_0.4_0.0_0.0_x" : [ 0.07198663, 0.07511462, 0.07739991, 0.079270996, 0.078242615, 0.07545742, 0.07284361, 0.07244369, 0.027794838, 0.03639324, 0.03713596, 0.03713596, 0.037193093, 0.03699313, 0.036507506, 0.035579108, 0.034022253, 0.031608414, 0.026752174, 0.020124834 ],
  "lightfield_0.2_0.0_0.0_x" : [ 0.04958444, 0.0559264, 0.060117345, 0.06296517, 0.06161195, 0.05659291, 0.051119436, 0.051866736, 0.032447007, 0.053714793, 0.054674167, 0.055280086, 0.05555275, 0.054987226, 0.053856175, 0.05169506, 0.048160527, 0.042151824, 0.031487633, 0.016208356 ],
  "lightfield_0.2_0.0_0.0_y" : [ 0.0, 0.0, 0.0, 0.0, 0.0, 0.0, 0.0, 0.0, 0.13861427, 0.48635167, 0.3696616, 0.0053724893, 0.0, 0.0, 0.0, 0.0, 0.0, 0.0, 0.0, 0.0 ]
}