{
  "eccentricity_minmax" : 0.010175367,
  "compactness" : 4.4062896,
  "eccentricity" : 5.7745333,
  "compactness_standardized" : -0.06508221,
  "convexity_minmax" : 0.23250906,
  "diameter_standardized" : -0.22149853,
  "surface_area_minmax" : 0.04789637,
  "convexity" : 0.44578975,
  "diameter_minmax" : 0.07250765,
  "rectangularity _standardized" : -0.22097705,
  "convexity_standardized" : 0.39916998,
  "diameter" : 1.0384612,
  "surface_area" : 0.9934591,
  "rectangularity " : 0.00889241,
  "compactness_minmax" : 1.0029611E-6,
  "surface_area_standardized" : -0.36656964,
  "rectangularity _minmax" : 0.016024645,
  "eccentricity_standardized" : -0.1488014,
  "lightfield_0.0_0.0_0.6_y" : [ 0.010029132, 0.021415476, 0.034207772, 0.040022794, 0.046032775, 0.07172985, 0.070927516, 0.057434116, 0.054303527, 0.056166884, 0.057359133, 0.057914015, 0.05804524, 0.060156044, 0.06377028, 0.08478459, 0.074114345, 0.04581157, 0.027110523, 0.00866442 ],
  "lightfield_0.0_0.0_0.6_x" : [ 0.0, 0.0, 0.0, 3.749208E-6, 0.009144318, 0.009575477, 0.011630043, 0.022405267, 0.035096336, 0.07510413, 0.11733896, 0.14255613, 0.17219737, 0.17143254, 0.13448034, 0.08992475, 0.009110576, 0.0, 0.0, 0.0 ],
  "lightfield_0.0_0.0_0.8_y" : [ 0.00876778, 0.028375676, 0.03729129, 0.051768072, 0.06031276, 0.054765027, 0.056522883, 0.06328552, 0.07197536, 0.07711185, 0.08190698, 0.090438224, 0.08132909, 0.068459645, 0.05859253, 0.04807227, 0.035616755, 0.0166862, 0.0056498693, 0.0030722173 ],
  "lightfield_0.0_0.0_0.8_x" : [ 0.011667974, 0.0174603, 0.015791142, 0.029391686, 0.040554345, 0.05751739, 0.057522766, 0.057420626, 0.059554785, 0.0629818, 0.07837514, 0.08137747, 0.07075507, 0.062495295, 0.060831513, 0.059877325, 0.057122275, 0.0530448, 0.045887046, 0.020371247 ],
  "lightfield_0.0_0.0_0.2_y" : [ 0.0, 1.2298855E-4, 0.02532567, 0.07243361, 0.09087192, 0.09760305, 0.09880302, 0.09849721, 0.10593968, 0.109031014, 0.09902906, 0.073663495, 0.05044525, 0.02734667, 0.015323709, 0.013678322, 0.011903298, 0.009982017, 0.0, 0.0 ],
  "lightfield_0.0_0.0_0.2_x" : [ 0.013994103, 0.02246037, 0.03401797, 0.05136268, 0.06403383, 0.06340559, 0.05574373, 0.054842923, 0.05715644, 0.059586294, 0.061228357, 0.0676703, 0.0743283, 0.08211314, 0.078064494, 0.059838917, 0.046988275, 0.03289445, 0.013355892, 0.006913951 ],
  "lightfield_0.0_0.0_0.4_y" : [ 0.0064925533, 0.03164144, 0.040510535, 0.04663146, 0.0488987, 0.050525744, 0.053370725, 0.06406673, 0.086380005, 0.06134042, 0.054769795, 0.055185143, 0.055207003, 0.05469172, 0.053989064, 0.05353312, 0.049598236, 0.057580423, 0.05247757, 0.023109619 ],
  "lightfield_0.0_0.0_0.4_x" : [ 0.0, 0.0, 0.0048998636, 0.008041522, 0.020676862, 0.054407533, 0.070731044, 0.07761709, 0.098515674, 0.11814948, 0.124345355, 0.11142583, 0.099337004, 0.085558675, 0.067430116, 0.0438302, 0.011020789, 0.004012954, 0.0, 0.0 ],
  "lightfield_0.0_0.0_0.0_y" : [ 0.0, 0.0, 0.0, 0.0, 0.010151153, 0.09522102, 0.12917656, 0.14698634, 0.15222552, 0.15446393, 0.1596161, 0.08145291, 0.026356097, 0.018913312, 0.01694992, 0.008487144, 0.0, 0.0, 0.0, 0.0 ],
  "lightfield_0.0_0.0_0.0_x" : [ 0.0073836064, 0.021809662, 0.036096472, 0.04042359, 0.044677608, 0.047392935, 0.0565241, 0.083865374, 0.061007876, 0.052934993, 0.05359642, 0.05421955, 0.054470196, 0.05427177, 0.055368345, 0.054539822, 0.05363123, 0.07527728, 0.07037576, 0.022133414 ],
  "d1" : [ 0.004837, 0.0096415, 0.0434299, 0.0422585, 0.0352619, 0.048406, 0.0778856, 0.0753377, 0.1728857, 0.074797, 0.1135664, 0.0343383, 0.0122581, 0.0147894, 0.0227405, 0.0696139, 0.0763448, 0.0212468, 0.0267752, 0.0235858 ],
  "d2" : [ 0.032031424, 0.05501576, 0.084815696, 0.06870507, 0.07754942, 0.062576085, 0.06437451, 0.07996944, 0.04491919, 0.03730855, 0.042120095, 0.034382038, 0.03496804, 0.037036102, 0.043601956, 0.06223673, 0.07726607, 0.041043606, 0.014799999, 0.0052802274 ],
  "d3" : [ 0.01213146, 0.037148226, 0.058374632, 0.068100266, 0.07627575, 0.08566572, 0.09265388, 0.09358381, 0.09689391, 0.087256216, 0.074424945, 0.06440399, 0.05078567, 0.03495521, 0.02552711, 0.017012943, 0.0106775, 0.008447961, 0.005034425, 6.463833E-4 ],
  "d4" : [ 4.1689987E-6, 1.25069955E-5, 7.595712E-5, 2.9864267E-4, 0.0010977685, 0.004486656, 0.01478571, 0.041499533, 0.11854365, 0.55690753, 0.17707609, 0.05595162, 0.02037237, 0.0065511237, 0.001746607, 4.3967683E-4, 1.2293462E-4, 2.0946676E-5, 5.795925E-6, 7.117803E-7 ],
  "lightfield_0.0_0.8_0.0_y" : [ 0.0, 0.0, 0.0011342466, 0.032759707, 0.07821169, 0.09625442, 0.11563156, 0.11963992, 0.11717383, 0.11822339, 0.11919853, 0.06578117, 0.042298157, 0.032379918, 0.02930308, 0.027265541, 0.004744846, 0.0, 0.0, 0.0 ],
  "lightfield_0.0_0.8_0.0_x" : [ 0.038772244, 0.07792171, 0.06450578, 0.07558906, 0.04948343, 0.04907541, 0.047579333, 0.047730736, 0.047551107, 0.046955753, 0.058811452, 0.07756245, 0.058423962, 0.07312298, 0.048046377, 0.038697824, 0.03523606, 0.032695554, 0.023010835, 0.009227943 ],
  "lightfield_0.8_0.0_0.0_x" : [ 0.009959274, 0.021270007, 0.04738123, 0.047905784, 0.042831436, 0.043519914, 0.058764815, 0.08239532, 0.061708156, 0.05223701, 0.051574033, 0.05226251, 0.05230258, 0.051155116, 0.050535847, 0.050208002, 0.055049215, 0.078100525, 0.06876416, 0.022075055 ],
  "lightfield_0.8_0.0_0.0_y" : [ 0.0, 0.0, 0.0, 0.0, 8.9975883E-4, 0.0148187, 0.020632526, 0.027579248, 0.046911314, 0.14540759, 0.1689871, 0.16186917, 0.15706438, 0.1512797, 0.10030672, 0.004243802, 0.0, 0.0, 0.0, 0.0 ],
  "lightfield_0.0_0.6_0.0_x" : [ 0.008390481, 0.0695174, 0.087106906, 0.063755214, 0.05218871, 0.06984242, 0.094189264, 0.09462062, 0.076021925, 0.054409716, 0.053169806, 0.06367095, 0.08149319, 0.05708215, 0.035626438, 0.020617068, 0.0105332425, 0.006169471, 0.0015950339, 0.0 ],
  "lightfield_0.0_0.6_0.0_y" : [ 0.004913507, 0.028343452, 0.043974783, 0.054919325, 0.061548248, 0.075883485, 0.08766267, 0.08159552, 0.073443785, 0.0722761, 0.07194707, 0.068195224, 0.054453857, 0.03992801, 0.035096765, 0.030556437, 0.029422859, 0.029830145, 0.03009498, 0.025913784 ],
  "lightfield_0.6_0.0_0.0_y" : [ 0.0, 0.0, 0.0, 0.0, 0.0, 0.0, 0.0146070765, 0.06002673, 0.18140317, 0.2189165, 0.20687413, 0.19429444, 0.111176334, 0.012701609, 0.0, 0.0, 0.0, 0.0, 0.0, 0.0 ],
  "lightfield_0.6_0.0_0.0_x" : [ 0.0154559575, 0.0232765, 0.06753571, 0.06846587, 0.0484088, 0.041586142, 0.05472574, 0.068483934, 0.057678763, 0.051294092, 0.050490364, 0.050372966, 0.04995304, 0.048598442, 0.047447037, 0.052210703, 0.057182077, 0.06789694, 0.05803999, 0.020896925 ],
  "lightfield_0.0_0.4_0.0_x" : [ 8.36481E-4, 0.0050710407, 0.00954832, 0.015363568, 0.0346929, 0.04719197, 0.08013568, 0.07124331, 0.052604023, 0.05408642, 0.06647717, 0.094448134, 0.09424955, 0.07993107, 0.051954094, 0.059243716, 0.08389082, 0.07964021, 0.019391514, 0.0 ],
  "lightfield_0.0_0.4_0.0_y" : [ 0.0049727494, 0.028374158, 0.043976434, 0.05493694, 0.0615305, 0.0759272, 0.08766, 0.08158598, 0.073325485, 0.07224628, 0.071903266, 0.0685092, 0.054465543, 0.04000666, 0.035037924, 0.030440286, 0.02940321, 0.029874608, 0.029938798, 0.025884774 ],
  "lightfield_0.0_0.2_0.0_y" : [ 0.0, 0.0, 0.0011342408, 0.03275441, 0.07821899, 0.096241094, 0.115600176, 0.11972912, 0.11719632, 0.11822535, 0.11921075, 0.06576287, 0.042300507, 0.032390013, 0.029233644, 0.027252572, 0.0047499537, 0.0, 0.0, 0.0 ],
  "lightfield_0.0_0.2_0.0_x" : [ 0.009376732, 0.02321601, 0.03271335, 0.03527694, 0.038718153, 0.048415657, 0.07306101, 0.058500648, 0.07750816, 0.05855197, 0.04696321, 0.04755856, 0.04773049, 0.047579087, 0.04909312, 0.049552463, 0.0757991, 0.06435918, 0.07801882, 0.03800733 ],
  "a3" : [ 0.1425051, 0.15244585, 0.11061849, 0.08934569, 0.08974294, 0.092844754, 0.05851369, 0.0, 0.0, 0.0, 0.0, 0.0, 0.0, 0.0018342033, 0.011540216, 0.02688196, 0.040352874, 0.049977988, 0.060237814, 0.073158436 ],