{
  "eccentricity_minmax" : 0.0057740286,
  "compactness" : 7.125964,
  "eccentricity" : 3.709632,
  "compactness_standardized" : -0.065047815,
  "convexity_minmax" : 0.11779991,
  "diameter_standardized" : -0.20485607,
  "surface_area_minmax" : 0.03922989,
  "convexity" : 0.2263637,
  "diameter_minmax" : 0.07530381,
  "rectangularity _standardized" : -0.27788904,
  "convexity_standardized" : -0.38702723,
  "diameter" : 1.0399444,
  "surface_area" : 0.8165649,
  "rectangularity " : 0.006179069,
  "compactness_minmax" : 1.6938524E-6,
  "surface_area_standardized" : -0.4752073,
  "rectangularity _minmax" : 0.01113503,
  "eccentricity_standardized" : -0.24205405,
  "lightfield_0.0_0.0_0.6_y" : [ 0.0026804197, 0.020858446, 0.013442788, 0.016458897, 0.019754745, 0.031483486, 0.0518384, 0.053771153, 0.09545244, 0.106769204, 0.10185595, 0.08959316, 0.07440072, 0.053491414, 0.039860435, 0.03646795, 0.039245006, 0.053242188, 0.06156319, 0.037770014 ],
  "lightfield_0.0_0.0_0.6_x" : [ 0.0, 0.0, 0.0, 0.0, 0.006632386, 0.014790627, 0.049341086, 0.10650472, 0.13225608, 0.13420917, 0.12271439, 0.064803086, 0.07245271, 0.104765244, 0.11593451, 0.051563747, 0.00989263, 0.005869458, 0.0048725656, 0.0033975719 ],
  "lightfield_0.0_0.0_0.8_y" : [ 0.0, 0.0, 0.0, 0.009813051, 0.023902548, 0.021341741, 0.025279108, 0.040294744, 0.057486564, 0.10316103, 0.13336943, 0.13186635, 0.13553043, 0.09942103, 0.080943756, 0.06695548, 0.04822515, 0.016736338, 0.0056732493, 0.0 ],
  "lightfield_0.0_0.0_0.8_x" : [ 0.0, 0.002920129, 0.021807343, 0.038047712, 0.052790064, 0.053083595, 0.07664201, 0.08284158, 0.10902153, 0.0970323, 0.059080742, 0.055482455, 0.049191777, 0.04507728, 0.050563276, 0.05926293, 0.061919898, 0.040805895, 0.04237983, 0.0020496573 ],
  "lightfield_0.0_0.0_0.2_y" : [ 6.8325025E-4, 0.004220968, 0.0048181796, 0.013022244, 0.08234937, 0.08416631, 0.06893742, 0.05219526, 0.05064656, 0.05635549, 0.06253005, 0.07553711, 0.12697826, 0.16914746, 0.07766784, 0.038388543, 0.023954248, 0.008401448, 0.0, 0.0 ],
  "lightfield_0.0_0.0_0.2_x" : [ 0.0, 0.004808057, 0.015982995, 0.013047549, 0.030523572, 0.032887112, 0.04111142, 0.048146367, 0.079565756, 0.12130982, 0.1417972, 0.10563049, 0.07813852, 0.04829314, 0.039861325, 0.050099958, 0.06734317, 0.05475112, 0.020770807, 0.005931624 ],
  "lightfield_0.0_0.0_0.4_y" : [ 0.0013241136, 0.03485818, 0.020779958, 0.028709421, 0.046333827, 0.058844417, 0.04683608, 0.044568345, 0.051163547, 0.07292771, 0.10003399, 0.08641236, 0.07018309, 0.0629233, 0.055227205, 0.04556777, 0.04524816, 0.0468513, 0.053121813, 0.028085412 ],
  "lightfield_0.0_0.0_0.4_x" : [ 0.0, 0.0, 0.002886669, 0.010988621, 0.010156611, 0.013220843, 0.026923643, 0.033366647, 0.056211412, 0.109744154, 0.147489, 0.1820783, 0.19520275, 0.13419713, 0.052452147, 0.020140732, 0.004941328, 0.0, 0.0, 0.0 ],
  "lightfield_0.0_0.0_0.0_y" : [ 0.0, 0.0, 0.002679268, 0.0054041184, 0.006381621, 0.011497047, 0.047836833, 0.091956116, 0.18872884, 0.2000385, 0.15693723, 0.1295621, 0.06555849, 0.03896334, 0.02139869, 0.014844866, 0.009461006, 0.008751937, 0.0, 0.0 ],
  "lightfield_0.0_0.0_0.0_x" : [ 0.024098216, 0.018268656, 0.016658057, 0.02134804, 0.029912582, 0.050668046, 0.056360856, 0.06980784, 0.07937014, 0.09169275, 0.08919075, 0.075166374, 0.063395835, 0.05197476, 0.0409538, 0.03761611, 0.04069043, 0.048495255, 0.055079468, 0.039252035 ],
  "d1" : [ 0.0215375, 0.0504404, 0.0568704, 0.0622782, 0.076518, 0.0516253, 0.0410237, 0.0364913, 0.0397981, 0.0436247, 0.0501103, 0.05331, 0.0432797, 0.0444698, 0.0689793, 0.0457982, 0.0678884, 0.0683348, 0.052569, 0.0250529 ],
  "d2" : [ 0.013652397, 0.03316292, 0.053456485, 0.07719655, 0.089828774, 0.08057875, 0.079614684, 0.084201686, 0.094722934, 0.09505219, 0.07380536, 0.053508196, 0.04571933, 0.039386515, 0.026490152, 0.016866062, 0.013805124, 0.01606152, 0.012024412, 8.6595205E-4 ],
  "d3" : [ 0.0016857886, 0.014397323, 0.03840306, 0.06519023, 0.08916005, 0.10862188, 0.121643126, 0.12637237, 0.120156065, 0.100857735, 0.0766406, 0.051415548, 0.032402884, 0.020223428, 0.014722528, 0.0108349705, 0.0056163105, 0.001394091, 2.3726212E-4, 2.4752537E-5 ],
  "d4" : [ 1.3218776E-6, 1.4845702E-5, 8.7854016E-5, 5.0861784E-4, 0.0017079676, 0.00444944, 0.010853734, 0.028480057, 0.08614412, 0.39498416, 0.34881523, 0.080657616, 0.026769241, 0.010148054, 0.004193606, 0.0016254011, 4.6143695E-4, 8.20581E-5, 1.2405313E-5, 2.847121E-6 ],
  "lightfield_0.0_0.8_0.0_y" : [ 0.0, 0.0, 0.0020166594, 0.0042963615, 0.0049929367, 0.00917239, 0.04643675, 0.092152566, 0.17487943, 0.17814311, 0.14425448, 0.12233913, 0.07017877, 0.05295923, 0.035944276, 0.024350919, 0.018374007, 0.019508988, 0.0, 0.0 ],
  "lightfield_0.0_0.8_0.0_x" : [ 1.46134735E-5, 0.007935116, 0.034439087, 0.053032294, 0.052895904, 0.038676992, 0.038418822, 0.05288129, 0.06818647, 0.08896196, 0.11139851, 0.112211995, 0.071070194, 0.07806518, 0.05347557, 0.03390326, 0.03608554, 0.030717522, 0.016284281, 0.021345414 ],
  "lightfield_0.8_0.0_0.0_x" : [ 0.037405625, 0.02728826, 0.026179017, 0.03325044, 0.04383297, 0.055256378, 0.050864134, 0.07321448, 0.07517801, 0.08517909, 0.08220024, 0.070316136, 0.05821287, 0.044879593, 0.03325044, 0.03089777, 0.033769276, 0.041422155, 0.058159195, 0.039243925 ],
  "lightfield_0.8_0.0_0.0_y" : [ 0.0, 0.0, 0.0, 0.006472072, 0.00897234, 0.015091065, 0.030844098, 0.0429742, 0.06251565, 0.101079725, 0.16457044, 0.21223655, 0.16907898, 0.12237002, 0.051266685, 0.0062350165, 0.004727699, 0.0015654631, 0.0, 0.0 ],
  "lightfield_0.0_0.6_0.0_x" : [ 0.0, 0.0, 0.0, 0.0, 0.0034653328, 0.024383087, 0.0466213, 0.08628399, 0.14587234, 0.13562307, 0.12744181, 0.1668949, 0.12428388, 0.084474474, 0.031879663, 0.022776179, 0.0, 0.0, 0.0, 0.0 ],
  "lightfield_0.0_0.6_0.0_y" : [ 0.0, 0.0, 0.0030740856, 0.0063158483, 0.00872621, 0.011262331, 0.051176537, 0.09182433, 0.16358326, 0.14552301, 0.12040634, 0.11555068, 0.09355699, 0.07072493, 0.035736244, 0.025941089, 0.026828382, 0.029769722, 0.0, 0.0 ],
  "lightfield_0.6_0.0_0.0_y" : [ 0.0, 0.0, 0.0, 0.0, 0.0, 0.0021130452, 0.016999688, 0.041551262, 0.07364943, 0.20479062, 0.2081482, 0.1932086, 0.17893627, 0.07611729, 0.004485587, 0.0, 0.0, 0.0, 0.0, 0.0 ],
  "lightfield_0.6_0.0_0.0_x" : [ 0.029900385, 0.020002436, 0.023810154, 0.029079529, 0.039554726, 0.057608288, 0.055495244, 0.066023394, 0.063147746, 0.07600608, 0.07693815, 0.07066786, 0.061765533, 0.047758, 0.037060376, 0.037023306, 0.037113335, 0.051470395, 0.06968283, 0.049892228 ],
  "lightfield_0.0_0.4_0.0_x" : [ 0.0, 0.0, 0.0, 0.0, 0.0016049796, 0.03593759, 0.036942445, 0.0956847, 0.15786022, 0.14826523, 0.1230182, 0.15146123, 0.12283677, 0.071861215, 0.03727042, 0.01725702, 0.0, 0.0, 0.0, 0.0 ],
  "lightfield_0.0_0.4_0.0_y" : [ 0.0, 0.0, 0.0031680902, 0.0063012894, 0.008904148, 0.011388377, 0.051345393, 0.091874614, 0.16301708, 0.14530648, 0.12035952, 0.116060965, 0.093605205, 0.07070284, 0.035379335, 0.026056495, 0.02680316, 0.029727014, 0.0, 0.0 ],
  "lightfield_0.0_0.2_0.0_y" : [ 0.0, 0.0, 0.0020725944, 0.0042768596, 0.0050034868, 0.009338867, 0.04619691, 0.091950044, 0.1746685, 0.1785406, 0.14434035, 0.12276586, 0.07014635, 0.05281946, 0.035765667, 0.024339573, 0.018414391, 0.01936047, 0.0, 0.0 ],
  "lightfield_0.0_0.2_0.0_x" : [ 0.0032332474, 0.024461491, 0.015683444, 0.04106663, 0.030274509, 0.037228674, 0.06909298, 0.070156105, 0.08272334, 0.12074204, 0.10267389, 0.08134811, 0.062231477, 0.04798178, 0.036784895, 0.042178515, 0.055145644, 0.052380558, 0.020165125, 0.004447544 ],
  "a3" : [ 0.11150767, 0.15922624, 0.142231, 0.11319939, 0.09459645, 0.08442467, 0.05013063, 0.0, 0.0, 0.0, 0.0, 0.0, 0.0, 0.0029917366, 0.015138089, 0.026143108, 0.036612425, 0.04555292, 0.053805277, 0.064440414 ],
  "lightfield_0.4_0.0_0.0_y" : [ 0.0, 0.0, 0.0, 0.0, 0.0, 0.0, 1.0597767E-5, 0.03544953, 0.15289399, 0.19288465, 0.19845378, 0.22343802, 0.11432871, 0.051886667, 0.024099322, 0.006554719, 0.0, 0.0, 0.0, 0.0 ],