{
  "eccentricity_minmax" : 0.0049110004,
  "compactness" : 9.195607,
  "eccentricity" : 3.3047392,
  "compactness_standardized" : -0.06505024,
  "convexity_minmax" : 0.11434503,
  "diameter_standardized" : 0.88318723,
  "surface_area_minmax" : 0.03170287,
  "convexity" : 0.2197549,
  "diameter_minmax" : 0.2506397,
  "rectangularity _standardized" : -0.35873955,
  "convexity_standardized" : -0.41006288,
  "diameter" : 1.1329502,
  "surface_area" : 0.6629286,
  "rectangularity " : 0.0022674873,
  "compactness_minmax" : 2.2196134E-6,
  "surface_area_standardized" : -0.5688247,
  "rectangularity _minmax" : 0.0040861065,
  "eccentricity_standardized" : -0.26045072,
  "lightfield_0.0_0.0_0.6_y" : [ 0.008793703, 0.02967807, 0.047249183, 0.08308665, 0.09549777, 0.09371622, 0.096643835, 0.05799825, 0.051958352, 0.050882902, 0.05084488, 0.063831754, 0.07323922, 0.07276668, 0.027108941, 0.042605195, 0.022725668, 0.01461091, 0.01114014, 0.00562167 ],
  "lightfield_0.0_0.0_0.6_x" : [ 0.0, 0.0, 0.0, 0.008000695, 0.023676192, 0.0368586, 0.038851984, 0.05972549, 0.06801949, 0.13107996, 0.13113427, 0.17442384, 0.15531561, 0.051523827, 0.05452205, 0.04497336, 0.021432955, 4.6168303E-4, 0.0, 0.0 ],
  "lightfield_0.0_0.0_0.8_y" : [ 0.0074390275, 0.008053509, 0.007705484, 0.0103918, 0.025416678, 0.043220315, 0.07940944, 0.10753419, 0.13420703, 0.12531608, 0.087691344, 0.10935588, 0.10500558, 0.05671715, 0.012159113, 0.016835695, 0.028554339, 0.015949318, 0.013355447, 0.0056825904 ],
  "lightfield_0.0_0.0_0.8_x" : [ 0.0023546044, 0.019266428, 0.017374044, 0.023616739, 0.025699448, 0.04380217, 0.055286985, 0.06346013, 0.090551674, 0.095918864, 0.100421436, 0.1283613, 0.085570574, 0.058169063, 0.045982763, 0.038668804, 0.028124746, 0.04907692, 0.026835967, 0.0014573534 ],
  "lightfield_0.0_0.0_0.2_y" : [ 0.0, 0.0, 0.006065119, 0.03450512, 0.05137336, 0.038432438, 0.04441949, 0.05957028, 0.09673564, 0.15293708, 0.17637487, 0.14364724, 0.050136317, 0.035279777, 0.040384084, 0.024800932, 0.019078102, 0.023882156, 0.002378007, 0.0 ],
  "lightfield_0.0_0.0_0.2_x" : [ 0.008034782, 0.0092297895, 0.009830297, 0.02102975, 0.05026242, 0.13469969, 0.12874267, 0.09657351, 0.06887213, 0.056141384, 0.05515655, 0.09638735, 0.105803296, 0.048965327, 0.031724777, 0.028427994, 0.01805724, 0.014316083, 0.012076193, 0.0056687845 ],
  "lightfield_0.0_0.0_0.4_y" : [ 0.017299214, 0.04616428, 0.026199233, 0.03802071, 0.050280407, 0.09815061, 0.08599525, 0.06555547, 0.07379816, 0.07787255, 0.07632835, 0.06318178, 0.062738344, 0.04830842, 0.03746772, 0.041474294, 0.04496961, 0.028113833, 0.01002165, 0.008060099 ],
  "lightfield_0.0_0.0_0.4_x" : [ 0.0, 0.0049351803, 0.008169653, 0.009009573, 0.018269558, 0.023069099, 0.031567417, 0.04760936, 0.0813783, 0.11613324, 0.195983, 0.21457078, 0.09931398, 0.048324075, 0.020549338, 0.027023502, 0.032475155, 0.017017502, 0.004601299, 0.0 ],
  "lightfield_0.0_0.0_0.0_y" : [ 0.0, 0.0, 0.0, 0.008719172, 0.07381764, 0.09789849, 0.1295969, 0.14110059, 0.12828903, 0.1410162, 0.10505665, 0.063471824, 0.03675178, 0.0291436, 0.021141648, 0.016219536, 0.0077769393, 0.0, 0.0, 0.0 ],
  "lightfield_0.0_0.0_0.0_x" : [ 0.037361186, 0.031445272, 0.049718034, 0.07964917, 0.0869714, 0.064376555, 0.06731107, 0.067147, 0.06942524, 0.052830685, 0.051157165, 0.04908988, 0.056173034, 0.05403543, 0.036184564, 0.054546393, 0.036343947, 0.02575906, 0.019472819, 0.011002095 ],
  "d1" : [ 0.0756848, 0.0729064, 0.0616357, 0.0601301, 0.0774122, 0.0978745, 0.0944956, 0.0636711, 0.0444149, 0.0478918, 0.0496734, 0.0473115, 0.0488316, 0.0482234, 0.0436779, 0.0288277, 0.019012, 0.0095256, 0.0056244, 0.0031754 ],
  "d2" : [ 0.017840734, 0.04761656, 0.08168814, 0.1093571, 0.10730134, 0.10553343, 0.10357479, 0.09698203, 0.08082549, 0.063936725, 0.05210695, 0.043751583, 0.031553842, 0.022389332, 0.016242253, 0.010347217, 0.005711503, 0.0026326622, 5.1208993E-4, 9.621689E-5 ],
  "d3" : [ 0.0026327241, 0.024291899, 0.062030666, 0.10123265, 0.12998302, 0.14257994, 0.13692942, 0.117226005, 0.09146022, 0.0657684, 0.046389576, 0.031221705, 0.02050124, 0.013201454, 0.0077186665, 0.0039661415, 0.0018265562, 7.75982E-4, 2.3273422E-4, 3.099098E-5 ],
  "d4" : [ 1.3218776E-6, 6.3043394E-6, 4.5452252E-5, 2.0550113E-4, 8.202759E-4, 0.0029377204, 0.009547312, 0.028851097, 0.097159736, 0.4938979, 0.27355647, 0.06346436, 0.020102099, 0.0066955136, 0.0020210491, 5.4176647E-4, 1.182572E-4, 2.3997163E-5, 3.4572183E-6, 4.0673157E-7 ],
  "lightfield_0.0_0.8_0.0_y" : [ 0.0, 4.4858E-4, 0.020692294, 0.07749322, 0.083839186, 0.11360185, 0.13000588, 0.11731395, 0.115741864, 0.11388993, 0.071032025, 0.037915297, 0.030462284, 0.02647445, 0.025811868, 0.013984172, 0.017280618, 0.0040125274, 0.0, 0.0 ],
  "lightfield_0.0_0.8_0.0_x" : [ 0.0063994667, 0.011835927, 0.028207038, 0.044701613, 0.038265105, 0.041508052, 0.061006878, 0.056574576, 0.052385088, 0.053841945, 0.05624123, 0.06161596, 0.07610221, 0.074023925, 0.08036989, 0.08626728, 0.07075217, 0.03258172, 0.039631423, 0.027688496 ],
  "lightfield_0.8_0.0_0.0_x" : [ 0.038784645, 0.03302981, 0.048253298, 0.0707203, 0.07144097, 0.06377663, 0.0680533, 0.06853725, 0.07311377, 0.056859247, 0.05790606, 0.056033373, 0.05776403, 0.055191714, 0.033234965, 0.042735178, 0.04003135, 0.028148195, 0.021851541, 0.014534379 ],
  "lightfield_0.8_0.0_0.0_y" : [ 0.0, 0.0, 0.0, 0.0, 0.008353454, 0.019679014, 0.01993677, 0.05398709, 0.06690128, 0.1363854, 0.15385506, 0.15162992, 0.16461776, 0.12338178, 0.08589645, 0.015376037, 0.0, 0.0, 0.0, 0.0 ],
  "lightfield_0.0_0.6_0.0_x" : [ 0.0, 0.0, 0.0027721755, 0.04838846, 0.07553124, 0.07402437, 0.08956466, 0.08640139, 0.08079952, 0.10382813, 0.12406156, 0.13761187, 0.1075167, 0.0649755, 0.004524436, 0.0, 0.0, 0.0, 0.0, 0.0 ],
  "lightfield_0.0_0.6_0.0_y" : [ 0.01052123, 0.040739093, 0.057050068, 0.060244013, 0.07759791, 0.08416984, 0.08804629, 0.08371356, 0.088437386, 0.08756317, 0.07444614, 0.061447974, 0.048468977, 0.031092076, 0.026345253, 0.02567809, 0.0229826, 0.008305023, 0.0118977325, 0.011253576 ],
  "lightfield_0.6_0.0_0.0_y" : [ 0.0, 0.0, 0.0, 0.0, 0.0, 0.0, 0.0011666003, 0.01629049, 0.09478802, 0.21605158, 0.22330965, 0.2799701, 0.16534987, 0.0030736774, 0.0, 0.0, 0.0, 0.0, 0.0, 0.0 ],
  "lightfield_0.6_0.0_0.0_x" : [ 0.031568065, 0.0321828, 0.04604928, 0.04783061, 0.06038379, 0.06525976, 0.066293634, 0.0698074, 0.07722615, 0.06417, 0.0654833, 0.06616091, 0.06727861, 0.05374744, 0.03211993, 0.0417112, 0.03782719, 0.027677068, 0.026545396, 0.020677466 ],
  "lightfield_0.0_0.4_0.0_x" : [ 0.0, 0.0, 0.0056319386, 0.12486905, 0.13467114, 0.10229257, 0.0815758, 0.088632986, 0.13470362, 0.11043391, 0.08274523, 0.068712085, 0.021549169, 0.028106906, 0.013919456, 0.002156135, 0.0, 0.0, 0.0, 0.0 ],
  "lightfield_0.0_0.4_0.0_y" : [ 0.008194125, 0.037592277, 0.049915947, 0.06090371, 0.07611035, 0.07952525, 0.08262748, 0.08579469, 0.09163371, 0.0981549, 0.07274824, 0.06450539, 0.055681884, 0.031550225, 0.021541048, 0.017988095, 0.016193345, 0.013290076, 0.020063018, 0.01598626 ],
  "lightfield_0.0_0.2_0.0_y" : [ 0.0, 4.3401407E-5, 0.014878792, 0.06612007, 0.07883669, 0.100805685, 0.11974054, 0.11172312, 0.114571825, 0.13055933, 0.081160635, 0.06441952, 0.035892963, 0.02655377, 0.021834854, 0.013651716, 0.015127364, 0.004079732, 0.0, 0.0 ],
  "lightfield_0.0_0.2_0.0_x" : [ 0.021625739, 0.04628563, 0.05309965, 0.096749626, 0.08037546, 0.060355578, 0.057952717, 0.0670749, 0.068298034, 0.060592312, 0.05117815, 0.05766469, 0.06330687, 0.064664155, 0.051659513, 0.027046967, 0.025377987, 0.0260369, 0.01311117, 0.0075439536 ],
  "a3" : [ 0.12395668, 0.17673331, 0.14222004, 0.10561344, 0.083847106, 0.071196854, 0.041246682, 0.0, 0.0, 0.0, 0.0, 0.0, 0.0, 0.0040182625, 0.020673903, 0.033742942, 0.042433295, 0.046722025, 0.051352963, 0.056242496 ],