{
  "eccentricity_minmax" : 9.4517646E-4,
  "compactness" : 11.722569,
  "eccentricity" : 1.4441609,
  "compactness_standardized" : -0.06503337,
  "convexity_minmax" : 0.3467884,
  "diameter_standardized" : -0.00741585,
  "surface_area_minmax" : 0.13147898,
  "convexity" : 0.6643936,
  "diameter_minmax" : 0.107028775,
  "rectangularity _standardized" : 0.65880847,
  "convexity_standardized" : 1.1817989,
  "diameter" : 1.0567727,
  "surface_area" : 2.6994898,
  "rectangularity " : 0.051200815,
  "compactness_minmax" : 2.861549E-6,
  "surface_area_standardized" : 0.67736834,
  "rectangularity _minmax" : 0.09226712,
  "eccentricity_standardized" : -0.34455985,
  "lightfield_0.0_0.0_0.6_y" : [ 0.031523734, 0.056227688, 0.08019308, 0.0980661, 0.11226864, 0.106014624, 0.09263982, 0.08910869, 0.08166462, 0.06439359, 0.053783488, 0.041161176, 0.015512431, 0.01185589, 0.012781173, 0.013076595, 0.012661332, 0.011574403, 0.009723837, 0.005769086 ],
  "lightfield_0.0_0.0_0.6_x" : [ 0.0, 0.007274065, 0.020094257, 0.048189983, 0.060851317, 0.059050914, 0.06442146, 0.07778512, 0.082007416, 0.1192222, 0.120663084, 0.07081205, 0.064744756, 0.060254898, 0.050954685, 0.04084067, 0.024790348, 0.018547472, 0.009495302, 0.0 ],
  "lightfield_0.0_0.0_0.8_y" : [ 0.008233522, 0.014220762, 0.017585915, 0.042482924, 0.067055374, 0.0842057, 0.09715101, 0.10271405, 0.10481229, 0.10309839, 0.10078947, 0.09967914, 0.069506645, 0.014385888, 0.013836417, 0.014607954, 0.014451369, 0.013457766, 0.011214331, 0.0065110875 ],
  "lightfield_0.0_0.0_0.8_x" : [ 0.0, 0.0, 0.027556106, 0.060555678, 0.07232517, 0.107465684, 0.09522644, 0.07039206, 0.05912933, 0.059693035, 0.06817425, 0.07004757, 0.069629066, 0.06672228, 0.062343594, 0.05594069, 0.04104519, 0.013753854, 0.0, 0.0 ],
  "lightfield_0.0_0.0_0.2_y" : [ 0.0, 0.0013869861, 0.016286451, 0.022333598, 0.039927617, 0.054713625, 0.061529428, 0.06456151, 0.06633141, 0.06664341, 0.06916778, 0.07217433, 0.093810186, 0.11001722, 0.08149465, 0.07401798, 0.066878825, 0.035375237, 0.003349756, 0.0 ],
  "lightfield_0.0_0.0_0.2_x" : [ 0.009629484, 0.049914483, 0.07050655, 0.08449554, 0.0864186, 0.0920176, 0.10404665, 0.11563607, 0.11538647, 0.09640546, 0.061050083, 0.026114482, 0.0100521045, 0.011938292, 0.012874295, 0.013208987, 0.012899823, 0.011773782, 0.009850722, 0.0057805274 ],
  "lightfield_0.0_0.0_0.4_y" : [ 0.01844678, 0.056432847, 0.06397322, 0.06459518, 0.06759549, 0.068399146, 0.064441435, 0.05899988, 0.06943108, 0.08176776, 0.075534195, 0.056444492, 0.050707098, 0.05695697, 0.054327037, 0.04301764, 0.018523652, 0.014733665, 0.01171006, 0.003962366 ],
  "lightfield_0.0_0.0_0.4_x" : [ 0.007062841, 0.012227194, 0.01487343, 0.016483068, 0.019506672, 0.05399859, 0.075741515, 0.08424628, 0.089666866, 0.09176569, 0.089228936, 0.085774384, 0.080262944, 0.07637512, 0.05994563, 0.05699657, 0.042740438, 0.022497665, 0.013172944, 0.007433221 ],
  "lightfield_0.0_0.0_0.0_y" : [ 0.0, 0.011810501, 0.02157995, 0.03170401, 0.05713868, 0.077546515, 0.087302424, 0.09937009, 0.089419276, 0.08827152, 0.087911494, 0.08562681, 0.08091127, 0.06532726, 0.048923034, 0.026276538, 0.017982388, 0.014807115, 0.0080911275, 0.0 ],
  "lightfield_0.0_0.0_0.0_x" : [ 0.020554008, 0.04831938, 0.07656388, 0.08491488, 0.07830446, 0.097683646, 0.10278899, 0.08884811, 0.07012942, 0.05867353, 0.057490587, 0.05412041, 0.05230945, 0.037938155, 0.013580859, 0.01407894, 0.013862384, 0.012868926, 0.010827872, 0.0061421106 ],
  "d1" : [ 0.0047398, 0.0066454, 0.0146107, 0.0412126, 0.1159084, 0.1284767, 0.1159218, 0.1267112, 0.1170657, 0.1206586, 0.091482, 0.027888, 0.0235438, 0.0161204, 0.0094558, 0.0082532, 0.009789, 0.0089767, 0.007075, 0.0054652 ],
  "d2" : [ 0.004995177, 0.022359626, 0.04425557, 0.062731616, 0.0848209, 0.10667233, 0.12390066, 0.11988975, 0.1087848, 0.08948601, 0.06883809, 0.05266855, 0.038078688, 0.02659317, 0.018124484, 0.012486293, 0.008380371, 0.004590706, 0.0019569437, 3.8626784E-4 ],
  "d3" : [ 8.474222E-4, 0.0102069, 0.03382545, 0.0661742, 0.101235665, 0.1315863, 0.15033574, 0.15044944, 0.12796137, 0.09301843, 0.059106242, 0.034983788, 0.019974995, 0.0109593365, 0.005574855, 0.002455633, 9.377791E-4, 2.9783542E-4, 6.0975763E-5, 7.647125E-6 ],
  "d4" : [ 1.3218776E-6, 8.541363E-6, 4.331691E-5, 1.5415126E-4, 5.5071455E-4, 0.0017679605, 0.0055315495, 0.018348373, 0.069588825, 0.3319194, 0.45058933, 0.08910604, 0.022658508, 0.006723476, 0.0020903968, 6.637859E-4, 1.8872345E-4, 5.206164E-5, 1.0981752E-5, 2.5420723E-6 ],
  "lightfield_0.0_0.8_0.0_y" : [ 0.0022737272, 0.01383668, 0.023653017, 0.042615633, 0.073453896, 0.08384425, 0.08963578, 0.089282885, 0.07780257, 0.076839924, 0.07712581, 0.073554404, 0.066250786, 0.05247441, 0.046260744, 0.038581893, 0.030103434, 0.02547334, 0.015893755, 0.0010430557 ],
  "lightfield_0.0_0.8_0.0_x" : [ 0.005588277, 0.01047076, 0.01591609, 0.01833053, 0.019248508, 0.02625284, 0.049789716, 0.052242123, 0.04970484, 0.058319543, 0.0812824, 0.09081061, 0.087123066, 0.091333255, 0.09294586, 0.06369563, 0.06353929, 0.05723405, 0.04526236, 0.02091025 ],
  "lightfield_0.8_0.0_0.0_x" : [ 0.02834844, 0.058470324, 0.070877165, 0.07632123, 0.0756759, 0.09256609, 0.090241924, 0.07576323, 0.061032236, 0.049236763, 0.048627824, 0.04744391, 0.04893593, 0.04445016, 0.024740897, 0.025369246, 0.025196996, 0.024083437, 0.021009626, 0.011608668 ],
  "lightfield_0.8_0.0_0.0_y" : [ 0.0, 1.8195403E-4, 0.009709068, 0.015631065, 0.01980873, 0.045539457, 0.069144964, 0.07785207, 0.08239122, 0.08387596, 0.08424957, 0.095530726, 0.10805886, 0.1053708, 0.083317965, 0.06283722, 0.0346392, 0.021557914, 3.0325673E-4, 0.0 ],
  "lightfield_0.0_0.6_0.0_x" : [ 0.0, 0.0, 0.0011264704, 0.0157212, 0.024570694, 0.057052553, 0.09230473, 0.103353076, 0.099174075, 0.088800676, 0.09401912, 0.10752736, 0.10200084, 0.08122346, 0.06860652, 0.053623755, 0.010895485, 0.0, 0.0, 0.0 ],
  "lightfield_0.0_0.6_0.0_y" : [ 0.01246643, 0.01824694, 0.040825732, 0.057955608, 0.073274665, 0.074939676, 0.07284195, 0.06898044, 0.0647403, 0.066473514, 0.068258464, 0.06663108, 0.062988274, 0.056923207, 0.046806138, 0.04452498, 0.034459647, 0.031110808, 0.02527856, 0.012273589 ],
  "lightfield_0.6_0.0_0.0_y" : [ 0.0, 0.0, 0.0, 0.0, 0.011312556, 0.05194094, 0.088639036, 0.09779051, 0.11916507, 0.12637156, 0.11669279, 0.110206656, 0.13056983, 0.091330305, 0.043469492, 0.0125112375, 0.0, 0.0, 0.0, 0.0 ],
  "lightfield_0.6_0.0_0.0_x" : [ 0.021570504, 0.048955765, 0.07344229, 0.07782785, 0.07549388, 0.07657154, 0.07575321, 0.06484117, 0.055228673, 0.05007953, 0.050485812, 0.04865321, 0.047575552, 0.040530417, 0.0367903, 0.03822526, 0.037692193, 0.034747355, 0.028949887, 0.016585601 ],
  "lightfield_0.0_0.4_0.0_x" : [ 0.0, 0.0, 0.001140115, 0.041287117, 0.06595378, 0.07641574, 0.104722366, 0.11275224, 0.09901712, 0.08651557, 0.08839863, 0.10165948, 0.096657455, 0.067713015, 0.036086507, 0.018295575, 0.0033853005, 0.0, 0.0, 0.0 ],
  "lightfield_0.0_0.4_0.0_y" : [ 0.01238006, 0.018377345, 0.041434303, 0.06018779, 0.07356545, 0.074189246, 0.07207256, 0.067392945, 0.063379176, 0.066086955, 0.067631245, 0.06631591, 0.063827746, 0.05969016, 0.04732879, 0.043885082, 0.034271203, 0.030871885, 0.025059167, 0.012052978 ],
  "lightfield_0.0_0.2_0.0_y" : [ 0.002523979, 0.014010203, 0.024853716, 0.043090634, 0.07246788, 0.08217772, 0.08819867, 0.08716765, 0.076217026, 0.07678832, 0.07706504, 0.07436253, 0.06756051, 0.05519056, 0.04682193, 0.038609512, 0.029975317, 0.025708433, 0.01609455, 0.0011158173 ],
  "lightfield_0.0_0.2_0.0_x" : [ 0.02368434, 0.04723032, 0.058305923, 0.06787963, 0.068314806, 0.09517699, 0.090689175, 0.086676694, 0.08936582, 0.07895078, 0.055003103, 0.049816784, 0.05220463, 0.04924102, 0.024048096, 0.01770579, 0.01667031, 0.013572803, 0.009881679, 0.0055813184 ],