{
  "eccentricity_minmax" : 0.002594695,
  "compactness" : 4.175776,
  "eccentricity" : 2.2180376,
  "compactness_standardized" : -0.06508374,
  "convexity_minmax" : 0.31770572,
  "diameter_standardized" : -0.20840615,
  "surface_area_minmax" : 0.09192255,
  "convexity" : 0.6087616,
  "diameter_minmax" : 0.07461882,
  "rectangularity _standardized" : 0.49990502,
  "convexity_standardized" : 0.9826295,
  "diameter" : 1.0395811,
  "surface_area" : 1.8920912,
  "rectangularity " : 0.043559235,
  "compactness_minmax" : 9.444027E-7,
  "surface_area_standardized" : 0.18331268,
  "rectangularity _minmax" : 0.0784965,
  "eccentricity_standardized" : -0.30957603,
  "lightfield_0.0_0.0_0.6_y" : [ 0.022689475, 0.04362191, 0.052921243, 0.05869756, 0.06091062, 0.062862135, 0.06473094, 0.061985854, 0.05879815, 0.05189295, 0.054217782, 0.055626094, 0.053909294, 0.05783916, 0.06089497, 0.0569204, 0.04476868, 0.032261524, 0.02774375, 0.0167075 ],
  "lightfield_0.0_0.0_0.6_x" : [ 0.0, 0.0, 0.001171358, 0.013796989, 0.016472781, 0.027795164, 0.06215798, 0.090628244, 0.10538422, 0.106363334, 0.109063715, 0.11074475, 0.104867846, 0.08244662, 0.06640751, 0.04650783, 0.050471224, 0.00572043, 0.0, 0.0 ],
  "lightfield_0.0_0.0_0.8_y" : [ 0.0087999245, 0.017117985, 0.03364944, 0.044913977, 0.052949633, 0.057687294, 0.06025855, 0.06782024, 0.07110836, 0.07528319, 0.075093605, 0.07160405, 0.07229722, 0.06329389, 0.058370594, 0.057142235, 0.04951142, 0.034277443, 0.020767504, 0.008053431 ],
  "lightfield_0.0_0.0_0.8_x" : [ 0.0124079725, 0.023917388, 0.036633436, 0.03541693, 0.03747472, 0.050378382, 0.06549782, 0.06736405, 0.067703724, 0.070407294, 0.07021573, 0.0745367, 0.0872014, 0.084179886, 0.052205116, 0.050342835, 0.052481595, 0.038930185, 0.017382614, 0.005322216 ],
  "lightfield_0.0_0.0_0.2_y" : [ 0.0, 0.003458346, 0.022005443, 0.042217504, 0.054129094, 0.07808733, 0.075102784, 0.078534566, 0.08828081, 0.095261715, 0.105138585, 0.09896803, 0.090098545, 0.07350646, 0.031114044, 0.018759646, 0.01974047, 0.018901344, 0.006695287, 0.0 ],
  "lightfield_0.0_0.0_0.2_x" : [ 0.013554414, 0.03314433, 0.042210862, 0.050154872, 0.05971071, 0.06674918, 0.066589765, 0.06600304, 0.06397054, 0.060372714, 0.054585185, 0.056677464, 0.06380228, 0.07366365, 0.0689898, 0.054638322, 0.037725195, 0.029511072, 0.024420971, 0.013525631 ],
  "lightfield_0.0_0.0_0.4_y" : [ 0.0050997008, 0.03187019, 0.042067632, 0.05329991, 0.06310341, 0.06399517, 0.054109357, 0.057801835, 0.071119465, 0.07470219, 0.067405425, 0.058297694, 0.055218667, 0.049550593, 0.04026059, 0.033685073, 0.036409356, 0.05193581, 0.05700415, 0.03306378 ],
  "lightfield_0.0_0.0_0.4_x" : [ 0.0, 0.009256682, 0.023354357, 0.038149763, 0.051535986, 0.0600087, 0.0732303, 0.079006165, 0.08036439, 0.08233998, 0.0939564, 0.08774543, 0.079933204, 0.072499245, 0.06460275, 0.054411184, 0.031148942, 0.015767522, 0.0026890044, 0.0 ],
  "lightfield_0.0_0.0_0.0_y" : [ 0.0, 0.0, 0.0016575968, 0.0107733365, 0.014123975, 0.033368777, 0.08145368, 0.098953314, 0.09778987, 0.10005421, 0.099889494, 0.09732491, 0.088966034, 0.080803156, 0.073453434, 0.06645399, 0.050630722, 0.004303497, 0.0, 0.0 ],
  "lightfield_0.0_0.0_0.0_x" : [ 0.022484936, 0.049158692, 0.057400804, 0.058989596, 0.05913555, 0.06098705, 0.059479576, 0.053489294, 0.056794062, 0.062461168, 0.06614333, 0.06171264, 0.049010653, 0.038539648, 0.03335418, 0.043925274, 0.057217322, 0.05557015, 0.035639375, 0.018506704 ],
  "d1" : [ 0.0295913, 0.0409748, 0.045383, 0.0541164, 0.0650459, 0.0556382, 0.0563186, 0.0587234, 0.0666088, 0.0588018, 0.0661084, 0.0612367, 0.0576929, 0.0654035, 0.0519503, 0.054978, 0.0459448, 0.0335515, 0.0208231, 0.0111086 ],
  "d2" : [ 0.006525946, 0.019283386, 0.0330306, 0.046425853, 0.061307464, 0.07624209, 0.08687916, 0.09644984, 0.10242088, 0.09544116, 0.086010605, 0.07201094, 0.05763822, 0.047929816, 0.04016695, 0.032075733, 0.022610571, 0.012313662, 0.004292654, 9.4446586E-4 ],
  "d3" : [ 3.5629567E-4, 0.004369125, 0.014897707, 0.029537525, 0.046839148, 0.06581257, 0.0847219, 0.1017282, 0.11437433, 0.120584905, 0.11718757, 0.1021339, 0.07918689, 0.054910585, 0.033657715, 0.018125398, 0.008394229, 0.002661099, 4.842844E-4, 3.6625705E-5 ],
  "d4" : [ 6.1009737E-6, 5.2976786E-5, 3.3443503E-4, 0.001516397, 0.0051711854, 0.015052118, 0.037066873, 0.0792001, 0.16057447, 0.33882284, 0.19453463, 0.09433223, 0.044896252, 0.01897606, 0.0067595737, 0.0020797201, 5.1156664E-4, 1.00055964E-4, 1.1896898E-5, 5.084145E-7 ],
  "lightfield_0.0_0.8_0.0_y" : [ 0.0, 0.010424208, 0.020954927, 0.022949312, 0.038231358, 0.06737221, 0.07565539, 0.074327864, 0.07451927, 0.07563687, 0.07488974, 0.0740747, 0.07417967, 0.0749484, 0.072364345, 0.067437045, 0.058604334, 0.040241178, 0.0031891624, 0.0 ],
  "lightfield_0.0_0.8_0.0_x" : [ 0.031896256, 0.050139006, 0.047650654, 0.040409435, 0.045450967, 0.048823822, 0.055456847, 0.052628897, 0.056290414, 0.060171127, 0.060953755, 0.058135066, 0.05325716, 0.052093256, 0.054785363, 0.055307116, 0.054305293, 0.051455732, 0.045528147, 0.025261685 ],
  "lightfield_0.8_0.0_0.0_x" : [ 0.030213695, 0.053459372, 0.058742765, 0.060878024, 0.06327019, 0.06525804, 0.06025261, 0.048441302, 0.05241701, 0.058913335, 0.06285746, 0.062050942, 0.04553112, 0.03481903, 0.031180246, 0.045748014, 0.058999673, 0.056405354, 0.03462951, 0.015932312 ],
  "lightfield_0.8_0.0_0.0_y" : [ 0.0, 0.0, 0.0034303113, 0.013858121, 0.05418376, 0.06657626, 0.07877082, 0.08672644, 0.09755014, 0.10160165, 0.1030757, 0.10255978, 0.09934005, 0.08619368, 0.04821388, 0.035315994, 0.016913604, 0.0056898105, 0.0, 0.0 ],
  "lightfield_0.0_0.6_0.0_x" : [ 0.0, 7.975089E-4, 0.037516594, 0.057954088, 0.059238963, 0.07334424, 0.07728748, 0.07755332, 0.071664155, 0.08319613, 0.08665555, 0.086910754, 0.07666896, 0.07163048, 0.06469569, 0.0544291, 0.02045699, 0.0, 0.0, 0.0 ],
  "lightfield_0.0_0.6_0.0_y" : [ 0.0211907, 0.030346101, 0.033187006, 0.04541016, 0.05313359, 0.057303675, 0.060520295, 0.06254065, 0.062326208, 0.061525155, 0.061121084, 0.06133907, 0.061973535, 0.06215253, 0.06214544, 0.06031117, 0.054301497, 0.04582841, 0.031067403, 0.012276321 ],
  "lightfield_0.6_0.0_0.0_y" : [ 0.0, 0.0, 0.0, 0.0, 0.0038972178, 0.0477155, 0.08249589, 0.112435386, 0.122502975, 0.12564942, 0.12932506, 0.12515412, 0.118279904, 0.086481735, 0.04245491, 0.0036078591, 0.0, 0.0, 0.0, 0.0 ],
  "lightfield_0.6_0.0_0.0_x" : [ 0.030804964, 0.04755127, 0.05386763, 0.060452495, 0.064758986, 0.066860095, 0.066195354, 0.059042197, 0.05509284, 0.055841003, 0.057209592, 0.05574455, 0.045241613, 0.041404355, 0.040445037, 0.047874518, 0.054918185, 0.050119, 0.032739237, 0.013837078 ],
  "lightfield_0.0_0.4_0.0_x" : [ 0.0, 3.2871883E-4, 0.030551305, 0.057026498, 0.06653625, 0.07259889, 0.0795233, 0.08743388, 0.086476155, 0.08058053, 0.07275703, 0.07783174, 0.076993056, 0.07027298, 0.057941582, 0.056722656, 0.02642544, 0.0, 0.0, 0.0 ],
  "lightfield_0.0_0.4_0.0_y" : [ 0.0211997, 0.030414488, 0.032973163, 0.04548758, 0.05322402, 0.057412077, 0.060557116, 0.06261472, 0.062433477, 0.061322942, 0.06078633, 0.061422445, 0.062305544, 0.06229844, 0.062316205, 0.060233727, 0.05420307, 0.04569192, 0.031059487, 0.012043547 ],
  "lightfield_0.0_0.2_0.0_y" : [ 0.0, 0.010378855, 0.02093828, 0.022955405, 0.038141713, 0.06742938, 0.07571703, 0.074328035, 0.0744762, 0.07565992, 0.0748327, 0.073988505, 0.07409808, 0.0749145, 0.072445184, 0.06748494, 0.05857687, 0.04035484, 0.003279564, 0.0 ],
  "lightfield_0.0_0.2_0.0_x" : [ 0.025467936, 0.045606773, 0.051479124, 0.05432501, 0.055280328, 0.05479418, 0.052093364, 0.053257033, 0.058300614, 0.060955133, 0.060189642, 0.05625571, 0.052488457, 0.0553683, 0.04865175, 0.045395337, 0.040519975, 0.047697976, 0.050073154, 0.031800196 ],
  "a3" : [ 0.05986039, 0.1331461, 0.15828413, 0.14808145, 0.12704591, 0.10673264, 0.060123913, 0.0, 0.0, 0.0, 0.0, 0.0, 0.0, 0.0010468513, 0.0057891756, 0.01298019, 0.022985648, 0.036401726, 0.053777203, 0.073744655 ],